P_SPEED_00;16.36973433674858	
P_SPEED_01;14.579520697167762	
P_SPEED_02;20.401658671436703	
P_SPEED_03;18.39930404523706	
P_SPEED_05;23.001290822253768	
P_SPEED_06;16.575846813024256	
P_SPEED_07;13.683115586252812	
P_SPEED_08;11.833404389467674	
P_SPEED_09;10.752362948960315	
P_SPEED_10;11.234677072360125	
P_SPEED_11;11.43203068481184	
P_SPEED_12;11.493282149712094	
P_SPEED_13;11.401181806189232	
P_SPEED_14;9.837874541983439	
P_SPEED_15;11.584620042385712	
P_SPEED_16;11.499990623886585	
P_SPEED_17;10.421208861107413	
P_SPEED_18;8.427058466079242	
P_SPEED_19;12.374039614873404	
P_SPEED_20;12.5793288182604	
P_SPEED_21;13.774313684185428	
P_SPEED_22;16.174563167284997	
P_SPEED_23;15.310374454070299	
S_DROPOFF_0.0,0.0;1	
S_DROPOFF_40.531,-74.394;1	
S_DROPOFF_40.586,-73.745;1	
S_DROPOFF_40.588,-73.932;1	
S_DROPOFF_40.594,-73.973;1	
S_DROPOFF_40.595,-73.741;1	
S_DROPOFF_40.613,-73.94;1	
S_DROPOFF_40.616,-73.947;1	
S_DROPOFF_40.617,-74.022;1	
S_DROPOFF_40.622,-74.007;1	
S_DROPOFF_40.629,-73.937;1	
S_DROPOFF_40.632,-73.974;1	
S_DROPOFF_40.632,-73.984;1	
S_DROPOFF_40.64,-74.0;1	
S_DROPOFF_40.641,-73.975;1	
S_DROPOFF_40.643,-73.79;1	
S_DROPOFF_40.643,-73.978;1	
S_DROPOFF_40.644,-73.783;5	
S_DROPOFF_40.644,-73.784;2	
S_DROPOFF_40.644,-73.791;1	
S_DROPOFF_40.645,-73.776;4	
S_DROPOFF_40.645,-73.777;2	
S_DROPOFF_40.645,-73.778;1	
S_DROPOFF_40.646,-73.785;1	
S_DROPOFF_40.647,-73.79;5	
S_DROPOFF_40.647,-73.951;1	
S_DROPOFF_40.648,-73.787;1	
S_DROPOFF_40.648,-73.915;1	
S_DROPOFF_40.648,-73.962;1	
S_DROPOFF_40.649,-73.782;2	
S_DROPOFF_40.649,-74.01;1	
S_DROPOFF_40.65,-73.804;1	
S_DROPOFF_40.65,-73.961;1	
S_DROPOFF_40.65,-73.98;1	
S_DROPOFF_40.651,-73.884;1	
S_DROPOFF_40.653,-73.964;1	
S_DROPOFF_40.654,-73.691;1	
S_DROPOFF_40.654,-74.004;1	
S_DROPOFF_40.655,-74.014;1	
S_DROPOFF_40.656,-73.956;1	
S_DROPOFF_40.656,-73.957;1	
S_DROPOFF_40.657,-73.947;1	
S_DROPOFF_40.658,-73.962;1	
S_DROPOFF_40.659,-73.961;1	
S_DROPOFF_40.659,-73.986;1	
S_DROPOFF_40.659,-73.996;1	
S_DROPOFF_40.66,-73.913;1	
S_DROPOFF_40.66,-73.915;1	
S_DROPOFF_40.66,-73.956;1	
S_DROPOFF_40.66,-73.993;1	
S_DROPOFF_40.662,-73.802;1	
S_DROPOFF_40.663,-73.981;1	
S_DROPOFF_40.664,-73.981;1	
S_DROPOFF_40.665,-73.759;1	
S_DROPOFF_40.665,-73.785;1	
S_DROPOFF_40.665,-73.984;1	
S_DROPOFF_40.665,-73.991;1	
S_DROPOFF_40.666,-73.785;1	
S_DROPOFF_40.666,-73.81;1	
S_DROPOFF_40.666,-73.959;1	
S_DROPOFF_40.666,-73.983;1	
S_DROPOFF_40.666,-73.989;1	
S_DROPOFF_40.668,-73.952;1	
S_DROPOFF_40.668,-73.991;1	
S_DROPOFF_40.669,-73.951;1	
S_DROPOFF_40.669,-73.962;1	
S_DROPOFF_40.669,-73.979;1	
S_DROPOFF_40.67,-73.957;1	
S_DROPOFF_40.67,-73.986;1	
S_DROPOFF_40.671,-73.947;1	
S_DROPOFF_40.671,-73.953;1	
S_DROPOFF_40.671,-73.979;1	
S_DROPOFF_40.672,-73.947;1	
S_DROPOFF_40.672,-73.961;2	
S_DROPOFF_40.672,-73.965;2	
S_DROPOFF_40.673,-73.922;1	
S_DROPOFF_40.673,-73.961;1	
S_DROPOFF_40.673,-73.967;1	
S_DROPOFF_40.674,-73.952;1	
S_DROPOFF_40.674,-73.973;1	
S_DROPOFF_40.675,-73.94;1	
S_DROPOFF_40.675,-73.947;1	
S_DROPOFF_40.675,-73.985;1	
S_DROPOFF_40.675,-74.0;1	
S_DROPOFF_40.676,-73.899;1	
S_DROPOFF_40.676,-73.953;1	
S_DROPOFF_40.676,-73.962;1	
S_DROPOFF_40.676,-73.963;1	
S_DROPOFF_40.676,-73.999;1	
S_DROPOFF_40.677,-73.945;2	
S_DROPOFF_40.677,-73.955;1	
S_DROPOFF_40.677,-73.959;1	
S_DROPOFF_40.677,-73.977;1	
S_DROPOFF_40.677,-73.983;1	
S_DROPOFF_40.677,-73.986;1	
S_DROPOFF_40.678,-73.97;1	
S_DROPOFF_40.678,-73.996;1	
S_DROPOFF_40.678,-73.998;1	
S_DROPOFF_40.679,-73.974;1	
S_DROPOFF_40.68,-73.975;1	
S_DROPOFF_40.681,-73.945;1	
S_DROPOFF_40.681,-73.951;1	
S_DROPOFF_40.681,-73.975;1	
S_DROPOFF_40.681,-73.996;1	
S_DROPOFF_40.681,-74.001;1	
S_DROPOFF_40.682,-73.956;1	
S_DROPOFF_40.683,-73.942;1	
S_DROPOFF_40.683,-73.956;1	
S_DROPOFF_40.683,-73.966;1	
S_DROPOFF_40.683,-73.977;1	
S_DROPOFF_40.683,-73.995;1	
S_DROPOFF_40.684,-73.965;1	
S_DROPOFF_40.685,-73.978;2	
S_DROPOFF_40.685,-73.994;1	
S_DROPOFF_40.686,-73.936;1	
S_DROPOFF_40.686,-73.981;1	
S_DROPOFF_40.686,-73.994;1	
S_DROPOFF_40.686,-73.998;1	
S_DROPOFF_40.687,-73.96;1	
S_DROPOFF_40.687,-73.964;1	
S_DROPOFF_40.687,-73.966;1	
S_DROPOFF_40.687,-73.973;1	
S_DROPOFF_40.687,-73.978;1	
S_DROPOFF_40.687,-73.99;1	
S_DROPOFF_40.687,-73.994;1	
S_DROPOFF_40.688,-73.916;1	
S_DROPOFF_40.688,-73.968;1	
S_DROPOFF_40.688,-73.973;1	
S_DROPOFF_40.688,-73.978;1	
S_DROPOFF_40.688,-73.993;1	
S_DROPOFF_40.688,-73.994;1	
S_DROPOFF_40.688,-74.0;1	
S_DROPOFF_40.688,-74.182;1	
S_DROPOFF_40.689,-73.951;1	
S_DROPOFF_40.689,-73.957;1	
S_DROPOFF_40.689,-73.959;1	
S_DROPOFF_40.689,-73.986;1	
S_DROPOFF_40.689,-73.988;1	
S_DROPOFF_40.689,-73.99;1	
S_DROPOFF_40.69,-73.909;1	
S_DROPOFF_40.69,-73.916;1	
S_DROPOFF_40.69,-73.966;1	
S_DROPOFF_40.69,-73.97;1	
S_DROPOFF_40.69,-73.971;1	
S_DROPOFF_40.69,-73.978;1	
S_DROPOFF_40.69,-73.981;1	
S_DROPOFF_40.69,-73.982;1	
S_DROPOFF_40.69,-73.992;1	
S_DROPOFF_40.69,-73.994;1	
S_DROPOFF_40.69,-74.178;2	
S_DROPOFF_40.691,-73.955;1	
S_DROPOFF_40.691,-73.965;1	
S_DROPOFF_40.691,-73.989;1	
S_DROPOFF_40.691,-73.992;1	
S_DROPOFF_40.691,-73.995;1	
S_DROPOFF_40.691,-74.177;1	
S_DROPOFF_40.692,-73.912;1	
S_DROPOFF_40.692,-73.96;1	
S_DROPOFF_40.692,-73.971;1	
S_DROPOFF_40.692,-73.983;1	
S_DROPOFF_40.692,-73.989;1	
S_DROPOFF_40.692,-73.994;1	
S_DROPOFF_40.692,-73.996;1	
S_DROPOFF_40.692,-74.181;1	
S_DROPOFF_40.693,-73.847;1	
S_DROPOFF_40.693,-73.906;1	
S_DROPOFF_40.693,-73.971;1	
S_DROPOFF_40.693,-73.991;1	
S_DROPOFF_40.693,-73.993;2	
S_DROPOFF_40.693,-74.0;1	
S_DROPOFF_40.694,-73.906;1	
S_DROPOFF_40.694,-73.912;1	
S_DROPOFF_40.694,-73.932;1	
S_DROPOFF_40.694,-73.952;2	
S_DROPOFF_40.694,-73.956;1	
S_DROPOFF_40.694,-73.987;1	
S_DROPOFF_40.695,-73.928;1	
S_DROPOFF_40.695,-73.97;1	
S_DROPOFF_40.695,-73.983;1	
S_DROPOFF_40.695,-73.991;1	
S_DROPOFF_40.695,-73.994;1	
S_DROPOFF_40.695,-73.996;3	
S_DROPOFF_40.695,-74.177;4	
S_DROPOFF_40.696,-73.927;1	
S_DROPOFF_40.696,-73.928;1	
S_DROPOFF_40.696,-73.972;1	
S_DROPOFF_40.697,-73.933;1	
S_DROPOFF_40.697,-73.936;2	
S_DROPOFF_40.697,-73.938;1	
S_DROPOFF_40.697,-73.957;1	
S_DROPOFF_40.697,-73.991;1	
S_DROPOFF_40.698,-73.922;1	
S_DROPOFF_40.698,-73.994;1	
S_DROPOFF_40.699,-73.915;1	
S_DROPOFF_40.699,-73.93;1	
S_DROPOFF_40.699,-73.987;1	
S_DROPOFF_40.7,-73.991;1	
S_DROPOFF_40.7,-73.995;1	
S_DROPOFF_40.701,-73.968;1	
S_DROPOFF_40.702,-73.92;1	
S_DROPOFF_40.702,-73.99;2	
S_DROPOFF_40.702,-74.009;1	
S_DROPOFF_40.702,-74.01;2	
S_DROPOFF_40.702,-74.011;1	
S_DROPOFF_40.702,-74.014;2	
S_DROPOFF_40.703,-73.933;1	
S_DROPOFF_40.703,-73.985;1	
S_DROPOFF_40.703,-73.991;1	
S_DROPOFF_40.703,-73.994;2	
S_DROPOFF_40.703,-74.011;2	
S_DROPOFF_40.704,-73.896;1	
S_DROPOFF_40.704,-73.936;1	
S_DROPOFF_40.704,-73.939;1	
S_DROPOFF_40.704,-73.987;1	
S_DROPOFF_40.704,-73.995;1	
S_DROPOFF_40.704,-74.008;2	
S_DROPOFF_40.704,-74.009;4	
S_DROPOFF_40.704,-74.013;1	
S_DROPOFF_40.704,-74.014;2	
S_DROPOFF_40.705,-74.007;5	
S_DROPOFF_40.705,-74.008;4	
S_DROPOFF_40.705,-74.009;3	
S_DROPOFF_40.705,-74.013;1	
S_DROPOFF_40.705,-74.014;1	
S_DROPOFF_40.705,-74.015;1	
S_DROPOFF_40.705,-74.016;1	
S_DROPOFF_40.705,-74.017;5	
S_DROPOFF_40.706,-73.916;1	
S_DROPOFF_40.706,-73.96;1	
S_DROPOFF_40.706,-73.965;1	
S_DROPOFF_40.706,-74.003;1	
S_DROPOFF_40.706,-74.006;2	
S_DROPOFF_40.706,-74.007;4	
S_DROPOFF_40.706,-74.009;1	
S_DROPOFF_40.706,-74.013;1	
S_DROPOFF_40.706,-74.017;1	
S_DROPOFF_40.707,-73.954;1	
S_DROPOFF_40.707,-74.005;3	
S_DROPOFF_40.707,-74.007;1	
S_DROPOFF_40.707,-74.008;1	
S_DROPOFF_40.707,-74.012;1	
S_DROPOFF_40.707,-74.016;1	
S_DROPOFF_40.708,-73.961;1	
S_DROPOFF_40.708,-73.967;1	
S_DROPOFF_40.708,-74.002;2	
S_DROPOFF_40.708,-74.004;1	
S_DROPOFF_40.708,-74.006;2	
S_DROPOFF_40.708,-74.007;1	
S_DROPOFF_40.708,-74.008;1	
S_DROPOFF_40.708,-74.01;1	
S_DROPOFF_40.708,-74.017;2	
S_DROPOFF_40.709,-73.947;1	
S_DROPOFF_40.709,-73.952;1	
S_DROPOFF_40.709,-73.968;1	
S_DROPOFF_40.709,-73.969;2	
S_DROPOFF_40.709,-73.995;1	
S_DROPOFF_40.709,-74.002;1	
S_DROPOFF_40.709,-74.006;1	
S_DROPOFF_40.709,-74.01;1	
S_DROPOFF_40.709,-74.013;1	
S_DROPOFF_40.709,-74.015;1	
S_DROPOFF_40.709,-74.016;1	
S_DROPOFF_40.71,-73.948;1	
S_DROPOFF_40.71,-73.958;1	
S_DROPOFF_40.71,-73.963;1	
S_DROPOFF_40.71,-73.964;1	
S_DROPOFF_40.71,-74.005;1	
S_DROPOFF_40.71,-74.006;2	
S_DROPOFF_40.71,-74.009;1	
S_DROPOFF_40.71,-74.01;1	
S_DROPOFF_40.71,-74.011;1	
S_DROPOFF_40.71,-74.015;3	
S_DROPOFF_40.71,-74.016;1	
S_DROPOFF_40.71,-74.018;1	
S_DROPOFF_40.711,-73.877;1	
S_DROPOFF_40.711,-73.945;1	
S_DROPOFF_40.711,-73.947;2	
S_DROPOFF_40.711,-73.948;1	
S_DROPOFF_40.711,-73.949;1	
S_DROPOFF_40.711,-73.95;1	
S_DROPOFF_40.711,-73.951;2	
S_DROPOFF_40.711,-73.965;1	
S_DROPOFF_40.711,-73.968;1	
S_DROPOFF_40.711,-73.985;1	
S_DROPOFF_40.711,-73.988;1	
S_DROPOFF_40.711,-74.008;2	
S_DROPOFF_40.711,-74.009;1	
S_DROPOFF_40.711,-74.01;3	
S_DROPOFF_40.711,-74.016;1	
S_DROPOFF_40.712,-73.962;1	
S_DROPOFF_40.712,-73.963;1	
S_DROPOFF_40.712,-74.006;1	
S_DROPOFF_40.712,-74.008;2	
S_DROPOFF_40.713,-73.879;1	
S_DROPOFF_40.713,-73.944;1	
S_DROPOFF_40.713,-73.948;1	
S_DROPOFF_40.713,-73.951;1	
S_DROPOFF_40.713,-73.957;1	
S_DROPOFF_40.713,-73.961;1	
S_DROPOFF_40.713,-73.989;1	
S_DROPOFF_40.713,-73.99;1	
S_DROPOFF_40.713,-74.007;1	
S_DROPOFF_40.713,-74.009;1	
S_DROPOFF_40.713,-74.011;3	
S_DROPOFF_40.713,-74.017;1	
S_DROPOFF_40.714,-73.919;1	
S_DROPOFF_40.714,-73.953;1	
S_DROPOFF_40.714,-73.956;2	
S_DROPOFF_40.714,-73.965;1	
S_DROPOFF_40.714,-73.98;1	
S_DROPOFF_40.714,-73.985;2	
S_DROPOFF_40.714,-73.99;1	
S_DROPOFF_40.714,-73.991;1	
S_DROPOFF_40.714,-73.999;1	
S_DROPOFF_40.714,-74.007;1	
S_DROPOFF_40.714,-74.008;1	
S_DROPOFF_40.714,-74.009;2	
S_DROPOFF_40.714,-74.012;2	
S_DROPOFF_40.714,-74.013;1	
S_DROPOFF_40.714,-74.014;1	
S_DROPOFF_40.714,-74.015;3	
S_DROPOFF_40.715,-73.794;1	
S_DROPOFF_40.715,-73.952;1	
S_DROPOFF_40.715,-73.954;1	
S_DROPOFF_40.715,-73.959;1	
S_DROPOFF_40.715,-73.982;1	
S_DROPOFF_40.715,-73.985;1	
S_DROPOFF_40.715,-73.987;1	
S_DROPOFF_40.715,-73.991;1	
S_DROPOFF_40.715,-73.992;2	
S_DROPOFF_40.715,-73.993;1	
S_DROPOFF_40.715,-73.997;1	
S_DROPOFF_40.715,-73.999;1	
S_DROPOFF_40.715,-74.002;1	
S_DROPOFF_40.715,-74.005;1	
S_DROPOFF_40.715,-74.007;1	
S_DROPOFF_40.715,-74.008;3	
S_DROPOFF_40.715,-74.01;2	
S_DROPOFF_40.715,-74.011;2	
S_DROPOFF_40.715,-74.013;3	
S_DROPOFF_40.715,-74.014;6	
S_DROPOFF_40.715,-74.016;1	
S_DROPOFF_40.716,-73.841;1	
S_DROPOFF_40.716,-73.941;1	
S_DROPOFF_40.716,-73.951;1	
S_DROPOFF_40.716,-73.954;1	
S_DROPOFF_40.716,-73.956;2	
S_DROPOFF_40.716,-73.987;1	
S_DROPOFF_40.716,-73.99;1	
S_DROPOFF_40.716,-73.992;1	
S_DROPOFF_40.716,-73.998;1	
S_DROPOFF_40.716,-74.0;1	
S_DROPOFF_40.716,-74.004;2	
S_DROPOFF_40.716,-74.005;2	
S_DROPOFF_40.716,-74.006;1	
S_DROPOFF_40.716,-74.008;1	
S_DROPOFF_40.716,-74.009;1	
S_DROPOFF_40.716,-74.01;1	
S_DROPOFF_40.716,-74.011;2	
S_DROPOFF_40.716,-74.013;2	
S_DROPOFF_40.716,-74.015;1	
S_DROPOFF_40.716,-74.016;2	
S_DROPOFF_40.716,-74.017;1	
S_DROPOFF_40.717,-73.956;1	
S_DROPOFF_40.717,-73.959;2	
S_DROPOFF_40.717,-73.961;1	
S_DROPOFF_40.717,-73.976;1	
S_DROPOFF_40.717,-73.99;1	
S_DROPOFF_40.717,-73.991;1	
S_DROPOFF_40.717,-73.992;1	
S_DROPOFF_40.717,-73.995;1	
S_DROPOFF_40.717,-74.004;2	
S_DROPOFF_40.717,-74.005;1	
S_DROPOFF_40.717,-74.006;1	
S_DROPOFF_40.717,-74.007;1	
S_DROPOFF_40.717,-74.008;3	
S_DROPOFF_40.717,-74.009;2	
S_DROPOFF_40.717,-74.011;1	
S_DROPOFF_40.717,-74.013;3	
S_DROPOFF_40.717,-74.015;3	
S_DROPOFF_40.718,-73.954;1	
S_DROPOFF_40.718,-73.955;1	
S_DROPOFF_40.718,-73.957;1	
S_DROPOFF_40.718,-73.96;1	
S_DROPOFF_40.718,-73.986;2	
S_DROPOFF_40.718,-73.988;2	
S_DROPOFF_40.718,-73.99;1	
S_DROPOFF_40.718,-73.991;3	
S_DROPOFF_40.718,-73.992;2	
S_DROPOFF_40.718,-73.993;1	
S_DROPOFF_40.718,-73.997;2	
S_DROPOFF_40.718,-74.0;1	
S_DROPOFF_40.718,-74.001;2	
S_DROPOFF_40.718,-74.005;1	
S_DROPOFF_40.718,-74.007;3	
S_DROPOFF_40.718,-74.008;1	
S_DROPOFF_40.718,-74.015;1	
S_DROPOFF_40.719,-73.952;1	
S_DROPOFF_40.719,-73.955;1	
S_DROPOFF_40.719,-73.956;2	
S_DROPOFF_40.719,-73.964;1	
S_DROPOFF_40.719,-73.983;1	
S_DROPOFF_40.719,-73.986;2	
S_DROPOFF_40.719,-73.988;3	
S_DROPOFF_40.719,-73.989;3	
S_DROPOFF_40.719,-73.99;4	
S_DROPOFF_40.719,-73.992;1	
S_DROPOFF_40.719,-73.996;1	
S_DROPOFF_40.719,-73.998;2	
S_DROPOFF_40.719,-73.999;1	
S_DROPOFF_40.719,-74.0;2	
S_DROPOFF_40.719,-74.002;2	
S_DROPOFF_40.719,-74.003;1	
S_DROPOFF_40.719,-74.005;2	
S_DROPOFF_40.719,-74.006;1	
S_DROPOFF_40.719,-74.008;1	
S_DROPOFF_40.719,-74.009;4	
S_DROPOFF_40.719,-74.011;1	
S_DROPOFF_40.72,-73.955;2	
S_DROPOFF_40.72,-73.96;1	
S_DROPOFF_40.72,-73.962;1	
S_DROPOFF_40.72,-73.979;1	
S_DROPOFF_40.72,-73.983;1	
S_DROPOFF_40.72,-73.984;1	
S_DROPOFF_40.72,-73.987;3	
S_DROPOFF_40.72,-73.988;5	
S_DROPOFF_40.72,-73.989;4	
S_DROPOFF_40.72,-73.99;1	
S_DROPOFF_40.72,-73.993;1	
S_DROPOFF_40.72,-73.994;3	
S_DROPOFF_40.72,-73.995;1	
S_DROPOFF_40.72,-73.996;1	
S_DROPOFF_40.72,-73.997;1	
S_DROPOFF_40.72,-73.998;1	
S_DROPOFF_40.72,-73.999;2	
S_DROPOFF_40.72,-74.0;2	
S_DROPOFF_40.72,-74.002;1	
S_DROPOFF_40.72,-74.004;1	
S_DROPOFF_40.72,-74.005;1	
S_DROPOFF_40.72,-74.006;3	
S_DROPOFF_40.72,-74.008;1	
S_DROPOFF_40.72,-74.009;3	
S_DROPOFF_40.72,-74.01;4	
S_DROPOFF_40.721,-73.869;1	
S_DROPOFF_40.721,-73.957;1	
S_DROPOFF_40.721,-73.962;1	
S_DROPOFF_40.721,-73.979;1	
S_DROPOFF_40.721,-73.982;1	
S_DROPOFF_40.721,-73.986;1	
S_DROPOFF_40.721,-73.987;5	
S_DROPOFF_40.721,-73.988;2	
S_DROPOFF_40.721,-73.989;4	
S_DROPOFF_40.721,-73.991;2	
S_DROPOFF_40.721,-73.992;1	
S_DROPOFF_40.721,-73.993;2	
S_DROPOFF_40.721,-73.994;2	
S_DROPOFF_40.721,-73.995;1	
S_DROPOFF_40.721,-73.997;2	
S_DROPOFF_40.721,-73.998;3	
S_DROPOFF_40.721,-73.999;1	
S_DROPOFF_40.721,-74.001;2	
S_DROPOFF_40.721,-74.005;3	
S_DROPOFF_40.721,-74.008;1	
S_DROPOFF_40.721,-74.01;3	
S_DROPOFF_40.722,-73.811;1	
S_DROPOFF_40.722,-73.84;1	
S_DROPOFF_40.722,-73.849;2	
S_DROPOFF_40.722,-73.946;1	
S_DROPOFF_40.722,-73.958;1	
S_DROPOFF_40.722,-73.978;2	
S_DROPOFF_40.722,-73.979;1	
S_DROPOFF_40.722,-73.98;1	
S_DROPOFF_40.722,-73.983;2	
S_DROPOFF_40.722,-73.984;3	
S_DROPOFF_40.722,-73.985;1	
S_DROPOFF_40.722,-73.986;1	
S_DROPOFF_40.722,-73.987;5	
S_DROPOFF_40.722,-73.988;2	
S_DROPOFF_40.722,-73.989;1	
S_DROPOFF_40.722,-73.992;4	
S_DROPOFF_40.722,-73.993;1	
S_DROPOFF_40.722,-73.995;1	
S_DROPOFF_40.722,-73.996;1	
S_DROPOFF_40.722,-73.997;1	
S_DROPOFF_40.722,-73.998;2	
S_DROPOFF_40.722,-73.999;1	
S_DROPOFF_40.722,-74.0;1	
S_DROPOFF_40.722,-74.001;2	
S_DROPOFF_40.722,-74.003;2	
S_DROPOFF_40.722,-74.004;2	
S_DROPOFF_40.722,-74.008;1	
S_DROPOFF_40.722,-74.01;1	
S_DROPOFF_40.723,-73.7;1	
S_DROPOFF_40.723,-73.845;1	
S_DROPOFF_40.723,-73.87;1	
S_DROPOFF_40.723,-73.942;1	
S_DROPOFF_40.723,-73.943;1	
S_DROPOFF_40.723,-73.948;1	
S_DROPOFF_40.723,-73.976;2	
S_DROPOFF_40.723,-73.979;1	
S_DROPOFF_40.723,-73.983;3	
S_DROPOFF_40.723,-73.985;1	
S_DROPOFF_40.723,-73.986;4	
S_DROPOFF_40.723,-73.988;5	
S_DROPOFF_40.723,-73.989;3	
S_DROPOFF_40.723,-73.99;5	
S_DROPOFF_40.723,-73.991;2	
S_DROPOFF_40.723,-73.993;1	
S_DROPOFF_40.723,-73.994;2	
S_DROPOFF_40.723,-73.995;2	
S_DROPOFF_40.723,-73.998;2	
S_DROPOFF_40.723,-73.999;3	
S_DROPOFF_40.723,-74.003;2	
S_DROPOFF_40.723,-74.004;1	
S_DROPOFF_40.723,-74.005;2	
S_DROPOFF_40.723,-74.006;1	
S_DROPOFF_40.723,-74.008;3	
S_DROPOFF_40.723,-74.01;1	
S_DROPOFF_40.724,-73.948;1	
S_DROPOFF_40.724,-73.977;1	
S_DROPOFF_40.724,-73.982;2	
S_DROPOFF_40.724,-73.985;3	
S_DROPOFF_40.724,-73.987;1	
S_DROPOFF_40.724,-73.988;4	
S_DROPOFF_40.724,-73.993;1	
S_DROPOFF_40.724,-73.995;1	
S_DROPOFF_40.724,-73.996;2	
S_DROPOFF_40.724,-73.997;1	
S_DROPOFF_40.724,-73.998;3	
S_DROPOFF_40.724,-74.0;4	
S_DROPOFF_40.724,-74.001;2	
S_DROPOFF_40.724,-74.002;1	
S_DROPOFF_40.724,-74.004;1	
S_DROPOFF_40.724,-74.005;1	
S_DROPOFF_40.724,-74.006;1	
S_DROPOFF_40.724,-74.008;1	
S_DROPOFF_40.724,-74.01;1	
S_DROPOFF_40.724,-74.011;2	
S_DROPOFF_40.725,-73.946;1	
S_DROPOFF_40.725,-73.977;1	
S_DROPOFF_40.725,-73.978;1	
S_DROPOFF_40.725,-73.981;2	
S_DROPOFF_40.725,-73.984;2	
S_DROPOFF_40.725,-73.985;2	
S_DROPOFF_40.725,-73.991;3	
S_DROPOFF_40.725,-73.992;2	
S_DROPOFF_40.725,-73.993;1	
S_DROPOFF_40.725,-73.994;1	
S_DROPOFF_40.725,-73.995;3	
S_DROPOFF_40.725,-73.997;3	
S_DROPOFF_40.725,-73.998;3	
S_DROPOFF_40.725,-73.999;2	
S_DROPOFF_40.725,-74.0;2	
S_DROPOFF_40.725,-74.003;2	
S_DROPOFF_40.725,-74.004;2	
S_DROPOFF_40.725,-74.005;1	
S_DROPOFF_40.726,-73.851;1	
S_DROPOFF_40.726,-73.941;1	
S_DROPOFF_40.726,-73.944;1	
S_DROPOFF_40.726,-73.951;1	
S_DROPOFF_40.726,-73.978;2	
S_DROPOFF_40.726,-73.983;3	
S_DROPOFF_40.726,-73.984;2	
S_DROPOFF_40.726,-73.985;1	
S_DROPOFF_40.726,-73.988;1	
S_DROPOFF_40.726,-73.989;1	
S_DROPOFF_40.726,-73.99;2	
S_DROPOFF_40.726,-73.992;4	
S_DROPOFF_40.726,-73.993;5	
S_DROPOFF_40.726,-73.994;1	
S_DROPOFF_40.726,-73.995;4	
S_DROPOFF_40.726,-73.996;2	
S_DROPOFF_40.726,-73.997;3	
S_DROPOFF_40.726,-73.998;4	
S_DROPOFF_40.726,-73.999;2	
S_DROPOFF_40.726,-74.002;2	
S_DROPOFF_40.726,-74.004;1	
S_DROPOFF_40.726,-74.006;3	
S_DROPOFF_40.726,-74.008;1	
S_DROPOFF_40.726,-74.009;1	
S_DROPOFF_40.727,-73.853;1	
S_DROPOFF_40.727,-73.881;1	
S_DROPOFF_40.727,-73.952;1	
S_DROPOFF_40.727,-73.977;1	
S_DROPOFF_40.727,-73.983;4	
S_DROPOFF_40.727,-73.984;1	
S_DROPOFF_40.727,-73.985;2	
S_DROPOFF_40.727,-73.986;1	
S_DROPOFF_40.727,-73.987;1	
S_DROPOFF_40.727,-73.989;3	
S_DROPOFF_40.727,-73.99;1	
S_DROPOFF_40.727,-73.991;1	
S_DROPOFF_40.727,-73.992;7	
S_DROPOFF_40.727,-73.993;3	
S_DROPOFF_40.727,-73.994;3	
S_DROPOFF_40.727,-73.995;3	
S_DROPOFF_40.727,-73.996;1	
S_DROPOFF_40.727,-73.999;2	
S_DROPOFF_40.727,-74.001;1	
S_DROPOFF_40.727,-74.003;3	
S_DROPOFF_40.727,-74.005;2	
S_DROPOFF_40.727,-74.006;3	
S_DROPOFF_40.727,-74.007;2	
S_DROPOFF_40.727,-74.008;1	
S_DROPOFF_40.727,-74.009;1	
S_DROPOFF_40.728,-73.856;1	
S_DROPOFF_40.728,-73.861;1	
S_DROPOFF_40.728,-73.976;1	
S_DROPOFF_40.728,-73.978;1	
S_DROPOFF_40.728,-73.979;2	
S_DROPOFF_40.728,-73.98;1	
S_DROPOFF_40.728,-73.982;1	
S_DROPOFF_40.728,-73.984;2	
S_DROPOFF_40.728,-73.985;1	
S_DROPOFF_40.728,-73.986;4	
S_DROPOFF_40.728,-73.988;4	
S_DROPOFF_40.728,-73.989;1	
S_DROPOFF_40.728,-73.991;2	
S_DROPOFF_40.728,-73.993;1	
S_DROPOFF_40.728,-73.994;2	
S_DROPOFF_40.728,-73.995;1	
S_DROPOFF_40.728,-73.996;1	
S_DROPOFF_40.728,-73.999;1	
S_DROPOFF_40.728,-74.0;3	
S_DROPOFF_40.728,-74.002;2	
S_DROPOFF_40.728,-74.004;2	
S_DROPOFF_40.728,-74.005;3	
S_DROPOFF_40.728,-74.007;2	
S_DROPOFF_40.729,-73.858;1	
S_DROPOFF_40.729,-73.951;1	
S_DROPOFF_40.729,-73.975;1	
S_DROPOFF_40.729,-73.978;2	
S_DROPOFF_40.729,-73.98;1	
S_DROPOFF_40.729,-73.981;2	
S_DROPOFF_40.729,-73.985;2	
S_DROPOFF_40.729,-73.987;3	
S_DROPOFF_40.729,-73.988;2	
S_DROPOFF_40.729,-73.989;2	
S_DROPOFF_40.729,-73.99;3	
S_DROPOFF_40.729,-73.992;1	
S_DROPOFF_40.729,-73.995;3	
S_DROPOFF_40.729,-73.997;1	
S_DROPOFF_40.729,-74.0;2	
S_DROPOFF_40.729,-74.001;4	
S_DROPOFF_40.729,-74.003;1	
S_DROPOFF_40.729,-74.004;1	
S_DROPOFF_40.729,-74.005;3	
S_DROPOFF_40.729,-74.007;1	
S_DROPOFF_40.729,-74.009;1	
S_DROPOFF_40.729,-74.011;1	
S_DROPOFF_40.73,-73.981;3	
S_DROPOFF_40.73,-73.982;1	
S_DROPOFF_40.73,-73.983;1	
S_DROPOFF_40.73,-73.984;3	
S_DROPOFF_40.73,-73.987;2	
S_DROPOFF_40.73,-73.988;2	
S_DROPOFF_40.73,-73.989;2	
S_DROPOFF_40.73,-73.99;2	
S_DROPOFF_40.73,-73.992;1	
S_DROPOFF_40.73,-73.993;5	
S_DROPOFF_40.73,-73.995;1	
S_DROPOFF_40.73,-73.997;1	
S_DROPOFF_40.73,-73.999;3	
S_DROPOFF_40.73,-74.0;3	
S_DROPOFF_40.73,-74.001;2	
S_DROPOFF_40.73,-74.004;4	
S_DROPOFF_40.73,-74.005;1	
S_DROPOFF_40.73,-74.007;2	
S_DROPOFF_40.73,-74.008;1	
S_DROPOFF_40.73,-74.01;3	
S_DROPOFF_40.731,-73.681;1	
S_DROPOFF_40.731,-73.979;1	
S_DROPOFF_40.731,-73.98;1	
S_DROPOFF_40.731,-73.981;1	
S_DROPOFF_40.731,-73.982;4	
S_DROPOFF_40.731,-73.983;2	
S_DROPOFF_40.731,-73.985;1	
S_DROPOFF_40.731,-73.986;6	
S_DROPOFF_40.731,-73.987;2	
S_DROPOFF_40.731,-73.988;1	
S_DROPOFF_40.731,-73.989;6	
S_DROPOFF_40.731,-73.99;1	
S_DROPOFF_40.731,-73.992;4	
S_DROPOFF_40.731,-73.993;2	
S_DROPOFF_40.731,-73.995;1	
S_DROPOFF_40.731,-73.996;1	
S_DROPOFF_40.731,-74.0;3	
S_DROPOFF_40.731,-74.001;2	
S_DROPOFF_40.731,-74.003;1	
S_DROPOFF_40.731,-74.004;1	
S_DROPOFF_40.731,-74.005;1	
S_DROPOFF_40.731,-74.006;1	
S_DROPOFF_40.731,-74.007;2	
S_DROPOFF_40.731,-74.008;3	
S_DROPOFF_40.731,-74.009;1	
S_DROPOFF_40.731,-74.01;1	
S_DROPOFF_40.732,-73.977;1	
S_DROPOFF_40.732,-73.982;1	
S_DROPOFF_40.732,-73.983;2	
S_DROPOFF_40.732,-73.984;3	
S_DROPOFF_40.732,-73.985;4	
S_DROPOFF_40.732,-73.986;2	
S_DROPOFF_40.732,-73.987;5	
S_DROPOFF_40.732,-73.988;1	
S_DROPOFF_40.732,-73.989;2	
S_DROPOFF_40.732,-73.99;1	
S_DROPOFF_40.732,-73.991;1	
S_DROPOFF_40.732,-73.992;2	
S_DROPOFF_40.732,-73.994;1	
S_DROPOFF_40.732,-73.995;1	
S_DROPOFF_40.732,-73.996;3	
S_DROPOFF_40.732,-73.997;1	
S_DROPOFF_40.732,-73.998;1	
S_DROPOFF_40.732,-73.999;2	
S_DROPOFF_40.732,-74.001;2	
S_DROPOFF_40.732,-74.003;1	
S_DROPOFF_40.732,-74.004;1	
S_DROPOFF_40.732,-74.005;1	
S_DROPOFF_40.732,-74.006;3	
S_DROPOFF_40.732,-74.007;1	
S_DROPOFF_40.732,-74.008;1	
S_DROPOFF_40.732,-74.009;1	
S_DROPOFF_40.733,-73.858;1	
S_DROPOFF_40.733,-73.958;1	
S_DROPOFF_40.733,-73.976;1	
S_DROPOFF_40.733,-73.98;1	
S_DROPOFF_40.733,-73.981;1	
S_DROPOFF_40.733,-73.983;1	
S_DROPOFF_40.733,-73.984;1	
S_DROPOFF_40.733,-73.986;1	
S_DROPOFF_40.733,-73.987;2	
S_DROPOFF_40.733,-73.988;2	
S_DROPOFF_40.733,-73.992;1	
S_DROPOFF_40.733,-73.994;3	
S_DROPOFF_40.733,-73.996;5	
S_DROPOFF_40.733,-73.998;3	
S_DROPOFF_40.733,-74.001;1	
S_DROPOFF_40.733,-74.004;3	
S_DROPOFF_40.733,-74.005;4	
S_DROPOFF_40.733,-74.006;2	
S_DROPOFF_40.733,-74.007;2	
S_DROPOFF_40.733,-74.009;1	
S_DROPOFF_40.734,-73.896;1	
S_DROPOFF_40.734,-73.899;1	
S_DROPOFF_40.734,-73.924;1	
S_DROPOFF_40.734,-73.978;1	
S_DROPOFF_40.734,-73.98;1	
S_DROPOFF_40.734,-73.981;2	
S_DROPOFF_40.734,-73.983;1	
S_DROPOFF_40.734,-73.986;2	
S_DROPOFF_40.734,-73.987;2	
S_DROPOFF_40.734,-73.988;1	
S_DROPOFF_40.734,-73.989;3	
S_DROPOFF_40.734,-73.99;3	
S_DROPOFF_40.734,-73.991;4	
S_DROPOFF_40.734,-73.992;2	
S_DROPOFF_40.734,-73.993;2	
S_DROPOFF_40.734,-73.994;2	
S_DROPOFF_40.734,-73.995;2	
S_DROPOFF_40.734,-73.998;2	
S_DROPOFF_40.734,-73.999;4	
S_DROPOFF_40.734,-74.0;2	
S_DROPOFF_40.734,-74.001;1	
S_DROPOFF_40.734,-74.002;3	
S_DROPOFF_40.734,-74.003;1	
S_DROPOFF_40.734,-74.004;1	
S_DROPOFF_40.734,-74.006;1	
S_DROPOFF_40.734,-74.008;1	
S_DROPOFF_40.734,-74.009;1	
S_DROPOFF_40.735,-73.955;1	
S_DROPOFF_40.735,-73.98;2	
S_DROPOFF_40.735,-73.981;1	
S_DROPOFF_40.735,-73.983;2	
S_DROPOFF_40.735,-73.984;1	
S_DROPOFF_40.735,-73.985;1	
S_DROPOFF_40.735,-73.986;4	
S_DROPOFF_40.735,-73.988;1	
S_DROPOFF_40.735,-73.989;1	
S_DROPOFF_40.735,-73.99;5	
S_DROPOFF_40.735,-73.991;5	
S_DROPOFF_40.735,-73.992;3	
S_DROPOFF_40.735,-73.993;1	
S_DROPOFF_40.735,-73.994;2	
S_DROPOFF_40.735,-73.995;1	
S_DROPOFF_40.735,-73.996;1	
S_DROPOFF_40.735,-73.997;1	
S_DROPOFF_40.735,-73.998;1	
S_DROPOFF_40.735,-74.0;1	
S_DROPOFF_40.735,-74.001;2	
S_DROPOFF_40.735,-74.002;3	
S_DROPOFF_40.735,-74.003;6	
S_DROPOFF_40.735,-74.005;1	
S_DROPOFF_40.735,-74.006;2	
S_DROPOFF_40.735,-74.008;3	
S_DROPOFF_40.735,-74.01;2	
S_DROPOFF_40.736,-73.975;1	
S_DROPOFF_40.736,-73.983;1	
S_DROPOFF_40.736,-73.984;1	
S_DROPOFF_40.736,-73.985;2	
S_DROPOFF_40.736,-73.987;2	
S_DROPOFF_40.736,-73.988;1	
S_DROPOFF_40.736,-73.989;1	
S_DROPOFF_40.736,-73.991;2	
S_DROPOFF_40.736,-73.992;1	
S_DROPOFF_40.736,-73.993;1	
S_DROPOFF_40.736,-73.994;2	
S_DROPOFF_40.736,-73.995;3	
S_DROPOFF_40.736,-73.996;2	
S_DROPOFF_40.736,-73.998;2	
S_DROPOFF_40.736,-73.999;1	
S_DROPOFF_40.736,-74.0;1	
S_DROPOFF_40.736,-74.001;2	
S_DROPOFF_40.736,-74.002;3	
S_DROPOFF_40.736,-74.004;1	
S_DROPOFF_40.736,-74.005;3	
S_DROPOFF_40.736,-74.006;2	
S_DROPOFF_40.736,-74.007;2	
S_DROPOFF_40.736,-74.008;1	
S_DROPOFF_40.736,-74.009;1	
S_DROPOFF_40.737,-73.865;1	
S_DROPOFF_40.737,-73.954;1	
S_DROPOFF_40.737,-73.977;1	
S_DROPOFF_40.737,-73.978;3	
S_DROPOFF_40.737,-73.979;4	
S_DROPOFF_40.737,-73.98;3	
S_DROPOFF_40.737,-73.981;1	
S_DROPOFF_40.737,-73.982;2	
S_DROPOFF_40.737,-73.985;2	
S_DROPOFF_40.737,-73.987;2	
S_DROPOFF_40.737,-73.988;3	
S_DROPOFF_40.737,-73.989;3	
S_DROPOFF_40.737,-73.99;4	
S_DROPOFF_40.737,-73.991;6	
S_DROPOFF_40.737,-73.993;2	
S_DROPOFF_40.737,-73.995;1	
S_DROPOFF_40.737,-73.996;1	
S_DROPOFF_40.737,-73.998;1	
S_DROPOFF_40.737,-74.0;2	
S_DROPOFF_40.737,-74.002;1	
S_DROPOFF_40.737,-74.004;1	
S_DROPOFF_40.737,-74.005;1	
S_DROPOFF_40.738,-73.923;1	
S_DROPOFF_40.738,-73.956;2	
S_DROPOFF_40.738,-73.974;1	
S_DROPOFF_40.738,-73.978;1	
S_DROPOFF_40.738,-73.982;1	
S_DROPOFF_40.738,-73.984;4	
S_DROPOFF_40.738,-73.985;1	
S_DROPOFF_40.738,-73.986;1	
S_DROPOFF_40.738,-73.987;2	
S_DROPOFF_40.738,-73.988;2	
S_DROPOFF_40.738,-73.989;2	
S_DROPOFF_40.738,-73.99;2	
S_DROPOFF_40.738,-73.992;1	
S_DROPOFF_40.738,-73.996;2	
S_DROPOFF_40.738,-73.997;1	
S_DROPOFF_40.738,-73.998;2	
S_DROPOFF_40.738,-73.999;1	
S_DROPOFF_40.738,-74.0;2	
S_DROPOFF_40.738,-74.001;1	
S_DROPOFF_40.738,-74.003;1	
S_DROPOFF_40.738,-74.004;1	
S_DROPOFF_40.738,-74.006;2	
S_DROPOFF_40.738,-74.007;1	
S_DROPOFF_40.738,-74.008;4	
S_DROPOFF_40.738,-74.009;3	
S_DROPOFF_40.739,-73.977;1	
S_DROPOFF_40.739,-73.978;1	
S_DROPOFF_40.739,-73.98;2	
S_DROPOFF_40.739,-73.981;1	
S_DROPOFF_40.739,-73.982;4	
S_DROPOFF_40.739,-73.983;4	
S_DROPOFF_40.739,-73.984;2	
S_DROPOFF_40.739,-73.985;4	
S_DROPOFF_40.739,-73.986;4	
S_DROPOFF_40.739,-73.987;2	
S_DROPOFF_40.739,-73.988;5	
S_DROPOFF_40.739,-73.989;4	
S_DROPOFF_40.739,-73.99;4	
S_DROPOFF_40.739,-73.991;2	
S_DROPOFF_40.739,-73.992;2	
S_DROPOFF_40.739,-73.993;1	
S_DROPOFF_40.739,-73.994;1	
S_DROPOFF_40.739,-73.995;2	
S_DROPOFF_40.739,-73.996;3	
S_DROPOFF_40.739,-73.997;1	
S_DROPOFF_40.739,-73.998;1	
S_DROPOFF_40.739,-74.0;3	
S_DROPOFF_40.739,-74.001;1	
S_DROPOFF_40.739,-74.002;2	
S_DROPOFF_40.739,-74.007;2	
S_DROPOFF_40.739,-74.008;4	
S_DROPOFF_40.739,-74.009;1	
S_DROPOFF_40.739,-74.01;1	
S_DROPOFF_40.74,-73.869;1	
S_DROPOFF_40.74,-73.889;1	
S_DROPOFF_40.74,-73.922;1	
S_DROPOFF_40.74,-73.923;1	
S_DROPOFF_40.74,-73.976;2	
S_DROPOFF_40.74,-73.979;3	
S_DROPOFF_40.74,-73.98;1	
S_DROPOFF_40.74,-73.982;3	
S_DROPOFF_40.74,-73.983;2	
S_DROPOFF_40.74,-73.985;1	
S_DROPOFF_40.74,-73.986;1	
S_DROPOFF_40.74,-73.987;4	
S_DROPOFF_40.74,-73.989;2	
S_DROPOFF_40.74,-73.99;2	
S_DROPOFF_40.74,-73.991;2	
S_DROPOFF_40.74,-73.992;2	
S_DROPOFF_40.74,-73.993;2	
S_DROPOFF_40.74,-73.994;3	
S_DROPOFF_40.74,-73.995;5	
S_DROPOFF_40.74,-73.996;2	
S_DROPOFF_40.74,-73.998;3	
S_DROPOFF_40.74,-73.999;1	
S_DROPOFF_40.74,-74.002;2	
S_DROPOFF_40.74,-74.003;2	
S_DROPOFF_40.74,-74.004;3	
S_DROPOFF_40.74,-74.005;4	
S_DROPOFF_40.74,-74.006;5	
S_DROPOFF_40.74,-74.008;3	
S_DROPOFF_40.74,-74.034;1	
S_DROPOFF_40.741,-73.875;1	
S_DROPOFF_40.741,-73.973;1	
S_DROPOFF_40.741,-73.975;1	
S_DROPOFF_40.741,-73.979;3	
S_DROPOFF_40.741,-73.981;4	
S_DROPOFF_40.741,-73.983;3	
S_DROPOFF_40.741,-73.984;2	
S_DROPOFF_40.741,-73.986;4	
S_DROPOFF_40.741,-73.987;2	
S_DROPOFF_40.741,-73.988;2	
S_DROPOFF_40.741,-73.989;1	
S_DROPOFF_40.741,-73.99;2	
S_DROPOFF_40.741,-73.991;1	
S_DROPOFF_40.741,-73.992;4	
S_DROPOFF_40.741,-73.993;5	
S_DROPOFF_40.741,-73.994;1	
S_DROPOFF_40.741,-73.998;3	
S_DROPOFF_40.741,-73.999;2	
S_DROPOFF_40.741,-74.001;2	
S_DROPOFF_40.741,-74.002;4	
S_DROPOFF_40.741,-74.004;1	
S_DROPOFF_40.741,-74.005;4	
S_DROPOFF_40.741,-74.006;3	
S_DROPOFF_40.741,-74.007;1	
S_DROPOFF_40.741,-74.008;2	
S_DROPOFF_40.742,-73.906;1	
S_DROPOFF_40.742,-73.908;1	
S_DROPOFF_40.742,-73.924;1	
S_DROPOFF_40.742,-73.956;1	
S_DROPOFF_40.742,-73.957;1	
S_DROPOFF_40.742,-73.975;9	
S_DROPOFF_40.742,-73.976;1	
S_DROPOFF_40.742,-73.978;2	
S_DROPOFF_40.742,-73.98;1	
S_DROPOFF_40.742,-73.981;3	
S_DROPOFF_40.742,-73.983;3	
S_DROPOFF_40.742,-73.984;1	
S_DROPOFF_40.742,-73.985;1	
S_DROPOFF_40.742,-73.987;1	
S_DROPOFF_40.742,-73.989;5	
S_DROPOFF_40.742,-73.99;1	
S_DROPOFF_40.742,-73.991;1	
S_DROPOFF_40.742,-73.992;2	
S_DROPOFF_40.742,-73.993;1	
S_DROPOFF_40.742,-73.994;3	
S_DROPOFF_40.742,-73.995;1	
S_DROPOFF_40.742,-73.996;2	
S_DROPOFF_40.742,-73.997;3	
S_DROPOFF_40.742,-73.998;1	
S_DROPOFF_40.742,-74.0;3	
S_DROPOFF_40.742,-74.001;2	
S_DROPOFF_40.742,-74.004;8	
S_DROPOFF_40.742,-74.005;4	
S_DROPOFF_40.742,-74.006;2	
S_DROPOFF_40.742,-74.007;1	
S_DROPOFF_40.743,-73.919;1	
S_DROPOFF_40.743,-73.92;1	
S_DROPOFF_40.743,-73.921;1	
S_DROPOFF_40.743,-73.973;1	
S_DROPOFF_40.743,-73.974;2	
S_DROPOFF_40.743,-73.977;2	
S_DROPOFF_40.743,-73.979;4	
S_DROPOFF_40.743,-73.981;2	
S_DROPOFF_40.743,-73.982;5	
S_DROPOFF_40.743,-73.983;1	
S_DROPOFF_40.743,-73.984;3	
S_DROPOFF_40.743,-73.985;5	
S_DROPOFF_40.743,-73.986;1	
S_DROPOFF_40.743,-73.987;2	
S_DROPOFF_40.743,-73.989;2	
S_DROPOFF_40.743,-73.992;7	
S_DROPOFF_40.743,-73.993;2	
S_DROPOFF_40.743,-73.994;2	
S_DROPOFF_40.743,-73.997;1	
S_DROPOFF_40.743,-73.998;1	
S_DROPOFF_40.743,-74.0;2	
S_DROPOFF_40.743,-74.003;1	
S_DROPOFF_40.743,-74.004;5	
S_DROPOFF_40.743,-74.008;2	
S_DROPOFF_40.743,-74.009;1	
S_DROPOFF_40.744,-73.959;2	
S_DROPOFF_40.744,-73.972;1	
S_DROPOFF_40.744,-73.973;3	
S_DROPOFF_40.744,-73.974;1	
S_DROPOFF_40.744,-73.975;1	
S_DROPOFF_40.744,-73.976;2	
S_DROPOFF_40.744,-73.977;1	
S_DROPOFF_40.744,-73.978;1	
S_DROPOFF_40.744,-73.979;4	
S_DROPOFF_40.744,-73.98;3	
S_DROPOFF_40.744,-73.981;1	
S_DROPOFF_40.744,-73.982;2	
S_DROPOFF_40.744,-73.983;2	
S_DROPOFF_40.744,-73.984;5	
S_DROPOFF_40.744,-73.985;2	
S_DROPOFF_40.744,-73.986;3	
S_DROPOFF_40.744,-73.987;2	
S_DROPOFF_40.744,-73.988;6	
S_DROPOFF_40.744,-73.989;1	
S_DROPOFF_40.744,-73.99;1	
S_DROPOFF_40.744,-73.991;2	
S_DROPOFF_40.744,-73.992;6	
S_DROPOFF_40.744,-73.993;1	
S_DROPOFF_40.744,-73.994;3	
S_DROPOFF_40.744,-73.995;2	
S_DROPOFF_40.744,-73.996;1	
S_DROPOFF_40.744,-73.999;2	
S_DROPOFF_40.744,-74.0;2	
S_DROPOFF_40.744,-74.003;1	
S_DROPOFF_40.744,-74.004;1	
S_DROPOFF_40.744,-74.006;4	
S_DROPOFF_40.744,-74.007;1	
S_DROPOFF_40.745,-73.884;1	
S_DROPOFF_40.745,-73.904;1	
S_DROPOFF_40.745,-73.908;2	
S_DROPOFF_40.745,-73.913;1	
S_DROPOFF_40.745,-73.923;2	
S_DROPOFF_40.745,-73.947;1	
S_DROPOFF_40.745,-73.951;1	
S_DROPOFF_40.745,-73.952;1	
S_DROPOFF_40.745,-73.957;1	
S_DROPOFF_40.745,-73.971;1	
S_DROPOFF_40.745,-73.972;1	
S_DROPOFF_40.745,-73.973;1	
S_DROPOFF_40.745,-73.976;2	
S_DROPOFF_40.745,-73.977;2	
S_DROPOFF_40.745,-73.979;4	
S_DROPOFF_40.745,-73.98;1	
S_DROPOFF_40.745,-73.981;2	
S_DROPOFF_40.745,-73.983;5	
S_DROPOFF_40.745,-73.984;1	
S_DROPOFF_40.745,-73.985;3	
S_DROPOFF_40.745,-73.986;2	
S_DROPOFF_40.745,-73.987;3	
S_DROPOFF_40.745,-73.988;2	
S_DROPOFF_40.745,-73.989;4	
S_DROPOFF_40.745,-73.99;1	
S_DROPOFF_40.745,-73.991;7	
S_DROPOFF_40.745,-73.992;1	
S_DROPOFF_40.745,-73.993;5	
S_DROPOFF_40.745,-73.994;1	
S_DROPOFF_40.745,-73.995;1	
S_DROPOFF_40.745,-73.997;1	
S_DROPOFF_40.745,-73.998;4	
S_DROPOFF_40.745,-73.999;2	
S_DROPOFF_40.745,-74.003;2	
S_DROPOFF_40.745,-74.005;1	
S_DROPOFF_40.745,-74.006;4	
S_DROPOFF_40.745,-74.009;1	
S_DROPOFF_40.746,-73.925;1	
S_DROPOFF_40.746,-73.953;1	
S_DROPOFF_40.746,-73.955;1	
S_DROPOFF_40.746,-73.956;1	
S_DROPOFF_40.746,-73.957;1	
S_DROPOFF_40.746,-73.972;1	
S_DROPOFF_40.746,-73.973;2	
S_DROPOFF_40.746,-73.974;1	
S_DROPOFF_40.746,-73.975;1	
S_DROPOFF_40.746,-73.976;1	
S_DROPOFF_40.746,-73.977;1	
S_DROPOFF_40.746,-73.978;5	
S_DROPOFF_40.746,-73.979;1	
S_DROPOFF_40.746,-73.98;4	
S_DROPOFF_40.746,-73.982;4	
S_DROPOFF_40.746,-73.984;3	
S_DROPOFF_40.746,-73.985;2	
S_DROPOFF_40.746,-73.986;1	
S_DROPOFF_40.746,-73.987;1	
S_DROPOFF_40.746,-73.988;3	
S_DROPOFF_40.746,-73.989;1	
S_DROPOFF_40.746,-73.991;2	
S_DROPOFF_40.746,-73.992;2	
S_DROPOFF_40.746,-73.993;1	
S_DROPOFF_40.746,-73.994;5	
S_DROPOFF_40.746,-73.995;2	
S_DROPOFF_40.746,-73.998;2	
S_DROPOFF_40.746,-73.999;2	
S_DROPOFF_40.746,-74.001;2	
S_DROPOFF_40.746,-74.002;1	
S_DROPOFF_40.746,-74.005;1	
S_DROPOFF_40.746,-74.006;2	
S_DROPOFF_40.746,-74.008;2	
S_DROPOFF_40.747,-73.89;1	
S_DROPOFF_40.747,-73.893;1	
S_DROPOFF_40.747,-73.941;1	
S_DROPOFF_40.747,-73.945;1	
S_DROPOFF_40.747,-73.972;2	
S_DROPOFF_40.747,-73.973;3	
S_DROPOFF_40.747,-73.977;4	
S_DROPOFF_40.747,-73.979;2	
S_DROPOFF_40.747,-73.98;2	
S_DROPOFF_40.747,-73.981;4	
S_DROPOFF_40.747,-73.982;5	
S_DROPOFF_40.747,-73.984;1	
S_DROPOFF_40.747,-73.985;1	
S_DROPOFF_40.747,-73.986;3	
S_DROPOFF_40.747,-73.987;1	
S_DROPOFF_40.747,-73.99;1	
S_DROPOFF_40.747,-73.991;1	
S_DROPOFF_40.747,-73.992;2	
S_DROPOFF_40.747,-73.994;2	
S_DROPOFF_40.747,-73.996;1	
S_DROPOFF_40.747,-73.997;5	
S_DROPOFF_40.747,-74.001;2	
S_DROPOFF_40.747,-74.003;1	
S_DROPOFF_40.747,-74.004;1	
S_DROPOFF_40.747,-74.005;1	
S_DROPOFF_40.747,-74.006;1	
S_DROPOFF_40.747,-74.008;2	
S_DROPOFF_40.747,-74.009;2	
S_DROPOFF_40.747,-74.028;1	
S_DROPOFF_40.748,-73.881;1	
S_DROPOFF_40.748,-73.898;1	
S_DROPOFF_40.748,-73.947;1	
S_DROPOFF_40.748,-73.956;1	
S_DROPOFF_40.748,-73.957;1	
S_DROPOFF_40.748,-73.971;1	
S_DROPOFF_40.748,-73.973;2	
S_DROPOFF_40.748,-73.974;3	
S_DROPOFF_40.748,-73.975;1	
S_DROPOFF_40.748,-73.976;3	
S_DROPOFF_40.748,-73.977;2	
S_DROPOFF_40.748,-73.978;2	
S_DROPOFF_40.748,-73.979;2	
S_DROPOFF_40.748,-73.981;2	
S_DROPOFF_40.748,-73.982;1	
S_DROPOFF_40.748,-73.983;2	
S_DROPOFF_40.748,-73.984;2	
S_DROPOFF_40.748,-73.985;4	
S_DROPOFF_40.748,-73.986;2	
S_DROPOFF_40.748,-73.988;5	
S_DROPOFF_40.748,-73.989;3	
S_DROPOFF_40.748,-73.99;1	
S_DROPOFF_40.748,-73.991;1	
S_DROPOFF_40.748,-73.992;1	
S_DROPOFF_40.748,-73.993;1	
S_DROPOFF_40.748,-73.994;1	
S_DROPOFF_40.748,-73.996;1	
S_DROPOFF_40.748,-73.998;1	
S_DROPOFF_40.748,-74.0;2	
S_DROPOFF_40.748,-74.001;1	
S_DROPOFF_40.748,-74.004;4	
S_DROPOFF_40.748,-74.005;1	
S_DROPOFF_40.748,-74.007;2	
S_DROPOFF_40.748,-74.009;1	
S_DROPOFF_40.749,-73.898;1	
S_DROPOFF_40.749,-73.942;1	
S_DROPOFF_40.749,-73.971;2	
S_DROPOFF_40.749,-73.972;2	
S_DROPOFF_40.749,-73.973;3	
S_DROPOFF_40.749,-73.974;1	
S_DROPOFF_40.749,-73.975;1	
S_DROPOFF_40.749,-73.976;5	
S_DROPOFF_40.749,-73.977;2	
S_DROPOFF_40.749,-73.978;3	
S_DROPOFF_40.749,-73.98;2	
S_DROPOFF_40.749,-73.983;3	
S_DROPOFF_40.749,-73.984;1	
S_DROPOFF_40.749,-73.985;3	
S_DROPOFF_40.749,-73.986;3	
S_DROPOFF_40.749,-73.987;2	
S_DROPOFF_40.749,-73.988;4	
S_DROPOFF_40.749,-73.989;6	
S_DROPOFF_40.749,-73.991;4	
S_DROPOFF_40.749,-73.992;10	
S_DROPOFF_40.749,-73.996;1	
S_DROPOFF_40.749,-74.002;1	
S_DROPOFF_40.749,-74.003;4	
S_DROPOFF_40.749,-74.007;1	
S_DROPOFF_40.749,-74.008;1	
S_DROPOFF_40.75,-73.939;1	
S_DROPOFF_40.75,-73.971;1	
S_DROPOFF_40.75,-73.972;3	
S_DROPOFF_40.75,-73.973;3	
S_DROPOFF_40.75,-73.975;3	
S_DROPOFF_40.75,-73.977;2	
S_DROPOFF_40.75,-73.978;3	
S_DROPOFF_40.75,-73.979;7	
S_DROPOFF_40.75,-73.98;1	
S_DROPOFF_40.75,-73.981;4	
S_DROPOFF_40.75,-73.982;3	
S_DROPOFF_40.75,-73.983;1	
S_DROPOFF_40.75,-73.984;2	
S_DROPOFF_40.75,-73.986;1	
S_DROPOFF_40.75,-73.988;5	
S_DROPOFF_40.75,-73.99;5	
S_DROPOFF_40.75,-73.991;30	
S_DROPOFF_40.75,-73.992;5	
S_DROPOFF_40.75,-73.993;3	
S_DROPOFF_40.75,-73.994;2	
S_DROPOFF_40.75,-73.995;12	
S_DROPOFF_40.75,-73.996;2	
S_DROPOFF_40.75,-73.999;1	
S_DROPOFF_40.75,-74.002;2	
S_DROPOFF_40.75,-74.003;1	
S_DROPOFF_40.75,-74.004;2	
S_DROPOFF_40.75,-74.006;2	
S_DROPOFF_40.75,-74.007;1	
S_DROPOFF_40.751,-73.896;1	
S_DROPOFF_40.751,-73.935;1	
S_DROPOFF_40.751,-73.97;1	
S_DROPOFF_40.751,-73.971;4	
S_DROPOFF_40.751,-73.972;2	
S_DROPOFF_40.751,-73.973;3	
S_DROPOFF_40.751,-73.974;2	
S_DROPOFF_40.751,-73.975;5	
S_DROPOFF_40.751,-73.976;5	
S_DROPOFF_40.751,-73.977;1	
S_DROPOFF_40.751,-73.978;10	
S_DROPOFF_40.751,-73.979;5	
S_DROPOFF_40.751,-73.98;1	
S_DROPOFF_40.751,-73.981;4	
S_DROPOFF_40.751,-73.982;3	
S_DROPOFF_40.751,-73.984;1	
S_DROPOFF_40.751,-73.986;5	
S_DROPOFF_40.751,-73.987;7	
S_DROPOFF_40.751,-73.988;1	
S_DROPOFF_40.751,-73.989;3	
S_DROPOFF_40.751,-73.99;6	
S_DROPOFF_40.751,-73.991;10	
S_DROPOFF_40.751,-73.994;2	
S_DROPOFF_40.751,-73.995;4	
S_DROPOFF_40.751,-73.997;1	
S_DROPOFF_40.751,-73.999;1	
S_DROPOFF_40.751,-74.0;1	
S_DROPOFF_40.751,-74.002;2	
S_DROPOFF_40.751,-74.003;1	
S_DROPOFF_40.751,-74.004;1	
S_DROPOFF_40.751,-74.006;2	
S_DROPOFF_40.751,-74.008;1	
S_DROPOFF_40.752,-73.863;1	
S_DROPOFF_40.752,-73.884;1	
S_DROPOFF_40.752,-73.968;1	
S_DROPOFF_40.752,-73.97;3	
S_DROPOFF_40.752,-73.971;1	
S_DROPOFF_40.752,-73.972;1	
S_DROPOFF_40.752,-73.973;2	
S_DROPOFF_40.752,-73.974;4	
S_DROPOFF_40.752,-73.975;6	
S_DROPOFF_40.752,-73.976;3	
S_DROPOFF_40.752,-73.977;8	
S_DROPOFF_40.752,-73.978;7	
S_DROPOFF_40.752,-73.979;1	
S_DROPOFF_40.752,-73.98;2	
S_DROPOFF_40.752,-73.981;2	
S_DROPOFF_40.752,-73.982;4	
S_DROPOFF_40.752,-73.983;1	
S_DROPOFF_40.752,-73.986;2	
S_DROPOFF_40.752,-73.987;2	
S_DROPOFF_40.752,-73.989;3	
S_DROPOFF_40.752,-73.99;7	
S_DROPOFF_40.752,-73.991;1	
S_DROPOFF_40.752,-73.992;1	
S_DROPOFF_40.752,-73.993;3	
S_DROPOFF_40.752,-73.994;2	
S_DROPOFF_40.752,-73.995;1	
S_DROPOFF_40.752,-74.002;1	
S_DROPOFF_40.752,-74.004;3	
S_DROPOFF_40.752,-74.007;2	
S_DROPOFF_40.752,-74.028;1	
S_DROPOFF_40.753,-73.856;1	
S_DROPOFF_40.753,-73.923;1	
S_DROPOFF_40.753,-73.965;2	
S_DROPOFF_40.753,-73.967;1	
S_DROPOFF_40.753,-73.969;1	
S_DROPOFF_40.753,-73.97;5	
S_DROPOFF_40.753,-73.972;1	
S_DROPOFF_40.753,-73.973;3	
S_DROPOFF_40.753,-73.974;1	
S_DROPOFF_40.753,-73.975;5	
S_DROPOFF_40.753,-73.976;2	
S_DROPOFF_40.753,-73.978;7	
S_DROPOFF_40.753,-73.979;8	
S_DROPOFF_40.753,-73.98;3	
S_DROPOFF_40.753,-73.981;2	
S_DROPOFF_40.753,-73.985;1	
S_DROPOFF_40.753,-73.986;3	
S_DROPOFF_40.753,-73.987;1	
S_DROPOFF_40.753,-73.989;2	
S_DROPOFF_40.753,-73.992;1	
S_DROPOFF_40.753,-73.993;3	
S_DROPOFF_40.753,-73.995;1	
S_DROPOFF_40.753,-73.996;3	
S_DROPOFF_40.753,-73.997;1	
S_DROPOFF_40.753,-74.0;2	
S_DROPOFF_40.753,-74.004;3	
S_DROPOFF_40.754,-73.909;1	
S_DROPOFF_40.754,-73.949;1	
S_DROPOFF_40.754,-73.965;1	
S_DROPOFF_40.754,-73.966;3	
S_DROPOFF_40.754,-73.969;1	
S_DROPOFF_40.754,-73.97;4	
S_DROPOFF_40.754,-73.971;2	
S_DROPOFF_40.754,-73.972;3	
S_DROPOFF_40.754,-73.973;2	
S_DROPOFF_40.754,-73.974;2	
S_DROPOFF_40.754,-73.975;1	
S_DROPOFF_40.754,-73.976;1	
S_DROPOFF_40.754,-73.977;3	
S_DROPOFF_40.754,-73.978;7	
S_DROPOFF_40.754,-73.979;1	
S_DROPOFF_40.754,-73.98;3	
S_DROPOFF_40.754,-73.981;4	
S_DROPOFF_40.754,-73.983;1	
S_DROPOFF_40.754,-73.984;2	
S_DROPOFF_40.754,-73.985;5	
S_DROPOFF_40.754,-73.986;2	
S_DROPOFF_40.754,-73.989;1	
S_DROPOFF_40.754,-73.99;1	
S_DROPOFF_40.754,-73.991;1	
S_DROPOFF_40.754,-73.992;2	
S_DROPOFF_40.754,-73.996;1	
S_DROPOFF_40.754,-73.997;1	
S_DROPOFF_40.754,-73.998;3	
S_DROPOFF_40.754,-73.999;1	
S_DROPOFF_40.754,-74.0;1	
S_DROPOFF_40.754,-74.003;1	
S_DROPOFF_40.755,-73.902;1	
S_DROPOFF_40.755,-73.91;1	
S_DROPOFF_40.755,-73.918;2	
S_DROPOFF_40.755,-73.919;1	
S_DROPOFF_40.755,-73.924;1	
S_DROPOFF_40.755,-73.962;1	
S_DROPOFF_40.755,-73.965;4	
S_DROPOFF_40.755,-73.966;1	
S_DROPOFF_40.755,-73.968;4	
S_DROPOFF_40.755,-73.969;2	
S_DROPOFF_40.755,-73.971;2	
S_DROPOFF_40.755,-73.972;4	
S_DROPOFF_40.755,-73.973;5	
S_DROPOFF_40.755,-73.974;5	
S_DROPOFF_40.755,-73.975;4	
S_DROPOFF_40.755,-73.976;1	
S_DROPOFF_40.755,-73.977;2	
S_DROPOFF_40.755,-73.978;1	
S_DROPOFF_40.755,-73.979;4	
S_DROPOFF_40.755,-73.98;2	
S_DROPOFF_40.755,-73.982;1	
S_DROPOFF_40.755,-73.983;1	
S_DROPOFF_40.755,-73.984;4	
S_DROPOFF_40.755,-73.985;4	
S_DROPOFF_40.755,-73.986;1	
S_DROPOFF_40.755,-73.988;2	
S_DROPOFF_40.755,-73.989;1	
S_DROPOFF_40.755,-73.991;5	
S_DROPOFF_40.755,-73.992;2	
S_DROPOFF_40.755,-73.993;1	
S_DROPOFF_40.755,-73.994;1	
S_DROPOFF_40.755,-73.995;3	
S_DROPOFF_40.755,-74.001;1	
S_DROPOFF_40.755,-74.003;1	
S_DROPOFF_40.756,-73.779;1	
S_DROPOFF_40.756,-73.883;1	
S_DROPOFF_40.756,-73.92;1	
S_DROPOFF_40.756,-73.941;1	
S_DROPOFF_40.756,-73.962;2	
S_DROPOFF_40.756,-73.963;1	
S_DROPOFF_40.756,-73.964;1	
S_DROPOFF_40.756,-73.965;4	
S_DROPOFF_40.756,-73.967;2	
S_DROPOFF_40.756,-73.968;3	
S_DROPOFF_40.756,-73.97;1	
S_DROPOFF_40.756,-73.971;4	
S_DROPOFF_40.756,-73.972;1	
S_DROPOFF_40.756,-73.973;5	
S_DROPOFF_40.756,-73.974;5	
S_DROPOFF_40.756,-73.975;5	
S_DROPOFF_40.756,-73.976;2	
S_DROPOFF_40.756,-73.977;1	
S_DROPOFF_40.756,-73.978;3	
S_DROPOFF_40.756,-73.979;5	
S_DROPOFF_40.756,-73.98;1	
S_DROPOFF_40.756,-73.981;1	
S_DROPOFF_40.756,-73.982;2	
S_DROPOFF_40.756,-73.983;5	
S_DROPOFF_40.756,-73.984;4	
S_DROPOFF_40.756,-73.985;2	
S_DROPOFF_40.756,-73.986;4	
S_DROPOFF_40.756,-73.987;3	
S_DROPOFF_40.756,-73.988;3	
S_DROPOFF_40.756,-73.989;2	
S_DROPOFF_40.756,-73.99;4	
S_DROPOFF_40.756,-73.991;9	
S_DROPOFF_40.756,-73.992;1	
S_DROPOFF_40.756,-73.993;4	
S_DROPOFF_40.756,-73.995;1	
S_DROPOFF_40.756,-73.996;3	
S_DROPOFF_40.756,-73.997;1	
S_DROPOFF_40.756,-73.998;2	
S_DROPOFF_40.756,-73.999;2	
S_DROPOFF_40.756,-74.001;1	
S_DROPOFF_40.756,-74.002;2	
S_DROPOFF_40.756,-74.003;3	
S_DROPOFF_40.756,-74.004;1	
S_DROPOFF_40.757,-73.921;1	
S_DROPOFF_40.757,-73.926;1	
S_DROPOFF_40.757,-73.963;2	
S_DROPOFF_40.757,-73.964;3	
S_DROPOFF_40.757,-73.965;1	
S_DROPOFF_40.757,-73.966;3	
S_DROPOFF_40.757,-73.967;4	
S_DROPOFF_40.757,-73.968;2	
S_DROPOFF_40.757,-73.969;6	
S_DROPOFF_40.757,-73.97;4	
S_DROPOFF_40.757,-73.972;5	
S_DROPOFF_40.757,-73.973;1	
S_DROPOFF_40.757,-73.974;5	
S_DROPOFF_40.757,-73.975;2	
S_DROPOFF_40.757,-73.976;5	
S_DROPOFF_40.757,-73.977;1	
S_DROPOFF_40.757,-73.978;3	
S_DROPOFF_40.757,-73.979;1	
S_DROPOFF_40.757,-73.981;1	
S_DROPOFF_40.757,-73.982;1	
S_DROPOFF_40.757,-73.983;5	
S_DROPOFF_40.757,-73.984;1	
S_DROPOFF_40.757,-73.986;3	
S_DROPOFF_40.757,-73.988;3	
S_DROPOFF_40.757,-73.989;6	
S_DROPOFF_40.757,-73.99;3	
S_DROPOFF_40.757,-73.992;1	
S_DROPOFF_40.757,-73.993;3	
S_DROPOFF_40.757,-73.994;1	
S_DROPOFF_40.757,-73.995;1	
S_DROPOFF_40.757,-73.998;5	
S_DROPOFF_40.757,-74.001;2	
S_DROPOFF_40.757,-74.004;1	
S_DROPOFF_40.758,-73.857;1	
S_DROPOFF_40.758,-73.884;1	
S_DROPOFF_40.758,-73.915;1	
S_DROPOFF_40.758,-73.916;1	
S_DROPOFF_40.758,-73.918;1	
S_DROPOFF_40.758,-73.96;1	
S_DROPOFF_40.758,-73.962;1	
S_DROPOFF_40.758,-73.963;1	
S_DROPOFF_40.758,-73.964;1	
S_DROPOFF_40.758,-73.965;1	
S_DROPOFF_40.758,-73.966;2	
S_DROPOFF_40.758,-73.967;3	
S_DROPOFF_40.758,-73.968;1	
S_DROPOFF_40.758,-73.969;1	
S_DROPOFF_40.758,-73.97;3	
S_DROPOFF_40.758,-73.971;6	
S_DROPOFF_40.758,-73.972;2	
S_DROPOFF_40.758,-73.973;5	
S_DROPOFF_40.758,-73.974;2	
S_DROPOFF_40.758,-73.975;4	
S_DROPOFF_40.758,-73.976;3	
S_DROPOFF_40.758,-73.977;3	
S_DROPOFF_40.758,-73.978;2	
S_DROPOFF_40.758,-73.979;1	
S_DROPOFF_40.758,-73.98;2	
S_DROPOFF_40.758,-73.981;1	
S_DROPOFF_40.758,-73.982;3	
S_DROPOFF_40.758,-73.983;1	
S_DROPOFF_40.758,-73.984;3	
S_DROPOFF_40.758,-73.985;7	
S_DROPOFF_40.758,-73.986;4	
S_DROPOFF_40.758,-73.987;2	
S_DROPOFF_40.758,-73.988;4	
S_DROPOFF_40.758,-73.989;6	
S_DROPOFF_40.758,-73.99;1	
S_DROPOFF_40.758,-73.991;2	
S_DROPOFF_40.758,-73.992;2	
S_DROPOFF_40.758,-73.993;5	
S_DROPOFF_40.758,-73.995;1	
S_DROPOFF_40.758,-74.0;1	
S_DROPOFF_40.758,-74.001;1	
S_DROPOFF_40.759,-73.919;1	
S_DROPOFF_40.759,-73.925;1	
S_DROPOFF_40.759,-73.96;1	
S_DROPOFF_40.759,-73.962;3	
S_DROPOFF_40.759,-73.963;1	
S_DROPOFF_40.759,-73.966;2	
S_DROPOFF_40.759,-73.967;1	
S_DROPOFF_40.759,-73.968;2	
S_DROPOFF_40.759,-73.969;2	
S_DROPOFF_40.759,-73.97;3	
S_DROPOFF_40.759,-73.971;1	
S_DROPOFF_40.759,-73.972;3	
S_DROPOFF_40.759,-73.973;1	
S_DROPOFF_40.759,-73.974;5	
S_DROPOFF_40.759,-73.975;1	
S_DROPOFF_40.759,-73.976;4	
S_DROPOFF_40.759,-73.977;5	
S_DROPOFF_40.759,-73.978;4	
S_DROPOFF_40.759,-73.979;3	
S_DROPOFF_40.759,-73.98;1	
S_DROPOFF_40.759,-73.981;5	
S_DROPOFF_40.759,-73.982;1	
S_DROPOFF_40.759,-73.984;1	
S_DROPOFF_40.759,-73.985;5	
S_DROPOFF_40.759,-73.986;4	
S_DROPOFF_40.759,-73.987;1	
S_DROPOFF_40.759,-73.988;2	
S_DROPOFF_40.759,-73.989;2	
S_DROPOFF_40.759,-73.99;1	
S_DROPOFF_40.759,-73.991;1	
S_DROPOFF_40.759,-73.992;1	
S_DROPOFF_40.759,-73.994;3	
S_DROPOFF_40.759,-73.996;3	
S_DROPOFF_40.759,-74.004;1	
S_DROPOFF_40.76,-73.962;1	
S_DROPOFF_40.76,-73.965;4	
S_DROPOFF_40.76,-73.966;1	
S_DROPOFF_40.76,-73.967;3	
S_DROPOFF_40.76,-73.968;3	
S_DROPOFF_40.76,-73.97;4	
S_DROPOFF_40.76,-73.971;5	
S_DROPOFF_40.76,-73.972;4	
S_DROPOFF_40.76,-73.974;2	
S_DROPOFF_40.76,-73.975;2	
S_DROPOFF_40.76,-73.976;3	
S_DROPOFF_40.76,-73.977;1	
S_DROPOFF_40.76,-73.978;1	
S_DROPOFF_40.76,-73.979;1	
S_DROPOFF_40.76,-73.98;1	
S_DROPOFF_40.76,-73.981;5	
S_DROPOFF_40.76,-73.982;1	
S_DROPOFF_40.76,-73.983;1	
S_DROPOFF_40.76,-73.984;4	
S_DROPOFF_40.76,-73.985;4	
S_DROPOFF_40.76,-73.986;6	
S_DROPOFF_40.76,-73.987;3	
S_DROPOFF_40.76,-73.988;3	
S_DROPOFF_40.76,-73.991;1	
S_DROPOFF_40.76,-73.992;1	
S_DROPOFF_40.76,-73.994;1	
S_DROPOFF_40.76,-73.995;2	
S_DROPOFF_40.76,-73.996;1	
S_DROPOFF_40.76,-73.997;1	
S_DROPOFF_40.76,-74.003;1	
S_DROPOFF_40.761,-73.914;1	
S_DROPOFF_40.761,-73.922;1	
S_DROPOFF_40.761,-73.95;1	
S_DROPOFF_40.761,-73.958;1	
S_DROPOFF_40.761,-73.961;4	
S_DROPOFF_40.761,-73.962;1	
S_DROPOFF_40.761,-73.967;4	
S_DROPOFF_40.761,-73.969;4	
S_DROPOFF_40.761,-73.971;1	
S_DROPOFF_40.761,-73.973;4	
S_DROPOFF_40.761,-73.974;2	
S_DROPOFF_40.761,-73.975;6	
S_DROPOFF_40.761,-73.976;1	
S_DROPOFF_40.761,-73.978;1	
S_DROPOFF_40.761,-73.979;4	
S_DROPOFF_40.761,-73.98;3	
S_DROPOFF_40.761,-73.981;1	
S_DROPOFF_40.761,-73.982;1	
S_DROPOFF_40.761,-73.984;3	
S_DROPOFF_40.761,-73.985;4	
S_DROPOFF_40.761,-73.986;2	
S_DROPOFF_40.761,-73.987;4	
S_DROPOFF_40.761,-73.989;2	
S_DROPOFF_40.761,-73.99;1	
S_DROPOFF_40.761,-73.991;4	
S_DROPOFF_40.761,-73.994;1	
S_DROPOFF_40.761,-73.995;1	
S_DROPOFF_40.761,-73.996;3	
S_DROPOFF_40.761,-73.997;1	
S_DROPOFF_40.761,-73.998;1	
S_DROPOFF_40.761,-73.999;2	
S_DROPOFF_40.761,-74.0;2	
S_DROPOFF_40.761,-74.002;2	
S_DROPOFF_40.761,-74.003;6	
S_DROPOFF_40.762,-73.832;1	
S_DROPOFF_40.762,-73.925;1	
S_DROPOFF_40.762,-73.926;1	
S_DROPOFF_40.762,-73.927;1	
S_DROPOFF_40.762,-73.95;1	
S_DROPOFF_40.762,-73.957;1	
S_DROPOFF_40.762,-73.959;1	
S_DROPOFF_40.762,-73.96;1	
S_DROPOFF_40.762,-73.961;3	
S_DROPOFF_40.762,-73.962;2	
S_DROPOFF_40.762,-73.966;4	
S_DROPOFF_40.762,-73.967;1	
S_DROPOFF_40.762,-73.968;5	
S_DROPOFF_40.762,-73.969;3	
S_DROPOFF_40.762,-73.97;6	
S_DROPOFF_40.762,-73.971;4	
S_DROPOFF_40.762,-73.972;3	
S_DROPOFF_40.762,-73.974;2	
S_DROPOFF_40.762,-73.975;2	
S_DROPOFF_40.762,-73.976;2	
S_DROPOFF_40.762,-73.978;6	
S_DROPOFF_40.762,-73.979;6	
S_DROPOFF_40.762,-73.98;2	
S_DROPOFF_40.762,-73.981;2	
S_DROPOFF_40.762,-73.982;2	
S_DROPOFF_40.762,-73.983;4	
S_DROPOFF_40.762,-73.984;2	
S_DROPOFF_40.762,-73.985;1	
S_DROPOFF_40.762,-73.986;7	
S_DROPOFF_40.762,-73.987;1	
S_DROPOFF_40.762,-73.99;4	
S_DROPOFF_40.762,-73.991;1	
S_DROPOFF_40.762,-73.992;1	
S_DROPOFF_40.762,-73.994;1	
S_DROPOFF_40.762,-73.995;1	
S_DROPOFF_40.762,-74.001;5	
S_DROPOFF_40.763,-73.917;1	
S_DROPOFF_40.763,-73.918;1	
S_DROPOFF_40.763,-73.94;1	
S_DROPOFF_40.763,-73.956;1	
S_DROPOFF_40.763,-73.958;2	
S_DROPOFF_40.763,-73.959;5	
S_DROPOFF_40.763,-73.96;2	
S_DROPOFF_40.763,-73.962;1	
S_DROPOFF_40.763,-73.963;4	
S_DROPOFF_40.763,-73.965;2	
S_DROPOFF_40.763,-73.966;4	
S_DROPOFF_40.763,-73.967;1	
S_DROPOFF_40.763,-73.968;5	
S_DROPOFF_40.763,-73.969;7	
S_DROPOFF_40.763,-73.97;6	
S_DROPOFF_40.763,-73.971;2	
S_DROPOFF_40.763,-73.972;6	
S_DROPOFF_40.763,-73.973;4	
S_DROPOFF_40.763,-73.974;10	
S_DROPOFF_40.763,-73.975;1	
S_DROPOFF_40.763,-73.976;4	
S_DROPOFF_40.763,-73.977;3	
S_DROPOFF_40.763,-73.978;7	
S_DROPOFF_40.763,-73.979;3	
S_DROPOFF_40.763,-73.981;3	
S_DROPOFF_40.763,-73.982;5	
S_DROPOFF_40.763,-73.983;2	
S_DROPOFF_40.763,-73.984;1	
S_DROPOFF_40.763,-73.985;6	
S_DROPOFF_40.763,-73.986;3	
S_DROPOFF_40.763,-73.987;2	
S_DROPOFF_40.763,-73.989;1	
S_DROPOFF_40.763,-73.993;1	
S_DROPOFF_40.763,-73.994;1	
S_DROPOFF_40.763,-73.996;2	
S_DROPOFF_40.763,-73.997;1	
S_DROPOFF_40.764,-73.915;1	
S_DROPOFF_40.764,-73.936;1	
S_DROPOFF_40.764,-73.947;1	
S_DROPOFF_40.764,-73.954;2	
S_DROPOFF_40.764,-73.955;1	
S_DROPOFF_40.764,-73.956;2	
S_DROPOFF_40.764,-73.959;1	
S_DROPOFF_40.764,-73.961;1	
S_DROPOFF_40.764,-73.962;2	
S_DROPOFF_40.764,-73.963;1	
S_DROPOFF_40.764,-73.964;2	
S_DROPOFF_40.764,-73.965;1	
S_DROPOFF_40.764,-73.966;2	
S_DROPOFF_40.764,-73.967;2	
S_DROPOFF_40.764,-73.969;3	
S_DROPOFF_40.764,-73.97;2	
S_DROPOFF_40.764,-73.971;3	
S_DROPOFF_40.764,-73.972;1	
S_DROPOFF_40.764,-73.973;9	
S_DROPOFF_40.764,-73.974;4	
S_DROPOFF_40.764,-73.975;2	
S_DROPOFF_40.764,-73.976;5	
S_DROPOFF_40.764,-73.977;9	
S_DROPOFF_40.764,-73.978;2	
S_DROPOFF_40.764,-73.979;1	
S_DROPOFF_40.764,-73.98;1	
S_DROPOFF_40.764,-73.981;8	
S_DROPOFF_40.764,-73.982;5	
S_DROPOFF_40.764,-73.983;3	
S_DROPOFF_40.764,-73.984;2	
S_DROPOFF_40.764,-73.985;5	
S_DROPOFF_40.764,-73.986;2	
S_DROPOFF_40.764,-73.987;1	
S_DROPOFF_40.764,-73.988;2	
S_DROPOFF_40.764,-73.989;3	
S_DROPOFF_40.764,-73.992;2	
S_DROPOFF_40.764,-73.993;1	
S_DROPOFF_40.764,-73.996;2	
S_DROPOFF_40.764,-73.998;2	
S_DROPOFF_40.765,-73.822;1	
S_DROPOFF_40.765,-73.914;1	
S_DROPOFF_40.765,-73.931;1	
S_DROPOFF_40.765,-73.94;1	
S_DROPOFF_40.765,-73.947;1	
S_DROPOFF_40.765,-73.953;1	
S_DROPOFF_40.765,-73.954;1	
S_DROPOFF_40.765,-73.955;4	
S_DROPOFF_40.765,-73.957;2	
S_DROPOFF_40.765,-73.958;3	
S_DROPOFF_40.765,-73.961;2	
S_DROPOFF_40.765,-73.962;3	
S_DROPOFF_40.765,-73.963;1	
S_DROPOFF_40.765,-73.964;2	
S_DROPOFF_40.765,-73.966;5	
S_DROPOFF_40.765,-73.969;3	
S_DROPOFF_40.765,-73.97;3	
S_DROPOFF_40.765,-73.971;1	
S_DROPOFF_40.765,-73.972;4	
S_DROPOFF_40.765,-73.973;3	
S_DROPOFF_40.765,-73.974;3	
S_DROPOFF_40.765,-73.975;2	
S_DROPOFF_40.765,-73.976;2	
S_DROPOFF_40.765,-73.977;3	
S_DROPOFF_40.765,-73.978;1	
S_DROPOFF_40.765,-73.979;3	
S_DROPOFF_40.765,-73.98;1	
S_DROPOFF_40.765,-73.981;3	
S_DROPOFF_40.765,-73.982;1	
S_DROPOFF_40.765,-73.983;2	
S_DROPOFF_40.765,-73.987;1	
S_DROPOFF_40.765,-73.988;4	
S_DROPOFF_40.765,-73.992;3	
S_DROPOFF_40.765,-73.995;1	
S_DROPOFF_40.765,-73.996;1	
S_DROPOFF_40.765,-73.997;2	
S_DROPOFF_40.765,-73.998;3	
S_DROPOFF_40.766,-73.91;1	
S_DROPOFF_40.766,-73.915;1	
S_DROPOFF_40.766,-73.933;1	
S_DROPOFF_40.766,-73.934;1	
S_DROPOFF_40.766,-73.952;2	
S_DROPOFF_40.766,-73.953;1	
S_DROPOFF_40.766,-73.954;8	
S_DROPOFF_40.766,-73.955;1	
S_DROPOFF_40.766,-73.956;2	
S_DROPOFF_40.766,-73.957;3	
S_DROPOFF_40.766,-73.959;1	
S_DROPOFF_40.766,-73.96;2	
S_DROPOFF_40.766,-73.962;1	
S_DROPOFF_40.766,-73.963;2	
S_DROPOFF_40.766,-73.964;1	
S_DROPOFF_40.766,-73.965;1	
S_DROPOFF_40.766,-73.966;2	
S_DROPOFF_40.766,-73.967;3	
S_DROPOFF_40.766,-73.968;1	
S_DROPOFF_40.766,-73.969;2	
S_DROPOFF_40.766,-73.971;2	
S_DROPOFF_40.766,-73.972;2	
S_DROPOFF_40.766,-73.977;2	
S_DROPOFF_40.766,-73.979;2	
S_DROPOFF_40.766,-73.982;4	
S_DROPOFF_40.766,-73.983;1	
S_DROPOFF_40.766,-73.984;1	
S_DROPOFF_40.766,-73.986;1	
S_DROPOFF_40.766,-73.987;2	
S_DROPOFF_40.766,-73.988;1	
S_DROPOFF_40.766,-73.989;2	
S_DROPOFF_40.766,-73.99;1	
S_DROPOFF_40.766,-73.991;2	
S_DROPOFF_40.766,-73.992;1	
S_DROPOFF_40.766,-73.996;1	
S_DROPOFF_40.767,-73.863;1	
S_DROPOFF_40.767,-73.917;1	
S_DROPOFF_40.767,-73.922;1	
S_DROPOFF_40.767,-73.935;2	
S_DROPOFF_40.767,-73.953;6	
S_DROPOFF_40.767,-73.954;5	
S_DROPOFF_40.767,-73.955;2	
S_DROPOFF_40.767,-73.957;2	
S_DROPOFF_40.767,-73.958;1	
S_DROPOFF_40.767,-73.959;1	
S_DROPOFF_40.767,-73.96;1	
S_DROPOFF_40.767,-73.961;2	
S_DROPOFF_40.767,-73.963;4	
S_DROPOFF_40.767,-73.965;5	
S_DROPOFF_40.767,-73.967;6	
S_DROPOFF_40.767,-73.968;1	
S_DROPOFF_40.767,-73.969;1	
S_DROPOFF_40.767,-73.97;1	
S_DROPOFF_40.767,-73.978;1	
S_DROPOFF_40.767,-73.979;5	
S_DROPOFF_40.767,-73.98;1	
S_DROPOFF_40.767,-73.981;1	
S_DROPOFF_40.767,-73.982;1	
S_DROPOFF_40.767,-73.984;5	
S_DROPOFF_40.767,-73.985;1	
S_DROPOFF_40.767,-73.986;4	
S_DROPOFF_40.767,-73.987;1	
S_DROPOFF_40.767,-73.988;1	
S_DROPOFF_40.767,-73.989;2	
S_DROPOFF_40.767,-73.99;4	
S_DROPOFF_40.767,-73.994;1	
S_DROPOFF_40.768,-73.862;3	
S_DROPOFF_40.768,-73.868;1	
S_DROPOFF_40.768,-73.906;1	
S_DROPOFF_40.768,-73.914;1	
S_DROPOFF_40.768,-73.955;1	
S_DROPOFF_40.768,-73.956;5	
S_DROPOFF_40.768,-73.957;2	
S_DROPOFF_40.768,-73.961;2	
S_DROPOFF_40.768,-73.962;7	
S_DROPOFF_40.768,-73.963;1	
S_DROPOFF_40.768,-73.964;1	
S_DROPOFF_40.768,-73.965;1	
S_DROPOFF_40.768,-73.966;2	
S_DROPOFF_40.768,-73.967;1	
S_DROPOFF_40.768,-73.968;1	
S_DROPOFF_40.768,-73.969;1	
S_DROPOFF_40.768,-73.982;5	
S_DROPOFF_40.768,-73.983;1	
S_DROPOFF_40.768,-73.984;1	
S_DROPOFF_40.768,-73.985;4	
S_DROPOFF_40.768,-73.987;1	
S_DROPOFF_40.768,-73.988;1	
S_DROPOFF_40.768,-73.989;4	
S_DROPOFF_40.768,-73.99;1	
S_DROPOFF_40.768,-73.992;3	
S_DROPOFF_40.768,-73.993;1	
S_DROPOFF_40.769,-73.864;1	
S_DROPOFF_40.769,-73.935;1	
S_DROPOFF_40.769,-73.95;2	
S_DROPOFF_40.769,-73.952;3	
S_DROPOFF_40.769,-73.954;1	
S_DROPOFF_40.769,-73.955;4	
S_DROPOFF_40.769,-73.956;3	
S_DROPOFF_40.769,-73.957;1	
S_DROPOFF_40.769,-73.959;1	
S_DROPOFF_40.769,-73.961;2	
S_DROPOFF_40.769,-73.963;5	
S_DROPOFF_40.769,-73.964;1	
S_DROPOFF_40.769,-73.965;2	
S_DROPOFF_40.769,-73.967;1	
S_DROPOFF_40.769,-73.97;1	
S_DROPOFF_40.769,-73.981;1	
S_DROPOFF_40.769,-73.982;8	
S_DROPOFF_40.769,-73.983;3	
S_DROPOFF_40.769,-73.985;3	
S_DROPOFF_40.769,-73.986;1	
S_DROPOFF_40.769,-73.987;2	
S_DROPOFF_40.769,-73.988;2	
S_DROPOFF_40.769,-73.989;1	
S_DROPOFF_40.769,-73.995;1	
S_DROPOFF_40.769,-73.996;1	
S_DROPOFF_40.77,-73.864;1	
S_DROPOFF_40.77,-73.865;4	
S_DROPOFF_40.77,-73.912;1	
S_DROPOFF_40.77,-73.948;1	
S_DROPOFF_40.77,-73.951;2	
S_DROPOFF_40.77,-73.952;1	
S_DROPOFF_40.77,-73.954;3	
S_DROPOFF_40.77,-73.955;1	
S_DROPOFF_40.77,-73.956;3	
S_DROPOFF_40.77,-73.957;1	
S_DROPOFF_40.77,-73.958;4	
S_DROPOFF_40.77,-73.96;3	
S_DROPOFF_40.77,-73.961;3	
S_DROPOFF_40.77,-73.963;1	
S_DROPOFF_40.77,-73.964;1	
S_DROPOFF_40.77,-73.965;2	
S_DROPOFF_40.77,-73.966;1	
S_DROPOFF_40.77,-73.967;2	
S_DROPOFF_40.77,-73.98;1	
S_DROPOFF_40.77,-73.981;1	
S_DROPOFF_40.77,-73.982;2	
S_DROPOFF_40.77,-73.983;1	
S_DROPOFF_40.77,-73.984;4	
S_DROPOFF_40.77,-73.985;2	
S_DROPOFF_40.77,-73.987;1	
S_DROPOFF_40.77,-73.988;2	
S_DROPOFF_40.77,-73.989;1	
S_DROPOFF_40.77,-73.99;1	
S_DROPOFF_40.77,-73.991;2	
S_DROPOFF_40.77,-73.992;1	
S_DROPOFF_40.77,-73.995;1	
S_DROPOFF_40.771,-73.865;2	
S_DROPOFF_40.771,-73.866;1	
S_DROPOFF_40.771,-73.887;1	
S_DROPOFF_40.771,-73.901;1	
S_DROPOFF_40.771,-73.904;1	
S_DROPOFF_40.771,-73.917;1	
S_DROPOFF_40.771,-73.95;2	
S_DROPOFF_40.771,-73.951;1	
S_DROPOFF_40.771,-73.952;2	
S_DROPOFF_40.771,-73.953;1	
S_DROPOFF_40.771,-73.954;2	
S_DROPOFF_40.771,-73.956;1	
S_DROPOFF_40.771,-73.957;3	
S_DROPOFF_40.771,-73.959;2	
S_DROPOFF_40.771,-73.96;3	
S_DROPOFF_40.771,-73.961;1	
S_DROPOFF_40.771,-73.962;1	
S_DROPOFF_40.771,-73.964;2	
S_DROPOFF_40.771,-73.966;5	
S_DROPOFF_40.771,-73.98;7	
S_DROPOFF_40.771,-73.981;3	
S_DROPOFF_40.771,-73.982;3	
S_DROPOFF_40.771,-73.983;2	
S_DROPOFF_40.771,-73.985;1	
S_DROPOFF_40.771,-73.986;1	
S_DROPOFF_40.771,-73.99;1	
S_DROPOFF_40.772,-73.947;2	
S_DROPOFF_40.772,-73.95;3	
S_DROPOFF_40.772,-73.951;1	
S_DROPOFF_40.772,-73.953;7	
S_DROPOFF_40.772,-73.956;3	
S_DROPOFF_40.772,-73.957;3	
S_DROPOFF_40.772,-73.958;1	
S_DROPOFF_40.772,-73.959;6	
S_DROPOFF_40.772,-73.96;1	
S_DROPOFF_40.772,-73.961;2	
S_DROPOFF_40.772,-73.962;1	
S_DROPOFF_40.772,-73.963;1	
S_DROPOFF_40.772,-73.964;2	
S_DROPOFF_40.772,-73.965;1	
S_DROPOFF_40.772,-73.966;2	
S_DROPOFF_40.772,-73.967;3	
S_DROPOFF_40.772,-73.979;2	
S_DROPOFF_40.772,-73.98;1	
S_DROPOFF_40.772,-73.981;1	
S_DROPOFF_40.772,-73.982;3	
S_DROPOFF_40.772,-73.983;3	
S_DROPOFF_40.772,-73.986;2	
S_DROPOFF_40.772,-73.987;3	
S_DROPOFF_40.772,-73.99;1	
S_DROPOFF_40.773,-73.868;1	
S_DROPOFF_40.773,-73.886;2	
S_DROPOFF_40.773,-73.903;1	
S_DROPOFF_40.773,-73.909;1	
S_DROPOFF_40.773,-73.92;1	
S_DROPOFF_40.773,-73.927;1	
S_DROPOFF_40.773,-73.93;1	
S_DROPOFF_40.773,-73.946;5	
S_DROPOFF_40.773,-73.948;1	
S_DROPOFF_40.773,-73.949;1	
S_DROPOFF_40.773,-73.95;1	
S_DROPOFF_40.773,-73.952;3	
S_DROPOFF_40.773,-73.953;3	
S_DROPOFF_40.773,-73.954;2	
S_DROPOFF_40.773,-73.955;3	
S_DROPOFF_40.773,-73.956;1	
S_DROPOFF_40.773,-73.957;1	
S_DROPOFF_40.773,-73.958;1	
S_DROPOFF_40.773,-73.959;4	
S_DROPOFF_40.773,-73.96;1	
S_DROPOFF_40.773,-73.961;1	
S_DROPOFF_40.773,-73.962;1	
S_DROPOFF_40.773,-73.963;1	
S_DROPOFF_40.773,-73.965;2	
S_DROPOFF_40.773,-73.966;1	
S_DROPOFF_40.773,-73.967;1	
S_DROPOFF_40.773,-73.977;1	
S_DROPOFF_40.773,-73.978;2	
S_DROPOFF_40.773,-73.979;3	
S_DROPOFF_40.773,-73.982;4	
S_DROPOFF_40.773,-73.983;1	
S_DROPOFF_40.773,-73.986;1	
S_DROPOFF_40.773,-73.989;2	
S_DROPOFF_40.773,-73.99;1	
S_DROPOFF_40.774,-73.87;2	
S_DROPOFF_40.774,-73.871;8	
S_DROPOFF_40.774,-73.872;3	
S_DROPOFF_40.774,-73.873;5	
S_DROPOFF_40.774,-73.904;1	
S_DROPOFF_40.774,-73.945;1	
S_DROPOFF_40.774,-73.946;1	
S_DROPOFF_40.774,-73.948;2	
S_DROPOFF_40.774,-73.949;2	
S_DROPOFF_40.774,-73.95;2	
S_DROPOFF_40.774,-73.951;2	
S_DROPOFF_40.774,-73.952;4	
S_DROPOFF_40.774,-73.953;1	
S_DROPOFF_40.774,-73.955;1	
S_DROPOFF_40.774,-73.956;1	
S_DROPOFF_40.774,-73.957;1	
S_DROPOFF_40.774,-73.958;1	
S_DROPOFF_40.774,-73.959;1	
S_DROPOFF_40.774,-73.96;3	
S_DROPOFF_40.774,-73.962;2	
S_DROPOFF_40.774,-73.963;2	
S_DROPOFF_40.774,-73.964;4	
S_DROPOFF_40.774,-73.965;1	
S_DROPOFF_40.774,-73.977;2	
S_DROPOFF_40.774,-73.979;1	
S_DROPOFF_40.774,-73.98;1	
S_DROPOFF_40.774,-73.981;3	
S_DROPOFF_40.774,-73.982;4	
S_DROPOFF_40.774,-73.984;2	
S_DROPOFF_40.774,-73.985;2	
S_DROPOFF_40.774,-73.989;2	
S_DROPOFF_40.775,-73.912;1	
S_DROPOFF_40.775,-73.914;1	
S_DROPOFF_40.775,-73.925;1	
S_DROPOFF_40.775,-73.948;1	
S_DROPOFF_40.775,-73.949;3	
S_DROPOFF_40.775,-73.95;2	
S_DROPOFF_40.775,-73.951;5	
S_DROPOFF_40.775,-73.954;3	
S_DROPOFF_40.775,-73.956;2	
S_DROPOFF_40.775,-73.957;1	
S_DROPOFF_40.775,-73.958;1	
S_DROPOFF_40.775,-73.959;3	
S_DROPOFF_40.775,-73.96;3	
S_DROPOFF_40.775,-73.961;1	
S_DROPOFF_40.775,-73.962;2	
S_DROPOFF_40.775,-73.963;4	
S_DROPOFF_40.775,-73.964;1	
S_DROPOFF_40.775,-73.977;1	
S_DROPOFF_40.775,-73.98;3	
S_DROPOFF_40.775,-73.981;1	
S_DROPOFF_40.775,-73.982;6	
S_DROPOFF_40.775,-73.983;1	
S_DROPOFF_40.775,-73.984;4	
S_DROPOFF_40.775,-73.988;1	
S_DROPOFF_40.775,-73.99;2	
S_DROPOFF_40.775,-73.991;2	
S_DROPOFF_40.776,-73.911;1	
S_DROPOFF_40.776,-73.944;1	
S_DROPOFF_40.776,-73.947;4	
S_DROPOFF_40.776,-73.948;3	
S_DROPOFF_40.776,-73.949;1	
S_DROPOFF_40.776,-73.95;4	
S_DROPOFF_40.776,-73.951;1	
S_DROPOFF_40.776,-73.952;1	
S_DROPOFF_40.776,-73.953;2	
S_DROPOFF_40.776,-73.955;1	
S_DROPOFF_40.776,-73.956;5	
S_DROPOFF_40.776,-73.957;3	
S_DROPOFF_40.776,-73.958;1	
S_DROPOFF_40.776,-73.959;3	
S_DROPOFF_40.776,-73.96;1	
S_DROPOFF_40.776,-73.961;1	
S_DROPOFF_40.776,-73.962;2	
S_DROPOFF_40.776,-73.963;1	
S_DROPOFF_40.776,-73.965;1	
S_DROPOFF_40.776,-73.976;2	
S_DROPOFF_40.776,-73.977;1	
S_DROPOFF_40.776,-73.981;1	
S_DROPOFF_40.776,-73.982;2	
S_DROPOFF_40.776,-73.983;1	
S_DROPOFF_40.776,-73.987;2	
S_DROPOFF_40.776,-73.99;2	
S_DROPOFF_40.777,-73.82;1	
S_DROPOFF_40.777,-73.915;1	
S_DROPOFF_40.777,-73.942;1	
S_DROPOFF_40.777,-73.945;1	
S_DROPOFF_40.777,-73.946;2	
S_DROPOFF_40.777,-73.949;4	
S_DROPOFF_40.777,-73.95;2	
S_DROPOFF_40.777,-73.951;1	
S_DROPOFF_40.777,-73.954;2	
S_DROPOFF_40.777,-73.955;2	
S_DROPOFF_40.777,-73.956;5	
S_DROPOFF_40.777,-73.957;3	
S_DROPOFF_40.777,-73.958;2	
S_DROPOFF_40.777,-73.962;3	
S_DROPOFF_40.777,-73.964;1	
S_DROPOFF_40.777,-73.975;1	
S_DROPOFF_40.777,-73.977;2	
S_DROPOFF_40.777,-73.978;4	
S_DROPOFF_40.777,-73.979;4	
S_DROPOFF_40.777,-73.98;1	
S_DROPOFF_40.777,-73.982;5	
S_DROPOFF_40.777,-73.983;2	
S_DROPOFF_40.777,-73.985;1	
S_DROPOFF_40.777,-73.986;1	
S_DROPOFF_40.777,-73.988;1	
S_DROPOFF_40.777,-73.989;1	
S_DROPOFF_40.778,-73.904;1	
S_DROPOFF_40.778,-73.944;1	
S_DROPOFF_40.778,-73.946;2	
S_DROPOFF_40.778,-73.947;1	
S_DROPOFF_40.778,-73.948;1	
S_DROPOFF_40.778,-73.949;4	
S_DROPOFF_40.778,-73.95;1	
S_DROPOFF_40.778,-73.951;2	
S_DROPOFF_40.778,-73.952;3	
S_DROPOFF_40.778,-73.953;7	
S_DROPOFF_40.778,-73.954;1	
S_DROPOFF_40.778,-73.955;4	
S_DROPOFF_40.778,-73.956;1	
S_DROPOFF_40.778,-73.957;2	
S_DROPOFF_40.778,-73.959;1	
S_DROPOFF_40.778,-73.961;3	
S_DROPOFF_40.778,-73.962;2	
S_DROPOFF_40.778,-73.963;2	
S_DROPOFF_40.778,-73.982;3	
S_DROPOFF_40.778,-73.983;1	
S_DROPOFF_40.778,-73.984;1	
S_DROPOFF_40.778,-73.985;1	
S_DROPOFF_40.778,-73.989;2	
S_DROPOFF_40.779,-73.841;1	
S_DROPOFF_40.779,-73.945;4	
S_DROPOFF_40.779,-73.947;1	
S_DROPOFF_40.779,-73.948;2	
S_DROPOFF_40.779,-73.95;1	
S_DROPOFF_40.779,-73.951;1	
S_DROPOFF_40.779,-73.952;1	
S_DROPOFF_40.779,-73.954;2	
S_DROPOFF_40.779,-73.955;4	
S_DROPOFF_40.779,-73.956;3	
S_DROPOFF_40.779,-73.958;4	
S_DROPOFF_40.779,-73.96;2	
S_DROPOFF_40.779,-73.962;5	
S_DROPOFF_40.779,-73.977;3	
S_DROPOFF_40.779,-73.978;1	
S_DROPOFF_40.779,-73.981;1	
S_DROPOFF_40.779,-73.982;2	
S_DROPOFF_40.779,-73.983;1	
S_DROPOFF_40.779,-73.984;3	
S_DROPOFF_40.779,-73.985;2	
S_DROPOFF_40.779,-73.988;2	
S_DROPOFF_40.78,-73.822;1	
S_DROPOFF_40.78,-73.944;1	
S_DROPOFF_40.78,-73.945;1	
S_DROPOFF_40.78,-73.946;1	
S_DROPOFF_40.78,-73.947;2	
S_DROPOFF_40.78,-73.949;1	
S_DROPOFF_40.78,-73.95;4	
S_DROPOFF_40.78,-73.952;1	
S_DROPOFF_40.78,-73.953;4	
S_DROPOFF_40.78,-73.954;2	
S_DROPOFF_40.78,-73.955;5	
S_DROPOFF_40.78,-73.956;2	
S_DROPOFF_40.78,-73.957;5	
S_DROPOFF_40.78,-73.958;3	
S_DROPOFF_40.78,-73.959;1	
S_DROPOFF_40.78,-73.96;2	
S_DROPOFF_40.78,-73.961;1	
S_DROPOFF_40.78,-73.962;3	
S_DROPOFF_40.78,-73.973;1	
S_DROPOFF_40.78,-73.975;2	
S_DROPOFF_40.78,-73.976;2	
S_DROPOFF_40.78,-73.977;1	
S_DROPOFF_40.78,-73.978;1	
S_DROPOFF_40.78,-73.98;1	
S_DROPOFF_40.78,-73.981;1	
S_DROPOFF_40.78,-73.982;5	
S_DROPOFF_40.78,-73.983;1	
S_DROPOFF_40.78,-73.985;2	
S_DROPOFF_40.781,-73.913;2	
S_DROPOFF_40.781,-73.946;1	
S_DROPOFF_40.781,-73.947;2	
S_DROPOFF_40.781,-73.948;1	
S_DROPOFF_40.781,-73.949;1	
S_DROPOFF_40.781,-73.95;1	
S_DROPOFF_40.781,-73.951;1	
S_DROPOFF_40.781,-73.952;4	
S_DROPOFF_40.781,-73.953;1	
S_DROPOFF_40.781,-73.954;2	
S_DROPOFF_40.781,-73.955;2	
S_DROPOFF_40.781,-73.956;2	
S_DROPOFF_40.781,-73.957;1	
S_DROPOFF_40.781,-73.958;3	
S_DROPOFF_40.781,-73.959;4	
S_DROPOFF_40.781,-73.96;2	
S_DROPOFF_40.781,-73.961;1	
S_DROPOFF_40.781,-73.962;1	
S_DROPOFF_40.781,-73.976;1	
S_DROPOFF_40.781,-73.977;1	
S_DROPOFF_40.781,-73.98;1	
S_DROPOFF_40.781,-73.981;5	
S_DROPOFF_40.781,-73.982;3	
S_DROPOFF_40.781,-73.984;3	
S_DROPOFF_40.781,-73.985;1	
S_DROPOFF_40.782,-73.946;1	
S_DROPOFF_40.782,-73.947;2	
S_DROPOFF_40.782,-73.948;1	
S_DROPOFF_40.782,-73.949;1	
S_DROPOFF_40.782,-73.95;1	
S_DROPOFF_40.782,-73.951;1	
S_DROPOFF_40.782,-73.952;1	
S_DROPOFF_40.782,-73.955;2	
S_DROPOFF_40.782,-73.956;4	
S_DROPOFF_40.782,-73.958;3	
S_DROPOFF_40.782,-73.959;2	
S_DROPOFF_40.782,-73.963;1	
S_DROPOFF_40.782,-73.971;1	
S_DROPOFF_40.782,-73.972;6	
S_DROPOFF_40.782,-73.976;1	
S_DROPOFF_40.782,-73.977;1	
S_DROPOFF_40.782,-73.979;2	
S_DROPOFF_40.782,-73.981;3	
S_DROPOFF_40.782,-73.982;3	
S_DROPOFF_40.782,-73.983;2	
S_DROPOFF_40.782,-73.984;1	
S_DROPOFF_40.783,-73.947;1	
S_DROPOFF_40.783,-73.948;2	
S_DROPOFF_40.783,-73.949;1	
S_DROPOFF_40.783,-73.951;1	
S_DROPOFF_40.783,-73.952;1	
S_DROPOFF_40.783,-73.953;2	
S_DROPOFF_40.783,-73.955;3	
S_DROPOFF_40.783,-73.956;1	
S_DROPOFF_40.783,-73.957;1	
S_DROPOFF_40.783,-73.958;1	
S_DROPOFF_40.783,-73.971;5	
S_DROPOFF_40.783,-73.973;2	
S_DROPOFF_40.783,-73.974;4	
S_DROPOFF_40.783,-73.975;1	
S_DROPOFF_40.783,-73.978;1	
S_DROPOFF_40.783,-73.98;1	
S_DROPOFF_40.783,-73.981;1	
S_DROPOFF_40.784,-73.95;5	
S_DROPOFF_40.784,-73.951;1	
S_DROPOFF_40.784,-73.952;1	
S_DROPOFF_40.784,-73.953;1	
S_DROPOFF_40.784,-73.955;1	
S_DROPOFF_40.784,-73.956;2	
S_DROPOFF_40.784,-73.957;2	
S_DROPOFF_40.784,-73.959;1	
S_DROPOFF_40.784,-73.971;4	
S_DROPOFF_40.784,-73.973;1	
S_DROPOFF_40.784,-73.974;1	
S_DROPOFF_40.784,-73.975;2	
S_DROPOFF_40.784,-73.978;2	
S_DROPOFF_40.784,-73.979;2	
S_DROPOFF_40.784,-73.98;1	
S_DROPOFF_40.784,-73.981;1	
S_DROPOFF_40.784,-73.982;1	
S_DROPOFF_40.784,-73.983;2	
S_DROPOFF_40.785,-73.731;1	
S_DROPOFF_40.785,-73.945;1	
S_DROPOFF_40.785,-73.949;1	
S_DROPOFF_40.785,-73.95;1	
S_DROPOFF_40.785,-73.953;1	
S_DROPOFF_40.785,-73.954;3	
S_DROPOFF_40.785,-73.956;4	
S_DROPOFF_40.785,-73.958;2	
S_DROPOFF_40.785,-73.968;1	
S_DROPOFF_40.785,-73.97;1	
S_DROPOFF_40.785,-73.972;2	
S_DROPOFF_40.785,-73.973;4	
S_DROPOFF_40.785,-73.974;2	
S_DROPOFF_40.785,-73.976;1	
S_DROPOFF_40.785,-73.977;4	
S_DROPOFF_40.785,-73.978;1	
S_DROPOFF_40.785,-73.979;1	
S_DROPOFF_40.785,-73.98;1	
S_DROPOFF_40.786,-73.94;1	
S_DROPOFF_40.786,-73.943;2	
S_DROPOFF_40.786,-73.951;5	
S_DROPOFF_40.786,-73.953;1	
S_DROPOFF_40.786,-73.957;1	
S_DROPOFF_40.786,-73.969;2	
S_DROPOFF_40.786,-73.972;1	
S_DROPOFF_40.786,-73.973;2	
S_DROPOFF_40.786,-73.976;2	
S_DROPOFF_40.786,-73.977;2	
S_DROPOFF_40.786,-73.978;1	
S_DROPOFF_40.786,-73.979;1	
S_DROPOFF_40.786,-73.98;3	
S_DROPOFF_40.786,-73.981;1	
S_DROPOFF_40.787,-73.951;1	
S_DROPOFF_40.787,-73.953;2	
S_DROPOFF_40.787,-73.954;2	
S_DROPOFF_40.787,-73.955;2	
S_DROPOFF_40.787,-73.968;2	
S_DROPOFF_40.787,-73.972;2	
S_DROPOFF_40.787,-73.973;1	
S_DROPOFF_40.787,-73.974;3	
S_DROPOFF_40.787,-73.976;1	
S_DROPOFF_40.787,-73.978;4	
S_DROPOFF_40.788,-73.944;1	
S_DROPOFF_40.788,-73.953;1	
S_DROPOFF_40.788,-73.954;3	
S_DROPOFF_40.788,-73.955;2	
S_DROPOFF_40.788,-73.956;2	
S_DROPOFF_40.788,-73.967;1	
S_DROPOFF_40.788,-73.968;3	
S_DROPOFF_40.788,-73.969;1	
S_DROPOFF_40.788,-73.971;1	
S_DROPOFF_40.788,-73.975;2	
S_DROPOFF_40.788,-73.981;1	
S_DROPOFF_40.789,-73.94;1	
S_DROPOFF_40.789,-73.949;1	
S_DROPOFF_40.789,-73.95;1	
S_DROPOFF_40.789,-73.953;4	
S_DROPOFF_40.789,-73.955;1	
S_DROPOFF_40.789,-73.957;1	
S_DROPOFF_40.789,-73.967;1	
S_DROPOFF_40.789,-73.97;2	
S_DROPOFF_40.789,-73.976;2	
S_DROPOFF_40.789,-73.977;2	
S_DROPOFF_40.79,-73.721;1	
S_DROPOFF_40.79,-73.853;1	
S_DROPOFF_40.79,-73.946;1	
S_DROPOFF_40.79,-73.95;1	
S_DROPOFF_40.79,-73.952;2	
S_DROPOFF_40.79,-73.953;3	
S_DROPOFF_40.79,-73.954;1	
S_DROPOFF_40.79,-73.966;1	
S_DROPOFF_40.79,-73.973;2	
S_DROPOFF_40.79,-73.975;1	
S_DROPOFF_40.79,-73.976;1	
S_DROPOFF_40.79,-73.977;2	
S_DROPOFF_40.79,-73.978;1	
S_DROPOFF_40.791,-73.942;1	
S_DROPOFF_40.791,-73.951;2	
S_DROPOFF_40.791,-73.952;1	
S_DROPOFF_40.791,-73.953;1	
S_DROPOFF_40.791,-73.969;2	
S_DROPOFF_40.791,-73.971;1	
S_DROPOFF_40.791,-73.973;1	
S_DROPOFF_40.791,-73.974;2	
S_DROPOFF_40.791,-73.975;2	
S_DROPOFF_40.791,-73.976;2	
S_DROPOFF_40.791,-73.977;1	
S_DROPOFF_40.791,-73.98;2	
S_DROPOFF_40.792,-73.809;1	
S_DROPOFF_40.792,-73.938;1	
S_DROPOFF_40.792,-73.968;1	
S_DROPOFF_40.792,-73.972;3	
S_DROPOFF_40.792,-73.974;2	
S_DROPOFF_40.792,-73.976;3	
S_DROPOFF_40.792,-73.977;1	
S_DROPOFF_40.792,-73.978;3	
S_DROPOFF_40.793,-73.941;1	
S_DROPOFF_40.793,-73.944;1	
S_DROPOFF_40.793,-73.946;1	
S_DROPOFF_40.793,-73.95;1	
S_DROPOFF_40.793,-73.967;1	
S_DROPOFF_40.793,-73.968;2	
S_DROPOFF_40.793,-73.972;2	
S_DROPOFF_40.793,-73.973;1	
S_DROPOFF_40.793,-73.974;2	
S_DROPOFF_40.793,-73.975;4	
S_DROPOFF_40.794,-73.94;1	
S_DROPOFF_40.794,-73.942;1	
S_DROPOFF_40.794,-73.943;2	
S_DROPOFF_40.794,-73.945;1	
S_DROPOFF_40.794,-73.963;1	
S_DROPOFF_40.794,-73.967;2	
S_DROPOFF_40.794,-73.969;1	
S_DROPOFF_40.794,-73.97;1	
S_DROPOFF_40.794,-73.971;1	
S_DROPOFF_40.794,-73.973;1	
S_DROPOFF_40.794,-73.974;2	
S_DROPOFF_40.794,-73.976;1	
S_DROPOFF_40.795,-73.932;1	
S_DROPOFF_40.795,-73.934;1	
S_DROPOFF_40.795,-73.935;1	
S_DROPOFF_40.795,-73.945;1	
S_DROPOFF_40.795,-73.962;2	
S_DROPOFF_40.795,-73.964;1	
S_DROPOFF_40.795,-73.966;2	
S_DROPOFF_40.795,-73.971;1	
S_DROPOFF_40.795,-73.972;3	
S_DROPOFF_40.795,-73.973;2	
S_DROPOFF_40.796,-73.933;1	
S_DROPOFF_40.796,-73.935;1	
S_DROPOFF_40.796,-73.948;1	
S_DROPOFF_40.796,-73.949;1	
S_DROPOFF_40.796,-73.95;1	
S_DROPOFF_40.796,-73.963;1	
S_DROPOFF_40.796,-73.964;1	
S_DROPOFF_40.796,-73.971;1	
S_DROPOFF_40.796,-73.972;1	
S_DROPOFF_40.796,-73.973;1	
S_DROPOFF_40.797,-73.931;1	
S_DROPOFF_40.797,-73.939;1	
S_DROPOFF_40.797,-73.963;1	
S_DROPOFF_40.797,-73.97;1	
S_DROPOFF_40.797,-73.971;2	
S_DROPOFF_40.798,-73.942;1	
S_DROPOFF_40.798,-73.964;1	
S_DROPOFF_40.798,-73.969;1	
S_DROPOFF_40.798,-73.971;2	
S_DROPOFF_40.798,-73.972;1	
S_DROPOFF_40.799,-73.936;1	
S_DROPOFF_40.799,-73.937;1	
S_DROPOFF_40.799,-73.942;1	
S_DROPOFF_40.799,-73.953;1	
S_DROPOFF_40.799,-73.967;1	
S_DROPOFF_40.799,-73.97;2	
S_DROPOFF_40.799,-73.971;1	
S_DROPOFF_40.8,-73.935;1	
S_DROPOFF_40.8,-73.952;1	
S_DROPOFF_40.8,-73.958;1	
S_DROPOFF_40.8,-73.961;1	
S_DROPOFF_40.8,-73.962;1	
S_DROPOFF_40.8,-73.963;1	
S_DROPOFF_40.8,-73.965;1	
S_DROPOFF_40.8,-73.968;1	
S_DROPOFF_40.8,-73.97;1	
S_DROPOFF_40.8,-73.971;1	
S_DROPOFF_40.8,-73.972;1	
S_DROPOFF_40.801,-73.936;1	
S_DROPOFF_40.801,-73.944;1	
S_DROPOFF_40.801,-73.946;2	
S_DROPOFF_40.801,-73.948;1	
S_DROPOFF_40.801,-73.954;1	
S_DROPOFF_40.801,-73.959;1	
S_DROPOFF_40.801,-73.96;1	
S_DROPOFF_40.801,-73.968;1	
S_DROPOFF_40.801,-73.969;1	
S_DROPOFF_40.801,-73.971;2	
S_DROPOFF_40.802,-73.944;2	
S_DROPOFF_40.802,-73.95;2	
S_DROPOFF_40.802,-73.957;3	
S_DROPOFF_40.802,-73.968;2	
S_DROPOFF_40.802,-73.969;2	
S_DROPOFF_40.803,-73.933;1	
S_DROPOFF_40.803,-73.953;1	
S_DROPOFF_40.803,-73.956;1	
S_DROPOFF_40.803,-73.964;3	
S_DROPOFF_40.803,-73.966;2	
S_DROPOFF_40.804,-73.938;1	
S_DROPOFF_40.804,-73.94;1	
S_DROPOFF_40.804,-73.942;1	
S_DROPOFF_40.804,-73.952;1	
S_DROPOFF_40.804,-73.955;1	
S_DROPOFF_40.804,-73.956;1	
S_DROPOFF_40.804,-73.964;1	
S_DROPOFF_40.804,-73.966;1	
S_DROPOFF_40.804,-73.967;3	
S_DROPOFF_40.805,-73.935;1	
S_DROPOFF_40.805,-73.938;1	
S_DROPOFF_40.805,-73.939;1	
S_DROPOFF_40.805,-73.949;1	
S_DROPOFF_40.805,-73.953;1	
S_DROPOFF_40.805,-73.955;1	
S_DROPOFF_40.805,-73.957;1	
S_DROPOFF_40.805,-73.963;1	
S_DROPOFF_40.805,-73.966;2	
S_DROPOFF_40.805,-73.968;1	
S_DROPOFF_40.806,-73.927;1	
S_DROPOFF_40.806,-73.941;1	
S_DROPOFF_40.806,-73.943;1	
S_DROPOFF_40.806,-73.954;1	
S_DROPOFF_40.806,-73.955;1	
S_DROPOFF_40.806,-73.961;1	
S_DROPOFF_40.806,-73.962;1	
S_DROPOFF_40.806,-73.966;1	
S_DROPOFF_40.806,-73.967;2	
S_DROPOFF_40.807,-73.946;2	
S_DROPOFF_40.807,-73.955;1	
S_DROPOFF_40.807,-73.956;1	
S_DROPOFF_40.807,-73.959;1	
S_DROPOFF_40.807,-73.961;1	
S_DROPOFF_40.808,-73.941;1	
S_DROPOFF_40.808,-73.942;2	
S_DROPOFF_40.808,-73.945;1	
S_DROPOFF_40.808,-73.954;1	
S_DROPOFF_40.808,-73.964;2	
S_DROPOFF_40.808,-73.967;1	
S_DROPOFF_40.809,-73.923;1	
S_DROPOFF_40.809,-73.952;1	
S_DROPOFF_40.809,-73.963;1	
S_DROPOFF_40.809,-73.966;1	
S_DROPOFF_40.81,-73.92;1	
S_DROPOFF_40.81,-73.937;1	
S_DROPOFF_40.81,-73.938;1	
S_DROPOFF_40.81,-73.944;1	
S_DROPOFF_40.81,-73.945;1	
S_DROPOFF_40.81,-73.962;1	
S_DROPOFF_40.811,-73.943;1	
S_DROPOFF_40.811,-73.953;2	
S_DROPOFF_40.811,-73.956;1	
S_DROPOFF_40.811,-73.958;1	
S_DROPOFF_40.811,-73.959;1	
S_DROPOFF_40.811,-73.962;1	
S_DROPOFF_40.811,-73.963;1	
S_DROPOFF_40.811,-73.964;1	
S_DROPOFF_40.812,-73.942;1	
S_DROPOFF_40.812,-73.943;1	
S_DROPOFF_40.812,-73.945;1	
S_DROPOFF_40.812,-73.95;1	
S_DROPOFF_40.812,-73.961;1	
S_DROPOFF_40.812,-73.962;1	
S_DROPOFF_40.813,-73.938;1	
S_DROPOFF_40.813,-73.942;1	
S_DROPOFF_40.813,-73.944;1	
S_DROPOFF_40.813,-73.945;1	
S_DROPOFF_40.814,-73.925;1	
S_DROPOFF_40.814,-73.945;1	
S_DROPOFF_40.814,-73.953;2	
S_DROPOFF_40.814,-73.96;2	
S_DROPOFF_40.815,-73.949;1	
S_DROPOFF_40.815,-73.955;1	
S_DROPOFF_40.816,-73.943;1	
S_DROPOFF_40.816,-73.961;1	
S_DROPOFF_40.817,-73.935;1	
S_DROPOFF_40.817,-73.941;1	
S_DROPOFF_40.818,-73.941;1	
S_DROPOFF_40.818,-73.942;2	
S_DROPOFF_40.818,-73.946;1	
S_DROPOFF_40.818,-73.961;1	
S_DROPOFF_40.821,-73.94;1	
S_DROPOFF_40.821,-73.958;1	
S_DROPOFF_40.822,-73.94;1	
S_DROPOFF_40.822,-73.942;2	
S_DROPOFF_40.824,-73.946;1	
S_DROPOFF_40.824,-73.952;3	
S_DROPOFF_40.826,-73.923;1	
S_DROPOFF_40.828,-73.938;1	
S_DROPOFF_40.829,-73.942;1	
S_DROPOFF_40.83,-73.87;1	
S_DROPOFF_40.831,-73.947;2	
S_DROPOFF_40.831,-73.948;1	
S_DROPOFF_40.834,-73.945;1	
S_DROPOFF_40.835,-73.94;1	
S_DROPOFF_40.835,-73.944;1	
S_DROPOFF_40.835,-73.947;1	
S_DROPOFF_40.836,-73.947;1	
S_DROPOFF_40.838,-73.856;1	
S_DROPOFF_40.838,-73.916;1	
S_DROPOFF_40.838,-73.942;1	
S_DROPOFF_40.838,-73.945;1	
S_DROPOFF_40.841,-73.94;1	
S_DROPOFF_40.841,-73.943;2	
S_DROPOFF_40.844,-73.943;1	
S_DROPOFF_40.845,-73.941;1	
S_DROPOFF_40.848,-73.939;1	
S_DROPOFF_40.849,-73.931;1	
S_DROPOFF_40.85,-73.845;1	
S_DROPOFF_40.85,-73.938;1	
S_DROPOFF_40.851,-73.882;1	
S_DROPOFF_40.851,-73.899;1	
S_DROPOFF_40.851,-73.929;1	
S_DROPOFF_40.851,-73.934;1	
S_DROPOFF_40.851,-73.935;1	
S_DROPOFF_40.851,-73.939;1	
S_DROPOFF_40.852,-73.932;1	
S_DROPOFF_40.852,-73.942;1	
S_DROPOFF_40.853,-73.933;1	
S_DROPOFF_40.856,-73.844;1	
S_DROPOFF_40.857,-73.848;1	
S_DROPOFF_40.857,-73.894;1	
S_DROPOFF_40.857,-73.937;1	
S_DROPOFF_40.858,-73.932;1	
S_DROPOFF_40.861,-73.931;1	
S_DROPOFF_40.866,-73.895;1	
S_DROPOFF_40.867,-73.927;1	
S_DROPOFF_40.868,-73.926;1	
S_DROPOFF_40.88,-73.827;1	
S_DROPOFF_40.881,-73.919;1	
S_DROPOFF_40.882,-73.912;1	
S_DROPOFF_40.884,-73.866;1	
S_DROPOFF_40.884,-73.893;1	
S_DROPOFF_40.886,-73.905;1	
S_DROPOFF_40.896,-73.898;1	
S_DROPOFF_40.945,-73.831;1	
S_DROPOFF_40.965,-73.8;1	
S_FLOW_40.586,-73.745 to 40.586,-73.745;1	
S_FLOW_40.588,-73.932 to 40.588,-73.932;1	
S_FLOW_40.642,-73.788 to 40.741,-73.992;1	
S_FLOW_40.642,-73.788 to 40.751,-73.974;1	
S_FLOW_40.642,-73.788 to 40.758,-73.857;1	
S_FLOW_40.642,-73.789 to 40.709,-74.002;1	
S_FLOW_40.642,-73.789 to 40.72,-73.962;1	
S_FLOW_40.642,-73.789 to 40.757,-73.992;1	
S_FLOW_40.643,-73.79 to 40.711,-73.877;1	
S_FLOW_40.643,-73.79 to 40.782,-73.982;1	
S_FLOW_40.643,-73.791 to 40.748,-73.991;1	
S_FLOW_40.643,-73.978 to 40.643,-73.978;1	
S_FLOW_40.644,-73.782 to 40.629,-73.937;1	
S_FLOW_40.644,-73.782 to 40.758,-73.963;1	
S_FLOW_40.644,-73.782 to 40.896,-73.898;1	
S_FLOW_40.644,-73.783 to 40.674,-73.973;1	
S_FLOW_40.644,-73.783 to 40.707,-74.007;1	
S_FLOW_40.644,-73.783 to 40.722,-73.811;1	
S_FLOW_40.644,-73.783 to 40.723,-73.948;1	
S_FLOW_40.644,-73.783 to 40.74,-73.869;1	
S_FLOW_40.644,-73.783 to 40.759,-73.988;1	
S_FLOW_40.644,-73.787 to 40.744,-73.986;1	
S_FLOW_40.644,-73.789 to 40.761,-73.985;1	
S_FLOW_40.644,-73.789 to 40.768,-73.985;1	
S_FLOW_40.644,-73.79 to 40.617,-74.022;1	
S_FLOW_40.644,-73.79 to 40.651,-73.884;1	
S_FLOW_40.644,-73.79 to 40.694,-73.952;1	
S_FLOW_40.644,-73.79 to 40.696,-73.928;1	
S_FLOW_40.644,-73.79 to 40.734,-73.924;1	
S_FLOW_40.644,-73.79 to 40.744,-74.006;1	
S_FLOW_40.644,-73.79 to 40.745,-73.989;1	
S_FLOW_40.644,-73.79 to 40.79,-73.977;1	
S_FLOW_40.644,-73.79 to 40.851,-73.882;1	
S_FLOW_40.645,-73.777 to 0.0,0.0;1	
S_FLOW_40.645,-73.777 to 40.654,-73.691;1	
S_FLOW_40.645,-73.777 to 40.665,-73.759;1	
S_FLOW_40.645,-73.777 to 40.681,-73.975;1	
S_FLOW_40.645,-73.777 to 40.727,-73.881;1	
S_FLOW_40.645,-73.777 to 40.763,-73.917;1	
S_FLOW_40.645,-73.777 to 40.773,-73.868;1	
S_FLOW_40.645,-73.777 to 40.783,-73.974;1	
S_FLOW_40.645,-73.781 to 40.724,-74.002;1	
S_FLOW_40.645,-73.781 to 40.747,-74.028;1	
S_FLOW_40.645,-73.782 to 40.595,-73.741;1	
S_FLOW_40.645,-73.782 to 40.665,-73.785;1	
S_FLOW_40.645,-73.782 to 40.669,-73.979;1	
S_FLOW_40.645,-73.782 to 40.676,-73.999;1	
S_FLOW_40.645,-73.782 to 40.694,-73.932;1	
S_FLOW_40.645,-73.782 to 40.717,-74.009;1	
S_FLOW_40.645,-73.782 to 40.721,-73.991;1	
S_FLOW_40.645,-73.782 to 40.732,-73.991;1	
S_FLOW_40.645,-73.782 to 40.742,-73.978;1	
S_FLOW_40.645,-73.782 to 40.748,-73.979;1	
S_FLOW_40.645,-73.782 to 40.753,-74.004;1	
S_FLOW_40.645,-73.782 to 40.762,-73.982;1	
S_FLOW_40.645,-73.782 to 40.767,-73.863;1	
S_FLOW_40.645,-73.782 to 40.768,-73.99;1	
S_FLOW_40.645,-73.782 to 40.772,-73.979;1	
S_FLOW_40.645,-73.782 to 40.777,-73.82;1	
S_FLOW_40.645,-73.782 to 40.78,-73.983;1	
S_FLOW_40.645,-73.782 to 40.81,-73.92;1	
S_FLOW_40.645,-73.783 to 40.727,-73.991;1	
S_FLOW_40.645,-73.783 to 40.744,-73.959;1	
S_FLOW_40.645,-73.783 to 40.755,-73.984;1	
S_FLOW_40.645,-73.783 to 40.849,-73.931;1	
S_FLOW_40.645,-73.791 to 40.761,-73.95;1	
S_FLOW_40.645,-73.792 to 40.752,-73.976;1	
S_FLOW_40.646,-73.777 to 40.66,-73.913;1	
S_FLOW_40.646,-73.777 to 40.79,-73.721;1	
S_FLOW_40.646,-73.79 to 40.768,-73.868;1	
S_FLOW_40.647,-73.778 to 40.656,-73.956;1	
S_FLOW_40.647,-73.778 to 40.794,-73.967;1	
S_FLOW_40.647,-73.788 to 40.751,-73.986;1	
S_FLOW_40.647,-73.789 to 40.765,-73.981;1	
S_FLOW_40.647,-73.79 to 40.733,-73.858;1	
S_FLOW_40.647,-73.79 to 40.751,-73.986;1	
S_FLOW_40.647,-73.79 to 40.76,-73.986;1	
S_FLOW_40.647,-73.79 to 40.777,-73.962;1	
S_FLOW_40.647,-73.79 to 40.78,-73.955;1	
S_FLOW_40.647,-73.791 to 40.752,-73.977;1	
S_FLOW_40.647,-73.802 to 40.782,-73.959;1	
S_FLOW_40.648,-73.784 to 40.777,-73.956;1	
S_FLOW_40.648,-73.789 to 40.69,-73.978;1	
S_FLOW_40.649,-73.784 to 40.666,-73.785;1	
S_FLOW_40.649,-73.784 to 40.738,-74.0;1	
S_FLOW_40.649,-73.784 to 40.759,-73.925;1	
S_FLOW_40.649,-73.785 to 40.695,-73.996;1	
S_FLOW_40.653,-73.786 to 40.752,-73.993;1	
S_FLOW_40.653,-74.003 to 40.676,-73.953;1	
S_FLOW_40.657,-73.96 to 40.657,-73.947;1	
S_FLOW_40.663,-73.789 to 40.765,-73.979;1	
S_FLOW_40.667,-73.986 to 40.641,-73.975;1	
S_FLOW_40.668,-73.801 to 40.756,-73.993;1	
S_FLOW_40.671,-73.988 to 40.697,-73.938;1	
S_FLOW_40.673,-73.999 to 40.668,-73.991;1	
S_FLOW_40.676,-74.001 to 40.744,-73.992;1	
S_FLOW_40.676,-74.014 to 40.683,-73.995;1	
S_FLOW_40.678,-74.0 to 40.693,-73.991;1	
S_FLOW_40.679,-73.969 to 40.677,-73.983;1	
S_FLOW_40.679,-73.974 to 40.677,-73.945;1	
S_FLOW_40.679,-73.979 to 40.692,-73.912;1	
S_FLOW_40.679,-73.982 to 40.672,-73.947;1	
S_FLOW_40.679,-73.982 to 40.676,-73.963;1	
S_FLOW_40.68,-73.981 to 40.753,-73.965;1	
S_FLOW_40.681,-73.951 to 40.66,-73.915;1	
S_FLOW_40.681,-73.994 to 40.758,-73.981;1	
S_FLOW_40.681,-73.999 to 40.69,-73.992;1	
S_FLOW_40.682,-73.958 to 40.673,-73.922;1	
S_FLOW_40.682,-73.967 to 40.729,-74.005;1	
S_FLOW_40.682,-73.976 to 40.688,-73.993;1	
S_FLOW_40.682,-74.002 to 40.688,-73.994;1	
S_FLOW_40.683,-73.976 to 40.751,-73.935;1	
S_FLOW_40.683,-73.979 to 40.677,-73.945;1	
S_FLOW_40.683,-73.996 to 40.673,-73.961;1	
S_FLOW_40.684,-73.977 to 40.738,-74.004;1	
S_FLOW_40.684,-73.979 to 40.683,-73.966;1	
S_FLOW_40.684,-73.997 to 40.733,-73.988;1	
S_FLOW_40.685,-73.978 to 40.726,-73.996;1	
S_FLOW_40.685,-73.991 to 40.679,-73.974;1	
S_FLOW_40.686,-73.996 to 40.761,-73.98;1	
S_FLOW_40.688,-73.964 to 40.686,-73.936;1	
S_FLOW_40.688,-73.985 to 40.676,-73.962;1	
S_FLOW_40.689,-73.955 to 40.774,-73.871;1	
S_FLOW_40.689,-73.97 to 40.72,-73.988;1	
S_FLOW_40.689,-73.995 to 40.693,-73.993;1	
S_FLOW_40.69,-73.971 to 40.69,-73.981;1	
S_FLOW_40.69,-73.978 to 40.714,-73.953;1	
S_FLOW_40.69,-73.992 to 40.672,-73.965;1	
S_FLOW_40.691,-73.966 to 40.722,-73.998;1	
S_FLOW_40.692,-73.987 to 40.706,-73.965;1	
S_FLOW_40.693,-73.928 to 40.676,-73.899;1	
S_FLOW_40.694,-73.983 to 40.721,-73.992;1	
S_FLOW_40.694,-73.989 to 40.703,-73.985;1	
S_FLOW_40.695,-73.984 to 40.751,-74.006;1	
S_FLOW_40.695,-73.992 to 40.783,-73.953;1	
S_FLOW_40.696,-73.934 to 40.707,-73.954;1	
S_FLOW_40.696,-73.989 to 40.704,-73.987;1	
S_FLOW_40.698,-73.994 to 40.761,-73.967;1	
S_FLOW_40.7,-73.936 to 40.711,-73.947;1	
S_FLOW_40.701,-73.919 to 40.768,-73.862;1	
S_FLOW_40.701,-73.993 to 40.695,-73.996;1	
S_FLOW_40.701,-73.993 to 40.72,-73.993;1	
S_FLOW_40.701,-74.019 to 40.739,-74.01;1	
S_FLOW_40.702,-74.011 to 40.778,-73.949;1	
S_FLOW_40.702,-74.013 to 40.718,-73.991;1	
S_FLOW_40.702,-74.014 to 40.711,-74.009;1	
S_FLOW_40.703,-74.01 to 40.744,-73.959;1	
S_FLOW_40.703,-74.012 to 40.723,-73.988;1	
S_FLOW_40.703,-74.012 to 40.761,-73.961;1	
S_FLOW_40.703,-74.012 to 40.763,-73.984;1	
S_FLOW_40.703,-74.012 to 40.805,-73.955;1	
S_FLOW_40.704,-74.008 to 40.708,-74.01;1	
S_FLOW_40.704,-74.008 to 40.76,-73.986;1	
S_FLOW_40.704,-74.009 to 40.705,-74.014;1	
S_FLOW_40.704,-74.009 to 40.706,-74.009;1	
S_FLOW_40.704,-74.009 to 40.707,-74.012;1	
S_FLOW_40.704,-74.009 to 40.749,-73.985;1	
S_FLOW_40.704,-74.009 to 40.757,-73.964;1	
S_FLOW_40.704,-74.009 to 40.76,-73.978;1	
S_FLOW_40.704,-74.01 to 40.761,-74.002;1	
S_FLOW_40.704,-74.011 to 40.719,-73.988;1	
S_FLOW_40.704,-74.012 to 40.735,-73.995;1	
S_FLOW_40.704,-74.014 to 40.75,-73.991;1	
S_FLOW_40.704,-74.014 to 40.751,-73.991;1	
S_FLOW_40.705,-74.007 to 40.704,-73.939;1	
S_FLOW_40.705,-74.007 to 40.708,-74.017;1	
S_FLOW_40.705,-74.007 to 40.715,-74.008;1	
S_FLOW_40.705,-74.007 to 40.741,-73.986;1	
S_FLOW_40.705,-74.007 to 40.761,-73.975;1	
S_FLOW_40.705,-74.008 to 40.719,-74.003;1	
S_FLOW_40.705,-74.008 to 40.766,-73.955;1	
S_FLOW_40.705,-74.008 to 40.778,-73.952;1	
S_FLOW_40.705,-74.01 to 40.743,-73.992;1	
S_FLOW_40.705,-74.013 to 40.784,-73.95;1	
S_FLOW_40.705,-74.015 to 40.724,-74.0;1	
S_FLOW_40.705,-74.015 to 40.782,-73.983;1	
S_FLOW_40.705,-74.017 to 40.721,-74.01;1	
S_FLOW_40.706,-74.006 to 40.681,-73.945;1	
S_FLOW_40.706,-74.006 to 40.709,-74.015;1	
S_FLOW_40.706,-74.006 to 40.717,-73.991;1	
S_FLOW_40.706,-74.006 to 40.793,-73.975;1	
S_FLOW_40.706,-74.01 to 40.714,-73.985;1	
S_FLOW_40.706,-74.016 to 40.748,-73.977;1	
S_FLOW_40.706,-74.017 to 40.736,-73.995;1	
S_FLOW_40.707,-74.004 to 40.647,-73.79;1	
S_FLOW_40.707,-74.004 to 40.72,-74.009;1	
S_FLOW_40.707,-74.004 to 40.726,-73.998;1	
S_FLOW_40.707,-74.005 to 40.717,-73.995;1	
S_FLOW_40.707,-74.005 to 40.768,-73.962;1	
S_FLOW_40.707,-74.005 to 40.773,-73.886;1	
S_FLOW_40.707,-74.006 to 40.721,-73.995;1	
S_FLOW_40.707,-74.006 to 40.721,-74.005;1	
S_FLOW_40.707,-74.007 to 40.719,-73.99;1	
S_FLOW_40.707,-74.007 to 40.72,-73.988;1	
S_FLOW_40.707,-74.007 to 40.722,-73.983;1	
S_FLOW_40.707,-74.007 to 40.723,-73.985;1	
S_FLOW_40.707,-74.008 to 40.714,-73.98;1	
S_FLOW_40.707,-74.009 to 40.745,-73.991;1	
S_FLOW_40.707,-74.009 to 40.752,-74.028;1	
S_FLOW_40.707,-74.009 to 40.753,-73.965;1	
S_FLOW_40.707,-74.009 to 40.784,-73.973;1	
S_FLOW_40.707,-74.012 to 40.714,-73.985;1	
S_FLOW_40.707,-74.012 to 40.715,-74.013;1	
S_FLOW_40.707,-74.012 to 40.792,-73.809;1	
S_FLOW_40.707,-74.013 to 40.715,-74.016;1	
S_FLOW_40.707,-74.016 to 40.777,-73.942;1	
S_FLOW_40.708,-73.958 to 40.681,-74.001;1	
S_FLOW_40.708,-74.003 to 40.752,-73.977;1	
S_FLOW_40.708,-74.004 to 40.704,-74.013;1	
S_FLOW_40.708,-74.004 to 40.73,-73.99;1	
S_FLOW_40.708,-74.006 to 40.695,-74.177;1	
S_FLOW_40.708,-74.006 to 40.721,-73.988;1	
S_FLOW_40.708,-74.007 to 40.754,-73.969;1	
S_FLOW_40.708,-74.008 to 40.715,-73.959;1	
S_FLOW_40.708,-74.011 to 40.718,-74.005;1	
S_FLOW_40.708,-74.015 to 40.709,-74.016;1	
S_FLOW_40.708,-74.016 to 40.743,-74.008;1	
S_FLOW_40.708,-74.018 to 40.729,-74.011;1	
S_FLOW_40.709,-73.959 to 40.711,-73.951;1	
S_FLOW_40.709,-74.002 to 40.645,-73.776;1	
S_FLOW_40.709,-74.002 to 40.694,-73.956;1	
S_FLOW_40.709,-74.002 to 40.715,-74.013;1	
S_FLOW_40.709,-74.006 to 40.732,-73.984;1	
S_FLOW_40.709,-74.011 to 40.751,-73.986;1	
S_FLOW_40.709,-74.011 to 40.761,-73.996;1	
S_FLOW_40.709,-74.012 to 40.719,-73.998;1	
S_FLOW_40.709,-74.012 to 40.761,-74.003;1	
S_FLOW_40.709,-74.014 to 40.67,-73.957;1	
S_FLOW_40.709,-74.014 to 40.739,-73.984;1	
S_FLOW_40.709,-74.015 to 40.705,-74.007;1	
S_FLOW_40.709,-74.017 to 40.723,-74.008;1	
S_FLOW_40.709,-74.018 to 40.707,-74.005;1	
S_FLOW_40.71,-74.01 to 40.717,-73.959;1	
S_FLOW_40.71,-74.01 to 40.764,-73.977;1	
S_FLOW_40.71,-74.01 to 40.79,-73.853;1	
S_FLOW_40.71,-74.011 to 40.719,-74.009;1	
S_FLOW_40.71,-74.011 to 40.739,-73.983;1	
S_FLOW_40.71,-74.012 to 40.767,-73.985;1	
S_FLOW_40.71,-74.015 to 40.704,-73.995;1	
S_FLOW_40.71,-74.015 to 40.727,-74.008;1	
S_FLOW_40.71,-74.015 to 40.73,-74.005;1	
S_FLOW_40.71,-74.015 to 40.754,-73.98;1	
S_FLOW_40.71,-74.018 to 40.771,-73.866;1	
S_FLOW_40.711,-73.952 to 40.668,-73.952;1	
S_FLOW_40.711,-73.96 to 40.718,-73.986;1	
S_FLOW_40.711,-73.96 to 40.724,-73.988;1	
S_FLOW_40.711,-73.965 to 40.714,-73.956;1	
S_FLOW_40.711,-73.987 to 40.708,-74.002;1	
S_FLOW_40.711,-74.007 to 40.689,-73.986;1	
S_FLOW_40.711,-74.01 to 40.88,-73.827;1	
S_FLOW_40.711,-74.011 to 40.725,-74.0;1	
S_FLOW_40.711,-74.016 to 40.718,-74.001;1	
S_FLOW_40.711,-74.016 to 40.737,-73.978;1	
S_FLOW_40.711,-74.016 to 40.751,-73.995;1	
S_FLOW_40.711,-74.016 to 40.758,-73.97;1	
S_FLOW_40.712,-73.942 to 40.723,-73.943;1	
S_FLOW_40.712,-73.959 to 40.699,-73.93;1	
S_FLOW_40.712,-73.96 to 40.717,-73.959;1	
S_FLOW_40.712,-73.963 to 40.694,-73.912;1	
S_FLOW_40.712,-73.963 to 40.696,-73.927;1	
S_FLOW_40.712,-73.997 to 40.706,-74.007;1	
S_FLOW_40.712,-74.007 to 40.777,-73.946;1	
S_FLOW_40.712,-74.008 to 40.688,-73.978;1	
S_FLOW_40.712,-74.008 to 40.702,-74.014;1	
S_FLOW_40.712,-74.008 to 40.706,-74.013;1	
S_FLOW_40.712,-74.008 to 40.712,-74.008;1	
S_FLOW_40.712,-74.008 to 40.72,-73.96;1	
S_FLOW_40.712,-74.008 to 40.733,-73.994;1	
S_FLOW_40.712,-74.008 to 40.748,-73.983;1	
S_FLOW_40.712,-74.01 to 40.718,-73.988;1	
S_FLOW_40.712,-74.01 to 40.758,-73.984;1	
S_FLOW_40.712,-74.014 to 40.724,-74.001;1	
S_FLOW_40.712,-74.014 to 40.742,-73.989;1	
S_FLOW_40.712,-74.014 to 40.746,-73.992;1	
S_FLOW_40.712,-74.014 to 40.785,-73.973;1	
S_FLOW_40.713,-73.957 to 40.734,-74.006;1	
S_FLOW_40.713,-73.958 to 40.715,-73.993;1	
S_FLOW_40.713,-74.004 to 40.711,-73.985;1	
S_FLOW_40.713,-74.004 to 40.723,-73.99;1	
S_FLOW_40.713,-74.007 to 40.727,-74.003;1	
S_FLOW_40.713,-74.007 to 40.755,-73.91;1	
S_FLOW_40.713,-74.008 to 40.666,-73.959;1	
S_FLOW_40.713,-74.009 to 40.723,-73.942;1	
S_FLOW_40.713,-74.011 to 40.749,-73.996;1	
S_FLOW_40.713,-74.011 to 40.771,-73.957;1	
S_FLOW_40.713,-74.014 to 40.718,-74.0;1	
S_FLOW_40.714,-73.935 to 40.733,-73.958;1	
S_FLOW_40.714,-73.952 to 40.718,-73.954;1	
S_FLOW_40.714,-73.96 to 40.691,-73.955;1	
S_FLOW_40.714,-73.962 to 40.694,-73.952;1	
S_FLOW_40.714,-73.99 to 40.654,-74.004;1	
S_FLOW_40.714,-73.992 to 40.726,-73.992;1	
S_FLOW_40.714,-73.998 to 40.692,-73.96;1	
S_FLOW_40.714,-73.998 to 40.718,-73.988;1	
S_FLOW_40.714,-73.998 to 40.719,-73.99;1	
S_FLOW_40.714,-73.998 to 40.722,-73.987;1	
S_FLOW_40.714,-73.998 to 40.727,-73.992;1	
S_FLOW_40.714,-73.998 to 40.737,-73.979;1	
S_FLOW_40.714,-73.998 to 40.765,-73.983;1	
S_FLOW_40.714,-73.999 to 40.724,-73.996;1	
S_FLOW_40.714,-74.003 to 40.728,-73.993;1	
S_FLOW_40.714,-74.003 to 40.761,-73.979;1	
S_FLOW_40.714,-74.006 to 40.72,-74.01;1	
S_FLOW_40.714,-74.006 to 40.775,-73.95;1	
S_FLOW_40.714,-74.008 to 40.726,-73.993;1	
S_FLOW_40.714,-74.009 to 40.72,-74.004;1	
S_FLOW_40.714,-74.009 to 40.73,-74.004;1	
S_FLOW_40.714,-74.009 to 40.755,-73.919;1	
S_FLOW_40.714,-74.01 to 40.725,-74.0;1	
S_FLOW_40.714,-74.011 to 40.691,-73.989;1	
S_FLOW_40.714,-74.012 to 40.761,-74.003;1	
S_FLOW_40.714,-74.014 to 40.692,-73.996;1	
S_FLOW_40.714,-74.015 to 40.752,-73.978;1	
S_FLOW_40.714,-74.015 to 40.764,-73.974;1	
S_FLOW_40.715,-73.943 to 40.726,-73.941;1	
S_FLOW_40.715,-73.958 to 40.723,-74.003;1	
S_FLOW_40.715,-73.962 to 40.697,-73.933;1	
S_FLOW_40.715,-73.992 to 40.716,-74.004;1	
S_FLOW_40.715,-73.992 to 40.738,-74.006;1	
S_FLOW_40.715,-73.993 to 40.767,-73.965;1	
S_FLOW_40.715,-74.002 to 40.695,-73.994;1	
S_FLOW_40.715,-74.002 to 40.718,-73.992;1	
S_FLOW_40.715,-74.008 to 40.675,-73.94;1	
S_FLOW_40.715,-74.008 to 40.715,-74.011;1	
S_FLOW_40.715,-74.009 to 40.723,-73.998;1	
S_FLOW_40.715,-74.009 to 40.732,-73.986;1	
S_FLOW_40.715,-74.009 to 40.764,-73.98;1	
S_FLOW_40.715,-74.01 to 40.712,-74.006;1	
S_FLOW_40.715,-74.01 to 40.72,-73.998;1	
S_FLOW_40.715,-74.012 to 40.726,-74.004;1	
S_FLOW_40.715,-74.012 to 40.759,-73.972;1	
S_FLOW_40.715,-74.013 to 40.754,-73.983;1	
S_FLOW_40.715,-74.014 to 40.723,-73.999;1	
S_FLOW_40.715,-74.014 to 40.725,-74.003;1	
S_FLOW_40.715,-74.014 to 40.757,-73.998;1	
S_FLOW_40.715,-74.015 to 40.705,-74.007;1	
S_FLOW_40.715,-74.015 to 40.736,-74.006;1	
S_FLOW_40.715,-74.016 to 40.713,-74.007;1	
S_FLOW_40.715,-74.016 to 40.733,-73.998;1	
S_FLOW_40.715,-74.016 to 40.733,-74.004;1	
S_FLOW_40.715,-74.016 to 40.763,-73.982;1	
S_FLOW_40.716,-73.95 to 40.726,-73.951;1	
S_FLOW_40.716,-73.952 to 40.681,-73.951;1	
S_FLOW_40.716,-73.957 to 40.675,-73.947;1	
S_FLOW_40.716,-73.962 to 40.666,-73.989;1	
S_FLOW_40.716,-73.962 to 40.711,-73.947;1	
S_FLOW_40.716,-73.995 to 40.711,-74.01;1	
S_FLOW_40.716,-73.996 to 40.705,-74.009;1	
S_FLOW_40.716,-74.005 to 40.705,-74.008;1	
S_FLOW_40.716,-74.007 to 40.746,-73.978;1	
S_FLOW_40.716,-74.008 to 40.762,-73.979;1	
S_FLOW_40.716,-74.015 to 40.705,-74.008;1	
S_FLOW_40.716,-74.015 to 40.711,-73.968;1	
S_FLOW_40.716,-74.015 to 40.733,-74.005;1	
S_FLOW_40.716,-74.015 to 40.746,-73.982;1	
S_FLOW_40.716,-74.015 to 40.771,-73.887;1	
S_FLOW_40.716,-74.016 to 40.693,-73.993;1	
S_FLOW_40.716,-74.016 to 40.72,-74.009;1	
S_FLOW_40.716,-74.016 to 40.746,-73.995;1	
S_FLOW_40.716,-74.016 to 40.755,-73.991;1	
S_FLOW_40.717,-73.98 to 40.731,-73.982;1	
S_FLOW_40.717,-73.991 to 40.741,-73.979;1	
S_FLOW_40.717,-73.992 to 40.73,-74.004;1	
S_FLOW_40.717,-73.996 to 40.754,-73.97;1	
S_FLOW_40.717,-73.998 to 40.711,-73.951;1	
S_FLOW_40.717,-74.004 to 40.707,-74.008;1	
S_FLOW_40.717,-74.006 to 40.708,-73.961;1	
S_FLOW_40.717,-74.008 to 40.715,-74.008;1	
S_FLOW_40.717,-74.008 to 40.731,-73.993;1	
S_FLOW_40.717,-74.008 to 40.739,-74.007;1	
S_FLOW_40.717,-74.009 to 40.746,-73.994;1	
S_FLOW_40.717,-74.011 to 40.72,-73.983;1	
S_FLOW_40.717,-74.011 to 40.745,-74.006;1	
S_FLOW_40.717,-74.013 to 40.735,-74.01;1	
S_FLOW_40.717,-74.013 to 40.763,-73.979;1	
S_FLOW_40.717,-74.014 to 40.72,-73.997;1	
S_FLOW_40.717,-74.015 to 40.726,-73.999;1	
S_FLOW_40.718,-73.954 to 40.71,-73.963;1	
S_FLOW_40.718,-73.956 to 40.726,-73.944;1	
S_FLOW_40.718,-73.958 to 40.884,-73.893;1	
S_FLOW_40.718,-73.959 to 40.713,-73.944;1	
S_FLOW_40.718,-73.986 to 40.712,-74.008;1	
S_FLOW_40.718,-73.987 to 40.738,-73.996;1	
S_FLOW_40.718,-73.988 to 40.659,-73.996;1	
S_FLOW_40.718,-73.995 to 40.719,-73.955;1	
S_FLOW_40.718,-73.997 to 40.736,-73.995;1	
S_FLOW_40.718,-74.0 to 40.709,-74.013;1	
S_FLOW_40.718,-74.0 to 40.718,-73.986;1	
S_FLOW_40.718,-74.003 to 40.704,-74.008;1	
S_FLOW_40.718,-74.006 to 40.735,-73.99;1	
S_FLOW_40.718,-74.008 to 40.75,-73.982;1	
S_FLOW_40.718,-74.009 to 40.724,-73.995;1	
S_FLOW_40.718,-74.014 to 40.762,-73.97;1	
S_FLOW_40.719,-73.961 to 40.725,-73.946;1	
S_FLOW_40.719,-73.985 to 40.732,-73.985;1	
S_FLOW_40.719,-73.988 to 40.724,-73.948;1	
S_FLOW_40.719,-73.988 to 40.725,-73.995;1	
S_FLOW_40.719,-73.988 to 40.725,-73.999;1	
S_FLOW_40.719,-73.988 to 40.734,-74.001;1	
S_FLOW_40.719,-73.988 to 40.746,-74.005;1	
S_FLOW_40.719,-73.988 to 40.766,-73.964;1	
S_FLOW_40.719,-73.989 to 40.716,-73.951;1	
S_FLOW_40.719,-73.989 to 40.72,-74.01;1	
S_FLOW_40.719,-73.989 to 40.741,-74.002;1	
S_FLOW_40.719,-73.99 to 40.716,-73.954;1	
S_FLOW_40.719,-73.99 to 40.727,-74.007;1	
S_FLOW_40.719,-73.99 to 40.728,-74.0;1	
S_FLOW_40.719,-73.99 to 40.768,-73.992;1	
S_FLOW_40.719,-73.99 to 40.77,-73.954;1	
S_FLOW_40.719,-73.99 to 40.78,-73.978;1	
S_FLOW_40.719,-73.991 to 40.734,-74.0;1	
S_FLOW_40.719,-73.997 to 40.717,-73.961;1	
S_FLOW_40.719,-73.997 to 40.733,-74.007;1	
S_FLOW_40.719,-73.997 to 40.757,-73.976;1	
S_FLOW_40.719,-73.999 to 40.77,-73.967;1	
S_FLOW_40.719,-74.002 to 40.711,-74.01;1	
S_FLOW_40.719,-74.002 to 40.726,-73.997;1	
S_FLOW_40.719,-74.004 to 40.732,-74.001;1	
S_FLOW_40.719,-74.005 to 40.722,-74.01;1	
S_FLOW_40.719,-74.005 to 40.729,-73.989;1	
S_FLOW_40.719,-74.007 to 40.762,-73.99;1	
S_FLOW_40.719,-74.009 to 40.691,-73.992;1	
S_FLOW_40.719,-74.01 to 40.69,-73.97;1	
S_FLOW_40.719,-74.01 to 40.71,-74.009;1	
S_FLOW_40.719,-74.01 to 40.726,-73.99;1	
S_FLOW_40.719,-74.01 to 40.734,-74.008;1	
S_FLOW_40.719,-74.01 to 40.75,-73.981;1	
S_FLOW_40.719,-74.01 to 40.765,-73.98;1	
S_FLOW_40.719,-74.011 to 40.702,-73.99;1	
S_FLOW_40.719,-74.011 to 40.739,-73.988;1	
S_FLOW_40.719,-74.011 to 40.781,-73.959;1	
S_FLOW_40.72,-73.955 to 40.744,-73.976;1	
S_FLOW_40.72,-73.979 to 40.734,-73.99;1	
S_FLOW_40.72,-73.982 to 40.738,-73.988;1	
S_FLOW_40.72,-73.987 to 40.729,-73.987;1	
S_FLOW_40.72,-73.987 to 40.748,-73.981;1	
S_FLOW_40.72,-73.988 to 40.678,-73.97;1	
S_FLOW_40.72,-73.988 to 40.718,-73.955;1	
S_FLOW_40.72,-73.988 to 40.73,-73.999;1	
S_FLOW_40.72,-73.988 to 40.742,-74.004;1	
S_FLOW_40.72,-73.988 to 40.745,-73.979;1	
S_FLOW_40.72,-73.988 to 40.746,-73.978;1	
S_FLOW_40.72,-73.988 to 40.752,-73.977;1	
S_FLOW_40.72,-73.991 to 40.734,-73.999;1	
S_FLOW_40.72,-73.992 to 40.644,-73.784;1	
S_FLOW_40.72,-73.993 to 40.727,-73.992;1	
S_FLOW_40.72,-73.994 to 40.743,-73.985;1	
S_FLOW_40.72,-73.995 to 40.788,-73.968;1	
S_FLOW_40.72,-73.998 to 40.715,-74.01;1	
S_FLOW_40.72,-73.998 to 40.716,-73.956;1	
S_FLOW_40.72,-73.998 to 40.742,-74.005;1	
S_FLOW_40.72,-73.999 to 40.746,-73.956;1	
S_FLOW_40.72,-74.0 to 40.771,-73.865;1	
S_FLOW_40.72,-74.001 to 40.698,-73.994;1	
S_FLOW_40.72,-74.002 to 40.691,-73.965;1	
S_FLOW_40.72,-74.002 to 40.757,-73.993;1	
S_FLOW_40.72,-74.005 to 40.692,-73.971;1	
S_FLOW_40.72,-74.005 to 40.722,-73.985;1	
S_FLOW_40.72,-74.005 to 40.74,-73.989;1	
S_FLOW_40.72,-74.005 to 40.741,-73.986;1	
S_FLOW_40.72,-74.005 to 40.756,-73.983;1	
S_FLOW_40.72,-74.006 to 40.728,-74.004;1	
S_FLOW_40.72,-74.009 to 40.748,-74.007;1	
S_FLOW_40.72,-74.009 to 40.756,-73.983;1	
S_FLOW_40.72,-74.009 to 40.766,-73.99;1	
S_FLOW_40.72,-74.01 to 40.707,-74.016;1	
S_FLOW_40.72,-74.01 to 40.731,-73.993;1	
S_FLOW_40.72,-74.01 to 40.748,-74.004;1	
S_FLOW_40.721,-73.957 to 40.713,-73.961;1	
S_FLOW_40.721,-73.981 to 40.724,-74.006;1	
S_FLOW_40.721,-73.984 to 40.725,-73.998;1	
S_FLOW_40.721,-73.984 to 40.786,-73.94;1	
S_FLOW_40.721,-73.987 to 40.723,-73.986;1	
S_FLOW_40.721,-73.987 to 40.727,-73.993;1	
S_FLOW_40.721,-73.987 to 40.731,-74.001;1	
S_FLOW_40.721,-73.987 to 40.734,-73.981;1	
S_FLOW_40.721,-73.987 to 40.737,-73.991;1	
S_FLOW_40.721,-73.987 to 40.744,-73.992;1	
S_FLOW_40.721,-73.988 to 40.709,-73.968;1	
S_FLOW_40.721,-73.988 to 40.716,-73.998;1	
S_FLOW_40.721,-73.988 to 40.719,-74.005;1	
S_FLOW_40.721,-73.988 to 40.727,-73.983;1	
S_FLOW_40.721,-73.988 to 40.737,-73.865;1	
S_FLOW_40.721,-73.988 to 40.738,-73.923;1	
S_FLOW_40.721,-73.989 to 40.69,-73.971;1	
S_FLOW_40.721,-73.989 to 40.726,-73.995;1	
S_FLOW_40.721,-73.989 to 40.727,-73.984;1	
S_FLOW_40.721,-73.989 to 40.744,-73.973;1	
S_FLOW_40.721,-73.989 to 40.75,-73.992;1	
S_FLOW_40.721,-73.99 to 40.74,-73.998;1	
S_FLOW_40.721,-73.994 to 40.706,-74.006;1	
S_FLOW_40.721,-73.994 to 40.785,-73.974;1	
S_FLOW_40.721,-73.995 to 40.756,-73.991;1	
S_FLOW_40.721,-73.997 to 40.726,-73.993;1	
S_FLOW_40.721,-73.997 to 40.728,-73.978;1	
S_FLOW_40.721,-73.997 to 40.743,-73.997;1	
S_FLOW_40.721,-73.997 to 40.759,-73.919;1	
S_FLOW_40.721,-73.997 to 40.759,-73.985;1	
S_FLOW_40.721,-73.998 to 40.715,-74.007;1	
S_FLOW_40.721,-73.998 to 40.726,-74.002;1	
S_FLOW_40.721,-73.998 to 40.727,-73.994;1	
S_FLOW_40.721,-73.998 to 40.731,-74.005;1	
S_FLOW_40.721,-73.998 to 40.733,-74.007;1	
S_FLOW_40.721,-73.998 to 40.769,-73.985;1	
S_FLOW_40.721,-73.998 to 40.773,-73.957;1	
S_FLOW_40.721,-73.999 to 40.739,-73.981;1	
S_FLOW_40.721,-74.0 to 40.658,-73.962;1	
S_FLOW_40.721,-74.0 to 40.701,-73.968;1	
S_FLOW_40.721,-74.0 to 40.714,-73.965;1	
S_FLOW_40.721,-74.001 to 40.722,-73.988;1	
S_FLOW_40.721,-74.001 to 40.727,-73.994;1	
S_FLOW_40.721,-74.001 to 40.752,-73.993;1	
S_FLOW_40.721,-74.004 to 40.729,-73.988;1	
S_FLOW_40.721,-74.005 to 40.724,-74.008;1	
S_FLOW_40.721,-74.005 to 40.748,-73.989;1	
S_FLOW_40.721,-74.008 to 40.721,-74.008;1	
S_FLOW_40.721,-74.008 to 40.764,-73.973;1	
S_FLOW_40.721,-74.01 to 40.707,-74.005;1	
S_FLOW_40.721,-74.01 to 40.714,-74.012;1	
S_FLOW_40.721,-74.01 to 40.727,-73.985;1	
S_FLOW_40.721,-74.01 to 40.736,-73.994;1	
S_FLOW_40.721,-74.01 to 40.737,-74.0;1	
S_FLOW_40.721,-74.01 to 40.746,-73.993;1	
S_FLOW_40.721,-74.01 to 40.747,-73.982;1	
S_FLOW_40.721,-74.01 to 40.752,-73.978;1	
S_FLOW_40.721,-74.01 to 40.753,-73.996;1	
S_FLOW_40.721,-74.01 to 40.762,-73.978;1	
S_FLOW_40.721,-74.01 to 40.767,-73.968;1	
S_FLOW_40.721,-74.01 to 40.777,-73.958;1	
S_FLOW_40.721,-74.01 to 40.777,-73.978;1	
S_FLOW_40.722,-73.958 to 40.704,-74.009;1	
S_FLOW_40.722,-73.958 to 40.711,-73.945;1	
S_FLOW_40.722,-73.958 to 40.773,-73.952;1	
S_FLOW_40.722,-73.983 to 40.717,-74.008;1	
S_FLOW_40.722,-73.983 to 40.726,-73.997;1	
S_FLOW_40.722,-73.984 to 40.764,-73.981;1	
S_FLOW_40.722,-73.985 to 40.669,-73.962;1	
S_FLOW_40.722,-73.985 to 40.723,-73.87;1	
S_FLOW_40.722,-73.986 to 40.732,-73.982;1	
S_FLOW_40.722,-73.986 to 40.74,-73.995;1	
S_FLOW_40.722,-73.987 to 40.703,-73.933;1	
S_FLOW_40.722,-73.987 to 40.778,-73.953;1	
S_FLOW_40.722,-73.988 to 40.73,-73.983;1	
S_FLOW_40.722,-73.989 to 40.671,-73.947;1	
S_FLOW_40.722,-73.989 to 40.69,-73.966;1	
S_FLOW_40.722,-73.989 to 40.737,-73.991;1	
S_FLOW_40.722,-73.989 to 40.758,-73.969;1	
S_FLOW_40.722,-73.989 to 40.762,-73.979;1	
S_FLOW_40.722,-73.994 to 40.692,-73.983;1	
S_FLOW_40.722,-73.994 to 40.83,-73.87;1	
S_FLOW_40.722,-73.996 to 40.719,-73.989;1	
S_FLOW_40.722,-73.996 to 40.74,-73.995;1	
S_FLOW_40.722,-73.996 to 40.758,-73.989;1	
S_FLOW_40.722,-73.997 to 40.698,-73.922;1	
S_FLOW_40.722,-73.997 to 40.751,-73.978;1	
S_FLOW_40.722,-73.997 to 40.751,-73.995;1	
S_FLOW_40.722,-73.998 to 40.758,-73.984;1	
S_FLOW_40.722,-73.999 to 40.728,-73.984;1	
S_FLOW_40.722,-73.999 to 40.731,-73.992;1	
S_FLOW_40.722,-74.0 to 40.72,-74.006;1	
S_FLOW_40.722,-74.0 to 40.731,-74.007;1	
S_FLOW_40.722,-74.0 to 40.756,-73.967;1	
S_FLOW_40.722,-74.0 to 40.757,-73.963;1	
S_FLOW_40.722,-74.0 to 40.776,-73.948;1	
S_FLOW_40.722,-74.004 to 40.687,-73.96;1	
S_FLOW_40.722,-74.004 to 40.741,-74.008;1	
S_FLOW_40.722,-74.004 to 40.749,-73.992;1	
S_FLOW_40.722,-74.01 to 40.739,-73.989;1	
S_FLOW_40.723,-73.949 to 40.722,-73.958;1	
S_FLOW_40.723,-73.983 to 40.711,-73.95;1	
S_FLOW_40.723,-73.983 to 40.743,-73.981;1	
S_FLOW_40.723,-73.985 to 40.7,-73.991;1	
S_FLOW_40.723,-73.986 to 40.695,-73.996;1	
S_FLOW_40.723,-73.986 to 40.727,-73.987;1	
S_FLOW_40.723,-73.986 to 40.729,-73.975;1	
S_FLOW_40.723,-73.986 to 40.757,-73.926;1	
S_FLOW_40.723,-73.987 to 40.703,-74.011;1	
S_FLOW_40.723,-73.988 to 40.729,-73.987;1	
S_FLOW_40.723,-73.988 to 40.731,-73.983;1	
S_FLOW_40.723,-73.988 to 40.77,-73.957;1	
S_FLOW_40.723,-73.989 to 40.694,-73.987;1	
S_FLOW_40.723,-73.989 to 40.717,-73.976;1	
S_FLOW_40.723,-73.989 to 40.729,-74.004;1	
S_FLOW_40.723,-73.989 to 40.738,-73.978;1	
S_FLOW_40.723,-73.991 to 40.752,-73.884;1	
S_FLOW_40.723,-73.993 to 40.763,-73.985;1	
S_FLOW_40.723,-73.993 to 40.774,-73.965;1	
S_FLOW_40.723,-73.995 to 40.753,-73.979;1	
S_FLOW_40.723,-73.997 to 40.734,-73.99;1	
S_FLOW_40.723,-73.997 to 40.758,-73.973;1	
S_FLOW_40.723,-73.998 to 40.727,-74.005;1	
S_FLOW_40.723,-73.998 to 40.727,-74.006;1	
S_FLOW_40.723,-73.998 to 40.734,-74.0;1	
S_FLOW_40.723,-73.999 to 40.729,-74.009;1	
S_FLOW_40.723,-74.003 to 40.71,-74.015;1	
S_FLOW_40.723,-74.003 to 40.715,-74.014;1	
S_FLOW_40.723,-74.005 to 40.726,-74.006;1	
S_FLOW_40.723,-74.005 to 40.728,-73.994;1	
S_FLOW_40.723,-74.005 to 40.747,-73.986;1	
S_FLOW_40.723,-74.008 to 40.713,-74.011;1	
S_FLOW_40.724,-73.951 to 40.732,-73.984;1	
S_FLOW_40.724,-73.979 to 40.715,-73.992;1	
S_FLOW_40.724,-73.979 to 40.758,-73.964;1	
S_FLOW_40.724,-73.981 to 40.775,-73.962;1	
S_FLOW_40.724,-73.985 to 40.65,-73.961;1	
S_FLOW_40.724,-73.985 to 40.754,-73.984;1	
S_FLOW_40.724,-73.988 to 40.734,-73.991;1	
S_FLOW_40.724,-73.988 to 40.748,-73.947;1	
S_FLOW_40.724,-73.988 to 40.756,-73.973;1	
S_FLOW_40.724,-73.988 to 40.778,-73.989;1	
S_FLOW_40.724,-73.991 to 40.719,-73.992;1	
S_FLOW_40.724,-73.992 to 40.767,-73.957;1	
S_FLOW_40.724,-73.993 to 40.703,-74.011;1	
S_FLOW_40.724,-73.993 to 40.715,-73.954;1	
S_FLOW_40.724,-73.993 to 40.733,-73.987;1	
S_FLOW_40.724,-73.993 to 40.735,-74.001;1	
S_FLOW_40.724,-73.993 to 40.757,-73.964;1	
S_FLOW_40.724,-73.997 to 40.694,-73.906;1	
S_FLOW_40.724,-73.997 to 40.705,-74.008;1	
S_FLOW_40.724,-73.997 to 40.716,-74.0;1	
S_FLOW_40.724,-73.997 to 40.781,-73.951;1	
S_FLOW_40.724,-74.002 to 40.759,-73.994;1	
S_FLOW_40.724,-74.003 to 40.723,-73.988;1	
S_FLOW_40.724,-74.003 to 40.735,-73.998;1	
S_FLOW_40.724,-74.003 to 40.751,-73.978;1	
S_FLOW_40.724,-74.004 to 40.726,-73.988;1	
S_FLOW_40.725,-73.978 to 40.72,-73.987;1	
S_FLOW_40.725,-73.978 to 40.735,-73.993;1	
S_FLOW_40.725,-73.981 to 40.723,-73.99;1	
S_FLOW_40.725,-73.981 to 40.746,-73.957;1	
S_FLOW_40.725,-73.981 to 40.759,-73.996;1	
S_FLOW_40.725,-73.982 to 40.73,-73.999;1	
S_FLOW_40.725,-73.984 to 40.717,-74.008;1	
S_FLOW_40.725,-73.987 to 40.757,-73.969;1	
S_FLOW_40.725,-73.987 to 40.757,-73.982;1	
S_FLOW_40.725,-73.992 to 40.783,-73.974;1	
S_FLOW_40.725,-73.993 to 40.705,-74.007;1	
S_FLOW_40.725,-73.994 to 40.616,-73.947;1	
S_FLOW_40.725,-73.994 to 40.741,-73.981;1	
S_FLOW_40.725,-73.994 to 40.757,-73.969;1	
S_FLOW_40.725,-73.994 to 40.769,-73.935;1	
S_FLOW_40.725,-73.995 to 40.705,-74.017;1	
S_FLOW_40.725,-73.995 to 40.734,-73.987;1	
S_FLOW_40.725,-73.995 to 40.742,-73.956;1	
S_FLOW_40.725,-73.995 to 40.745,-73.991;1	
S_FLOW_40.725,-73.995 to 40.79,-73.966;1	
S_FLOW_40.725,-73.996 to 40.72,-73.988;1	
S_FLOW_40.725,-73.996 to 40.72,-73.994;1	
S_FLOW_40.725,-73.996 to 40.721,-74.001;1	
S_FLOW_40.725,-73.996 to 40.723,-73.983;1	
S_FLOW_40.725,-73.996 to 40.726,-73.978;1	
S_FLOW_40.725,-73.996 to 40.75,-73.991;1	
S_FLOW_40.725,-73.996 to 40.757,-73.963;1	
S_FLOW_40.725,-73.996 to 40.758,-73.967;1	
S_FLOW_40.725,-73.996 to 40.778,-73.982;1	
S_FLOW_40.725,-73.996 to 40.965,-73.8;1	
S_FLOW_40.725,-73.997 to 40.721,-73.982;1	
S_FLOW_40.725,-73.997 to 40.764,-73.973;1	
S_FLOW_40.725,-73.998 to 40.648,-73.915;1	
S_FLOW_40.725,-73.998 to 40.715,-74.014;1	
S_FLOW_40.725,-73.998 to 40.731,-73.985;1	
S_FLOW_40.725,-73.998 to 40.764,-73.981;1	
S_FLOW_40.725,-73.999 to 40.696,-73.972;1	
S_FLOW_40.725,-73.999 to 40.733,-73.998;1	
S_FLOW_40.725,-73.999 to 40.734,-73.981;1	
S_FLOW_40.725,-73.999 to 40.761,-74.003;1	
S_FLOW_40.725,-74.002 to 40.722,-74.003;1	
S_FLOW_40.725,-74.003 to 40.721,-73.991;1	
S_FLOW_40.725,-74.004 to 40.776,-73.95;1	
S_FLOW_40.725,-74.008 to 40.742,-73.994;1	
S_FLOW_40.726,-73.831 to 40.758,-73.988;1	
S_FLOW_40.726,-73.977 to 40.758,-73.918;1	
S_FLOW_40.726,-73.981 to 40.721,-73.993;1	
S_FLOW_40.726,-73.983 to 40.75,-73.992;1	
S_FLOW_40.726,-73.983 to 40.77,-73.956;1	
S_FLOW_40.726,-73.984 to 40.644,-73.783;1	
S_FLOW_40.726,-73.984 to 40.72,-73.989;1	
S_FLOW_40.726,-73.984 to 40.726,-73.998;1	
S_FLOW_40.726,-73.984 to 40.73,-73.993;1	
S_FLOW_40.726,-73.984 to 40.747,-73.982;1	
S_FLOW_40.726,-73.984 to 40.75,-73.991;1	
S_FLOW_40.726,-73.986 to 40.644,-73.783;1	
S_FLOW_40.726,-73.986 to 40.7,-73.995;1	
S_FLOW_40.726,-73.986 to 40.723,-73.979;1	
S_FLOW_40.726,-73.986 to 40.739,-73.982;1	
S_FLOW_40.726,-73.986 to 40.743,-73.993;1	
S_FLOW_40.726,-73.989 to 40.704,-74.009;1	
S_FLOW_40.726,-73.989 to 40.731,-73.995;1	
S_FLOW_40.726,-73.989 to 40.732,-73.989;1	
S_FLOW_40.726,-73.99 to 40.731,-74.008;1	
S_FLOW_40.726,-73.992 to 40.713,-73.948;1	
S_FLOW_40.726,-73.992 to 40.732,-74.005;1	
S_FLOW_40.726,-73.992 to 40.738,-73.984;1	
S_FLOW_40.726,-73.992 to 40.752,-73.993;1	
S_FLOW_40.726,-73.992 to 40.792,-73.978;1	
S_FLOW_40.726,-73.993 to 40.723,-73.99;1	
S_FLOW_40.726,-73.993 to 40.755,-73.966;1	
S_FLOW_40.726,-73.994 to 40.721,-73.962;1	
S_FLOW_40.726,-73.994 to 40.765,-73.975;1	
S_FLOW_40.726,-73.995 to 40.733,-73.976;1	
S_FLOW_40.726,-73.995 to 40.743,-73.986;1	
S_FLOW_40.726,-73.995 to 40.751,-73.978;1	
S_FLOW_40.726,-73.995 to 40.754,-73.985;1	
S_FLOW_40.726,-73.995 to 40.762,-73.966;1	
S_FLOW_40.726,-73.996 to 40.705,-74.009;1	
S_FLOW_40.726,-73.997 to 40.722,-73.989;1	
S_FLOW_40.726,-73.997 to 40.731,-73.989;1	
S_FLOW_40.726,-73.997 to 40.751,-74.004;1	
S_FLOW_40.726,-73.997 to 40.767,-73.984;1	
S_FLOW_40.726,-73.997 to 40.852,-73.932;1	
S_FLOW_40.726,-73.998 to 40.728,-74.005;1	
S_FLOW_40.726,-73.999 to 40.756,-73.99;1	
S_FLOW_40.726,-74.0 to 40.717,-74.013;1	
S_FLOW_40.726,-74.001 to 40.766,-73.953;1	
S_FLOW_40.726,-74.002 to 40.653,-73.964;1	
S_FLOW_40.726,-74.002 to 40.714,-73.99;1	
S_FLOW_40.726,-74.002 to 40.757,-73.983;1	
S_FLOW_40.726,-74.002 to 40.76,-73.988;1	
S_FLOW_40.726,-74.003 to 40.777,-73.958;1	
S_FLOW_40.726,-74.004 to 40.678,-73.998;1	
S_FLOW_40.726,-74.004 to 40.734,-74.002;1	
S_FLOW_40.726,-74.004 to 40.755,-73.977;1	
S_FLOW_40.726,-74.005 to 40.683,-73.956;1	
S_FLOW_40.726,-74.006 to 40.722,-73.986;1	
S_FLOW_40.726,-74.006 to 40.742,-73.989;1	
S_FLOW_40.726,-74.006 to 40.801,-73.944;1	
S_FLOW_40.726,-74.008 to 40.714,-73.956;1	
S_FLOW_40.726,-74.008 to 40.729,-74.003;1	
S_FLOW_40.726,-74.009 to 40.73,-73.988;1	
S_FLOW_40.726,-74.01 to 40.743,-74.008;1	
S_FLOW_40.727,-73.977 to 40.731,-73.982;1	
S_FLOW_40.727,-73.98 to 40.754,-73.98;1	
S_FLOW_40.727,-73.983 to 40.73,-73.99;1	
S_FLOW_40.727,-73.983 to 40.754,-73.949;1	
S_FLOW_40.727,-73.983 to 40.766,-73.967;1	
S_FLOW_40.727,-73.984 to 40.707,-74.005;1	
S_FLOW_40.727,-73.984 to 40.715,-73.982;1	
S_FLOW_40.727,-73.986 to 40.688,-74.0;1	
S_FLOW_40.727,-73.986 to 40.72,-74.01;1	
S_FLOW_40.727,-73.986 to 40.723,-73.991;1	
S_FLOW_40.727,-73.986 to 40.732,-73.999;1	
S_FLOW_40.727,-73.986 to 40.738,-74.007;1	
S_FLOW_40.727,-73.986 to 40.776,-73.947;1	
S_FLOW_40.727,-73.989 to 40.716,-74.016;1	
S_FLOW_40.727,-73.989 to 40.719,-73.986;1	
S_FLOW_40.727,-73.989 to 40.74,-74.005;1	
S_FLOW_40.727,-73.991 to 40.665,-73.991;1	
S_FLOW_40.727,-73.991 to 40.721,-73.957;1	
S_FLOW_40.727,-73.991 to 40.75,-73.988;1	
S_FLOW_40.727,-73.992 to 40.686,-73.981;1	
S_FLOW_40.727,-73.992 to 40.715,-73.952;1	
S_FLOW_40.727,-73.993 to 40.76,-73.986;1	
S_FLOW_40.727,-73.994 to 40.677,-73.955;1	
S_FLOW_40.727,-73.994 to 40.732,-73.988;1	
S_FLOW_40.727,-73.994 to 40.76,-73.975;1	
S_FLOW_40.727,-73.995 to 40.716,-73.941;1	
S_FLOW_40.727,-73.995 to 40.729,-73.985;1	
S_FLOW_40.727,-73.996 to 40.735,-73.986;1	
S_FLOW_40.727,-73.996 to 40.742,-74.004;1	
S_FLOW_40.727,-73.999 to 40.718,-73.991;1	
S_FLOW_40.727,-73.999 to 40.754,-73.985;1	
S_FLOW_40.727,-74.0 to 40.715,-74.008;1	
S_FLOW_40.727,-74.0 to 40.738,-73.998;1	
S_FLOW_40.727,-74.0 to 40.746,-73.978;1	
S_FLOW_40.727,-74.001 to 40.716,-74.013;1	
S_FLOW_40.727,-74.001 to 40.759,-73.969;1	
S_FLOW_40.727,-74.003 to 40.716,-74.017;1	
S_FLOW_40.727,-74.003 to 40.72,-74.002;1	
S_FLOW_40.727,-74.003 to 40.73,-73.992;1	
S_FLOW_40.727,-74.003 to 40.754,-73.985;1	
S_FLOW_40.727,-74.006 to 40.714,-74.013;1	
S_FLOW_40.727,-74.006 to 40.726,-73.99;1	
S_FLOW_40.727,-74.007 to 40.724,-73.982;1	
S_FLOW_40.727,-74.007 to 40.744,-73.993;1	
S_FLOW_40.728,-73.979 to 40.719,-73.986;1	
S_FLOW_40.728,-73.982 to 40.721,-73.987;1	
S_FLOW_40.728,-73.982 to 40.752,-73.976;1	
S_FLOW_40.728,-73.988 to 40.716,-73.987;1	
S_FLOW_40.728,-73.988 to 40.719,-73.998;1	
S_FLOW_40.728,-73.988 to 40.725,-73.992;1	
S_FLOW_40.728,-73.988 to 40.75,-73.991;1	
S_FLOW_40.728,-73.993 to 40.713,-73.957;1	
S_FLOW_40.728,-73.993 to 40.731,-73.986;1	
S_FLOW_40.728,-73.994 to 40.717,-74.013;1	
S_FLOW_40.728,-73.995 to 40.714,-74.014;1	
S_FLOW_40.728,-73.995 to 40.717,-74.008;1	
S_FLOW_40.728,-73.995 to 40.719,-73.956;1	
S_FLOW_40.728,-73.995 to 40.726,-73.997;1	
S_FLOW_40.728,-73.999 to 40.702,-73.92;1	
S_FLOW_40.728,-73.999 to 40.74,-73.983;1	
S_FLOW_40.728,-74.0 to 40.745,-73.904;1	
S_FLOW_40.728,-74.001 to 40.71,-74.015;1	
S_FLOW_40.728,-74.001 to 40.761,-73.978;1	
S_FLOW_40.728,-74.002 to 40.739,-73.982;1	
S_FLOW_40.728,-74.003 to 40.669,-73.951;1	
S_FLOW_40.728,-74.003 to 40.722,-73.987;1	
S_FLOW_40.728,-74.003 to 40.722,-73.997;1	
S_FLOW_40.728,-74.003 to 40.729,-73.981;1	
S_FLOW_40.728,-74.003 to 40.743,-73.992;1	
S_FLOW_40.728,-74.003 to 40.759,-73.977;1	
S_FLOW_40.728,-74.003 to 40.764,-73.976;1	
S_FLOW_40.728,-74.003 to 40.774,-73.951;1	
S_FLOW_40.728,-74.005 to 40.708,-74.004;1	
S_FLOW_40.728,-74.007 to 40.723,-73.999;1	
S_FLOW_40.728,-74.007 to 40.731,-74.006;1	
S_FLOW_40.729,-73.957 to 40.729,-73.951;1	
S_FLOW_40.729,-73.977 to 40.72,-73.987;1	
S_FLOW_40.729,-73.978 to 40.721,-73.987;1	
S_FLOW_40.729,-73.978 to 40.723,-73.976;1	
S_FLOW_40.729,-73.978 to 40.797,-73.939;1	
S_FLOW_40.729,-73.984 to 40.715,-73.991;1	
S_FLOW_40.729,-73.984 to 40.741,-74.001;1	
S_FLOW_40.729,-73.984 to 40.745,-73.985;1	
S_FLOW_40.729,-73.985 to 40.722,-74.008;1	
S_FLOW_40.729,-73.987 to 40.717,-74.005;1	
S_FLOW_40.729,-73.987 to 40.722,-73.946;1	
S_FLOW_40.729,-73.987 to 40.728,-73.999;1	
S_FLOW_40.729,-73.987 to 40.744,-73.999;1	
S_FLOW_40.729,-73.988 to 40.732,-74.006;1	
S_FLOW_40.729,-73.988 to 40.775,-73.982;1	
S_FLOW_40.729,-73.99 to 40.743,-74.004;1	
S_FLOW_40.729,-73.99 to 40.745,-74.003;1	
S_FLOW_40.729,-73.99 to 40.756,-73.993;1	
S_FLOW_40.729,-73.99 to 40.764,-73.993;1	
S_FLOW_40.729,-73.99 to 40.786,-73.972;1	
S_FLOW_40.729,-73.991 to 40.793,-73.972;1	
S_FLOW_40.729,-73.992 to 40.714,-74.007;1	
S_FLOW_40.729,-73.992 to 40.723,-74.003;1	
S_FLOW_40.729,-73.992 to 40.761,-73.914;1	
S_FLOW_40.729,-73.992 to 40.829,-73.942;1	
S_FLOW_40.729,-73.993 to 40.723,-73.976;1	
S_FLOW_40.729,-73.993 to 40.745,-73.983;1	
S_FLOW_40.729,-73.993 to 40.747,-74.005;1	
S_FLOW_40.729,-73.994 to 40.677,-73.977;1	
S_FLOW_40.729,-73.994 to 40.743,-73.973;1	
S_FLOW_40.729,-73.998 to 40.726,-73.992;1	
S_FLOW_40.729,-73.999 to 40.757,-73.989;1	
S_FLOW_40.729,-74.0 to 40.757,-73.976;1	
S_FLOW_40.729,-74.001 to 40.717,-73.99;1	
S_FLOW_40.729,-74.001 to 40.722,-73.996;1	
S_FLOW_40.729,-74.001 to 40.725,-73.985;1	
S_FLOW_40.729,-74.002 to 40.725,-73.997;1	
S_FLOW_40.729,-74.002 to 40.738,-73.997;1	
S_FLOW_40.729,-74.002 to 40.753,-73.986;1	
S_FLOW_40.729,-74.005 to 40.705,-74.015;1	
S_FLOW_40.729,-74.005 to 40.716,-73.956;1	
S_FLOW_40.729,-74.005 to 40.746,-73.994;1	
S_FLOW_40.729,-74.007 to 40.75,-73.995;1	
S_FLOW_40.729,-74.011 to 40.736,-73.998;1	
S_FLOW_40.73,-73.978 to 40.722,-73.995;1	
S_FLOW_40.73,-73.98 to 40.724,-73.985;1	
S_FLOW_40.73,-73.98 to 40.744,-74.006;1	
S_FLOW_40.73,-73.98 to 40.753,-73.98;1	
S_FLOW_40.73,-73.981 to 40.759,-73.977;1	
S_FLOW_40.73,-73.984 to 40.735,-74.001;1	
S_FLOW_40.73,-73.984 to 40.744,-73.981;1	
S_FLOW_40.73,-73.984 to 40.756,-73.97;1	
S_FLOW_40.73,-73.984 to 40.763,-73.96;1	
S_FLOW_40.73,-73.985 to 40.763,-73.987;1	
S_FLOW_40.73,-73.986 to 40.722,-73.987;1	
S_FLOW_40.73,-73.986 to 40.739,-73.991;1	
S_FLOW_40.73,-73.986 to 40.74,-74.002;1	
S_FLOW_40.73,-73.986 to 40.742,-73.991;1	
S_FLOW_40.73,-73.987 to 40.715,-73.997;1	
S_FLOW_40.73,-73.987 to 40.733,-74.006;1	
S_FLOW_40.73,-73.989 to 40.744,-73.98;1	
S_FLOW_40.73,-73.991 to 40.713,-74.011;1	
S_FLOW_40.73,-73.991 to 40.736,-73.996;1	
S_FLOW_40.73,-73.991 to 40.747,-73.977;1	
S_FLOW_40.73,-73.991 to 40.748,-73.992;1	
S_FLOW_40.73,-73.992 to 40.719,-73.999;1	
S_FLOW_40.73,-73.992 to 40.729,-73.997;1	
S_FLOW_40.73,-73.993 to 40.723,-73.988;1	
S_FLOW_40.73,-73.993 to 40.756,-73.99;1	
S_FLOW_40.73,-73.998 to 40.747,-73.977;1	
S_FLOW_40.73,-73.999 to 40.738,-74.009;1	
S_FLOW_40.73,-74.0 to 40.725,-73.977;1	
S_FLOW_40.73,-74.0 to 40.735,-73.955;1	
S_FLOW_40.73,-74.001 to 40.723,-73.995;1	
S_FLOW_40.73,-74.001 to 40.724,-74.004;1	
S_FLOW_40.73,-74.001 to 40.736,-74.001;1	
S_FLOW_40.73,-74.002 to 40.724,-73.988;1	
S_FLOW_40.73,-74.002 to 40.726,-73.984;1	
S_FLOW_40.73,-74.002 to 40.74,-74.006;1	
S_FLOW_40.73,-74.002 to 40.744,-74.004;1	
S_FLOW_40.73,-74.002 to 40.751,-73.977;1	
S_FLOW_40.73,-74.002 to 40.756,-73.982;1	
S_FLOW_40.73,-74.003 to 40.74,-73.995;1	
S_FLOW_40.73,-74.004 to 40.727,-73.996;1	
S_FLOW_40.73,-74.005 to 40.711,-73.949;1	
S_FLOW_40.73,-74.007 to 40.717,-74.015;1	
S_FLOW_40.73,-74.007 to 40.72,-74.0;1	
S_FLOW_40.73,-74.007 to 40.73,-74.007;1	
S_FLOW_40.73,-74.007 to 40.753,-73.986;1	
S_FLOW_40.73,-74.007 to 40.772,-73.99;1	
S_FLOW_40.73,-74.008 to 40.721,-74.01;1	
S_FLOW_40.73,-74.008 to 40.745,-73.991;1	
S_FLOW_40.73,-74.01 to 40.687,-73.994;1	
S_FLOW_40.731,-73.861 to 40.752,-73.863;1	
S_FLOW_40.731,-73.979 to 40.685,-73.978;1	
S_FLOW_40.731,-73.98 to 40.735,-73.99;1	
S_FLOW_40.731,-73.981 to 40.73,-73.993;1	
S_FLOW_40.731,-73.982 to 40.718,-73.992;1	
S_FLOW_40.731,-73.982 to 40.724,-73.977;1	
S_FLOW_40.731,-73.982 to 40.734,-73.992;1	
S_FLOW_40.731,-73.982 to 40.74,-73.976;1	
S_FLOW_40.731,-73.982 to 40.744,-73.979;1	
S_FLOW_40.731,-73.983 to 40.721,-73.989;1	
S_FLOW_40.731,-73.983 to 40.743,-73.982;1	
S_FLOW_40.731,-73.983 to 40.751,-73.978;1	
S_FLOW_40.731,-73.983 to 40.786,-73.943;1	
S_FLOW_40.731,-73.984 to 40.719,-74.009;1	
S_FLOW_40.731,-73.986 to 40.705,-74.008;1	
S_FLOW_40.731,-73.986 to 40.741,-73.992;1	
S_FLOW_40.731,-73.986 to 40.851,-73.935;1	
S_FLOW_40.731,-73.987 to 40.73,-73.984;1	
S_FLOW_40.731,-73.989 to 40.726,-73.993;1	
S_FLOW_40.731,-73.989 to 40.731,-73.983;1	
S_FLOW_40.731,-73.989 to 40.744,-73.991;1	
S_FLOW_40.731,-73.989 to 40.746,-73.98;1	
S_FLOW_40.731,-73.991 to 40.689,-73.951;1	
S_FLOW_40.731,-73.991 to 40.751,-73.975;1	
S_FLOW_40.731,-73.991 to 40.756,-73.968;1	
S_FLOW_40.731,-73.992 to 40.719,-74.002;1	
S_FLOW_40.731,-73.992 to 40.742,-73.993;1	
S_FLOW_40.731,-73.993 to 40.72,-73.994;1	
S_FLOW_40.731,-73.999 to 40.748,-74.004;1	
S_FLOW_40.731,-74.001 to 40.715,-73.794;1	
S_FLOW_40.731,-74.001 to 40.728,-74.007;1	
S_FLOW_40.731,-74.001 to 40.729,-74.007;1	
S_FLOW_40.731,-74.001 to 40.743,-74.004;1	
S_FLOW_40.731,-74.002 to 40.725,-73.985;1	
S_FLOW_40.731,-74.002 to 40.743,-73.921;1	
S_FLOW_40.731,-74.003 to 40.74,-73.983;1	
S_FLOW_40.731,-74.003 to 40.753,-73.973;1	
S_FLOW_40.731,-74.004 to 40.745,-74.003;1	
S_FLOW_40.731,-74.007 to 40.718,-73.99;1	
S_FLOW_40.731,-74.007 to 40.747,-73.991;1	
S_FLOW_40.731,-74.007 to 40.75,-73.995;1	
S_FLOW_40.732,-73.974 to 40.692,-73.989;1	
S_FLOW_40.732,-73.974 to 40.72,-73.955;1	
S_FLOW_40.732,-73.974 to 40.8,-73.935;1	
S_FLOW_40.732,-73.977 to 40.757,-73.975;1	
S_FLOW_40.732,-73.981 to 40.756,-73.975;1	
S_FLOW_40.732,-73.981 to 40.79,-73.953;1	
S_FLOW_40.732,-73.982 to 40.753,-73.967;1	
S_FLOW_40.732,-73.982 to 40.766,-73.957;1	
S_FLOW_40.732,-73.983 to 40.735,-74.002;1	
S_FLOW_40.732,-73.983 to 40.741,-74.004;1	
S_FLOW_40.732,-73.984 to 40.746,-73.976;1	
S_FLOW_40.732,-73.984 to 40.75,-73.977;1	
S_FLOW_40.732,-73.985 to 40.709,-73.947;1	
S_FLOW_40.732,-73.985 to 40.72,-73.989;1	
S_FLOW_40.732,-73.985 to 40.731,-74.003;1	
S_FLOW_40.732,-73.985 to 40.78,-73.953;1	
S_FLOW_40.732,-73.988 to 40.686,-73.994;1	
S_FLOW_40.732,-73.988 to 40.733,-73.981;1	
S_FLOW_40.732,-73.988 to 40.745,-73.998;1	
S_FLOW_40.732,-73.988 to 40.748,-73.973;1	
S_FLOW_40.732,-73.988 to 40.749,-73.992;1	
S_FLOW_40.732,-73.988 to 40.756,-73.991;1	
S_FLOW_40.732,-73.988 to 40.758,-73.986;1	
S_FLOW_40.732,-73.988 to 40.763,-73.978;1	
S_FLOW_40.732,-73.99 to 40.723,-73.994;1	
S_FLOW_40.732,-73.99 to 40.738,-74.008;1	
S_FLOW_40.732,-73.991 to 40.722,-74.001;1	
S_FLOW_40.732,-73.993 to 40.673,-73.967;1	
S_FLOW_40.732,-73.993 to 40.734,-74.003;1	
S_FLOW_40.732,-73.994 to 40.742,-74.0;1	
S_FLOW_40.732,-73.994 to 40.744,-74.0;1	
S_FLOW_40.732,-73.995 to 40.702,-74.014;1	
S_FLOW_40.732,-73.995 to 40.745,-74.006;1	
S_FLOW_40.732,-73.995 to 40.762,-73.981;1	
S_FLOW_40.732,-73.996 to 40.725,-73.995;1	
S_FLOW_40.732,-73.997 to 40.644,-73.784;1	
S_FLOW_40.732,-73.997 to 40.728,-73.985;1	
S_FLOW_40.732,-74.0 to 40.734,-73.993;1	
S_FLOW_40.732,-74.0 to 40.784,-73.982;1	
S_FLOW_40.732,-74.001 to 40.713,-73.989;1	
S_FLOW_40.732,-74.001 to 40.726,-73.983;1	
S_FLOW_40.732,-74.001 to 40.735,-73.986;1	
S_FLOW_40.732,-74.001 to 40.737,-73.993;1	
S_FLOW_40.732,-74.001 to 40.747,-73.972;1	
S_FLOW_40.732,-74.001 to 40.751,-74.008;1	
S_FLOW_40.732,-74.003 to 40.756,-74.003;1	
S_FLOW_40.732,-74.006 to 40.687,-73.973;1	
S_FLOW_40.732,-74.007 to 40.74,-73.995;1	
S_FLOW_40.732,-74.007 to 40.759,-73.98;1	
S_FLOW_40.732,-74.008 to 40.725,-73.999;1	
S_FLOW_40.732,-74.008 to 40.726,-74.009;1	
S_FLOW_40.732,-74.008 to 40.754,-73.978;1	
S_FLOW_40.732,-74.008 to 40.763,-73.974;1	
S_FLOW_40.733,-73.975 to 40.752,-73.977;1	
S_FLOW_40.733,-73.98 to 40.76,-73.983;1	
S_FLOW_40.733,-73.981 to 40.71,-74.006;1	
S_FLOW_40.733,-73.981 to 40.717,-74.015;1	
S_FLOW_40.733,-73.981 to 40.738,-73.989;1	
S_FLOW_40.733,-73.981 to 40.741,-74.005;1	
S_FLOW_40.733,-73.981 to 40.742,-73.975;1	
S_FLOW_40.733,-73.981 to 40.748,-73.979;1	
S_FLOW_40.733,-73.981 to 40.749,-73.992;1	
S_FLOW_40.733,-73.981 to 40.76,-73.972;1	
S_FLOW_40.733,-73.982 to 40.706,-73.96;1	
S_FLOW_40.733,-73.982 to 40.732,-73.989;1	
S_FLOW_40.733,-73.985 to 40.729,-74.001;1	
S_FLOW_40.733,-73.986 to 40.734,-73.989;1	
S_FLOW_40.733,-73.987 to 40.728,-73.979;1	
S_FLOW_40.733,-73.987 to 40.734,-73.994;1	
S_FLOW_40.733,-73.987 to 40.742,-73.983;1	
S_FLOW_40.733,-73.987 to 40.746,-73.989;1	
S_FLOW_40.733,-73.987 to 40.749,-73.971;1	
S_FLOW_40.733,-73.987 to 40.75,-73.975;1	
S_FLOW_40.733,-73.987 to 40.751,-73.971;1	
S_FLOW_40.733,-73.987 to 40.752,-74.002;1	
S_FLOW_40.733,-73.987 to 40.759,-73.968;1	
S_FLOW_40.733,-73.987 to 40.773,-73.886;1	
S_FLOW_40.733,-73.988 to 40.715,-74.005;1	
S_FLOW_40.733,-73.988 to 40.716,-73.99;1	
S_FLOW_40.733,-73.988 to 40.719,-73.99;1	
S_FLOW_40.733,-73.988 to 40.727,-73.989;1	
S_FLOW_40.733,-73.988 to 40.745,-73.985;1	
S_FLOW_40.733,-73.988 to 40.75,-73.975;1	
S_FLOW_40.733,-73.988 to 40.752,-73.975;1	
S_FLOW_40.733,-73.988 to 40.775,-73.984;1	
S_FLOW_40.733,-73.99 to 40.72,-73.987;1	
S_FLOW_40.733,-73.99 to 40.722,-73.998;1	
S_FLOW_40.733,-73.99 to 40.732,-73.996;1	
S_FLOW_40.733,-73.99 to 40.736,-73.987;1	
S_FLOW_40.733,-73.99 to 40.74,-74.005;1	
S_FLOW_40.733,-73.99 to 40.745,-73.979;1	
S_FLOW_40.733,-73.99 to 40.758,-73.967;1	
S_FLOW_40.733,-73.993 to 40.75,-74.002;1	
S_FLOW_40.733,-73.994 to 40.727,-73.999;1	
S_FLOW_40.733,-73.994 to 40.747,-73.997;1	
S_FLOW_40.733,-73.994 to 40.755,-73.971;1	
S_FLOW_40.733,-73.996 to 40.715,-74.014;1	
S_FLOW_40.733,-73.996 to 40.721,-73.997;1	
S_FLOW_40.733,-73.996 to 40.721,-74.001;1	
S_FLOW_40.733,-73.996 to 40.732,-74.008;1	
S_FLOW_40.733,-73.996 to 40.745,-73.991;1	
S_FLOW_40.733,-73.996 to 40.75,-73.991;1	
S_FLOW_40.733,-73.997 to 40.721,-73.989;1	
S_FLOW_40.733,-73.997 to 40.75,-73.995;1	
S_FLOW_40.733,-74.0 to 40.719,-74.008;1	
S_FLOW_40.733,-74.0 to 40.734,-73.989;1	
S_FLOW_40.733,-74.0 to 40.738,-73.996;1	
S_FLOW_40.733,-74.003 to 40.659,-73.986;1	
S_FLOW_40.733,-74.003 to 40.68,-73.975;1	
S_FLOW_40.733,-74.003 to 40.708,-74.008;1	
S_FLOW_40.733,-74.003 to 40.717,-73.992;1	
S_FLOW_40.733,-74.003 to 40.728,-74.005;1	
S_FLOW_40.733,-74.003 to 40.749,-73.988;1	
S_FLOW_40.733,-74.003 to 40.761,-74.002;1	
S_FLOW_40.733,-74.003 to 40.764,-73.973;1	
S_FLOW_40.733,-74.004 to 40.728,-73.989;1	
S_FLOW_40.733,-74.004 to 40.755,-73.994;1	
S_FLOW_40.733,-74.004 to 40.765,-73.996;1	
S_FLOW_40.733,-74.004 to 40.769,-73.955;1	
S_FLOW_40.733,-74.004 to 40.771,-73.986;1	
S_FLOW_40.733,-74.004 to 40.778,-73.963;1	
S_FLOW_40.733,-74.006 to 40.735,-73.983;1	
S_FLOW_40.733,-74.006 to 40.739,-73.992;1	
S_FLOW_40.733,-74.006 to 40.745,-73.993;1	
S_FLOW_40.733,-74.006 to 40.745,-74.005;1	
S_FLOW_40.733,-74.007 to 40.722,-73.988;1	
S_FLOW_40.733,-74.008 to 40.715,-74.01;1	
S_FLOW_40.733,-74.008 to 40.851,-73.929;1	
S_FLOW_40.734,-73.978 to 40.705,-74.007;1	
S_FLOW_40.734,-73.978 to 40.772,-73.957;1	
S_FLOW_40.734,-73.98 to 40.74,-73.994;1	
S_FLOW_40.734,-73.981 to 40.744,-73.986;1	
S_FLOW_40.734,-73.981 to 40.75,-73.978;1	
S_FLOW_40.734,-73.981 to 40.763,-73.981;1	
S_FLOW_40.734,-73.981 to 40.769,-73.964;1	
S_FLOW_40.734,-73.981 to 40.771,-73.983;1	
S_FLOW_40.734,-73.983 to 40.703,-73.991;1	
S_FLOW_40.734,-73.983 to 40.741,-73.975;1	
S_FLOW_40.734,-73.984 to 40.728,-73.988;1	
S_FLOW_40.734,-73.987 to 40.732,-74.009;1	
S_FLOW_40.734,-73.987 to 40.737,-73.982;1	
S_FLOW_40.734,-73.987 to 40.742,-73.981;1	
S_FLOW_40.734,-73.987 to 40.794,-73.974;1	
S_FLOW_40.734,-73.988 to 40.722,-73.992;1	
S_FLOW_40.734,-73.989 to 40.726,-73.984;1	
S_FLOW_40.734,-73.989 to 40.759,-73.996;1	
S_FLOW_40.734,-73.99 to 40.722,-73.978;1	
S_FLOW_40.734,-73.99 to 40.727,-74.001;1	
S_FLOW_40.734,-73.99 to 40.73,-73.989;1	
S_FLOW_40.734,-73.99 to 40.733,-73.983;1	
S_FLOW_40.734,-73.99 to 40.738,-73.998;1	
S_FLOW_40.734,-73.99 to 40.738,-74.008;1	
S_FLOW_40.734,-73.99 to 40.772,-73.967;1	
S_FLOW_40.734,-73.99 to 40.776,-73.947;1	
S_FLOW_40.734,-73.991 to 40.683,-73.942;1	
S_FLOW_40.734,-73.991 to 40.731,-74.01;1	
S_FLOW_40.734,-73.991 to 40.74,-74.005;1	
S_FLOW_40.734,-73.991 to 40.767,-73.953;1	
S_FLOW_40.734,-73.992 to 40.731,-73.987;1	
S_FLOW_40.734,-73.992 to 40.736,-73.999;1	
S_FLOW_40.734,-73.992 to 40.75,-73.978;1	
S_FLOW_40.734,-73.993 to 40.715,-73.985;1	
S_FLOW_40.734,-73.993 to 40.723,-73.989;1	
S_FLOW_40.734,-73.994 to 40.743,-73.992;1	
S_FLOW_40.734,-73.995 to 40.726,-73.985;1	
S_FLOW_40.734,-73.997 to 40.78,-73.962;1	
S_FLOW_40.734,-73.999 to 40.726,-73.989;1	
S_FLOW_40.734,-73.999 to 40.739,-73.993;1	
S_FLOW_40.734,-73.999 to 40.755,-73.974;1	
S_FLOW_40.734,-73.999 to 40.781,-73.948;1	
S_FLOW_40.734,-73.999 to 40.793,-73.974;1	
S_FLOW_40.734,-74.0 to 40.659,-73.961;1	
S_FLOW_40.734,-74.0 to 40.723,-73.99;1	
S_FLOW_40.734,-74.0 to 40.726,-73.993;1	
S_FLOW_40.734,-74.002 to 40.67,-73.986;1	
S_FLOW_40.734,-74.002 to 40.731,-73.98;1	
S_FLOW_40.734,-74.002 to 40.74,-73.987;1	
S_FLOW_40.734,-74.002 to 40.766,-73.983;1	
S_FLOW_40.734,-74.003 to 40.716,-74.009;1	
S_FLOW_40.734,-74.003 to 40.717,-74.011;1	
S_FLOW_40.734,-74.003 to 40.726,-73.995;1	
S_FLOW_40.734,-74.003 to 40.733,-74.004;1	
S_FLOW_40.734,-74.003 to 40.734,-73.988;1	
S_FLOW_40.734,-74.003 to 40.74,-74.006;1	
S_FLOW_40.734,-74.003 to 40.745,-73.989;1	
S_FLOW_40.734,-74.003 to 40.757,-73.989;2	
S_FLOW_40.734,-74.003 to 40.759,-73.981;1	
S_FLOW_40.734,-74.003 to 40.761,-73.999;1	
S_FLOW_40.734,-74.003 to 40.778,-73.947;1	
S_FLOW_40.734,-74.003 to 40.78,-73.953;1	
S_FLOW_40.734,-74.003 to 40.781,-73.952;1	
S_FLOW_40.734,-74.005 to 40.613,-73.94;1	
S_FLOW_40.734,-74.005 to 40.656,-73.957;1	
S_FLOW_40.734,-74.005 to 40.735,-73.991;1	
S_FLOW_40.734,-74.006 to 40.71,-74.005;1	
S_FLOW_40.734,-74.006 to 40.732,-73.987;1	
S_FLOW_40.734,-74.006 to 40.733,-73.998;1	
S_FLOW_40.734,-74.006 to 40.745,-73.998;1	
S_FLOW_40.734,-74.006 to 40.753,-74.0;1	
S_FLOW_40.734,-74.006 to 40.755,-73.984;1	
S_FLOW_40.734,-74.006 to 40.764,-73.954;1	
S_FLOW_40.734,-74.007 to 40.715,-74.011;1	
S_FLOW_40.734,-74.007 to 40.751,-73.995;1	
S_FLOW_40.734,-74.008 to 40.736,-74.007;1	
S_FLOW_40.734,-74.009 to 40.732,-74.007;1	
S_FLOW_40.734,-74.01 to 40.764,-73.981;1	
S_FLOW_40.735,-73.98 to 40.702,-74.01;1	
S_FLOW_40.735,-73.98 to 40.721,-73.999;1	
S_FLOW_40.735,-73.98 to 40.751,-73.978;1	
S_FLOW_40.735,-73.982 to 40.73,-73.993;1	
S_FLOW_40.735,-73.983 to 40.716,-74.016;1	
S_FLOW_40.735,-73.983 to 40.723,-73.983;1	
S_FLOW_40.735,-73.983 to 40.727,-73.995;1	
S_FLOW_40.735,-73.983 to 40.727,-73.999;1	
S_FLOW_40.735,-73.983 to 40.742,-73.975;1	
S_FLOW_40.735,-73.986 to 40.714,-74.015;1	
S_FLOW_40.735,-73.986 to 40.752,-73.977;1	
S_FLOW_40.735,-73.986 to 40.768,-73.982;1	
S_FLOW_40.735,-73.989 to 40.746,-73.977;1	
S_FLOW_40.735,-73.989 to 40.762,-74.001;1	
S_FLOW_40.735,-73.99 to 40.734,-73.98;1	
S_FLOW_40.735,-73.99 to 40.742,-74.001;1	
S_FLOW_40.735,-73.99 to 40.743,-73.984;1	
S_FLOW_40.735,-73.99 to 40.748,-74.004;1	
S_FLOW_40.735,-73.99 to 40.75,-73.99;1	
S_FLOW_40.735,-73.99 to 40.754,-73.978;1	
S_FLOW_40.735,-73.99 to 40.769,-73.983;1	
S_FLOW_40.735,-73.991 to 40.721,-73.998;1	
S_FLOW_40.735,-73.991 to 40.728,-73.979;1	
S_FLOW_40.735,-73.991 to 40.755,-73.991;1	
S_FLOW_40.735,-73.991 to 40.784,-73.971;1	
S_FLOW_40.735,-73.992 to 40.742,-73.978;1	
S_FLOW_40.735,-73.992 to 40.757,-73.969;1	
S_FLOW_40.735,-73.993 to 40.744,-73.994;1	
S_FLOW_40.735,-73.993 to 40.857,-73.937;1	
S_FLOW_40.735,-73.995 to 40.723,-74.005;1	
S_FLOW_40.735,-73.997 to 40.733,-73.992;1	
S_FLOW_40.735,-73.998 to 40.757,-73.966;1	
S_FLOW_40.735,-73.998 to 40.811,-73.953;1	
S_FLOW_40.735,-73.999 to 40.726,-73.996;1	
S_FLOW_40.735,-73.999 to 40.753,-73.979;1	
S_FLOW_40.735,-74.0 to 40.748,-73.988;1	
S_FLOW_40.735,-74.0 to 40.763,-73.982;1	
S_FLOW_40.735,-74.002 to 40.703,-73.994;1	
S_FLOW_40.735,-74.002 to 40.725,-74.004;1	
S_FLOW_40.735,-74.002 to 40.738,-73.987;1	
S_FLOW_40.735,-74.002 to 40.742,-74.0;1	
S_FLOW_40.735,-74.002 to 40.743,-73.974;1	
S_FLOW_40.735,-74.006 to 40.721,-73.994;1	
S_FLOW_40.735,-74.006 to 40.723,-73.995;1	
S_FLOW_40.735,-74.006 to 40.744,-73.992;1	
S_FLOW_40.735,-74.007 to 40.736,-74.001;1	
S_FLOW_40.735,-74.007 to 40.748,-74.0;1	
S_FLOW_40.735,-74.007 to 40.752,-74.004;1	
S_FLOW_40.735,-74.008 to 40.744,-73.985;1	
S_FLOW_40.736,-73.976 to 40.741,-73.979;1	
S_FLOW_40.736,-73.979 to 40.734,-73.999;1	
S_FLOW_40.736,-73.979 to 40.746,-73.973;1	
S_FLOW_40.736,-73.979 to 40.754,-73.971;1	
S_FLOW_40.736,-73.98 to 40.739,-73.987;1	
S_FLOW_40.736,-73.982 to 40.722,-73.984;1	
S_FLOW_40.736,-73.983 to 40.727,-73.993;1	
S_FLOW_40.736,-73.983 to 40.749,-73.991;1	
S_FLOW_40.736,-73.983 to 40.763,-73.996;1	
S_FLOW_40.736,-73.985 to 40.748,-73.975;1	
S_FLOW_40.736,-73.985 to 40.754,-73.972;1	
S_FLOW_40.736,-73.985 to 40.764,-73.963;1	
S_FLOW_40.736,-73.985 to 40.772,-73.959;1	
S_FLOW_40.736,-73.987 to 40.714,-74.012;1	
S_FLOW_40.736,-73.987 to 40.719,-73.983;1	
S_FLOW_40.736,-73.988 to 40.725,-73.993;1	
S_FLOW_40.736,-73.989 to 40.736,-73.989;1	
S_FLOW_40.736,-73.989 to 40.751,-73.982;1	
S_FLOW_40.736,-73.989 to 40.753,-73.985;1	
S_FLOW_40.736,-73.99 to 40.822,-73.942;1	
S_FLOW_40.736,-73.991 to 40.735,-74.008;1	
S_FLOW_40.736,-73.991 to 40.748,-73.976;1	
S_FLOW_40.736,-73.994 to 40.727,-73.989;1	
S_FLOW_40.736,-73.997 to 40.762,-73.978;1	
S_FLOW_40.736,-73.997 to 40.857,-73.894;1	
S_FLOW_40.736,-73.998 to 40.725,-73.991;1	
S_FLOW_40.736,-73.998 to 40.741,-73.987;1	
S_FLOW_40.736,-73.998 to 40.753,-73.987;1	
S_FLOW_40.736,-73.998 to 40.805,-73.968;1	
S_FLOW_40.736,-74.001 to 40.71,-74.018;1	
S_FLOW_40.736,-74.002 to 40.742,-74.004;1	
S_FLOW_40.736,-74.002 to 40.773,-73.965;1	
S_FLOW_40.736,-74.006 to 40.73,-73.982;1	
S_FLOW_40.736,-74.006 to 40.744,-73.983;1	
S_FLOW_40.736,-74.006 to 40.746,-74.001;1	
S_FLOW_40.736,-74.006 to 40.752,-73.994;1	
S_FLOW_40.736,-74.006 to 40.788,-73.981;1	
S_FLOW_40.737,-73.977 to 40.75,-73.982;1	
S_FLOW_40.737,-73.978 to 40.778,-73.948;1	
S_FLOW_40.737,-73.979 to 40.74,-73.982;1	
S_FLOW_40.737,-73.979 to 40.75,-73.972;1	
S_FLOW_40.737,-73.979 to 40.755,-73.975;1	
S_FLOW_40.737,-73.979 to 40.755,-73.979;1	
S_FLOW_40.737,-73.98 to 40.776,-73.961;1	
S_FLOW_40.737,-73.982 to 40.726,-73.978;1	
S_FLOW_40.737,-73.984 to 40.649,-74.01;1	
S_FLOW_40.737,-73.984 to 40.732,-73.994;1	
S_FLOW_40.737,-73.984 to 40.755,-73.984;1	
S_FLOW_40.737,-73.985 to 40.755,-73.972;1	
S_FLOW_40.737,-73.985 to 40.761,-73.967;1	
S_FLOW_40.737,-73.987 to 40.749,-73.98;1	
S_FLOW_40.737,-73.988 to 40.737,-73.978;1	
S_FLOW_40.737,-73.988 to 40.746,-73.982;1	
S_FLOW_40.737,-73.988 to 40.765,-73.977;1	
S_FLOW_40.737,-73.989 to 40.674,-73.952;1	
S_FLOW_40.737,-73.989 to 40.719,-73.99;1	
S_FLOW_40.737,-73.989 to 40.723,-73.988;1	
S_FLOW_40.737,-73.989 to 40.737,-73.996;1	
S_FLOW_40.737,-73.989 to 40.744,-73.979;1	
S_FLOW_40.737,-73.989 to 40.746,-73.984;1	
S_FLOW_40.737,-73.989 to 40.746,-73.998;1	
S_FLOW_40.737,-73.989 to 40.748,-73.982;1	
S_FLOW_40.737,-73.989 to 40.75,-73.994;1	
S_FLOW_40.737,-73.989 to 40.751,-73.978;1	
S_FLOW_40.737,-73.989 to 40.755,-73.975;1	
S_FLOW_40.737,-73.989 to 40.758,-74.001;1	
S_FLOW_40.737,-73.99 to 40.715,-73.992;1	
S_FLOW_40.737,-73.99 to 40.727,-74.003;1	
S_FLOW_40.737,-73.99 to 40.755,-73.965;1	
S_FLOW_40.737,-73.99 to 40.779,-73.951;1	
S_FLOW_40.737,-73.993 to 40.721,-73.986;1	
S_FLOW_40.737,-73.993 to 40.723,-74.004;1	
S_FLOW_40.737,-73.993 to 40.743,-73.974;1	
S_FLOW_40.737,-73.994 to 40.752,-73.981;1	
S_FLOW_40.737,-73.996 to 40.763,-73.978;1	
S_FLOW_40.737,-73.996 to 40.77,-73.991;1	
S_FLOW_40.737,-73.997 to 40.737,-73.979;1	
S_FLOW_40.737,-73.997 to 40.745,-73.999;1	
S_FLOW_40.737,-74.0 to 40.749,-73.985;1	
S_FLOW_40.737,-74.001 to 40.733,-73.994;1	
S_FLOW_40.737,-74.001 to 40.736,-73.995;1	
S_FLOW_40.737,-74.001 to 40.77,-73.99;1	
S_FLOW_40.737,-74.002 to 40.71,-73.958;1	
S_FLOW_40.737,-74.002 to 40.787,-73.974;1	
S_FLOW_40.737,-74.005 to 40.747,-73.997;1	
S_FLOW_40.737,-74.006 to 40.771,-73.96;1	
S_FLOW_40.738,-73.976 to 40.791,-73.942;1	
S_FLOW_40.738,-73.977 to 40.752,-73.978;1	
S_FLOW_40.738,-73.977 to 40.76,-73.986;1	
S_FLOW_40.738,-73.978 to 40.671,-73.979;1	
S_FLOW_40.738,-73.978 to 40.745,-73.986;1	
S_FLOW_40.738,-73.981 to 40.71,-74.011;1	
S_FLOW_40.738,-73.981 to 40.737,-73.989;1	
S_FLOW_40.738,-73.981 to 40.743,-73.985;1	
S_FLOW_40.738,-73.981 to 40.748,-74.004;1	
S_FLOW_40.738,-73.981 to 40.751,-73.981;1	
S_FLOW_40.738,-73.984 to 40.737,-73.99;1	
S_FLOW_40.738,-73.984 to 40.752,-73.99;1	
S_FLOW_40.738,-73.984 to 40.753,-73.979;1	
S_FLOW_40.738,-73.984 to 40.764,-73.915;1	
S_FLOW_40.738,-73.986 to 40.732,-73.987;1	
S_FLOW_40.738,-73.987 to 40.75,-73.979;1	
S_FLOW_40.738,-73.988 to 40.711,-73.948;1	
S_FLOW_40.738,-73.988 to 40.716,-74.01;1	
S_FLOW_40.738,-73.988 to 40.732,-73.999;1	
S_FLOW_40.738,-73.988 to 40.734,-73.992;1	
S_FLOW_40.738,-73.988 to 40.747,-73.981;1	
S_FLOW_40.738,-73.988 to 40.751,-73.97;1	
S_FLOW_40.738,-73.988 to 40.756,-73.973;1	
S_FLOW_40.738,-73.988 to 40.756,-73.986;1	
S_FLOW_40.738,-73.988 to 40.773,-73.946;1	
S_FLOW_40.738,-73.989 to 40.746,-73.978;1	
S_FLOW_40.738,-73.99 to 40.677,-73.959;1	
S_FLOW_40.738,-73.99 to 40.687,-73.964;1	
S_FLOW_40.738,-73.99 to 40.724,-73.998;1	
S_FLOW_40.738,-73.99 to 40.73,-74.001;1	
S_FLOW_40.738,-73.991 to 40.728,-73.986;1	
S_FLOW_40.738,-73.991 to 40.75,-73.991;1	
S_FLOW_40.738,-73.993 to 40.738,-73.986;1	
S_FLOW_40.738,-73.996 to 40.753,-73.989;1	
S_FLOW_40.738,-73.996 to 40.76,-73.987;1	
S_FLOW_40.738,-73.996 to 40.762,-73.971;1	
S_FLOW_40.738,-73.996 to 40.769,-73.982;1	
S_FLOW_40.738,-73.997 to 40.728,-73.996;1	
S_FLOW_40.738,-73.997 to 40.747,-73.977;1	
S_FLOW_40.738,-73.997 to 40.765,-73.992;1	
S_FLOW_40.738,-73.998 to 40.733,-74.005;1	
S_FLOW_40.738,-73.998 to 40.739,-73.983;1	
S_FLOW_40.738,-74.0 to 40.729,-73.985;1	
S_FLOW_40.738,-74.0 to 40.73,-73.988;1	
S_FLOW_40.738,-74.0 to 40.838,-73.942;1	
S_FLOW_40.738,-74.002 to 40.728,-73.986;1	
S_FLOW_40.738,-74.002 to 40.74,-74.006;1	
S_FLOW_40.738,-74.004 to 40.709,-73.952;1	
S_FLOW_40.738,-74.004 to 40.724,-74.011;1	
S_FLOW_40.738,-74.004 to 40.727,-73.99;1	
S_FLOW_40.738,-74.004 to 40.741,-73.999;1	
S_FLOW_40.738,-74.005 to 40.744,-73.994;1	
S_FLOW_40.738,-74.005 to 40.745,-74.006;1	
S_FLOW_40.738,-74.005 to 40.746,-73.998;1	
S_FLOW_40.738,-74.006 to 40.718,-74.007;1	
S_FLOW_40.738,-74.006 to 40.737,-73.998;1	
S_FLOW_40.738,-74.008 to 40.735,-73.996;1	
S_FLOW_40.738,-74.008 to 40.774,-73.946;1	
S_FLOW_40.738,-74.009 to 40.72,-74.006;1	
S_FLOW_40.738,-74.009 to 40.735,-74.01;1	
S_FLOW_40.738,-74.009 to 40.745,-73.973;1	
S_FLOW_40.739,-73.977 to 40.744,-73.979;1	
S_FLOW_40.739,-73.977 to 40.746,-73.992;1	
S_FLOW_40.739,-73.98 to 40.77,-73.991;1	
S_FLOW_40.739,-73.981 to 40.784,-73.974;1	
S_FLOW_40.739,-73.983 to 40.645,-73.777;1	
S_FLOW_40.739,-73.983 to 40.734,-74.002;1	
S_FLOW_40.739,-73.983 to 40.742,-73.987;1	
S_FLOW_40.739,-73.983 to 40.742,-73.995;1	
S_FLOW_40.739,-73.983 to 40.743,-73.994;1	
S_FLOW_40.739,-73.983 to 40.845,-73.941;1	
S_FLOW_40.739,-73.985 to 40.714,-74.008;1	
S_FLOW_40.739,-73.985 to 40.725,-73.994;1	
S_FLOW_40.739,-73.986 to 40.723,-74.008;1	
S_FLOW_40.739,-73.986 to 40.75,-73.979;1	
S_FLOW_40.739,-73.987 to 40.726,-73.992;1	
S_FLOW_40.739,-73.987 to 40.727,-73.992;1	
S_FLOW_40.739,-73.987 to 40.732,-73.985;1	
S_FLOW_40.739,-73.987 to 40.751,-73.978;1	
S_FLOW_40.739,-73.987 to 40.751,-73.979;1	
S_FLOW_40.739,-73.987 to 40.763,-73.982;1	
S_FLOW_40.739,-73.987 to 40.805,-73.949;1	
S_FLOW_40.739,-73.988 to 40.727,-73.995;1	
S_FLOW_40.739,-73.988 to 40.732,-73.987;1	
S_FLOW_40.739,-73.988 to 40.763,-73.981;1	
S_FLOW_40.739,-73.988 to 40.777,-73.955;1	
S_FLOW_40.739,-73.989 to 40.756,-73.975;1	
S_FLOW_40.739,-73.99 to 40.748,-73.986;1	
S_FLOW_40.739,-73.99 to 40.762,-73.986;1	
S_FLOW_40.739,-73.991 to 40.731,-73.989;1	
S_FLOW_40.739,-73.991 to 40.77,-73.955;1	
S_FLOW_40.739,-73.992 to 40.744,-73.978;1	
S_FLOW_40.739,-73.992 to 40.747,-73.981;1	
S_FLOW_40.739,-73.992 to 40.759,-73.991;1	
S_FLOW_40.739,-73.992 to 40.765,-73.955;1	
S_FLOW_40.739,-73.992 to 40.779,-73.955;1	
S_FLOW_40.739,-73.994 to 40.718,-74.007;1	
S_FLOW_40.739,-73.995 to 40.744,-73.992;1	
S_FLOW_40.739,-73.995 to 40.763,-73.986;1	
S_FLOW_40.739,-73.995 to 40.769,-73.961;1	
S_FLOW_40.739,-73.996 to 40.699,-73.915;1	
S_FLOW_40.739,-73.996 to 40.743,-73.985;1	
S_FLOW_40.739,-73.996 to 40.748,-74.007;1	
S_FLOW_40.739,-73.996 to 40.754,-73.984;1	
S_FLOW_40.739,-73.997 to 40.742,-74.004;1	
S_FLOW_40.739,-73.999 to 40.727,-73.983;1	
S_FLOW_40.739,-73.999 to 40.747,-73.992;1	
S_FLOW_40.739,-73.999 to 40.761,-73.984;1	
S_FLOW_40.739,-74.002 to 40.754,-73.998;1	
S_FLOW_40.739,-74.002 to 40.767,-73.954;1	
S_FLOW_40.739,-74.003 to 40.735,-73.992;1	
S_FLOW_40.739,-74.003 to 40.737,-73.995;1	
S_FLOW_40.739,-74.003 to 40.751,-73.995;1	
S_FLOW_40.739,-74.003 to 40.763,-73.986;1	
S_FLOW_40.739,-74.003 to 40.767,-73.99;1	
S_FLOW_40.739,-74.004 to 40.741,-73.991;1	
S_FLOW_40.739,-74.005 to 40.72,-74.01;1	
S_FLOW_40.739,-74.006 to 40.66,-73.993;1	
S_FLOW_40.739,-74.006 to 40.76,-73.981;1	
S_FLOW_40.739,-74.008 to 40.73,-74.004;1	
S_FLOW_40.739,-74.008 to 40.735,-74.003;1	
S_FLOW_40.739,-74.009 to 40.729,-74.005;1	
S_FLOW_40.74,-73.927 to 40.745,-73.952;1	
S_FLOW_40.74,-73.976 to 40.748,-73.99;1	
S_FLOW_40.74,-73.976 to 40.758,-73.984;1	
S_FLOW_40.74,-73.976 to 40.759,-73.973;1	
S_FLOW_40.74,-73.976 to 40.802,-73.95;1	
S_FLOW_40.74,-73.977 to 40.735,-73.99;1	
S_FLOW_40.74,-73.979 to 40.724,-73.985;1	
S_FLOW_40.74,-73.979 to 40.751,-73.973;1	
S_FLOW_40.74,-73.98 to 40.729,-73.987;1	
S_FLOW_40.74,-73.982 to 40.731,-73.99;1	
S_FLOW_40.74,-73.982 to 40.744,-73.988;1	
S_FLOW_40.74,-73.982 to 40.748,-73.976;1	
S_FLOW_40.74,-73.984 to 40.741,-73.993;1	
S_FLOW_40.74,-73.985 to 40.739,-73.99;1	
S_FLOW_40.74,-73.985 to 40.747,-73.99;1	
S_FLOW_40.74,-73.986 to 40.722,-73.979;1	
S_FLOW_40.74,-73.986 to 40.742,-74.005;1	
S_FLOW_40.74,-73.986 to 40.751,-73.979;1	
S_FLOW_40.74,-73.986 to 40.77,-73.948;1	
S_FLOW_40.74,-73.986 to 40.781,-73.984;1	
S_FLOW_40.74,-73.987 to 40.774,-73.981;1	
S_FLOW_40.74,-73.987 to 40.775,-73.914;1	
S_FLOW_40.74,-73.989 to 40.729,-73.99;1	
S_FLOW_40.74,-73.989 to 40.73,-74.007;1	
S_FLOW_40.74,-73.989 to 40.751,-73.972;1	
S_FLOW_40.74,-73.99 to 40.741,-74.006;1	
S_FLOW_40.74,-73.99 to 40.777,-73.98;1	
S_FLOW_40.74,-73.991 to 40.729,-74.005;1	
S_FLOW_40.74,-73.991 to 40.734,-73.998;1	
S_FLOW_40.74,-73.991 to 40.739,-73.977;1	
S_FLOW_40.74,-73.991 to 40.761,-73.979;1	
S_FLOW_40.74,-73.991 to 40.771,-73.954;1	
S_FLOW_40.74,-73.991 to 40.781,-73.952;1	
S_FLOW_40.74,-73.992 to 40.736,-73.992;1	
S_FLOW_40.74,-73.994 to 40.757,-73.97;1	
S_FLOW_40.74,-73.994 to 40.763,-73.979;1	
S_FLOW_40.74,-73.995 to 40.677,-73.986;1	
S_FLOW_40.74,-73.995 to 40.69,-74.178;1	
S_FLOW_40.74,-73.995 to 40.732,-73.996;1	
S_FLOW_40.74,-73.995 to 40.736,-73.998;1	
S_FLOW_40.74,-73.995 to 40.743,-73.979;1	
S_FLOW_40.74,-73.995 to 40.76,-73.968;1	
S_FLOW_40.74,-73.995 to 40.776,-73.976;1	
S_FLOW_40.74,-73.997 to 40.756,-73.991;1	
S_FLOW_40.74,-73.998 to 40.749,-73.989;1	
S_FLOW_40.74,-73.999 to 40.72,-73.995;1	
S_FLOW_40.74,-73.999 to 40.731,-74.009;1	
S_FLOW_40.74,-73.999 to 40.752,-73.978;1	
S_FLOW_40.74,-73.999 to 40.769,-73.995;1	
S_FLOW_40.74,-74.001 to 40.754,-73.975;1	
S_FLOW_40.74,-74.002 to 40.695,-73.97;1	
S_FLOW_40.74,-74.002 to 40.724,-74.0;1	
S_FLOW_40.74,-74.002 to 40.732,-74.006;1	
S_FLOW_40.74,-74.002 to 40.741,-74.001;1	
S_FLOW_40.74,-74.002 to 40.742,-74.004;1	
S_FLOW_40.74,-74.002 to 40.75,-73.995;1	
S_FLOW_40.74,-74.003 to 40.724,-73.997;1	
S_FLOW_40.74,-74.003 to 40.747,-73.997;1	
S_FLOW_40.74,-74.003 to 40.754,-74.0;1	
S_FLOW_40.74,-74.003 to 40.755,-73.978;1	
S_FLOW_40.74,-74.004 to 40.739,-73.996;1	
S_FLOW_40.74,-74.004 to 40.756,-73.984;1	
S_FLOW_40.74,-74.005 to 40.719,-73.964;1	
S_FLOW_40.74,-74.006 to 40.729,-73.99;1	
S_FLOW_40.74,-74.006 to 40.738,-73.99;1	
S_FLOW_40.74,-74.006 to 40.739,-73.982;1	
S_FLOW_40.74,-74.006 to 40.739,-73.986;1	
S_FLOW_40.74,-74.006 to 40.739,-73.998;1	
S_FLOW_40.74,-74.006 to 40.742,-73.997;1	
S_FLOW_40.74,-74.006 to 40.746,-73.98;1	
S_FLOW_40.74,-74.006 to 40.75,-73.991;1	
S_FLOW_40.74,-74.006 to 40.751,-73.974;1	
S_FLOW_40.74,-74.006 to 40.755,-73.973;1	
S_FLOW_40.74,-74.006 to 40.759,-74.004;1	
S_FLOW_40.74,-74.006 to 40.767,-73.979;1	
S_FLOW_40.74,-74.006 to 40.773,-73.93;1	
S_FLOW_40.74,-74.006 to 40.774,-73.871;1	
S_FLOW_40.74,-74.008 to 40.749,-74.003;1	
S_FLOW_40.74,-74.008 to 40.758,-73.989;1	
S_FLOW_40.741,-73.952 to 40.644,-73.783;1	
S_FLOW_40.741,-73.979 to 40.731,-73.981;1	
S_FLOW_40.741,-73.982 to 40.727,-73.992;1	
S_FLOW_40.741,-73.982 to 40.729,-73.978;1	
S_FLOW_40.741,-73.982 to 40.746,-73.988;1	
S_FLOW_40.741,-73.982 to 40.75,-73.981;1	
S_FLOW_40.741,-73.982 to 40.751,-73.989;1	
S_FLOW_40.741,-73.982 to 40.756,-73.998;1	
S_FLOW_40.741,-73.983 to 40.73,-73.999;1	
S_FLOW_40.741,-73.983 to 40.74,-73.994;1	
S_FLOW_40.741,-73.984 to 40.785,-73.968;1	
S_FLOW_40.741,-73.985 to 40.745,-73.972;1	
S_FLOW_40.741,-73.985 to 40.75,-73.978;1	
S_FLOW_40.741,-73.985 to 40.753,-73.979;1	
S_FLOW_40.741,-73.986 to 40.733,-73.98;1	
S_FLOW_40.741,-73.986 to 40.739,-73.985;1	
S_FLOW_40.741,-73.986 to 40.744,-73.973;1	
S_FLOW_40.741,-73.986 to 40.751,-73.987;1	
S_FLOW_40.741,-73.986 to 40.758,-73.985;1	
S_FLOW_40.741,-73.986 to 40.759,-73.994;1	
S_FLOW_40.741,-73.986 to 40.759,-73.996;1	
S_FLOW_40.741,-73.986 to 40.762,-73.972;1	
S_FLOW_40.741,-73.986 to 40.774,-73.952;1	
S_FLOW_40.741,-73.986 to 40.783,-73.975;1	
S_FLOW_40.741,-73.987 to 40.728,-73.995;1	
S_FLOW_40.741,-73.987 to 40.814,-73.953;1	
S_FLOW_40.741,-73.988 to 40.729,-73.989;1	
S_FLOW_40.741,-73.988 to 40.734,-73.987;1	
S_FLOW_40.741,-73.989 to 40.754,-73.976;1	
S_FLOW_40.741,-73.989 to 40.762,-73.984;1	
S_FLOW_40.741,-73.99 to 40.72,-73.988;1	
S_FLOW_40.741,-73.99 to 40.735,-74.003;1	
S_FLOW_40.741,-73.99 to 40.756,-73.962;1	
S_FLOW_40.741,-73.993 to 40.664,-73.981;1	
S_FLOW_40.741,-73.993 to 40.697,-73.991;1	
S_FLOW_40.741,-73.993 to 40.724,-73.988;1	
S_FLOW_40.741,-73.993 to 40.736,-74.007;1	
S_FLOW_40.741,-73.993 to 40.741,-74.008;1	
S_FLOW_40.741,-73.993 to 40.743,-74.004;1	
S_FLOW_40.741,-73.993 to 40.748,-73.971;1	
S_FLOW_40.741,-73.993 to 40.802,-73.969;1	
S_FLOW_40.741,-73.994 to 40.749,-74.003;1	
S_FLOW_40.741,-73.994 to 40.753,-73.993;1	
S_FLOW_40.741,-73.994 to 40.754,-73.997;1	
S_FLOW_40.741,-73.994 to 40.758,-73.995;1	
S_FLOW_40.741,-73.994 to 40.778,-73.955;1	
S_FLOW_40.741,-73.998 to 40.747,-73.985;1	
S_FLOW_40.741,-73.998 to 40.767,-73.986;1	
S_FLOW_40.741,-74.001 to 40.743,-73.984;1	
S_FLOW_40.741,-74.001 to 40.759,-73.978;1	
S_FLOW_40.741,-74.002 to 40.734,-74.009;1	
S_FLOW_40.741,-74.002 to 40.742,-73.992;1	
S_FLOW_40.741,-74.002 to 40.743,-73.92;1	
S_FLOW_40.741,-74.004 to 40.753,-73.979;1	
S_FLOW_40.741,-74.005 to 40.647,-73.951;1	
S_FLOW_40.741,-74.005 to 40.731,-73.989;1	
S_FLOW_40.741,-74.005 to 40.739,-74.002;1	
S_FLOW_40.741,-74.005 to 40.751,-73.987;1	
S_FLOW_40.741,-74.005 to 40.756,-73.975;1	
S_FLOW_40.741,-74.005 to 40.764,-73.998;1	
S_FLOW_40.741,-74.005 to 40.786,-73.951;1	
S_FLOW_40.741,-74.005 to 40.806,-73.961;1	
S_FLOW_40.741,-74.006 to 40.725,-73.998;1	
S_FLOW_40.741,-74.006 to 40.735,-74.003;1	
S_FLOW_40.741,-74.006 to 40.768,-73.985;1	
S_FLOW_40.741,-74.007 to 40.708,-74.017;1	
S_FLOW_40.741,-74.007 to 40.733,-73.994;1	
S_FLOW_40.741,-74.007 to 40.739,-73.99;1	
S_FLOW_40.741,-74.008 to 40.725,-73.992;1	
S_FLOW_40.741,-74.008 to 40.75,-73.988;1	
S_FLOW_40.741,-74.008 to 40.775,-73.981;1	
S_FLOW_40.742,-73.944 to 40.765,-73.931;1	
S_FLOW_40.742,-73.974 to 40.724,-73.996;1	
S_FLOW_40.742,-73.975 to 40.697,-73.957;1	
S_FLOW_40.742,-73.975 to 40.734,-73.99;1	
S_FLOW_40.742,-73.975 to 40.757,-73.966;1	
S_FLOW_40.742,-73.975 to 40.757,-73.978;1	
S_FLOW_40.742,-73.975 to 40.773,-73.954;1	
S_FLOW_40.742,-73.975 to 40.774,-73.949;1	
S_FLOW_40.742,-73.978 to 40.731,-73.979;1	
S_FLOW_40.742,-73.978 to 40.747,-74.003;1	
S_FLOW_40.742,-73.978 to 40.756,-73.982;1	
S_FLOW_40.742,-73.981 to 40.749,-73.976;1	
S_FLOW_40.742,-73.981 to 40.77,-73.956;1	
S_FLOW_40.742,-73.981 to 40.776,-73.953;1	
S_FLOW_40.742,-73.984 to 40.744,-73.987;1	
S_FLOW_40.742,-73.985 to 40.672,-73.961;1	
S_FLOW_40.742,-73.985 to 40.732,-74.004;1	
S_FLOW_40.742,-73.985 to 40.751,-73.979;1	
S_FLOW_40.742,-73.985 to 40.758,-73.977;1	
S_FLOW_40.742,-73.985 to 40.775,-73.964;1	
S_FLOW_40.742,-73.986 to 40.743,-73.977;1	
S_FLOW_40.742,-73.988 to 40.734,-73.999;1	
S_FLOW_40.742,-73.988 to 40.737,-74.005;1	
S_FLOW_40.742,-73.988 to 40.763,-73.975;1	
S_FLOW_40.742,-73.989 to 40.687,-73.978;1	
S_FLOW_40.742,-73.989 to 40.761,-74.003;1	
S_FLOW_40.742,-73.99 to 40.723,-74.005;1	
S_FLOW_40.742,-73.99 to 40.747,-73.982;1	
S_FLOW_40.742,-73.99 to 40.747,-74.001;1	
S_FLOW_40.742,-73.99 to 40.75,-74.004;1	
S_FLOW_40.742,-73.991 to 40.735,-73.985;1	
S_FLOW_40.742,-73.991 to 40.75,-73.979;1	
S_FLOW_40.742,-73.991 to 40.77,-73.958;1	
S_FLOW_40.742,-73.992 to 40.754,-73.998;1	
S_FLOW_40.742,-73.993 to 40.746,-73.988;1	
S_FLOW_40.742,-73.993 to 40.749,-73.988;1	
S_FLOW_40.742,-73.993 to 40.752,-73.974;1	
S_FLOW_40.742,-73.993 to 40.752,-73.987;1	
S_FLOW_40.742,-73.993 to 40.773,-73.989;1	
S_FLOW_40.742,-73.993 to 40.778,-73.989;1	
S_FLOW_40.742,-73.994 to 40.725,-73.998;1	
S_FLOW_40.742,-73.994 to 40.745,-73.993;1	
S_FLOW_40.742,-73.994 to 40.753,-73.975;1	
S_FLOW_40.742,-73.994 to 40.757,-73.989;1	
S_FLOW_40.742,-73.994 to 40.758,-73.965;1	
S_FLOW_40.742,-73.994 to 40.761,-73.979;1	
S_FLOW_40.742,-73.994 to 40.783,-73.948;1	
S_FLOW_40.742,-73.995 to 40.724,-74.001;1	
S_FLOW_40.742,-73.997 to 40.725,-74.003;1	
S_FLOW_40.742,-73.997 to 40.726,-73.993;1	
S_FLOW_40.742,-73.997 to 40.735,-73.988;1	
S_FLOW_40.742,-73.997 to 40.738,-73.999;1	
S_FLOW_40.742,-73.997 to 40.738,-74.009;1	
S_FLOW_40.742,-73.997 to 40.754,-73.973;1	
S_FLOW_40.742,-73.998 to 40.763,-73.994;1	
S_FLOW_40.742,-73.999 to 40.756,-73.973;1	
S_FLOW_40.742,-74.004 to 40.74,-74.006;1	
S_FLOW_40.742,-74.004 to 40.74,-74.008;1	
S_FLOW_40.742,-74.004 to 40.749,-73.989;1	
S_FLOW_40.742,-74.004 to 40.751,-73.994;1	
S_FLOW_40.742,-74.004 to 40.756,-73.983;1	
S_FLOW_40.742,-74.004 to 40.756,-73.989;1	
S_FLOW_40.742,-74.005 to 40.732,-73.997;1	
S_FLOW_40.742,-74.005 to 40.737,-73.991;1	
S_FLOW_40.742,-74.005 to 40.74,-74.006;1	
S_FLOW_40.742,-74.005 to 40.761,-73.973;1	
S_FLOW_40.742,-74.005 to 40.774,-73.872;1	
S_FLOW_40.742,-74.006 to 40.766,-73.977;1	
S_FLOW_40.742,-74.006 to 40.831,-73.947;1	
S_FLOW_40.742,-74.007 to 40.751,-73.986;1	
S_FLOW_40.743,-73.918 to 40.762,-73.925;1	
S_FLOW_40.743,-73.919 to 40.78,-73.822;1	
S_FLOW_40.743,-73.954 to 40.74,-73.922;1	
S_FLOW_40.743,-73.973 to 40.809,-73.923;1	
S_FLOW_40.743,-73.974 to 40.744,-73.992;1	
S_FLOW_40.743,-73.974 to 40.745,-73.981;1	
S_FLOW_40.743,-73.977 to 40.691,-74.177;1	
S_FLOW_40.743,-73.977 to 40.731,-74.0;1	
S_FLOW_40.743,-73.977 to 40.732,-73.987;1	
S_FLOW_40.743,-73.977 to 40.74,-73.985;1	
S_FLOW_40.743,-73.977 to 40.745,-73.989;1	
S_FLOW_40.743,-73.978 to 40.714,-74.009;1	
S_FLOW_40.743,-73.978 to 40.75,-73.99;1	
S_FLOW_40.743,-73.98 to 40.739,-74.008;1	
S_FLOW_40.743,-73.98 to 40.74,-73.976;1	
S_FLOW_40.743,-73.98 to 40.749,-73.973;1	
S_FLOW_40.743,-73.98 to 40.751,-73.973;1	
S_FLOW_40.743,-73.98 to 40.752,-73.972;1	
S_FLOW_40.743,-73.98 to 40.761,-73.987;1	
S_FLOW_40.743,-73.98 to 40.764,-73.976;1	
S_FLOW_40.743,-73.98 to 40.772,-73.957;1	
S_FLOW_40.743,-73.982 to 40.756,-73.965;1	
S_FLOW_40.743,-73.983 to 40.75,-73.988;1	
S_FLOW_40.743,-73.984 to 40.705,-74.007;1	
S_FLOW_40.743,-73.984 to 40.721,-73.998;1	
S_FLOW_40.743,-73.984 to 40.741,-74.005;1	
S_FLOW_40.743,-73.984 to 40.748,-73.984;1	
S_FLOW_40.743,-73.984 to 40.757,-73.921;1	
S_FLOW_40.743,-73.984 to 40.772,-73.964;1	
S_FLOW_40.743,-73.985 to 40.731,-73.992;1	
S_FLOW_40.743,-73.985 to 40.732,-73.986;1	
S_FLOW_40.743,-73.985 to 40.781,-73.957;1	
S_FLOW_40.743,-73.986 to 40.727,-74.005;1	
S_FLOW_40.743,-73.986 to 40.774,-73.982;1	
S_FLOW_40.743,-73.988 to 40.759,-73.981;1	
S_FLOW_40.743,-73.988 to 40.763,-73.971;1	
S_FLOW_40.743,-73.989 to 40.717,-74.006;1	
S_FLOW_40.743,-73.989 to 40.753,-73.978;1	
S_FLOW_40.743,-73.991 to 40.758,-73.99;1	
S_FLOW_40.743,-73.992 to 40.714,-74.015;1	
S_FLOW_40.743,-73.992 to 40.733,-73.996;1	
S_FLOW_40.743,-73.992 to 40.751,-73.978;1	
S_FLOW_40.743,-73.992 to 40.782,-73.984;1	
S_FLOW_40.743,-73.992 to 40.785,-73.977;1	
S_FLOW_40.743,-73.993 to 40.734,-73.991;1	
S_FLOW_40.743,-73.993 to 40.741,-73.998;1	
S_FLOW_40.743,-73.993 to 40.75,-73.991;1	
S_FLOW_40.743,-73.993 to 40.751,-74.002;1	
S_FLOW_40.743,-73.993 to 40.761,-73.989;1	
S_FLOW_40.743,-73.993 to 40.798,-73.969;1	
S_FLOW_40.743,-73.994 to 40.708,-74.006;1	
S_FLOW_40.743,-73.994 to 40.75,-74.006;1	
S_FLOW_40.743,-73.997 to 40.737,-74.004;1	
S_FLOW_40.743,-73.997 to 40.743,-73.984;1	
S_FLOW_40.743,-73.997 to 40.769,-73.982;1	
S_FLOW_40.743,-74.0 to 40.743,-73.992;1	
S_FLOW_40.743,-74.0 to 40.752,-73.986;1	
S_FLOW_40.743,-74.0 to 40.756,-74.001;1	
S_FLOW_40.743,-74.0 to 40.758,-73.987;1	
S_FLOW_40.743,-74.0 to 40.763,-73.985;1	
S_FLOW_40.743,-74.0 to 40.775,-73.949;1	
S_FLOW_40.743,-74.0 to 40.795,-73.962;1	
S_FLOW_40.743,-74.001 to 40.75,-74.002;1	
S_FLOW_40.743,-74.004 to 40.76,-73.995;1	
S_FLOW_40.743,-74.008 to 40.728,-74.002;1	
S_FLOW_40.743,-74.008 to 40.743,-73.989;1	
S_FLOW_40.743,-74.008 to 40.744,-73.995;1	
S_FLOW_40.744,-73.923 to 40.73,-73.995;1	
S_FLOW_40.744,-73.923 to 40.761,-73.969;1	
S_FLOW_40.744,-73.924 to 40.744,-73.984;1	
S_FLOW_40.744,-73.925 to 40.751,-73.896;1	
S_FLOW_40.744,-73.973 to 40.73,-73.981;1	
S_FLOW_40.744,-73.973 to 40.749,-73.986;2	
S_FLOW_40.744,-73.973 to 40.752,-73.977;1	
S_FLOW_40.744,-73.973 to 40.765,-73.914;1	
S_FLOW_40.744,-73.973 to 40.773,-73.982;1	
S_FLOW_40.744,-73.973 to 40.78,-73.982;1	
S_FLOW_40.744,-73.975 to 40.725,-73.984;1	
S_FLOW_40.744,-73.976 to 40.725,-73.984;1	
S_FLOW_40.744,-73.976 to 40.741,-73.992;1	
S_FLOW_40.744,-73.979 to 40.737,-74.002;1	
S_FLOW_40.744,-73.979 to 40.746,-73.999;1	
S_FLOW_40.744,-73.979 to 40.749,-74.008;1	
S_FLOW_40.744,-73.979 to 40.755,-73.972;1	
S_FLOW_40.744,-73.98 to 40.751,-73.975;1	
S_FLOW_40.744,-73.98 to 40.756,-73.988;1	
S_FLOW_40.744,-73.98 to 40.776,-73.947;1	
S_FLOW_40.744,-73.981 to 40.594,-73.973;1	
S_FLOW_40.744,-73.981 to 40.721,-73.988;1	
S_FLOW_40.744,-73.982 to 40.742,-73.975;1	
S_FLOW_40.744,-73.982 to 40.746,-73.988;1	
S_FLOW_40.744,-73.983 to 40.765,-73.976;1	
S_FLOW_40.744,-73.983 to 40.78,-73.944;1	
S_FLOW_40.744,-73.984 to 40.72,-73.999;1	
S_FLOW_40.744,-73.984 to 40.74,-73.991;1	
S_FLOW_40.744,-73.984 to 40.745,-73.993;1	
S_FLOW_40.744,-73.984 to 40.755,-73.98;1	
S_FLOW_40.744,-73.985 to 40.705,-74.009;1	
S_FLOW_40.744,-73.985 to 40.759,-73.97;1	
S_FLOW_40.744,-73.986 to 40.755,-73.918;1	
S_FLOW_40.744,-73.986 to 40.758,-73.973;1	
S_FLOW_40.744,-73.987 to 40.739,-73.991;1	
S_FLOW_40.744,-73.987 to 40.756,-73.985;1	
S_FLOW_40.744,-73.988 to 40.719,-74.0;1	
S_FLOW_40.744,-73.988 to 40.73,-73.987;1	
S_FLOW_40.744,-73.988 to 40.754,-73.981;1	
S_FLOW_40.744,-73.989 to 40.648,-73.962;1	
S_FLOW_40.744,-73.989 to 40.726,-73.999;1	
S_FLOW_40.744,-73.989 to 40.733,-73.996;1	
S_FLOW_40.744,-73.989 to 40.739,-73.996;1	
S_FLOW_40.744,-73.99 to 40.729,-73.995;1	
S_FLOW_40.744,-73.99 to 40.79,-73.952;1	
S_FLOW_40.744,-73.996 to 40.713,-73.99;1	
S_FLOW_40.744,-73.996 to 40.722,-73.984;1	
S_FLOW_40.744,-73.996 to 40.722,-73.992;1	
S_FLOW_40.744,-73.996 to 40.75,-73.995;1	
S_FLOW_40.744,-73.996 to 40.779,-73.956;1	
S_FLOW_40.744,-73.996 to 40.78,-73.982;1	
S_FLOW_40.744,-73.999 to 40.755,-73.991;1	
S_FLOW_40.744,-73.999 to 40.757,-73.983;1	
S_FLOW_40.744,-74.0 to 40.741,-74.007;1	
S_FLOW_40.744,-74.0 to 40.782,-73.982;1	
S_FLOW_40.744,-74.003 to 40.704,-73.896;1	
S_FLOW_40.744,-74.003 to 40.709,-73.969;1	
S_FLOW_40.744,-74.003 to 40.716,-74.006;1	
S_FLOW_40.744,-74.003 to 40.72,-73.994;1	
S_FLOW_40.744,-74.003 to 40.745,-73.913;1	
S_FLOW_40.744,-74.006 to 40.735,-74.008;1	
S_FLOW_40.744,-74.006 to 40.741,-73.998;1	
S_FLOW_40.744,-74.007 to 40.681,-73.996;1	
S_FLOW_40.744,-74.007 to 40.739,-74.008;1	
S_FLOW_40.744,-74.007 to 40.74,-74.004;1	
S_FLOW_40.744,-74.007 to 40.745,-73.988;1	
S_FLOW_40.744,-74.007 to 40.746,-73.995;1	
S_FLOW_40.744,-74.007 to 40.761,-73.982;1	
S_FLOW_40.744,-74.007 to 40.778,-73.953;1	
S_FLOW_40.745,-73.883 to 40.745,-73.884;1	
S_FLOW_40.745,-73.887 to 40.779,-73.948;1	
S_FLOW_40.745,-73.933 to 40.768,-73.966;1	
S_FLOW_40.745,-73.936 to 40.745,-73.908;1	
S_FLOW_40.745,-73.972 to 40.758,-73.97;1	
S_FLOW_40.745,-73.975 to 40.735,-73.986;1	
S_FLOW_40.745,-73.976 to 40.718,-73.96;1	
S_FLOW_40.745,-73.976 to 40.726,-73.983;1	
S_FLOW_40.745,-73.976 to 40.73,-73.981;1	
S_FLOW_40.745,-73.976 to 40.739,-73.983;1	
S_FLOW_40.745,-73.976 to 40.739,-74.0;1	
S_FLOW_40.745,-73.976 to 40.75,-73.979;1	
S_FLOW_40.745,-73.976 to 40.765,-73.822;1	
S_FLOW_40.745,-73.978 to 40.714,-74.009;1	
S_FLOW_40.745,-73.978 to 40.768,-73.962;1	
S_FLOW_40.745,-73.978 to 40.782,-73.947;1	
S_FLOW_40.745,-73.978 to 40.784,-73.95;1	
S_FLOW_40.745,-73.978 to 40.794,-73.94;1	
S_FLOW_40.745,-73.979 to 40.734,-73.998;1	
S_FLOW_40.745,-73.979 to 40.737,-73.991;1	
S_FLOW_40.745,-73.979 to 40.75,-73.984;1	
S_FLOW_40.745,-73.979 to 40.77,-73.984;1	
S_FLOW_40.745,-73.981 to 40.721,-73.987;1	
S_FLOW_40.745,-73.981 to 40.739,-74.0;1	
S_FLOW_40.745,-73.981 to 40.749,-73.976;1	
S_FLOW_40.745,-73.982 to 40.752,-73.968;1	
S_FLOW_40.745,-73.982 to 40.778,-73.962;1	
S_FLOW_40.745,-73.983 to 40.726,-74.002;1	
S_FLOW_40.745,-73.983 to 40.727,-73.989;1	
S_FLOW_40.745,-73.983 to 40.731,-73.992;1	
S_FLOW_40.745,-73.983 to 40.745,-73.991;1	
S_FLOW_40.745,-73.983 to 40.75,-73.979;1	
S_FLOW_40.745,-73.983 to 40.751,-73.987;1	
S_FLOW_40.745,-73.983 to 40.752,-73.98;1	
S_FLOW_40.745,-73.983 to 40.762,-73.976;1	
S_FLOW_40.745,-73.983 to 40.764,-73.981;1	
S_FLOW_40.745,-73.984 to 40.723,-73.989;1	
S_FLOW_40.745,-73.984 to 40.741,-73.993;1	
S_FLOW_40.745,-73.985 to 40.753,-73.979;1	
S_FLOW_40.745,-73.986 to 40.736,-74.002;1	
S_FLOW_40.745,-73.987 to 40.704,-74.009;1	
S_FLOW_40.745,-73.987 to 40.736,-73.996;1	
S_FLOW_40.745,-73.987 to 40.763,-73.979;1	
S_FLOW_40.745,-73.988 to 40.742,-73.981;1	
S_FLOW_40.745,-73.988 to 40.785,-73.954;1	
S_FLOW_40.745,-73.989 to 40.732,-73.992;1	
S_FLOW_40.745,-73.989 to 40.741,-74.002;1	
S_FLOW_40.745,-73.989 to 40.743,-73.979;1	
S_FLOW_40.745,-73.989 to 40.754,-73.991;1	
S_FLOW_40.745,-73.989 to 40.76,-73.966;1	
S_FLOW_40.745,-73.991 to 40.632,-73.974;1	
S_FLOW_40.745,-73.991 to 40.718,-73.991;1	
S_FLOW_40.745,-73.991 to 40.745,-73.991;1	
S_FLOW_40.745,-73.991 to 40.767,-73.961;1	
S_FLOW_40.745,-73.991 to 40.779,-73.983;1	
S_FLOW_40.745,-73.992 to 40.754,-73.985;1	
S_FLOW_40.745,-73.992 to 40.771,-73.98;1	
S_FLOW_40.745,-73.995 to 40.717,-74.013;1	
S_FLOW_40.745,-73.995 to 40.719,-73.988;1	
S_FLOW_40.745,-73.995 to 40.726,-73.995;1	
S_FLOW_40.745,-73.995 to 40.735,-74.0;1	
S_FLOW_40.745,-73.995 to 40.738,-74.008;1	
S_FLOW_40.745,-73.995 to 40.739,-73.985;1	
S_FLOW_40.745,-73.995 to 40.739,-73.986;1	
S_FLOW_40.745,-73.995 to 40.743,-73.983;1	
S_FLOW_40.745,-73.995 to 40.757,-73.983;1	
S_FLOW_40.745,-73.995 to 40.767,-73.988;1	
S_FLOW_40.745,-73.995 to 40.781,-73.913;1	
S_FLOW_40.745,-73.996 to 40.824,-73.952;1	
S_FLOW_40.745,-73.997 to 40.753,-73.97;1	
S_FLOW_40.745,-73.998 to 40.763,-73.985;1	
S_FLOW_40.745,-73.998 to 40.791,-73.98;1	
S_FLOW_40.745,-73.999 to 40.75,-73.991;1	
S_FLOW_40.745,-73.999 to 40.755,-73.991;1	
S_FLOW_40.745,-73.999 to 40.756,-74.003;1	
S_FLOW_40.745,-73.999 to 40.764,-73.985;1	
S_FLOW_40.745,-74.002 to 40.747,-73.997;1	
S_FLOW_40.745,-74.006 to 40.722,-73.987;1	
S_FLOW_40.745,-74.006 to 40.74,-73.991;1	
S_FLOW_40.745,-74.006 to 40.751,-73.987;1	
S_FLOW_40.745,-74.006 to 40.756,-73.995;1	
S_FLOW_40.745,-74.009 to 40.731,-74.008;1	
S_FLOW_40.746,-73.915 to 40.762,-73.966;1	
S_FLOW_40.746,-73.957 to 40.741,-73.875;1	
S_FLOW_40.746,-73.972 to 40.753,-73.97;1	
S_FLOW_40.746,-73.972 to 40.756,-73.965;1	
S_FLOW_40.746,-73.974 to 40.754,-73.978;1	
S_FLOW_40.746,-73.978 to 40.688,-73.973;1	
S_FLOW_40.746,-73.978 to 40.729,-73.98;1	
S_FLOW_40.746,-73.978 to 40.751,-73.991;1	
S_FLOW_40.746,-73.978 to 40.755,-73.968;1	
S_FLOW_40.746,-73.978 to 40.755,-73.984;1	
S_FLOW_40.746,-73.978 to 40.756,-73.988;1	
S_FLOW_40.746,-73.978 to 40.766,-73.967;1	
S_FLOW_40.746,-73.98 to 40.706,-74.006;1	
S_FLOW_40.746,-73.98 to 40.721,-74.005;1	
S_FLOW_40.746,-73.98 to 40.722,-73.992;1	
S_FLOW_40.746,-73.98 to 40.729,-73.981;1	
S_FLOW_40.746,-73.98 to 40.733,-73.988;1	
S_FLOW_40.746,-73.98 to 40.74,-73.989;1	
S_FLOW_40.746,-73.98 to 40.746,-73.994;1	
S_FLOW_40.746,-73.98 to 40.75,-73.991;1	
S_FLOW_40.746,-73.982 to 40.719,-74.009;1	
S_FLOW_40.746,-73.982 to 40.749,-73.977;1	
S_FLOW_40.746,-73.982 to 40.756,-73.989;1	
S_FLOW_40.746,-73.982 to 40.795,-73.966;1	
S_FLOW_40.746,-73.983 to 40.739,-73.989;1	
S_FLOW_40.746,-73.983 to 40.752,-73.974;1	
S_FLOW_40.746,-73.984 to 40.723,-73.999;1	
S_FLOW_40.746,-73.984 to 40.744,-73.979;1	
S_FLOW_40.746,-73.984 to 40.754,-73.974;1	
S_FLOW_40.746,-73.984 to 40.756,-73.977;1	
S_FLOW_40.746,-73.984 to 40.761,-73.967;1	
S_FLOW_40.746,-73.985 to 40.736,-73.985;1	
S_FLOW_40.746,-73.986 to 40.749,-73.978;1	
S_FLOW_40.746,-73.987 to 40.74,-73.979;1	
S_FLOW_40.746,-73.987 to 40.754,-73.978;1	
S_FLOW_40.746,-73.988 to 40.643,-73.79;1	
S_FLOW_40.746,-73.988 to 40.736,-74.006;1	
S_FLOW_40.746,-73.989 to 40.752,-73.98;1	
S_FLOW_40.746,-73.99 to 40.682,-73.956;1	
S_FLOW_40.746,-73.99 to 40.72,-74.006;1	
S_FLOW_40.746,-73.99 to 40.762,-73.978;1	
S_FLOW_40.746,-73.991 to 40.742,-73.957;1	
S_FLOW_40.746,-73.991 to 40.75,-74.003;1	
S_FLOW_40.746,-73.991 to 40.757,-73.983;1	
S_FLOW_40.746,-73.991 to 40.774,-73.871;1	
S_FLOW_40.746,-73.991 to 40.796,-73.949;1	
S_FLOW_40.746,-73.991 to 40.804,-73.942;1	
S_FLOW_40.746,-73.994 to 40.723,-73.998;1	
S_FLOW_40.746,-73.994 to 40.732,-73.992;1	
S_FLOW_40.746,-73.994 to 40.737,-73.98;1	
S_FLOW_40.746,-73.994 to 40.742,-74.001;1	
S_FLOW_40.746,-73.994 to 40.742,-74.007;1	
S_FLOW_40.746,-73.994 to 40.752,-74.007;1	
S_FLOW_40.746,-73.995 to 40.736,-74.005;1	
S_FLOW_40.746,-73.995 to 40.758,-73.989;1	
S_FLOW_40.746,-73.997 to 40.735,-73.992;1	
S_FLOW_40.746,-73.998 to 40.744,-73.98;1	
S_FLOW_40.746,-73.998 to 40.751,-74.003;1	
S_FLOW_40.746,-73.998 to 40.78,-73.976;1	
S_FLOW_40.746,-74.001 to 40.741,-73.986;1	
S_FLOW_40.746,-74.001 to 40.852,-73.942;1	
S_FLOW_40.746,-74.002 to 40.728,-73.988;1	
S_FLOW_40.746,-74.002 to 40.733,-73.996;1	
S_FLOW_40.746,-74.002 to 40.736,-73.991;1	
S_FLOW_40.746,-74.002 to 40.74,-73.987;1	
S_FLOW_40.746,-74.002 to 40.747,-74.008;1	
S_FLOW_40.746,-74.006 to 40.726,-73.994;1	
S_FLOW_40.746,-74.006 to 40.737,-73.991;1	
S_FLOW_40.746,-74.006 to 40.747,-73.984;1	
S_FLOW_40.746,-74.006 to 40.779,-73.962;1	
S_FLOW_40.746,-74.008 to 40.708,-74.006;1	
S_FLOW_40.747,-73.89 to 40.745,-73.908;1	
S_FLOW_40.747,-73.891 to 40.734,-73.899;1	
S_FLOW_40.747,-73.944 to 40.774,-73.873;1	
S_FLOW_40.747,-73.956 to 40.745,-73.951;1	
S_FLOW_40.747,-73.972 to 40.72,-74.008;1	
S_FLOW_40.747,-73.972 to 40.768,-73.956;1	
S_FLOW_40.747,-73.973 to 40.737,-73.977;1	
S_FLOW_40.747,-73.973 to 40.762,-73.981;1	
S_FLOW_40.747,-73.974 to 40.72,-73.99;1	
S_FLOW_40.747,-73.977 to 40.74,-73.986;1	
S_FLOW_40.747,-73.978 to 40.78,-73.953;1	
S_FLOW_40.747,-73.979 to 40.803,-73.964;1	
S_FLOW_40.747,-73.98 to 40.731,-73.988;1	
S_FLOW_40.747,-73.98 to 40.731,-74.004;1	
S_FLOW_40.747,-73.98 to 40.757,-73.976;1	
S_FLOW_40.747,-73.981 to 40.736,-73.988;1	
S_FLOW_40.747,-73.981 to 40.756,-73.883;1	
S_FLOW_40.747,-73.981 to 40.763,-73.965;1	
S_FLOW_40.747,-73.982 to 40.756,-73.965;1	
S_FLOW_40.747,-73.982 to 40.763,-73.978;1	
S_FLOW_40.747,-73.983 to 40.743,-73.994;1	
S_FLOW_40.747,-73.983 to 40.774,-73.952;1	
S_FLOW_40.747,-73.984 to 40.751,-73.981;1	
S_FLOW_40.747,-73.985 to 40.723,-73.986;1	
S_FLOW_40.747,-73.985 to 40.725,-73.981;1	
S_FLOW_40.747,-73.986 to 40.747,-74.001;1	
S_FLOW_40.747,-73.986 to 40.795,-73.945;1	
S_FLOW_40.747,-73.987 to 40.724,-73.998;1	
S_FLOW_40.747,-73.987 to 40.758,-73.985;1	
S_FLOW_40.747,-73.988 to 40.753,-73.986;1	
S_FLOW_40.747,-73.99 to 40.723,-73.986;1	
S_FLOW_40.747,-73.99 to 40.738,-73.984;1	
S_FLOW_40.747,-73.99 to 40.743,-73.979;1	
S_FLOW_40.747,-73.99 to 40.77,-73.865;1	
S_FLOW_40.747,-73.99 to 40.787,-73.973;1	
S_FLOW_40.747,-73.993 to 40.688,-73.916;1	
S_FLOW_40.747,-73.993 to 40.726,-73.998;1	
S_FLOW_40.747,-73.993 to 40.744,-74.003;1	
S_FLOW_40.747,-73.993 to 40.762,-73.995;1	
S_FLOW_40.747,-73.993 to 40.77,-73.865;1	
S_FLOW_40.747,-73.994 to 40.71,-74.016;1	
S_FLOW_40.747,-73.994 to 40.753,-74.004;1	
S_FLOW_40.747,-73.994 to 40.758,-73.983;1	
S_FLOW_40.747,-73.994 to 40.765,-73.992;1	
S_FLOW_40.747,-73.996 to 40.741,-73.99;1	
S_FLOW_40.747,-73.997 to 40.739,-74.008;1	
S_FLOW_40.747,-73.998 to 40.746,-73.984;1	
S_FLOW_40.747,-74.001 to 40.662,-73.802;1	
S_FLOW_40.747,-74.001 to 40.73,-73.989;1	
S_FLOW_40.747,-74.001 to 40.736,-74.004;1	
S_FLOW_40.747,-74.001 to 40.738,-74.0;1	
S_FLOW_40.747,-74.001 to 40.741,-73.981;1	
S_FLOW_40.747,-74.001 to 40.746,-73.987;1	
S_FLOW_40.747,-74.002 to 40.718,-74.001;1	
S_FLOW_40.747,-74.002 to 40.735,-73.994;1	
S_FLOW_40.747,-74.002 to 40.744,-73.984;1	
S_FLOW_40.747,-74.004 to 40.719,-74.011;1	
S_FLOW_40.747,-74.004 to 40.74,-73.987;1	
S_FLOW_40.747,-74.008 to 40.757,-73.989;1	
S_FLOW_40.748,-73.945 to 40.74,-73.923;1	
S_FLOW_40.748,-73.968 to 40.768,-73.962;1	
S_FLOW_40.748,-73.973 to 40.728,-73.988;1	
S_FLOW_40.748,-73.973 to 40.759,-73.96;1	
S_FLOW_40.748,-73.974 to 40.722,-74.001;1	
S_FLOW_40.748,-73.974 to 40.74,-73.99;1	
S_FLOW_40.748,-73.974 to 40.749,-73.984;1	
S_FLOW_40.748,-73.976 to 40.655,-74.014;1	
S_FLOW_40.748,-73.976 to 40.731,-73.989;1	
S_FLOW_40.748,-73.976 to 40.74,-73.979;1	
S_FLOW_40.748,-73.976 to 40.742,-73.975;1	
S_FLOW_40.748,-73.976 to 40.746,-73.994;1	
S_FLOW_40.748,-73.977 to 40.739,-73.984;1	
S_FLOW_40.748,-73.977 to 40.749,-73.991;1	
S_FLOW_40.748,-73.977 to 40.752,-73.991;1	
S_FLOW_40.748,-73.977 to 40.753,-73.981;1	
S_FLOW_40.748,-73.977 to 40.766,-73.963;1	
S_FLOW_40.748,-73.978 to 40.733,-74.005;1	
S_FLOW_40.748,-73.979 to 40.743,-73.985;1	
S_FLOW_40.748,-73.98 to 40.735,-73.98;1	
S_FLOW_40.748,-73.981 to 40.722,-74.0;1	
S_FLOW_40.748,-73.981 to 40.725,-73.981;1	
S_FLOW_40.748,-73.983 to 40.759,-73.974;1	
S_FLOW_40.748,-73.985 to 40.731,-73.982;1	
S_FLOW_40.748,-73.985 to 40.741,-73.984;1	
S_FLOW_40.748,-73.985 to 40.741,-73.992;1	
S_FLOW_40.748,-73.985 to 40.754,-73.985;1	
S_FLOW_40.748,-73.985 to 40.757,-73.969;1	
S_FLOW_40.748,-73.985 to 40.758,-73.989;1	
S_FLOW_40.748,-73.985 to 40.771,-73.957;1	
S_FLOW_40.748,-73.986 to 40.757,-73.986;1	
S_FLOW_40.748,-73.987 to 40.708,-73.967;1	
S_FLOW_40.748,-73.987 to 40.724,-73.988;1	
S_FLOW_40.748,-73.987 to 40.739,-73.982;1	
S_FLOW_40.748,-73.987 to 40.755,-73.985;1	
S_FLOW_40.748,-73.987 to 40.817,-73.941;1	
S_FLOW_40.748,-73.988 to 40.734,-73.896;1	
S_FLOW_40.748,-73.988 to 40.757,-73.978;1	
S_FLOW_40.748,-73.988 to 40.768,-73.962;1	
S_FLOW_40.748,-73.988 to 40.78,-73.95;1	
S_FLOW_40.748,-73.989 to 40.718,-73.957;1	
S_FLOW_40.748,-73.989 to 40.752,-73.99;1	
S_FLOW_40.748,-73.989 to 40.763,-73.963;1	
S_FLOW_40.748,-73.989 to 40.764,-73.975;1	
S_FLOW_40.748,-73.989 to 40.767,-73.99;1	
S_FLOW_40.748,-73.989 to 40.812,-73.943;1	
S_FLOW_40.748,-73.992 to 40.778,-73.984;1	
S_FLOW_40.748,-73.992 to 40.8,-73.952;1	
S_FLOW_40.748,-73.993 to 40.704,-74.008;1	
S_FLOW_40.748,-73.993 to 40.719,-74.006;1	
S_FLOW_40.748,-73.993 to 40.724,-74.0;1	
S_FLOW_40.748,-73.993 to 40.727,-73.995;1	
S_FLOW_40.748,-73.993 to 40.736,-74.005;1	
S_FLOW_40.748,-73.994 to 40.762,-73.987;1	
S_FLOW_40.748,-73.997 to 40.768,-73.969;1	
S_FLOW_40.748,-74.0 to 40.753,-73.978;1	
S_FLOW_40.748,-74.003 to 40.732,-73.983;1	
S_FLOW_40.748,-74.003 to 40.754,-73.978;1	
S_FLOW_40.748,-74.004 to 40.702,-73.99;1	
S_FLOW_40.748,-74.004 to 40.734,-73.986;1	
S_FLOW_40.748,-74.004 to 40.739,-73.985;1	
S_FLOW_40.748,-74.004 to 40.741,-73.998;1	
S_FLOW_40.748,-74.004 to 40.747,-73.972;1	
S_FLOW_40.748,-74.004 to 40.752,-74.004;1	
S_FLOW_40.748,-74.004 to 40.763,-73.969;1	
S_FLOW_40.748,-74.004 to 40.764,-73.977;1	
S_FLOW_40.748,-74.006 to 40.748,-73.996;1	
S_FLOW_40.748,-74.006 to 40.766,-73.988;1	
S_FLOW_40.749,-73.898 to 40.749,-73.898;1	
S_FLOW_40.749,-73.972 to 40.721,-73.993;1	
S_FLOW_40.749,-73.972 to 40.732,-73.984;1	
S_FLOW_40.749,-73.972 to 40.762,-73.983;1	
S_FLOW_40.749,-73.972 to 40.77,-73.865;1	
S_FLOW_40.749,-73.973 to 40.723,-74.008;1	
S_FLOW_40.749,-73.973 to 40.728,-73.986;1	
S_FLOW_40.749,-73.973 to 40.736,-74.008;1	
S_FLOW_40.749,-73.973 to 40.743,-73.982;1	
S_FLOW_40.749,-73.974 to 40.727,-73.992;1	
S_FLOW_40.749,-73.975 to 40.745,-74.006;1	
S_FLOW_40.749,-73.975 to 40.812,-73.945;1	
S_FLOW_40.749,-73.976 to 40.709,-74.006;1	
S_FLOW_40.749,-73.976 to 40.734,-73.995;1	
S_FLOW_40.749,-73.976 to 40.742,-73.994;1	
S_FLOW_40.749,-73.976 to 40.772,-73.953;1	
S_FLOW_40.749,-73.978 to 40.737,-73.989;1	
S_FLOW_40.749,-73.978 to 40.743,-73.992;1	
S_FLOW_40.749,-73.978 to 40.755,-73.973;1	
S_FLOW_40.749,-73.98 to 40.645,-73.778;1	
S_FLOW_40.749,-73.98 to 40.756,-73.963;1	
S_FLOW_40.749,-73.98 to 40.766,-73.954;1	
S_FLOW_40.749,-73.983 to 40.77,-73.984;1	
S_FLOW_40.749,-73.983 to 40.777,-73.964;1	
S_FLOW_40.749,-73.984 to 40.729,-73.995;1	
S_FLOW_40.749,-73.984 to 40.756,-73.985;1	
S_FLOW_40.749,-73.987 to 40.722,-73.992;1	
S_FLOW_40.749,-73.987 to 40.756,-74.004;1	
S_FLOW_40.749,-73.988 to 40.764,-73.962;1	
S_FLOW_40.749,-73.988 to 40.764,-73.989;1	
S_FLOW_40.749,-73.988 to 40.779,-73.958;1	
S_FLOW_40.749,-73.989 to 40.735,-74.002;1	
S_FLOW_40.749,-73.989 to 40.739,-73.997;1	
S_FLOW_40.749,-73.989 to 40.741,-74.002;1	
S_FLOW_40.749,-73.989 to 40.759,-73.979;1	
S_FLOW_40.749,-73.99 to 40.717,-74.004;1	
S_FLOW_40.749,-73.991 to 40.764,-73.986;1	
S_FLOW_40.749,-73.991 to 40.777,-73.988;1	
S_FLOW_40.749,-73.992 to 40.712,-73.963;1	
S_FLOW_40.749,-73.992 to 40.729,-73.988;1	
S_FLOW_40.749,-73.992 to 40.737,-73.989;1	
S_FLOW_40.749,-73.992 to 40.742,-73.998;1	
S_FLOW_40.749,-73.992 to 40.763,-73.959;1	
S_FLOW_40.749,-73.992 to 40.764,-73.977;1	
S_FLOW_40.749,-73.992 to 40.764,-73.982;1	
S_FLOW_40.749,-73.992 to 40.77,-73.992;1	
S_FLOW_40.749,-73.994 to 40.759,-73.978;1	
S_FLOW_40.749,-73.995 to 40.74,-73.995;1	
S_FLOW_40.749,-73.996 to 40.803,-73.956;1	
S_FLOW_40.749,-73.996 to 40.822,-73.94;1	
S_FLOW_40.749,-73.998 to 40.753,-74.0;1	
S_FLOW_40.749,-74.0 to 40.726,-73.995;1	
S_FLOW_40.749,-74.001 to 40.741,-73.993;1	
S_FLOW_40.749,-74.003 to 40.735,-74.006;1	
S_FLOW_40.749,-74.004 to 40.76,-74.003;1	
S_FLOW_40.749,-74.008 to 40.78,-73.976;1	
S_FLOW_40.75,-73.939 to 40.531,-74.394;1	
S_FLOW_40.75,-73.972 to 40.733,-73.984;1	
S_FLOW_40.75,-73.972 to 40.745,-73.986;1	
S_FLOW_40.75,-73.972 to 40.749,-73.992;1	
S_FLOW_40.75,-73.972 to 40.763,-73.97;1	
S_FLOW_40.75,-73.973 to 40.749,-73.987;1	
S_FLOW_40.75,-73.974 to 40.748,-73.988;1	
S_FLOW_40.75,-73.975 to 40.721,-73.994;1	
S_FLOW_40.75,-73.975 to 40.727,-74.009;1	
S_FLOW_40.75,-73.975 to 40.762,-73.991;1	
S_FLOW_40.75,-73.975 to 40.795,-73.972;1	
S_FLOW_40.75,-73.976 to 40.742,-73.975;1	
S_FLOW_40.75,-73.977 to 40.713,-73.951;1	
S_FLOW_40.75,-73.977 to 40.72,-73.988;1	
S_FLOW_40.75,-73.977 to 40.739,-73.995;1	
S_FLOW_40.75,-73.977 to 40.741,-73.983;1	
S_FLOW_40.75,-73.978 to 40.735,-73.991;1	
S_FLOW_40.75,-73.978 to 40.744,-73.988;1	
S_FLOW_40.75,-73.979 to 40.739,-73.987;1	
S_FLOW_40.75,-73.979 to 40.75,-73.991;1	
S_FLOW_40.75,-73.979 to 40.755,-73.991;1	
S_FLOW_40.75,-73.979 to 40.759,-73.97;1	
S_FLOW_40.75,-73.979 to 40.767,-73.98;1	
S_FLOW_40.75,-73.979 to 40.851,-73.934;1	
S_FLOW_40.75,-73.98 to 40.73,-73.984;1	
S_FLOW_40.75,-73.98 to 40.762,-73.974;1	
S_FLOW_40.75,-73.981 to 40.757,-73.99;1	
S_FLOW_40.75,-73.983 to 40.695,-73.983;1	
S_FLOW_40.75,-73.983 to 40.729,-74.0;1	
S_FLOW_40.75,-73.983 to 40.758,-73.991;1	
S_FLOW_40.75,-73.983 to 40.761,-73.922;1	
S_FLOW_40.75,-73.983 to 40.772,-73.95;1	
S_FLOW_40.75,-73.984 to 40.693,-73.971;1	
S_FLOW_40.75,-73.984 to 40.763,-73.977;1	
S_FLOW_40.75,-73.986 to 40.732,-74.003;1	
S_FLOW_40.75,-73.986 to 40.756,-73.999;1	
S_FLOW_40.75,-73.987 to 40.785,-73.956;1	
S_FLOW_40.75,-73.987 to 40.838,-73.856;1	
S_FLOW_40.75,-73.988 to 40.745,-74.009;1	
S_FLOW_40.75,-73.988 to 40.763,-73.973;1	
S_FLOW_40.75,-73.988 to 40.763,-73.986;1	
S_FLOW_40.75,-73.989 to 40.742,-73.994;1	
S_FLOW_40.75,-73.989 to 40.749,-73.983;1	
S_FLOW_40.75,-73.989 to 40.754,-73.998;1	
S_FLOW_40.75,-73.989 to 40.761,-73.969;1	
S_FLOW_40.75,-73.99 to 40.758,-73.915;1	
S_FLOW_40.75,-73.99 to 40.76,-73.981;1	
S_FLOW_40.75,-73.991 to 40.714,-73.919;1	
S_FLOW_40.75,-73.991 to 40.721,-73.997;1	
S_FLOW_40.75,-73.991 to 40.725,-74.004;1	
S_FLOW_40.75,-73.991 to 40.728,-74.0;1	
S_FLOW_40.75,-73.991 to 40.731,-73.987;1	
S_FLOW_40.75,-73.991 to 40.735,-73.989;1	
S_FLOW_40.75,-73.991 to 40.737,-73.978;1	
S_FLOW_40.75,-73.991 to 40.739,-73.978;1	
S_FLOW_40.75,-73.991 to 40.739,-74.0;1	
S_FLOW_40.75,-73.991 to 40.741,-73.988;1	
S_FLOW_40.75,-73.991 to 40.742,-73.975;1	
S_FLOW_40.75,-73.991 to 40.742,-74.004;1	
S_FLOW_40.75,-73.991 to 40.744,-73.973;1	
S_FLOW_40.75,-73.991 to 40.744,-73.98;1	
S_FLOW_40.75,-73.991 to 40.749,-73.971;1	
S_FLOW_40.75,-73.991 to 40.751,-73.979;1	
S_FLOW_40.75,-73.991 to 40.756,-73.976;1	
S_FLOW_40.75,-73.991 to 40.756,-73.99;1	
S_FLOW_40.75,-73.991 to 40.756,-73.998;1	
S_FLOW_40.75,-73.991 to 40.758,-73.976;1	
S_FLOW_40.75,-73.991 to 40.761,-73.961;1	
S_FLOW_40.75,-73.991 to 40.761,-73.98;1	
S_FLOW_40.75,-73.991 to 40.761,-73.984;1	
S_FLOW_40.75,-73.991 to 40.765,-73.958;1	
S_FLOW_40.75,-73.991 to 40.765,-73.978;1	
S_FLOW_40.75,-73.991 to 40.765,-73.979;1	
S_FLOW_40.75,-73.991 to 40.773,-73.949;1	
S_FLOW_40.75,-73.991 to 40.774,-73.957;1	
S_FLOW_40.75,-73.991 to 40.778,-73.949;1	
S_FLOW_40.75,-73.992 to 40.711,-74.01;1	
S_FLOW_40.75,-73.992 to 40.729,-74.001;1	
S_FLOW_40.75,-73.992 to 40.735,-73.98;1	
S_FLOW_40.75,-73.992 to 40.737,-73.985;1	
S_FLOW_40.75,-73.992 to 40.739,-74.002;1	
S_FLOW_40.75,-73.992 to 40.74,-73.992;1	
S_FLOW_40.75,-73.992 to 40.741,-73.973;1	
S_FLOW_40.75,-73.992 to 40.742,-73.983;1	
S_FLOW_40.75,-73.992 to 40.746,-74.006;1	
S_FLOW_40.75,-73.992 to 40.752,-73.982;1	
S_FLOW_40.75,-73.992 to 40.753,-73.974;1	
S_FLOW_40.75,-73.992 to 40.753,-73.978;1	
S_FLOW_40.75,-73.992 to 40.754,-73.992;1	
S_FLOW_40.75,-73.992 to 40.755,-73.975;1	
S_FLOW_40.75,-73.992 to 40.76,-73.988;1	
S_FLOW_40.75,-73.992 to 40.761,-73.999;1	
S_FLOW_40.75,-73.992 to 40.765,-73.987;1	
S_FLOW_40.75,-73.992 to 40.769,-73.956;1	
S_FLOW_40.75,-73.992 to 40.78,-73.955;1	
S_FLOW_40.75,-73.992 to 40.78,-73.981;1	
S_FLOW_40.75,-73.993 to 40.747,-74.006;1	
S_FLOW_40.75,-73.994 to 40.709,-74.01;1	
S_FLOW_40.75,-73.994 to 40.735,-73.984;1	
S_FLOW_40.75,-73.994 to 40.749,-74.002;1	
S_FLOW_40.75,-73.994 to 40.751,-73.975;1	
S_FLOW_40.75,-73.994 to 40.754,-73.977;1	
S_FLOW_40.75,-73.994 to 40.759,-73.986;1	
S_FLOW_40.75,-73.995 to 40.723,-74.01;1	
S_FLOW_40.75,-73.995 to 40.728,-73.994;1	
S_FLOW_40.75,-73.995 to 40.753,-73.979;1	
S_FLOW_40.75,-73.995 to 40.755,-73.976;1	
S_FLOW_40.75,-73.995 to 40.758,-73.978;1	
S_FLOW_40.75,-73.995 to 40.765,-73.988;1	
S_FLOW_40.75,-73.999 to 40.735,-74.006;1	
S_FLOW_40.75,-74.004 to 40.738,-74.001;1	
S_FLOW_40.75,-74.006 to 40.711,-74.008;1	
S_FLOW_40.751,-73.968 to 40.763,-73.973;1	
S_FLOW_40.751,-73.969 to 40.751,-73.971;1	
S_FLOW_40.751,-73.969 to 40.775,-73.949;1	
S_FLOW_40.751,-73.97 to 40.734,-73.993;1	
S_FLOW_40.751,-73.97 to 40.757,-73.983;1	
S_FLOW_40.751,-73.97 to 40.765,-73.962;1	
S_FLOW_40.751,-73.971 to 40.728,-73.98;1	
S_FLOW_40.751,-73.971 to 40.732,-73.977;1	
S_FLOW_40.751,-73.971 to 40.771,-73.982;1	
S_FLOW_40.751,-73.972 to 40.717,-74.004;1	
S_FLOW_40.751,-73.972 to 40.751,-73.99;1	
S_FLOW_40.751,-73.973 to 40.752,-73.974;1	
S_FLOW_40.751,-73.973 to 40.762,-73.978;1	
S_FLOW_40.751,-73.974 to 40.749,-73.992;1	
S_FLOW_40.751,-73.974 to 40.764,-73.969;2	
S_FLOW_40.751,-73.975 to 40.779,-73.958;1	
S_FLOW_40.751,-73.976 to 40.702,-74.009;1	
S_FLOW_40.751,-73.976 to 40.745,-73.995;1	
S_FLOW_40.751,-73.976 to 40.756,-73.996;1	
S_FLOW_40.751,-73.976 to 40.763,-73.966;1	
S_FLOW_40.751,-73.976 to 40.767,-73.986;1	
S_FLOW_40.751,-73.977 to 40.69,-73.994;1	
S_FLOW_40.751,-73.977 to 40.726,-74.006;1	
S_FLOW_40.751,-73.977 to 40.759,-73.979;1	
S_FLOW_40.751,-73.979 to 40.727,-73.977;1	
S_FLOW_40.751,-73.979 to 40.732,-73.998;1	
S_FLOW_40.751,-73.979 to 40.746,-73.984;1	
S_FLOW_40.751,-73.979 to 40.778,-73.951;1	
S_FLOW_40.751,-73.979 to 40.778,-73.953;1	
S_FLOW_40.751,-73.98 to 40.756,-73.984;1	
S_FLOW_40.751,-73.981 to 40.789,-73.949;1	
S_FLOW_40.751,-73.981 to 40.806,-73.941;1	
S_FLOW_40.751,-73.982 to 40.725,-73.997;1	
S_FLOW_40.751,-73.982 to 40.728,-73.856;1	
S_FLOW_40.751,-73.982 to 40.744,-73.999;1	
S_FLOW_40.751,-73.982 to 40.747,-73.941;1	
S_FLOW_40.751,-73.985 to 40.73,-74.001;1	
S_FLOW_40.751,-73.985 to 40.75,-74.004;1	
S_FLOW_40.751,-73.985 to 40.762,-73.98;1	
S_FLOW_40.751,-73.987 to 40.74,-73.998;1	
S_FLOW_40.751,-73.987 to 40.751,-73.978;1	
S_FLOW_40.751,-73.987 to 40.754,-74.003;1	
S_FLOW_40.751,-73.987 to 40.762,-73.979;1	
S_FLOW_40.751,-73.987 to 40.778,-73.949;1	
S_FLOW_40.751,-73.987 to 40.793,-73.95;1	
S_FLOW_40.751,-73.987 to 40.812,-73.961;1	
S_FLOW_40.751,-73.988 to 40.756,-73.992;1	
S_FLOW_40.751,-73.988 to 40.767,-73.982;1	
S_FLOW_40.751,-73.989 to 40.805,-73.963;1	
S_FLOW_40.751,-73.99 to 40.743,-74.009;1	
S_FLOW_40.751,-73.99 to 40.761,-73.996;1	
S_FLOW_40.751,-73.99 to 40.763,-73.982;1	
S_FLOW_40.751,-73.991 to 40.691,-73.995;1	
S_FLOW_40.751,-73.991 to 40.736,-73.993;1	
S_FLOW_40.751,-73.991 to 40.739,-74.007;1	
S_FLOW_40.751,-73.991 to 40.741,-73.979;1	
S_FLOW_40.751,-73.991 to 40.741,-73.994;1	
S_FLOW_40.751,-73.991 to 40.745,-73.979;1	
S_FLOW_40.751,-73.991 to 40.745,-73.984;1	
S_FLOW_40.751,-73.991 to 40.749,-73.973;1	
S_FLOW_40.751,-73.991 to 40.749,-73.98;1	
S_FLOW_40.751,-73.991 to 40.756,-73.983;1	
S_FLOW_40.751,-73.991 to 40.756,-74.002;1	
S_FLOW_40.751,-73.991 to 40.867,-73.927;1	
S_FLOW_40.751,-73.993 to 40.754,-73.986;1	
S_FLOW_40.751,-73.994 to 40.688,-74.182;1	
S_FLOW_40.751,-73.994 to 40.708,-74.007;1	
S_FLOW_40.751,-73.994 to 40.718,-73.997;1	
S_FLOW_40.751,-73.994 to 40.72,-74.009;1	
S_FLOW_40.751,-73.994 to 40.738,-74.003;1	
S_FLOW_40.751,-73.994 to 40.748,-73.983;1	
S_FLOW_40.751,-73.994 to 40.755,-73.969;1	
S_FLOW_40.751,-73.994 to 40.755,-73.974;2	
S_FLOW_40.751,-73.994 to 40.756,-73.975;1	
S_FLOW_40.751,-73.994 to 40.757,-73.967;1	
S_FLOW_40.751,-73.994 to 40.757,-73.972;1	
S_FLOW_40.751,-73.994 to 40.759,-73.985;1	
S_FLOW_40.751,-73.994 to 40.76,-73.976;1	
S_FLOW_40.751,-73.994 to 40.76,-73.988;1	
S_FLOW_40.751,-73.994 to 40.761,-73.981;1	
S_FLOW_40.751,-73.994 to 40.761,-73.998;1	
S_FLOW_40.751,-73.994 to 40.762,-73.971;1	
S_FLOW_40.751,-73.994 to 40.763,-73.976;1	
S_FLOW_40.751,-73.994 to 40.766,-73.986;1	
S_FLOW_40.751,-73.994 to 40.767,-73.989;1	
S_FLOW_40.751,-73.994 to 40.772,-73.953;1	
S_FLOW_40.751,-73.994 to 40.775,-73.96;1	
S_FLOW_40.751,-73.994 to 40.777,-73.986;1	
S_FLOW_40.751,-73.994 to 40.807,-73.955;1	
S_FLOW_40.751,-73.995 to 40.76,-73.98;1	
S_FLOW_40.751,-73.995 to 40.764,-73.977;1	
S_FLOW_40.751,-73.995 to 40.795,-73.972;1	
S_FLOW_40.751,-73.996 to 40.804,-73.967;1	
S_FLOW_40.751,-73.998 to 40.718,-74.007;1	
S_FLOW_40.751,-73.998 to 40.737,-73.99;1	
S_FLOW_40.751,-73.998 to 40.744,-74.006;1	
S_FLOW_40.751,-73.998 to 40.756,-74.003;1	
S_FLOW_40.751,-74.001 to 40.734,-73.983;1	
S_FLOW_40.751,-74.002 to 40.726,-73.983;1	
S_FLOW_40.751,-74.002 to 40.771,-73.964;1	
S_FLOW_40.751,-74.004 to 40.75,-73.995;2	
S_FLOW_40.751,-74.005 to 40.761,-73.996;1	
S_FLOW_40.751,-74.006 to 40.672,-73.961;1	
S_FLOW_40.751,-74.006 to 40.737,-73.987;1	
S_FLOW_40.751,-74.006 to 40.743,-73.993;1	
S_FLOW_40.751,-74.006 to 40.766,-73.979;1	
S_FLOW_40.751,-74.007 to 40.742,-74.0;1	
S_FLOW_40.752,-73.925 to 40.745,-73.947;1	
S_FLOW_40.752,-73.97 to 40.749,-73.976;1	
S_FLOW_40.752,-73.971 to 40.753,-73.98;1	
S_FLOW_40.752,-73.972 to 40.734,-73.986;1	
S_FLOW_40.752,-73.973 to 40.752,-73.982;1	
S_FLOW_40.752,-73.973 to 40.757,-73.967;1	
S_FLOW_40.752,-73.973 to 40.76,-73.981;1	
S_FLOW_40.752,-73.973 to 40.766,-73.991;1	
S_FLOW_40.752,-73.973 to 40.777,-73.949;1	
S_FLOW_40.752,-73.974 to 40.705,-74.016;1	
S_FLOW_40.752,-73.974 to 40.736,-74.009;1	
S_FLOW_40.752,-73.974 to 40.767,-73.935;1	
S_FLOW_40.752,-73.974 to 40.773,-73.955;1	
S_FLOW_40.752,-73.975 to 40.708,-74.002;1	
S_FLOW_40.752,-73.975 to 40.714,-73.999;1	
S_FLOW_40.752,-73.975 to 40.728,-74.005;1	
S_FLOW_40.752,-73.975 to 40.752,-73.97;1	
S_FLOW_40.752,-73.975 to 40.758,-73.975;1	
S_FLOW_40.752,-73.975 to 40.771,-73.951;1	
S_FLOW_40.752,-73.975 to 40.782,-73.963;1	
S_FLOW_40.752,-73.976 to 40.738,-73.956;1	
S_FLOW_40.752,-73.976 to 40.74,-73.987;1	
S_FLOW_40.752,-73.976 to 40.741,-73.981;1	
S_FLOW_40.752,-73.976 to 40.747,-73.973;1	
S_FLOW_40.752,-73.977 to 40.672,-73.965;1	
S_FLOW_40.752,-73.977 to 40.715,-73.999;1	
S_FLOW_40.752,-73.977 to 40.73,-73.981;1	
S_FLOW_40.752,-73.977 to 40.742,-73.924;1	
S_FLOW_40.752,-73.977 to 40.746,-73.975;1	
S_FLOW_40.752,-73.977 to 40.746,-73.985;1	
S_FLOW_40.752,-73.977 to 40.748,-73.985;1	
S_FLOW_40.752,-73.977 to 40.751,-73.986;1	
S_FLOW_40.752,-73.977 to 40.751,-73.991;1	
S_FLOW_40.752,-73.977 to 40.766,-73.962;1	
S_FLOW_40.752,-73.977 to 40.769,-73.955;1	
S_FLOW_40.752,-73.978 to 40.722,-73.987;1	
S_FLOW_40.752,-73.978 to 40.738,-74.006;1	
S_FLOW_40.752,-73.978 to 40.742,-73.985;1	
S_FLOW_40.752,-73.978 to 40.742,-73.989;1	
S_FLOW_40.752,-73.978 to 40.744,-73.984;1	
S_FLOW_40.752,-73.978 to 40.745,-73.983;1	
S_FLOW_40.752,-73.978 to 40.751,-73.991;2	
S_FLOW_40.752,-73.978 to 40.761,-73.991;1	
S_FLOW_40.752,-73.978 to 40.763,-73.978;1	
S_FLOW_40.752,-73.978 to 40.763,-73.985;1	
S_FLOW_40.752,-73.978 to 40.765,-73.955;1	
S_FLOW_40.752,-73.978 to 40.778,-73.95;1	
S_FLOW_40.752,-73.978 to 40.779,-73.984;1	
S_FLOW_40.752,-73.979 to 40.744,-73.972;1	
S_FLOW_40.752,-73.979 to 40.759,-73.962;1	
S_FLOW_40.752,-73.979 to 40.779,-73.962;1	
S_FLOW_40.752,-73.982 to 40.724,-73.982;1	
S_FLOW_40.752,-73.982 to 40.739,-74.001;1	
S_FLOW_40.752,-73.982 to 40.749,-73.972;1	
S_FLOW_40.752,-73.985 to 40.721,-73.987;1	
S_FLOW_40.752,-73.985 to 40.752,-73.995;1	
S_FLOW_40.752,-73.985 to 40.755,-73.979;1	
S_FLOW_40.752,-73.986 to 40.675,-73.985;1	
S_FLOW_40.752,-73.986 to 40.726,-74.008;1	
S_FLOW_40.752,-73.986 to 40.755,-73.973;1	
S_FLOW_40.752,-73.986 to 40.757,-73.989;1	
S_FLOW_40.752,-73.987 to 40.76,-73.981;1	
S_FLOW_40.752,-73.988 to 40.761,-73.973;1	
S_FLOW_40.752,-73.99 to 40.74,-73.993;1	
S_FLOW_40.752,-73.993 to 40.689,-73.959;1	
S_FLOW_40.752,-73.993 to 40.758,-73.978;1	
S_FLOW_40.752,-73.993 to 40.763,-73.985;1	
S_FLOW_40.752,-73.993 to 40.765,-73.947;1	
S_FLOW_40.752,-73.994 to 40.706,-74.007;1	
S_FLOW_40.752,-73.994 to 40.741,-73.993;1	
S_FLOW_40.752,-73.994 to 40.746,-73.978;1	
S_FLOW_40.752,-73.994 to 40.748,-73.974;1	
S_FLOW_40.752,-73.994 to 40.753,-73.978;1	
S_FLOW_40.752,-73.994 to 40.755,-74.001;1	
S_FLOW_40.752,-73.994 to 40.757,-74.004;1	
S_FLOW_40.752,-73.994 to 40.779,-73.984;1	
S_FLOW_40.752,-73.997 to 40.737,-73.98;1	
S_FLOW_40.752,-74.001 to 40.755,-73.985;1	
S_FLOW_40.752,-74.002 to 40.738,-74.008;1	
S_FLOW_40.752,-74.004 to 40.759,-73.981;1	
S_FLOW_40.752,-74.004 to 40.762,-73.994;1	
S_FLOW_40.752,-74.005 to 40.74,-73.996;1	
S_FLOW_40.752,-74.005 to 40.75,-73.995;1	
S_FLOW_40.752,-74.005 to 40.757,-73.998;1	
S_FLOW_40.753,-73.947 to 40.773,-73.986;1	
S_FLOW_40.753,-73.966 to 40.759,-73.968;1	
S_FLOW_40.753,-73.967 to 40.772,-73.947;1	
S_FLOW_40.753,-73.967 to 40.778,-73.953;1	
S_FLOW_40.753,-73.968 to 40.752,-73.975;1	
S_FLOW_40.753,-73.97 to 40.704,-74.014;1	
S_FLOW_40.753,-73.97 to 40.719,-73.956;1	
S_FLOW_40.753,-73.97 to 40.726,-74.006;1	
S_FLOW_40.753,-73.97 to 40.738,-73.984;1	
S_FLOW_40.753,-73.97 to 40.74,-73.979;1	
S_FLOW_40.753,-73.97 to 40.742,-73.98;1	
S_FLOW_40.753,-73.97 to 40.747,-73.981;1	
S_FLOW_40.753,-73.97 to 40.754,-73.972;1	
S_FLOW_40.753,-73.97 to 40.791,-73.971;1	
S_FLOW_40.753,-73.972 to 40.762,-73.966;1	
S_FLOW_40.753,-73.972 to 40.769,-73.954;1	
S_FLOW_40.753,-73.973 to 40.73,-74.004;1	
S_FLOW_40.753,-73.973 to 40.754,-73.966;2	
S_FLOW_40.753,-73.973 to 40.783,-73.971;1	
S_FLOW_40.753,-73.974 to 40.729,-73.995;1	
S_FLOW_40.753,-73.975 to 40.739,-73.988;1	
S_FLOW_40.753,-73.975 to 40.742,-73.975;1	
S_FLOW_40.753,-73.975 to 40.744,-73.988;1	
S_FLOW_40.753,-73.975 to 40.75,-73.991;1	
S_FLOW_40.753,-73.975 to 40.752,-73.992;1	
S_FLOW_40.753,-73.975 to 40.768,-73.966;1	
S_FLOW_40.753,-73.976 to 40.731,-73.992;1	
S_FLOW_40.753,-73.976 to 40.775,-73.956;1	
S_FLOW_40.753,-73.978 to 40.705,-74.017;1	
S_FLOW_40.753,-73.978 to 40.715,-74.002;1	
S_FLOW_40.753,-73.978 to 40.745,-73.957;1	
S_FLOW_40.753,-73.978 to 40.75,-73.99;1	
S_FLOW_40.753,-73.978 to 40.757,-73.968;1	
S_FLOW_40.753,-73.978 to 40.758,-74.0;1	
S_FLOW_40.753,-73.979 to 40.763,-73.972;1	
S_FLOW_40.753,-73.98 to 40.733,-74.001;1	
S_FLOW_40.753,-73.98 to 40.745,-73.983;1	
S_FLOW_40.753,-73.981 to 40.745,-73.987;1	
S_FLOW_40.753,-73.981 to 40.758,-73.985;1	
S_FLOW_40.753,-73.981 to 40.76,-73.972;1	
S_FLOW_40.753,-73.981 to 40.76,-73.996;1	
S_FLOW_40.753,-73.985 to 40.647,-73.79;1	
S_FLOW_40.753,-73.985 to 40.719,-74.009;1	
S_FLOW_40.753,-73.985 to 40.758,-73.992;1	
S_FLOW_40.753,-73.985 to 40.761,-73.987;1	
S_FLOW_40.753,-73.986 to 40.764,-73.986;1	
S_FLOW_40.753,-73.986 to 40.809,-73.952;1	
S_FLOW_40.753,-73.989 to 40.733,-73.986;1	
S_FLOW_40.753,-73.989 to 40.774,-73.871;1	
S_FLOW_40.753,-73.99 to 40.735,-73.99;1	
S_FLOW_40.753,-73.992 to 40.752,-73.978;1	
S_FLOW_40.753,-73.993 to 40.778,-73.983;1	
S_FLOW_40.753,-73.996 to 40.763,-73.972;1	
S_FLOW_40.753,-73.997 to 40.765,-73.974;1	
S_FLOW_40.754,-73.914 to 40.742,-73.906;1	
S_FLOW_40.754,-73.942 to 40.763,-73.94;1	
S_FLOW_40.754,-73.942 to 40.799,-73.967;1	
S_FLOW_40.754,-73.964 to 40.756,-73.965;1	
S_FLOW_40.754,-73.966 to 40.735,-73.981;1	
S_FLOW_40.754,-73.966 to 40.761,-73.961;1	
S_FLOW_40.754,-73.966 to 40.763,-73.968;1	
S_FLOW_40.754,-73.969 to 40.722,-73.984;1	
S_FLOW_40.754,-73.969 to 40.751,-73.975;1	
S_FLOW_40.754,-73.969 to 40.787,-73.955;1	
S_FLOW_40.754,-73.971 to 40.729,-73.978;1	
S_FLOW_40.754,-73.972 to 40.744,-73.984;1	
S_FLOW_40.754,-73.972 to 40.745,-73.923;1	
S_FLOW_40.754,-73.972 to 40.762,-73.962;1	
S_FLOW_40.754,-73.972 to 40.784,-73.951;1	
S_FLOW_40.754,-73.973 to 40.732,-73.985;1	
S_FLOW_40.754,-73.973 to 40.736,-73.984;1	
S_FLOW_40.754,-73.973 to 40.739,-73.988;1	
S_FLOW_40.754,-73.973 to 40.741,-73.988;1	
S_FLOW_40.754,-73.973 to 40.781,-73.947;1	
S_FLOW_40.754,-73.974 to 40.746,-73.98;1	
S_FLOW_40.754,-73.974 to 40.75,-73.991;2	
S_FLOW_40.754,-73.975 to 40.761,-73.98;1	
S_FLOW_40.754,-73.976 to 40.735,-73.983;1	
S_FLOW_40.754,-73.976 to 40.762,-73.979;1	
S_FLOW_40.754,-73.977 to 40.764,-73.976;1	
S_FLOW_40.754,-73.978 to 40.756,-73.984;1	
S_FLOW_40.754,-73.978 to 40.774,-73.982;1	
S_FLOW_40.754,-73.978 to 40.779,-73.954;1	
S_FLOW_40.754,-73.978 to 40.79,-73.95;1	
S_FLOW_40.754,-73.979 to 40.758,-73.916;1	
S_FLOW_40.754,-73.98 to 40.738,-73.985;1	
S_FLOW_40.754,-73.98 to 40.749,-73.992;1	
S_FLOW_40.754,-73.981 to 40.648,-73.787;1	
S_FLOW_40.754,-73.981 to 40.78,-73.947;1	
S_FLOW_40.754,-73.981 to 40.78,-73.973;1	
S_FLOW_40.754,-73.982 to 40.734,-73.978;1	
S_FLOW_40.754,-73.983 to 40.794,-73.942;1	
S_FLOW_40.754,-73.984 to 40.756,-73.984;1	
S_FLOW_40.754,-73.985 to 40.693,-73.847;1	
S_FLOW_40.754,-73.985 to 40.771,-73.966;1	
S_FLOW_40.754,-73.986 to 40.719,-74.005;1	
S_FLOW_40.754,-73.987 to 40.76,-73.987;1	
S_FLOW_40.754,-73.988 to 40.751,-74.006;1	
S_FLOW_40.754,-73.988 to 40.763,-73.996;1	
S_FLOW_40.754,-73.988 to 40.771,-73.956;1	
S_FLOW_40.754,-73.989 to 40.74,-74.005;1	
S_FLOW_40.754,-73.989 to 40.758,-73.982;1	
S_FLOW_40.754,-73.99 to 40.746,-73.973;1	
S_FLOW_40.754,-73.99 to 40.764,-73.985;1	
S_FLOW_40.754,-73.991 to 40.74,-73.999;1	
S_FLOW_40.754,-73.991 to 40.747,-73.98;1	
S_FLOW_40.754,-73.992 to 40.718,-73.993;1	
S_FLOW_40.754,-73.992 to 40.74,-73.996;1	
S_FLOW_40.754,-73.992 to 40.748,-73.994;1	
S_FLOW_40.754,-73.992 to 40.759,-73.981;1	
S_FLOW_40.754,-73.992 to 40.759,-73.989;1	
S_FLOW_40.754,-73.992 to 40.763,-73.977;1	
S_FLOW_40.754,-73.993 to 40.731,-73.986;1	
S_FLOW_40.754,-73.993 to 40.764,-73.978;1	
S_FLOW_40.754,-73.993 to 40.777,-73.983;1	
S_FLOW_40.754,-73.993 to 40.812,-73.942;1	
S_FLOW_40.754,-73.996 to 40.749,-73.985;1	
S_FLOW_40.754,-73.999 to 40.722,-73.84;1	
S_FLOW_40.754,-73.999 to 40.742,-74.005;1	
S_FLOW_40.754,-73.999 to 40.761,-73.995;1	
S_FLOW_40.754,-73.999 to 40.767,-73.979;1	
S_FLOW_40.754,-73.999 to 40.772,-73.981;1	
S_FLOW_40.755,-73.887 to 40.747,-73.89;1	
S_FLOW_40.755,-73.914 to 40.755,-73.924;1	
S_FLOW_40.755,-73.929 to 40.737,-73.954;1	
S_FLOW_40.755,-73.962 to 40.759,-73.994;1	
S_FLOW_40.755,-73.965 to 40.765,-73.957;1	
S_FLOW_40.755,-73.965 to 40.77,-73.965;1	
S_FLOW_40.755,-73.965 to 40.773,-73.909;1	
S_FLOW_40.755,-73.965 to 40.776,-73.962;1	
S_FLOW_40.755,-73.966 to 40.666,-73.983;1	
S_FLOW_40.755,-73.966 to 40.764,-73.983;1	
S_FLOW_40.755,-73.966 to 40.785,-73.976;1	
S_FLOW_40.755,-73.967 to 40.772,-73.96;1	
S_FLOW_40.755,-73.968 to 40.767,-73.957;1	
S_FLOW_40.755,-73.968 to 40.772,-73.95;1	
S_FLOW_40.755,-73.968 to 40.772,-73.953;1	
S_FLOW_40.755,-73.968 to 40.772,-73.956;1	
S_FLOW_40.755,-73.968 to 40.775,-73.925;1	
S_FLOW_40.755,-73.968 to 40.779,-73.962;1	
S_FLOW_40.755,-73.969 to 40.719,-73.989;1	
S_FLOW_40.755,-73.969 to 40.737,-73.981;1	
S_FLOW_40.755,-73.969 to 40.744,-73.983;1	
S_FLOW_40.755,-73.969 to 40.772,-73.958;1	
S_FLOW_40.755,-73.971 to 40.649,-73.782;1	
S_FLOW_40.755,-73.971 to 40.745,-73.985;1	
S_FLOW_40.755,-73.971 to 40.752,-73.986;1	
S_FLOW_40.755,-73.971 to 40.763,-73.981;1	
S_FLOW_40.755,-73.971 to 40.766,-73.954;1	
S_FLOW_40.755,-73.971 to 40.767,-73.969;1	
S_FLOW_40.755,-73.971 to 40.772,-73.987;1	
S_FLOW_40.755,-73.972 to 40.729,-73.99;1	
S_FLOW_40.755,-73.972 to 40.76,-73.981;1	
S_FLOW_40.755,-73.973 to 40.644,-73.783;1	
S_FLOW_40.755,-73.973 to 40.765,-73.955;1	
S_FLOW_40.755,-73.974 to 40.723,-74.006;1	
S_FLOW_40.755,-73.974 to 40.745,-73.987;1	
S_FLOW_40.755,-73.974 to 40.75,-73.991;1	
S_FLOW_40.755,-73.975 to 40.74,-74.002;1	
S_FLOW_40.755,-73.975 to 40.756,-73.979;1	
S_FLOW_40.755,-73.975 to 40.765,-73.974;1	
S_FLOW_40.755,-73.975 to 40.77,-73.96;1	
S_FLOW_40.755,-73.975 to 40.771,-73.904;1	
S_FLOW_40.755,-73.976 to 40.745,-73.987;1	
S_FLOW_40.755,-73.976 to 40.751,-73.997;1	
S_FLOW_40.755,-73.976 to 40.758,-73.972;1	
S_FLOW_40.755,-73.976 to 40.76,-73.986;1	
S_FLOW_40.755,-73.976 to 40.763,-73.971;1	
S_FLOW_40.755,-73.979 to 40.762,-73.969;1	
S_FLOW_40.755,-73.98 to 40.733,-74.005;1	
S_FLOW_40.755,-73.98 to 40.744,-73.988;1	
S_FLOW_40.755,-73.98 to 40.75,-74.006;1	
S_FLOW_40.755,-73.982 to 40.718,-73.997;1	
S_FLOW_40.755,-73.982 to 40.763,-73.977;1	
S_FLOW_40.755,-73.983 to 40.774,-73.977;1	
S_FLOW_40.755,-73.984 to 40.728,-73.861;1	
S_FLOW_40.755,-73.984 to 40.728,-73.991;1	
S_FLOW_40.755,-73.984 to 40.749,-73.978;1	
S_FLOW_40.755,-73.984 to 40.752,-73.99;1	
S_FLOW_40.755,-73.984 to 40.76,-73.971;1	
S_FLOW_40.755,-73.984 to 40.774,-73.949;1	
S_FLOW_40.755,-73.985 to 40.714,-74.015;1	
S_FLOW_40.755,-73.985 to 40.762,-74.001;1	
S_FLOW_40.755,-73.986 to 40.721,-73.989;1	
S_FLOW_40.755,-73.986 to 40.727,-73.952;1	
S_FLOW_40.755,-73.986 to 40.75,-73.973;1	
S_FLOW_40.755,-73.987 to 40.734,-74.002;1	
S_FLOW_40.755,-73.987 to 40.769,-73.996;1	
S_FLOW_40.755,-73.988 to 40.737,-73.993;1	
S_FLOW_40.755,-73.988 to 40.762,-73.986;1	
S_FLOW_40.755,-73.988 to 40.777,-73.945;1	
S_FLOW_40.755,-73.989 to 40.739,-73.99;1	
S_FLOW_40.755,-73.989 to 40.756,-73.981;1	
S_FLOW_40.755,-73.991 to 40.747,-73.945;1	
S_FLOW_40.755,-73.991 to 40.759,-73.978;1	
S_FLOW_40.755,-73.991 to 40.765,-73.969;1	
S_FLOW_40.755,-73.991 to 40.77,-73.995;1	
S_FLOW_40.755,-73.992 to 40.764,-73.974;1	
S_FLOW_40.755,-73.992 to 40.815,-73.949;1	
S_FLOW_40.755,-73.994 to 40.756,-73.976;1	
S_FLOW_40.755,-73.995 to 40.713,-73.879;1	
S_FLOW_40.755,-73.996 to 40.74,-74.003;1	
S_FLOW_40.755,-73.999 to 40.77,-73.988;1	
S_FLOW_40.756,-73.964 to 40.756,-73.964;1	
S_FLOW_40.756,-73.964 to 40.762,-73.967;1	
S_FLOW_40.756,-73.965 to 40.762,-73.96;1	
S_FLOW_40.756,-73.965 to 40.772,-73.966;1	
S_FLOW_40.756,-73.967 to 40.727,-73.853;1	
S_FLOW_40.756,-73.968 to 40.685,-73.978;1	
S_FLOW_40.756,-73.968 to 40.723,-73.989;1	
S_FLOW_40.756,-73.968 to 40.755,-73.918;1	
S_FLOW_40.756,-73.968 to 40.763,-73.958;1	
S_FLOW_40.756,-73.968 to 40.772,-73.956;1	
S_FLOW_40.756,-73.968 to 40.778,-73.953;1	
S_FLOW_40.756,-73.969 to 40.78,-73.949;1	
S_FLOW_40.756,-73.97 to 40.76,-73.962;1	
S_FLOW_40.756,-73.97 to 40.763,-73.978;1	
S_FLOW_40.756,-73.97 to 40.769,-73.95;1	
S_FLOW_40.756,-73.97 to 40.771,-73.96;1	
S_FLOW_40.756,-73.971 to 40.729,-73.992;1	
S_FLOW_40.756,-73.971 to 40.762,-73.99;1	
S_FLOW_40.756,-73.971 to 40.765,-73.971;1	
S_FLOW_40.756,-73.972 to 40.65,-73.804;1	
S_FLOW_40.756,-73.972 to 40.748,-73.957;1	
S_FLOW_40.756,-73.973 to 40.755,-73.979;1	
S_FLOW_40.756,-73.973 to 40.766,-73.954;1	
S_FLOW_40.756,-73.973 to 40.786,-73.98;1	
S_FLOW_40.756,-73.974 to 40.738,-73.988;1	
S_FLOW_40.756,-73.974 to 40.755,-73.968;1	
S_FLOW_40.756,-73.974 to 40.79,-73.978;1	
S_FLOW_40.756,-73.975 to 40.745,-73.99;1	
S_FLOW_40.756,-73.975 to 40.746,-73.994;1	
S_FLOW_40.756,-73.975 to 40.766,-73.969;1	
S_FLOW_40.756,-73.975 to 40.778,-73.963;1	
S_FLOW_40.756,-73.976 to 40.752,-73.974;1	
S_FLOW_40.756,-73.976 to 40.777,-73.982;1	
S_FLOW_40.756,-73.977 to 40.75,-73.972;1	
S_FLOW_40.756,-73.978 to 40.731,-73.986;1	
S_FLOW_40.756,-73.978 to 40.734,-73.991;1	
S_FLOW_40.756,-73.978 to 40.761,-73.979;1	
S_FLOW_40.756,-73.979 to 40.745,-73.983;1	
S_FLOW_40.756,-73.979 to 40.749,-73.988;1	
S_FLOW_40.756,-73.979 to 40.75,-73.991;1	
S_FLOW_40.756,-73.981 to 40.695,-73.928;1	
S_FLOW_40.756,-73.982 to 40.745,-73.979;1	
S_FLOW_40.756,-73.983 to 40.721,-73.987;1	
S_FLOW_40.756,-73.983 to 40.764,-73.977;1	
S_FLOW_40.756,-73.983 to 40.945,-73.831;1	
S_FLOW_40.756,-73.984 to 40.75,-73.991;1	
S_FLOW_40.756,-73.984 to 40.762,-73.979;1	
S_FLOW_40.756,-73.985 to 40.735,-73.994;1	
S_FLOW_40.756,-73.986 to 40.73,-74.01;1	
S_FLOW_40.756,-73.986 to 40.748,-73.993;1	
S_FLOW_40.756,-73.986 to 40.75,-73.973;1	
S_FLOW_40.756,-73.986 to 40.756,-73.993;1	
S_FLOW_40.756,-73.986 to 40.758,-73.971;1	
S_FLOW_40.756,-73.987 to 40.751,-73.976;1	
S_FLOW_40.756,-73.987 to 40.764,-73.985;1	
S_FLOW_40.756,-73.987 to 40.781,-73.955;1	
S_FLOW_40.756,-73.987 to 40.782,-73.981;1	
S_FLOW_40.756,-73.988 to 40.762,-73.985;1	
S_FLOW_40.756,-73.989 to 40.77,-73.988;1	
S_FLOW_40.756,-73.989 to 40.774,-73.873;1	
S_FLOW_40.756,-73.99 to 40.741,-74.006;1	
S_FLOW_40.756,-73.99 to 40.752,-73.983;1	
S_FLOW_40.756,-73.99 to 40.753,-73.978;1	
S_FLOW_40.756,-73.99 to 40.756,-73.979;1	
S_FLOW_40.756,-73.99 to 40.759,-73.974;1	
S_FLOW_40.756,-73.99 to 40.765,-73.974;1	
S_FLOW_40.756,-73.99 to 40.786,-73.957;1	
S_FLOW_40.756,-73.99 to 40.795,-73.962;1	
S_FLOW_40.756,-73.991 to 40.716,-73.992;1	
S_FLOW_40.756,-73.991 to 40.719,-74.002;1	
S_FLOW_40.756,-73.991 to 40.741,-73.989;1	
S_FLOW_40.756,-73.991 to 40.744,-73.992;1	
S_FLOW_40.756,-73.991 to 40.753,-73.978;1	
S_FLOW_40.756,-73.991 to 40.754,-73.978;1	
S_FLOW_40.756,-73.991 to 40.756,-73.978;1	
S_FLOW_40.756,-73.991 to 40.756,-73.991;1	
S_FLOW_40.756,-73.991 to 40.758,-73.974;1	
S_FLOW_40.756,-73.991 to 40.759,-73.974;1	
S_FLOW_40.756,-73.991 to 40.761,-73.987;1	
S_FLOW_40.756,-73.991 to 40.762,-73.972;1	
S_FLOW_40.756,-73.991 to 40.763,-73.959;1	
S_FLOW_40.756,-73.991 to 40.764,-73.971;1	
S_FLOW_40.756,-73.991 to 40.765,-73.998;1	
S_FLOW_40.756,-73.991 to 40.77,-73.989;1	
S_FLOW_40.756,-73.993 to 40.759,-73.986;1	
S_FLOW_40.756,-73.993 to 40.763,-73.985;1	
S_FLOW_40.756,-73.993 to 40.821,-73.958;1	
S_FLOW_40.756,-73.994 to 40.725,-73.991;1	
S_FLOW_40.756,-73.994 to 40.741,-74.005;1	
S_FLOW_40.756,-73.994 to 40.746,-73.999;1	
S_FLOW_40.756,-73.994 to 40.759,-73.966;1	
S_FLOW_40.756,-73.994 to 40.766,-73.979;1	
S_FLOW_40.756,-73.995 to 40.705,-74.013;1	
S_FLOW_40.756,-73.995 to 40.74,-74.004;1	
S_FLOW_40.756,-73.995 to 40.757,-73.995;1	
S_FLOW_40.756,-73.998 to 40.722,-73.999;1	
S_FLOW_40.756,-73.998 to 40.73,-73.997;1	
S_FLOW_40.756,-73.998 to 40.745,-73.998;1	
S_FLOW_40.756,-73.998 to 40.75,-73.996;1	
S_FLOW_40.756,-73.998 to 40.765,-73.997;1	
S_FLOW_40.756,-73.998 to 40.779,-73.962;1	
S_FLOW_40.756,-74.002 to 40.756,-73.991;1	
S_FLOW_40.757,-73.929 to 40.758,-73.993;1	
S_FLOW_40.757,-73.963 to 40.753,-73.97;1	
S_FLOW_40.757,-73.964 to 40.758,-73.976;1	
S_FLOW_40.757,-73.964 to 40.776,-73.957;1	
S_FLOW_40.757,-73.967 to 40.663,-73.981;1	
S_FLOW_40.757,-73.967 to 40.749,-73.992;1	
S_FLOW_40.757,-73.967 to 40.75,-73.982;1	
S_FLOW_40.757,-73.967 to 40.756,-73.979;1	
S_FLOW_40.757,-73.967 to 40.76,-73.967;1	
S_FLOW_40.757,-73.969 to 40.771,-73.983;1	
S_FLOW_40.757,-73.969 to 40.775,-73.962;1	
S_FLOW_40.757,-73.969 to 40.776,-73.953;1	
S_FLOW_40.757,-73.969 to 40.783,-73.953;1	
S_FLOW_40.757,-73.97 to 40.743,-73.982;1	
S_FLOW_40.757,-73.97 to 40.765,-73.958;1	
S_FLOW_40.757,-73.97 to 40.8,-73.962;1	
S_FLOW_40.757,-73.971 to 40.746,-73.98;1	
S_FLOW_40.757,-73.972 to 40.716,-74.004;1	
S_FLOW_40.757,-73.972 to 40.73,-73.993;1	
S_FLOW_40.757,-73.972 to 40.75,-73.992;1	
S_FLOW_40.757,-73.972 to 40.752,-73.975;1	
S_FLOW_40.757,-73.972 to 40.764,-73.976;1	
S_FLOW_40.757,-73.972 to 40.775,-73.956;1	
S_FLOW_40.757,-73.973 to 40.75,-73.991;1	
S_FLOW_40.757,-73.973 to 40.781,-73.954;1	
S_FLOW_40.757,-73.974 to 40.747,-73.994;1	
S_FLOW_40.757,-73.974 to 40.767,-73.967;1	
S_FLOW_40.757,-73.974 to 40.768,-73.965;1	
S_FLOW_40.757,-73.975 to 40.709,-73.969;1	
S_FLOW_40.757,-73.975 to 40.73,-74.0;1	
S_FLOW_40.757,-73.975 to 40.762,-73.971;1	
S_FLOW_40.757,-73.975 to 40.763,-73.965;1	
S_FLOW_40.757,-73.975 to 40.765,-73.981;1	
S_FLOW_40.757,-73.975 to 40.767,-73.994;1	
S_FLOW_40.757,-73.976 to 40.75,-73.988;1	
S_FLOW_40.757,-73.976 to 40.757,-73.976;1	
S_FLOW_40.757,-73.976 to 40.762,-73.968;1	
S_FLOW_40.757,-73.976 to 40.763,-73.972;1	
S_FLOW_40.757,-73.976 to 40.765,-73.973;1	
S_FLOW_40.757,-73.976 to 40.773,-73.963;1	
S_FLOW_40.757,-73.976 to 40.793,-73.941;1	
S_FLOW_40.757,-73.977 to 40.756,-73.986;1	
S_FLOW_40.757,-73.977 to 40.762,-73.972;1	
S_FLOW_40.757,-73.977 to 40.771,-73.96;1	
S_FLOW_40.757,-73.978 to 40.686,-73.998;1	
S_FLOW_40.757,-73.978 to 40.735,-73.99;1	
S_FLOW_40.757,-73.978 to 40.742,-73.989;1	
S_FLOW_40.757,-73.982 to 40.746,-73.972;1	
S_FLOW_40.757,-73.982 to 40.754,-73.999;1	
S_FLOW_40.757,-73.982 to 40.76,-73.971;1	
S_FLOW_40.757,-73.982 to 40.762,-73.969;1	
S_FLOW_40.757,-73.983 to 40.69,-73.916;1	
S_FLOW_40.757,-73.983 to 40.695,-74.177;1	
S_FLOW_40.757,-73.983 to 40.73,-74.0;1	
S_FLOW_40.757,-73.983 to 40.731,-74.0;1	
S_FLOW_40.757,-73.983 to 40.751,-73.99;1	
S_FLOW_40.757,-73.983 to 40.765,-73.94;1	
S_FLOW_40.757,-73.984 to 40.746,-74.002;1	
S_FLOW_40.757,-73.984 to 40.774,-73.951;1	
S_FLOW_40.757,-73.984 to 40.774,-73.989;1	
S_FLOW_40.757,-73.985 to 40.748,-73.985;1	
S_FLOW_40.757,-73.985 to 40.753,-73.996;1	
S_FLOW_40.757,-73.985 to 40.768,-73.962;1	
S_FLOW_40.757,-73.985 to 40.78,-73.985;1	
S_FLOW_40.757,-73.986 to 40.692,-73.994;1	
S_FLOW_40.757,-73.986 to 40.75,-73.991;1	
S_FLOW_40.757,-73.986 to 40.764,-73.981;1	
S_FLOW_40.757,-73.986 to 40.764,-73.998;1	
S_FLOW_40.757,-73.989 to 40.714,-73.991;1	
S_FLOW_40.757,-73.989 to 40.758,-73.982;1	
S_FLOW_40.757,-73.99 to 40.727,-74.006;1	
S_FLOW_40.757,-73.99 to 40.752,-73.973;1	
S_FLOW_40.757,-73.99 to 40.756,-73.971;1	
S_FLOW_40.757,-73.99 to 40.756,-73.978;1	
S_FLOW_40.757,-73.99 to 40.757,-73.984;1	
S_FLOW_40.757,-73.99 to 40.758,-73.967;1	
S_FLOW_40.757,-73.99 to 40.761,-73.976;1	
S_FLOW_40.757,-73.99 to 40.762,-73.986;1	
S_FLOW_40.757,-73.99 to 40.762,-73.992;1	
S_FLOW_40.757,-73.99 to 40.763,-73.972;1	
S_FLOW_40.757,-73.99 to 40.764,-73.985;1	
S_FLOW_40.757,-73.99 to 40.765,-73.988;1	
S_FLOW_40.757,-73.99 to 40.768,-73.992;1	
S_FLOW_40.757,-73.99 to 40.782,-73.952;1	
S_FLOW_40.757,-73.99 to 40.836,-73.947;1	
S_FLOW_40.757,-73.993 to 40.747,-74.009;1	
S_FLOW_40.757,-73.993 to 40.753,-73.992;1	
S_FLOW_40.757,-73.993 to 40.776,-73.95;1	
S_FLOW_40.757,-73.993 to 40.791,-73.973;1	
S_FLOW_40.757,-73.994 to 40.737,-73.991;1	
S_FLOW_40.757,-73.994 to 40.739,-73.989;1	
S_FLOW_40.757,-73.994 to 40.748,-74.0;1	
S_FLOW_40.757,-73.994 to 40.75,-73.999;1	
S_FLOW_40.757,-73.994 to 40.751,-73.989;1	
S_FLOW_40.757,-73.997 to 40.752,-73.99;1	
S_FLOW_40.757,-73.998 to 40.751,-73.991;1	
S_FLOW_40.757,-73.998 to 40.762,-73.969;1	
S_FLOW_40.757,-74.001 to 40.754,-73.992;1	
S_FLOW_40.758,-73.92 to 40.764,-73.936;1	
S_FLOW_40.758,-73.96 to 40.776,-73.957;1	
S_FLOW_40.758,-73.962 to 40.742,-73.984;1	
S_FLOW_40.758,-73.963 to 40.774,-73.95;1	
S_FLOW_40.758,-73.963 to 40.777,-73.957;1	
S_FLOW_40.758,-73.963 to 40.782,-73.958;1	
S_FLOW_40.758,-73.965 to 40.769,-73.952;1	
S_FLOW_40.758,-73.966 to 40.706,-74.003;1	
S_FLOW_40.758,-73.966 to 40.706,-74.007;1	
S_FLOW_40.758,-73.966 to 40.739,-73.983;1	
S_FLOW_40.758,-73.966 to 40.748,-73.977;1	
S_FLOW_40.758,-73.966 to 40.751,-73.971;1	
S_FLOW_40.758,-73.966 to 40.774,-73.871;1	
S_FLOW_40.758,-73.966 to 40.78,-73.957;1	
S_FLOW_40.758,-73.968 to 40.764,-73.947;1	
S_FLOW_40.758,-73.969 to 40.744,-73.987;1	
S_FLOW_40.758,-73.969 to 40.769,-73.957;1	
S_FLOW_40.758,-73.969 to 40.774,-73.958;1	
S_FLOW_40.758,-73.969 to 40.775,-73.977;1	
S_FLOW_40.758,-73.97 to 40.761,-73.997;1	
S_FLOW_40.758,-73.97 to 40.771,-73.981;1	
S_FLOW_40.758,-73.971 to 40.737,-73.979;1	
S_FLOW_40.758,-73.971 to 40.755,-73.988;1	
S_FLOW_40.758,-73.971 to 40.784,-73.957;1	
S_FLOW_40.758,-73.972 to 40.735,-74.003;1	
S_FLOW_40.758,-73.972 to 40.749,-73.978;1	
S_FLOW_40.758,-73.973 to 40.724,-73.998;1	
S_FLOW_40.758,-73.973 to 40.799,-73.942;1	
S_FLOW_40.758,-73.974 to 40.77,-73.961;1	
S_FLOW_40.758,-73.975 to 40.749,-73.991;1	
S_FLOW_40.758,-73.975 to 40.751,-73.976;1	
S_FLOW_40.758,-73.975 to 40.754,-73.981;1	
S_FLOW_40.758,-73.976 to 40.763,-73.974;1	
S_FLOW_40.758,-73.976 to 40.771,-73.966;1	
S_FLOW_40.758,-73.977 to 40.756,-73.971;1	
S_FLOW_40.758,-73.977 to 40.759,-73.984;1	
S_FLOW_40.758,-73.978 to 40.728,-73.986;1	
S_FLOW_40.758,-73.978 to 40.741,-73.999;1	
S_FLOW_40.758,-73.978 to 40.745,-73.981;1	
S_FLOW_40.758,-73.978 to 40.751,-73.99;1	
S_FLOW_40.758,-73.978 to 40.757,-73.986;1	
S_FLOW_40.758,-73.979 to 40.754,-73.97;1	
S_FLOW_40.758,-73.981 to 40.764,-73.977;1	
S_FLOW_40.758,-73.981 to 40.773,-73.953;1	
S_FLOW_40.758,-73.981 to 40.781,-73.956;1	
S_FLOW_40.758,-73.982 to 40.757,-73.974;1	
S_FLOW_40.758,-73.982 to 40.759,-73.974;1	
S_FLOW_40.758,-73.982 to 40.76,-73.968;1	
S_FLOW_40.758,-73.982 to 40.761,-73.975;1	
S_FLOW_40.758,-73.982 to 40.772,-73.987;1	
S_FLOW_40.758,-73.982 to 40.779,-73.962;1	
S_FLOW_40.758,-73.983 to 40.77,-73.864;1	
S_FLOW_40.758,-73.984 to 40.764,-73.967;1	
S_FLOW_40.758,-73.985 to 40.728,-73.982;1	
S_FLOW_40.758,-73.985 to 40.742,-73.997;1	
S_FLOW_40.758,-73.985 to 40.747,-73.973;1	
S_FLOW_40.758,-73.985 to 40.765,-73.983;1	
S_FLOW_40.758,-73.985 to 40.78,-73.985;1	
S_FLOW_40.758,-73.986 to 40.705,-74.017;1	
S_FLOW_40.758,-73.986 to 40.732,-73.987;1	
S_FLOW_40.758,-73.986 to 40.736,-74.005;1	
S_FLOW_40.758,-73.986 to 40.761,-73.986;1	
S_FLOW_40.758,-73.986 to 40.771,-73.99;1	
S_FLOW_40.758,-73.987 to 40.733,-73.996;1	
S_FLOW_40.758,-73.987 to 40.763,-73.976;1	
S_FLOW_40.758,-73.989 to 40.734,-74.004;1	
S_FLOW_40.758,-73.989 to 40.774,-73.873;1	
S_FLOW_40.758,-73.989 to 40.808,-73.942;1	
S_FLOW_40.758,-73.99 to 40.844,-73.943;1	
S_FLOW_40.758,-73.991 to 40.739,-73.994;1	
S_FLOW_40.758,-73.992 to 40.747,-73.986;1	
S_FLOW_40.758,-73.992 to 40.851,-73.899;1	
S_FLOW_40.758,-73.993 to 40.732,-73.99;1	
S_FLOW_40.758,-73.993 to 40.742,-74.006;1	
S_FLOW_40.758,-73.993 to 40.743,-74.004;1	
S_FLOW_40.758,-73.993 to 40.748,-73.988;1	
S_FLOW_40.758,-73.998 to 40.755,-73.992;1	
S_FLOW_40.758,-74.001 to 40.751,-73.978;1	
S_FLOW_40.758,-74.001 to 40.752,-73.979;1	
S_FLOW_40.759,-73.96 to 40.78,-73.95;1	
S_FLOW_40.759,-73.962 to 40.702,-74.01;1	
S_FLOW_40.759,-73.962 to 40.744,-73.995;1	
S_FLOW_40.759,-73.962 to 40.751,-73.982;1	
S_FLOW_40.759,-73.962 to 40.766,-73.963;1	
S_FLOW_40.759,-73.962 to 40.773,-73.952;1	
S_FLOW_40.759,-73.962 to 40.776,-73.956;1	
S_FLOW_40.759,-73.965 to 40.737,-73.99;1	
S_FLOW_40.759,-73.965 to 40.763,-73.959;1	
S_FLOW_40.759,-73.966 to 40.753,-73.973;1	
S_FLOW_40.759,-73.966 to 40.763,-73.974;1	
S_FLOW_40.759,-73.966 to 40.764,-73.996;1	
S_FLOW_40.759,-73.966 to 40.771,-73.95;1	
S_FLOW_40.759,-73.967 to 40.763,-73.976;1	
S_FLOW_40.759,-73.967 to 40.804,-73.964;1	
S_FLOW_40.759,-73.968 to 40.766,-73.992;1	
S_FLOW_40.759,-73.969 to 40.72,-73.979;1	
S_FLOW_40.759,-73.969 to 40.749,-73.988;1	
S_FLOW_40.759,-73.969 to 40.761,-73.985;1	
S_FLOW_40.759,-73.969 to 40.772,-73.959;1	
S_FLOW_40.759,-73.97 to 40.739,-73.988;1	
S_FLOW_40.759,-73.97 to 40.752,-73.975;1	
S_FLOW_40.759,-73.97 to 40.76,-73.982;1	
S_FLOW_40.759,-73.97 to 40.792,-73.974;1	
S_FLOW_40.759,-73.971 to 40.725,-73.991;1	
S_FLOW_40.759,-73.971 to 40.746,-73.979;1	
S_FLOW_40.759,-73.971 to 40.756,-73.962;1	
S_FLOW_40.759,-73.971 to 40.763,-73.966;1	
S_FLOW_40.759,-73.972 to 40.647,-73.79;1	
S_FLOW_40.759,-73.972 to 40.735,-73.991;1	
S_FLOW_40.759,-73.972 to 40.756,-73.991;1	
S_FLOW_40.759,-73.973 to 40.728,-73.984;1	
S_FLOW_40.759,-73.973 to 40.746,-73.955;1	
S_FLOW_40.759,-73.973 to 40.835,-73.94;1	
S_FLOW_40.759,-73.974 to 40.764,-73.985;1	
S_FLOW_40.759,-73.975 to 40.765,-73.97;1	
S_FLOW_40.759,-73.975 to 40.766,-73.934;1	
S_FLOW_40.759,-73.976 to 40.722,-74.004;1	
S_FLOW_40.759,-73.976 to 40.723,-73.994;1	
S_FLOW_40.759,-73.976 to 40.735,-73.986;1	
S_FLOW_40.759,-73.976 to 40.745,-73.993;1	
S_FLOW_40.759,-73.977 to 40.737,-73.988;1	
S_FLOW_40.759,-73.977 to 40.748,-73.978;1	
S_FLOW_40.759,-73.977 to 40.752,-73.973;1	
S_FLOW_40.759,-73.977 to 40.767,-73.954;1	
S_FLOW_40.759,-73.977 to 40.882,-73.912;1	
S_FLOW_40.759,-73.978 to 40.739,-73.986;1	
S_FLOW_40.759,-73.978 to 40.763,-73.983;1	
S_FLOW_40.759,-73.978 to 40.768,-73.962;1	
S_FLOW_40.759,-73.979 to 40.751,-73.991;1	
S_FLOW_40.759,-73.979 to 40.758,-73.986;1	
S_FLOW_40.759,-73.979 to 40.77,-73.965;1	
S_FLOW_40.759,-73.98 to 40.749,-73.976;1	
S_FLOW_40.759,-73.98 to 40.795,-73.935;1	
S_FLOW_40.759,-73.981 to 40.665,-73.984;1	
S_FLOW_40.759,-73.981 to 40.744,-73.975;1	
S_FLOW_40.759,-73.981 to 40.75,-73.994;1	
S_FLOW_40.759,-73.981 to 40.753,-73.981;1	
S_FLOW_40.759,-73.981 to 40.757,-73.99;1	
S_FLOW_40.759,-73.981 to 40.759,-73.966;1	
S_FLOW_40.759,-73.981 to 40.764,-73.992;1	
S_FLOW_40.759,-73.981 to 40.771,-73.98;1	
S_FLOW_40.759,-73.984 to 40.751,-73.975;1	
S_FLOW_40.759,-73.984 to 40.813,-73.944;1	
S_FLOW_40.759,-73.985 to 40.717,-74.007;1	
S_FLOW_40.759,-73.985 to 40.744,-73.99;1	
S_FLOW_40.759,-73.985 to 40.751,-73.994;1	
S_FLOW_40.759,-73.985 to 40.754,-73.978;1	
S_FLOW_40.759,-73.985 to 40.764,-73.981;1	
S_FLOW_40.759,-73.985 to 40.768,-73.985;1	
S_FLOW_40.759,-73.986 to 40.747,-73.996;1	
S_FLOW_40.759,-73.986 to 40.763,-73.993;1	
S_FLOW_40.759,-73.986 to 40.767,-73.978;1	
S_FLOW_40.759,-73.987 to 40.725,-74.005;1	
S_FLOW_40.759,-73.987 to 40.75,-73.98;1	
S_FLOW_40.759,-73.987 to 40.76,-73.967;1	
S_FLOW_40.759,-73.987 to 40.77,-73.958;1	
S_FLOW_40.759,-73.988 to 40.757,-73.969;1	
S_FLOW_40.759,-73.988 to 40.796,-73.963;1	
S_FLOW_40.759,-73.989 to 40.739,-73.985;1	
S_FLOW_40.759,-73.989 to 40.744,-73.984;1	
S_FLOW_40.759,-73.989 to 40.752,-73.982;1	
S_FLOW_40.759,-73.989 to 40.762,-73.986;1	
S_FLOW_40.759,-73.99 to 40.751,-73.972;1	
S_FLOW_40.759,-73.99 to 40.758,-73.975;1	
S_FLOW_40.759,-73.992 to 40.75,-73.995;1	
S_FLOW_40.759,-73.993 to 40.761,-74.0;1	
S_FLOW_40.759,-73.994 to 40.756,-73.996;1	
S_FLOW_40.759,-73.995 to 40.715,-74.014;1	
S_FLOW_40.759,-73.996 to 40.753,-73.976;1	
S_FLOW_40.759,-73.996 to 40.761,-73.99;1	
S_FLOW_40.759,-73.996 to 40.764,-73.979;1	
S_FLOW_40.76,-73.92 to 40.756,-73.92;1	
S_FLOW_40.76,-73.959 to 40.759,-73.988;1	
S_FLOW_40.76,-73.959 to 40.764,-73.988;1	
S_FLOW_40.76,-73.96 to 40.753,-73.97;1	
S_FLOW_40.76,-73.961 to 40.775,-73.963;1	
S_FLOW_40.76,-73.961 to 40.776,-73.944;1	
S_FLOW_40.76,-73.962 to 40.715,-74.014;1	
S_FLOW_40.76,-73.962 to 40.75,-73.981;1	
S_FLOW_40.76,-73.962 to 40.765,-73.957;1	
S_FLOW_40.76,-73.965 to 40.74,-73.982;1	
S_FLOW_40.76,-73.965 to 40.743,-73.998;1	
S_FLOW_40.76,-73.965 to 40.769,-73.982;1	
S_FLOW_40.76,-73.966 to 40.766,-73.957;1	
S_FLOW_40.76,-73.966 to 40.775,-73.957;1	
S_FLOW_40.76,-73.967 to 40.775,-73.954;1	
S_FLOW_40.76,-73.967 to 40.781,-73.955;1	
S_FLOW_40.76,-73.968 to 40.766,-73.954;1	
S_FLOW_40.76,-73.968 to 40.771,-73.954;1	
S_FLOW_40.76,-73.969 to 40.74,-73.98;1	
S_FLOW_40.76,-73.969 to 40.774,-73.87;1	
S_FLOW_40.76,-73.97 to 40.783,-73.955;1	
S_FLOW_40.76,-73.971 to 40.742,-74.006;1	
S_FLOW_40.76,-73.971 to 40.768,-73.987;1	
S_FLOW_40.76,-73.972 to 40.719,-73.996;1	
S_FLOW_40.76,-73.972 to 40.722,-73.993;1	
S_FLOW_40.76,-73.972 to 40.743,-73.992;1	
S_FLOW_40.76,-73.972 to 40.769,-73.864;1	
S_FLOW_40.76,-73.972 to 40.769,-73.988;1	
S_FLOW_40.76,-73.972 to 40.779,-73.948;1	
S_FLOW_40.76,-73.972 to 40.785,-73.954;1	
S_FLOW_40.76,-73.974 to 40.689,-73.957;1	
S_FLOW_40.76,-73.974 to 40.718,-74.015;1	
S_FLOW_40.76,-73.974 to 40.735,-73.997;1	
S_FLOW_40.76,-73.974 to 40.768,-73.992;1	
S_FLOW_40.76,-73.974 to 40.774,-73.964;1	
S_FLOW_40.76,-73.975 to 40.711,-74.008;1	
S_FLOW_40.76,-73.975 to 40.724,-74.01;1	
S_FLOW_40.76,-73.975 to 40.749,-74.003;1	
S_FLOW_40.76,-73.975 to 40.753,-73.978;1	
S_FLOW_40.76,-73.975 to 40.764,-73.959;1	
S_FLOW_40.76,-73.976 to 40.74,-73.994;1	
S_FLOW_40.76,-73.976 to 40.744,-73.982;1	
S_FLOW_40.76,-73.976 to 40.756,-73.991;1	
S_FLOW_40.76,-73.976 to 40.765,-73.969;1	
S_FLOW_40.76,-73.976 to 40.772,-73.961;1	
S_FLOW_40.76,-73.976 to 40.772,-73.979;1	
S_FLOW_40.76,-73.976 to 40.785,-73.958;1	
S_FLOW_40.76,-73.977 to 40.737,-73.98;1	
S_FLOW_40.76,-73.978 to 40.762,-73.961;1	
S_FLOW_40.76,-73.979 to 40.73,-73.984;1	
S_FLOW_40.76,-73.98 to 40.723,-73.991;1	
S_FLOW_40.76,-73.98 to 40.748,-73.881;1	
S_FLOW_40.76,-73.98 to 40.759,-73.971;1	
S_FLOW_40.76,-73.98 to 40.771,-73.981;1	
S_FLOW_40.76,-73.98 to 40.786,-73.973;1	
S_FLOW_40.76,-73.981 to 40.736,-73.987;1	
S_FLOW_40.76,-73.981 to 40.756,-73.971;1	
S_FLOW_40.76,-73.981 to 40.763,-73.956;1	
S_FLOW_40.76,-73.981 to 40.764,-73.977;1	
S_FLOW_40.76,-73.981 to 40.773,-73.979;1	
S_FLOW_40.76,-73.981 to 40.775,-73.99;1	
S_FLOW_40.76,-73.982 to 40.758,-73.973;1	
S_FLOW_40.76,-73.983 to 40.75,-73.983;1	
S_FLOW_40.76,-73.983 to 40.758,-73.976;1	
S_FLOW_40.76,-73.984 to 40.738,-73.987;1	
S_FLOW_40.76,-73.984 to 40.742,-74.004;1	
S_FLOW_40.76,-73.984 to 40.75,-73.991;1	
S_FLOW_40.76,-73.984 to 40.761,-73.994;1	
S_FLOW_40.76,-73.984 to 40.762,-74.001;1	
S_FLOW_40.76,-73.984 to 40.765,-73.966;1	
S_FLOW_40.76,-73.985 to 40.731,-74.007;1	
S_FLOW_40.76,-73.985 to 40.747,-73.997;1	
S_FLOW_40.76,-73.985 to 40.748,-73.974;1	
S_FLOW_40.76,-73.985 to 40.749,-73.989;1	
S_FLOW_40.76,-73.985 to 40.751,-73.981;1	
S_FLOW_40.76,-73.985 to 40.759,-73.962;1	
S_FLOW_40.76,-73.985 to 40.762,-73.95;1	
S_FLOW_40.76,-73.985 to 40.763,-73.972;1	
S_FLOW_40.76,-73.986 to 40.763,-73.97;1	
S_FLOW_40.76,-73.986 to 40.764,-73.984;1	
S_FLOW_40.76,-73.987 to 40.73,-74.008;1	
S_FLOW_40.76,-73.987 to 40.757,-73.993;1	
S_FLOW_40.76,-73.988 to 40.756,-73.979;1	
S_FLOW_40.76,-73.988 to 40.76,-73.985;2	
S_FLOW_40.76,-73.989 to 40.687,-73.966;1	
S_FLOW_40.76,-73.989 to 40.741,-73.993;1	
S_FLOW_40.76,-73.989 to 40.748,-73.978;1	
S_FLOW_40.76,-73.989 to 40.78,-73.958;1	
S_FLOW_40.76,-73.989 to 40.822,-73.942;1	
S_FLOW_40.76,-73.991 to 40.746,-73.991;1	
S_FLOW_40.76,-73.991 to 40.795,-73.973;1	
S_FLOW_40.76,-73.992 to 40.732,-73.985;1	
S_FLOW_40.76,-73.992 to 40.745,-73.991;1	
S_FLOW_40.76,-73.993 to 40.749,-74.007;1	
S_FLOW_40.76,-73.995 to 40.727,-74.003;1	
S_FLOW_40.76,-73.995 to 40.752,-74.004;1	
S_FLOW_40.76,-73.995 to 40.775,-73.991;1	
S_FLOW_40.76,-73.995 to 40.792,-73.972;1	
S_FLOW_40.76,-73.996 to 40.764,-73.989;1	
S_FLOW_40.76,-73.999 to 40.784,-73.98;1	
S_FLOW_40.76,-74.003 to 40.71,-74.006;1	
S_FLOW_40.76,-74.003 to 40.743,-73.987;1	
S_FLOW_40.76,-74.003 to 40.752,-74.007;1	
S_FLOW_40.76,-74.003 to 40.766,-73.982;1	
S_FLOW_40.76,-74.004 to 40.713,-74.017;1	
S_FLOW_40.761,-73.915 to 40.731,-73.681;1	
S_FLOW_40.761,-73.924 to 40.768,-73.914;1	
S_FLOW_40.761,-73.957 to 40.744,-73.982;1	
S_FLOW_40.761,-73.958 to 40.76,-73.967;1	
S_FLOW_40.761,-73.96 to 40.72,-73.989;1	
S_FLOW_40.761,-73.96 to 40.758,-73.975;1	
S_FLOW_40.761,-73.961 to 40.763,-73.968;1	
S_FLOW_40.761,-73.961 to 40.766,-73.956;1	
S_FLOW_40.761,-73.961 to 40.768,-73.956;1	
S_FLOW_40.761,-73.961 to 40.774,-73.945;1	
S_FLOW_40.761,-73.961 to 40.776,-73.957;1	
S_FLOW_40.761,-73.961 to 40.781,-73.947;1	
S_FLOW_40.761,-73.962 to 40.761,-73.962;1	
S_FLOW_40.761,-73.962 to 40.778,-73.904;1	
S_FLOW_40.761,-73.965 to 40.773,-73.927;1	
S_FLOW_40.761,-73.967 to 40.767,-73.965;1	
S_FLOW_40.761,-73.967 to 40.774,-73.872;1	
S_FLOW_40.761,-73.967 to 40.796,-73.948;1	
S_FLOW_40.761,-73.969 to 40.74,-74.004;1	
S_FLOW_40.761,-73.969 to 40.749,-73.977;1	
S_FLOW_40.761,-73.969 to 40.75,-73.973;1	
S_FLOW_40.761,-73.969 to 40.751,-73.981;1	
S_FLOW_40.761,-73.969 to 40.751,-73.989;1	
S_FLOW_40.761,-73.969 to 40.753,-73.989;1	
S_FLOW_40.761,-73.969 to 40.754,-73.97;1	
S_FLOW_40.761,-73.969 to 40.755,-73.972;1	
S_FLOW_40.761,-73.969 to 40.757,-73.972;1	
S_FLOW_40.761,-73.969 to 40.758,-73.884;1	
S_FLOW_40.761,-73.969 to 40.777,-73.982;1	
S_FLOW_40.761,-73.97 to 40.868,-73.926;1	
S_FLOW_40.761,-73.971 to 40.772,-73.964;1	
S_FLOW_40.761,-73.972 to 40.744,-73.977;1	
S_FLOW_40.761,-73.972 to 40.769,-73.965;1	
S_FLOW_40.761,-73.973 to 40.71,-74.01;1	
S_FLOW_40.761,-73.973 to 40.777,-73.989;1	
S_FLOW_40.761,-73.974 to 40.762,-73.926;1	
S_FLOW_40.761,-73.975 to 40.724,-74.011;1	
S_FLOW_40.761,-73.975 to 40.737,-74.0;1	
S_FLOW_40.761,-73.975 to 40.741,-73.981;1	
S_FLOW_40.761,-73.975 to 40.743,-73.989;1	
S_FLOW_40.761,-73.975 to 40.748,-73.973;1	
S_FLOW_40.761,-73.975 to 40.762,-73.97;1	
S_FLOW_40.761,-73.976 to 40.724,-73.993;1	
S_FLOW_40.761,-73.976 to 40.753,-73.98;1	
S_FLOW_40.761,-73.976 to 40.774,-73.964;1	
S_FLOW_40.761,-73.977 to 40.767,-73.953;1	
S_FLOW_40.761,-73.978 to 40.752,-73.976;1	
S_FLOW_40.761,-73.978 to 40.765,-73.955;1	
S_FLOW_40.761,-73.978 to 40.767,-73.99;1	
S_FLOW_40.761,-73.978 to 40.774,-73.985;1	
S_FLOW_40.761,-73.979 to 40.695,-73.991;1	
S_FLOW_40.761,-73.979 to 40.742,-73.983;1	
S_FLOW_40.761,-73.979 to 40.744,-73.986;1	
S_FLOW_40.761,-73.98 to 40.66,-73.956;1	
S_FLOW_40.761,-73.98 to 40.735,-74.005;1	
S_FLOW_40.761,-73.98 to 40.745,-73.999;1	
S_FLOW_40.761,-73.98 to 40.765,-73.97;1	
S_FLOW_40.761,-73.98 to 40.765,-73.977;1	
S_FLOW_40.761,-73.98 to 40.779,-73.958;1	
S_FLOW_40.761,-73.98 to 40.78,-73.956;1	
S_FLOW_40.761,-73.981 to 40.757,-73.986;1	
S_FLOW_40.761,-73.981 to 40.77,-73.982;1	
S_FLOW_40.761,-73.981 to 40.778,-73.953;1	
S_FLOW_40.761,-73.982 to 40.722,-73.98;1	
S_FLOW_40.761,-73.983 to 40.735,-74.002;1	
S_FLOW_40.761,-73.983 to 40.737,-73.979;1	
S_FLOW_40.761,-73.983 to 40.752,-73.989;1	
S_FLOW_40.761,-73.984 to 40.737,-73.985;1	
S_FLOW_40.761,-73.984 to 40.761,-73.984;1	
S_FLOW_40.761,-73.984 to 40.806,-73.943;1	
S_FLOW_40.761,-73.985 to 40.716,-74.011;1	
S_FLOW_40.761,-73.985 to 40.745,-73.992;1	
S_FLOW_40.761,-73.986 to 40.739,-74.009;1	
S_FLOW_40.761,-73.987 to 40.744,-73.991;1	
S_FLOW_40.761,-73.987 to 40.75,-73.971;1	
S_FLOW_40.761,-73.987 to 40.75,-73.991;1	
S_FLOW_40.761,-73.987 to 40.756,-73.986;1	
S_FLOW_40.761,-73.987 to 40.765,-73.982;1	
S_FLOW_40.761,-73.987 to 40.772,-73.986;1	
S_FLOW_40.761,-73.987 to 40.775,-73.984;1	
S_FLOW_40.761,-73.987 to 40.814,-73.953;1	
S_FLOW_40.761,-73.988 to 40.728,-74.007;1	
S_FLOW_40.761,-73.988 to 40.757,-73.977;1	
S_FLOW_40.761,-73.988 to 40.765,-73.979;1	
S_FLOW_40.761,-73.991 to 40.748,-73.976;1	
S_FLOW_40.761,-73.991 to 40.75,-73.995;1	
S_FLOW_40.761,-73.991 to 40.752,-73.99;1	
S_FLOW_40.761,-73.991 to 40.756,-73.996;1	
S_FLOW_40.761,-73.991 to 40.764,-73.973;1	
S_FLOW_40.761,-73.994 to 40.763,-73.958;1	
S_FLOW_40.761,-73.994 to 40.789,-73.976;1	
S_FLOW_40.761,-73.995 to 40.722,-73.849;1	
S_FLOW_40.761,-73.995 to 40.734,-73.995;1	
S_FLOW_40.761,-73.995 to 40.753,-73.997;1	
S_FLOW_40.761,-73.996 to 40.72,-73.955;1	
S_FLOW_40.761,-73.998 to 40.767,-73.989;1	
S_FLOW_40.761,-73.999 to 40.757,-73.99;1	
S_FLOW_40.761,-74.0 to 40.765,-73.981;1	
S_FLOW_40.762,-73.925 to 40.777,-73.915;1	
S_FLOW_40.762,-73.93 to 40.764,-73.956;1	
S_FLOW_40.762,-73.96 to 40.73,-73.987;1	
S_FLOW_40.762,-73.96 to 40.755,-73.973;1	
S_FLOW_40.762,-73.96 to 40.756,-73.974;1	
S_FLOW_40.762,-73.96 to 40.761,-73.975;1	
S_FLOW_40.762,-73.96 to 40.771,-73.959;1	
S_FLOW_40.762,-73.96 to 40.775,-73.951;1	
S_FLOW_40.762,-73.961 to 40.743,-73.979;1	
S_FLOW_40.762,-73.962 to 40.755,-73.979;1	
S_FLOW_40.762,-73.963 to 40.723,-73.986;1	
S_FLOW_40.762,-73.963 to 40.747,-73.973;1	
S_FLOW_40.762,-73.964 to 40.775,-73.951;1	
S_FLOW_40.762,-73.966 to 40.731,-74.001;1	
S_FLOW_40.762,-73.966 to 40.739,-73.99;1	
S_FLOW_40.762,-73.966 to 40.745,-73.997;1	
S_FLOW_40.762,-73.966 to 40.756,-73.993;1	
S_FLOW_40.762,-73.966 to 40.762,-73.957;1	
S_FLOW_40.762,-73.966 to 40.765,-73.962;1	
S_FLOW_40.762,-73.966 to 40.769,-73.956;1	
S_FLOW_40.762,-73.966 to 40.772,-73.966;1	
S_FLOW_40.762,-73.966 to 40.773,-73.955;1	
S_FLOW_40.762,-73.966 to 40.776,-73.911;1	
S_FLOW_40.762,-73.966 to 40.776,-73.95;1	
S_FLOW_40.762,-73.966 to 40.776,-73.956;2	
S_FLOW_40.762,-73.966 to 40.781,-73.953;1	
S_FLOW_40.762,-73.966 to 40.793,-73.946;1	
S_FLOW_40.762,-73.968 to 40.744,-73.994;1	
S_FLOW_40.762,-73.968 to 40.745,-73.989;1	
S_FLOW_40.762,-73.968 to 40.747,-73.982;1	
S_FLOW_40.762,-73.968 to 40.756,-73.968;1	
S_FLOW_40.762,-73.968 to 40.759,-73.974;1	
S_FLOW_40.762,-73.968 to 40.764,-73.981;1	
S_FLOW_40.762,-73.968 to 40.764,-73.982;1	
S_FLOW_40.762,-73.968 to 40.766,-73.91;1	
S_FLOW_40.762,-73.968 to 40.769,-73.988;1	
S_FLOW_40.762,-73.969 to 40.75,-73.988;1	
S_FLOW_40.762,-73.969 to 40.754,-73.977;1	
S_FLOW_40.762,-73.969 to 40.757,-73.978;1	
S_FLOW_40.762,-73.97 to 40.727,-73.994;1	
S_FLOW_40.762,-73.97 to 40.741,-73.984;1	
S_FLOW_40.762,-73.97 to 40.744,-73.988;1	
S_FLOW_40.762,-73.97 to 40.781,-73.95;1	
S_FLOW_40.762,-73.97 to 40.783,-73.978;1	
S_FLOW_40.762,-73.971 to 40.743,-74.004;1	
S_FLOW_40.762,-73.971 to 40.769,-73.983;1	
S_FLOW_40.762,-73.971 to 40.777,-73.982;1	
S_FLOW_40.762,-73.971 to 40.783,-73.981;1	
S_FLOW_40.762,-73.971 to 40.785,-73.973;1	
S_FLOW_40.762,-73.971 to 40.785,-73.98;1	
S_FLOW_40.762,-73.972 to 40.738,-73.984;1	
S_FLOW_40.762,-73.973 to 40.645,-73.776;1	
S_FLOW_40.762,-73.973 to 40.763,-73.959;1	
S_FLOW_40.762,-73.974 to 40.728,-74.0;1	
S_FLOW_40.762,-73.974 to 40.754,-73.981;1	
S_FLOW_40.762,-73.974 to 40.768,-73.982;1	
S_FLOW_40.762,-73.974 to 40.77,-73.961;1	
S_FLOW_40.762,-73.975 to 40.758,-73.971;1	
S_FLOW_40.762,-73.975 to 40.761,-73.989;1	
S_FLOW_40.762,-73.975 to 40.769,-73.955;1	
S_FLOW_40.762,-73.975 to 40.775,-73.949;1	
S_FLOW_40.762,-73.976 to 40.784,-73.975;1	
S_FLOW_40.762,-73.978 to 40.729,-74.001;1	
S_FLOW_40.762,-73.978 to 40.739,-73.995;1	
S_FLOW_40.762,-73.978 to 40.752,-73.975;1	
S_FLOW_40.762,-73.978 to 40.762,-73.966;1	
S_FLOW_40.762,-73.978 to 40.762,-73.968;1	
S_FLOW_40.762,-73.978 to 40.782,-73.946;1	
S_FLOW_40.762,-73.979 to 40.745,-73.976;1	
S_FLOW_40.762,-73.979 to 40.748,-73.986;1	
S_FLOW_40.762,-73.979 to 40.75,-73.991;2	
S_FLOW_40.762,-73.979 to 40.752,-73.977;1	
S_FLOW_40.762,-73.979 to 40.763,-73.972;1	
S_FLOW_40.762,-73.979 to 40.769,-73.987;1	
S_FLOW_40.762,-73.979 to 40.771,-73.961;1	
S_FLOW_40.762,-73.98 to 40.748,-73.985;1	
S_FLOW_40.762,-73.98 to 40.75,-73.975;1	
S_FLOW_40.762,-73.98 to 40.752,-73.99;1	
S_FLOW_40.762,-73.98 to 40.766,-73.989;1	
S_FLOW_40.762,-73.981 to 40.747,-73.982;1	
S_FLOW_40.762,-73.982 to 40.644,-73.783;1	
S_FLOW_40.762,-73.982 to 40.71,-73.964;1	
S_FLOW_40.762,-73.982 to 40.717,-74.009;1	
S_FLOW_40.762,-73.982 to 40.738,-73.99;1	
S_FLOW_40.762,-73.982 to 40.785,-73.958;1	
S_FLOW_40.762,-73.983 to 40.705,-74.017;1	
S_FLOW_40.762,-73.983 to 40.754,-73.977;1	
S_FLOW_40.762,-73.983 to 40.757,-73.998;1	
S_FLOW_40.762,-73.983 to 40.764,-73.992;1	
S_FLOW_40.762,-73.983 to 40.768,-73.985;1	
S_FLOW_40.762,-73.984 to 40.742,-74.005;1	
S_FLOW_40.762,-73.984 to 40.743,-73.987;1	
S_FLOW_40.762,-73.984 to 40.748,-74.001;1	
S_FLOW_40.762,-73.985 to 40.749,-73.989;1	
S_FLOW_40.762,-73.985 to 40.757,-73.97;1	
S_FLOW_40.762,-73.986 to 40.764,-73.984;1	
S_FLOW_40.762,-73.986 to 40.766,-73.971;1	
S_FLOW_40.762,-73.986 to 40.776,-73.982;1	
S_FLOW_40.762,-73.986 to 40.782,-73.956;1	
S_FLOW_40.762,-73.986 to 40.814,-73.96;1	
S_FLOW_40.762,-73.986 to 40.861,-73.931;1	
S_FLOW_40.762,-73.987 to 40.751,-73.979;1	
S_FLOW_40.762,-73.988 to 40.775,-73.98;1	
S_FLOW_40.762,-73.989 to 40.747,-74.008;1	
S_FLOW_40.762,-73.99 to 40.751,-73.991;1	
S_FLOW_40.762,-73.99 to 40.762,-73.986;1	
S_FLOW_40.762,-73.99 to 40.769,-73.989;1	
S_FLOW_40.762,-73.99 to 40.781,-73.982;1	
S_FLOW_40.762,-73.993 to 40.764,-73.976;1	
S_FLOW_40.762,-73.994 to 40.727,-73.992;1	
S_FLOW_40.762,-73.994 to 40.751,-74.002;1	
S_FLOW_40.762,-73.994 to 40.763,-73.974;1	
S_FLOW_40.762,-73.998 to 40.69,-73.909;1	
S_FLOW_40.762,-73.998 to 40.695,-74.177;1	
S_FLOW_40.762,-73.998 to 40.74,-74.003;1	
S_FLOW_40.762,-74.0 to 40.765,-73.998;2	
S_FLOW_40.762,-74.0 to 40.774,-73.98;1	
S_FLOW_40.762,-74.001 to 40.755,-73.992;1	
S_FLOW_40.762,-74.001 to 40.762,-74.001;1	
S_FLOW_40.763,-73.934 to 40.771,-73.917;1	
S_FLOW_40.763,-73.956 to 40.689,-73.99;1	
S_FLOW_40.763,-73.959 to 40.716,-74.011;1	
S_FLOW_40.763,-73.96 to 40.773,-73.952;1	
S_FLOW_40.763,-73.96 to 40.775,-73.961;1	
S_FLOW_40.763,-73.962 to 40.749,-73.976;1	
S_FLOW_40.763,-73.962 to 40.76,-73.975;1	
S_FLOW_40.763,-73.963 to 40.743,-74.0;1	
S_FLOW_40.763,-73.963 to 40.78,-73.955;1	
S_FLOW_40.763,-73.965 to 40.768,-73.957;1	
S_FLOW_40.763,-73.965 to 40.773,-73.99;1	
S_FLOW_40.763,-73.967 to 40.776,-73.982;1	
S_FLOW_40.763,-73.967 to 40.782,-73.95;1	
S_FLOW_40.763,-73.968 to 40.731,-73.996;1	
S_FLOW_40.763,-73.968 to 40.741,-73.983;1	
S_FLOW_40.763,-73.968 to 40.75,-73.991;1	
S_FLOW_40.763,-73.968 to 40.753,-73.996;1	
S_FLOW_40.763,-73.968 to 40.757,-73.988;1	
S_FLOW_40.763,-73.968 to 40.76,-73.991;1	
S_FLOW_40.763,-73.968 to 40.762,-73.961;1	
S_FLOW_40.763,-73.969 to 40.76,-73.97;1	
S_FLOW_40.763,-73.969 to 40.777,-73.979;1	
S_FLOW_40.763,-73.97 to 40.745,-73.977;1	
S_FLOW_40.763,-73.97 to 40.747,-73.979;1	
S_FLOW_40.763,-73.97 to 40.763,-73.97;1	
S_FLOW_40.763,-73.97 to 40.777,-73.962;1	
S_FLOW_40.763,-73.971 to 40.779,-73.956;1	
S_FLOW_40.763,-73.972 to 40.757,-73.975;1	
S_FLOW_40.763,-73.972 to 40.761,-73.986;1	
S_FLOW_40.763,-73.972 to 40.767,-73.958;1	
S_FLOW_40.763,-73.972 to 40.767,-73.963;1	
S_FLOW_40.763,-73.972 to 40.769,-73.955;1	
S_FLOW_40.763,-73.972 to 40.771,-73.966;1	
S_FLOW_40.763,-73.972 to 40.818,-73.942;1	
S_FLOW_40.763,-73.973 to 40.734,-73.999;1	
S_FLOW_40.763,-73.973 to 40.775,-73.963;1	
S_FLOW_40.763,-73.974 to 40.726,-73.851;1	
S_FLOW_40.763,-73.974 to 40.73,-74.0;1	
S_FLOW_40.763,-73.974 to 40.743,-73.992;1	
S_FLOW_40.763,-73.974 to 40.746,-73.986;1	
S_FLOW_40.763,-73.974 to 40.759,-73.985;1	
S_FLOW_40.763,-73.974 to 40.761,-74.003;2	
S_FLOW_40.763,-73.974 to 40.769,-73.981;1	
S_FLOW_40.763,-73.974 to 40.783,-73.947;1	
S_FLOW_40.763,-73.975 to 40.75,-73.991;1	
S_FLOW_40.763,-73.975 to 40.77,-73.956;1	
S_FLOW_40.763,-73.976 to 40.745,-73.993;1	
S_FLOW_40.763,-73.977 to 40.644,-73.791;1	
S_FLOW_40.763,-73.977 to 40.715,-74.014;1	
S_FLOW_40.763,-73.978 to 40.695,-74.177;1	
S_FLOW_40.763,-73.978 to 40.716,-74.005;1	
S_FLOW_40.763,-73.978 to 40.75,-73.99;1	
S_FLOW_40.763,-73.978 to 40.753,-73.979;1	
S_FLOW_40.763,-73.978 to 40.76,-73.971;1	
S_FLOW_40.763,-73.978 to 40.785,-73.956;1	
S_FLOW_40.763,-73.979 to 40.722,-73.983;1	
S_FLOW_40.763,-73.979 to 40.727,-73.986;1	
S_FLOW_40.763,-73.979 to 40.755,-73.985;1	
S_FLOW_40.763,-73.979 to 40.769,-73.952;1	
S_FLOW_40.763,-73.981 to 40.748,-74.005;1	
S_FLOW_40.763,-73.981 to 40.76,-73.976;1	
S_FLOW_40.763,-73.982 to 40.739,-73.98;1	
S_FLOW_40.763,-73.982 to 40.75,-73.939;1	
S_FLOW_40.763,-73.982 to 40.756,-73.986;1	
S_FLOW_40.763,-73.982 to 40.758,-73.972;1	
S_FLOW_40.763,-73.982 to 40.781,-73.956;1	
S_FLOW_40.763,-73.982 to 40.793,-73.975;1	
S_FLOW_40.763,-73.983 to 40.735,-74.003;1	
S_FLOW_40.763,-73.983 to 40.779,-73.977;1	
S_FLOW_40.763,-73.983 to 40.783,-73.974;1	
S_FLOW_40.763,-73.983 to 40.811,-73.962;1	
S_FLOW_40.763,-73.984 to 40.75,-73.992;1	
S_FLOW_40.763,-73.984 to 40.757,-73.974;1	
S_FLOW_40.763,-73.985 to 40.697,-73.936;1	
S_FLOW_40.763,-73.985 to 40.72,-74.0;1	
S_FLOW_40.763,-73.986 to 40.756,-73.999;1	
S_FLOW_40.763,-73.986 to 40.758,-73.988;1	
S_FLOW_40.763,-73.986 to 40.76,-73.97;1	
S_FLOW_40.763,-73.986 to 40.777,-73.956;1	
S_FLOW_40.763,-73.987 to 40.727,-73.985;1	
S_FLOW_40.763,-73.987 to 40.77,-73.96;1	
S_FLOW_40.763,-73.987 to 40.774,-73.873;1	
S_FLOW_40.763,-73.988 to 40.777,-73.982;1	
S_FLOW_40.763,-73.989 to 40.645,-73.776;1	
S_FLOW_40.763,-73.989 to 40.715,-73.987;1	
S_FLOW_40.763,-73.989 to 40.723,-73.983;1	
S_FLOW_40.763,-73.989 to 40.755,-73.988;1	
S_FLOW_40.763,-73.989 to 40.757,-74.001;1	
S_FLOW_40.763,-73.989 to 40.763,-73.989;1	
S_FLOW_40.763,-73.989 to 40.771,-73.985;1	
S_FLOW_40.763,-73.99 to 40.76,-73.994;1	
S_FLOW_40.763,-73.99 to 40.831,-73.948;1	
S_FLOW_40.763,-73.993 to 40.729,-74.0;1	
S_FLOW_40.763,-73.993 to 40.756,-73.988;1	
S_FLOW_40.763,-73.993 to 40.761,-73.973;1	
S_FLOW_40.763,-73.993 to 40.772,-73.987;1	
S_FLOW_40.763,-73.995 to 40.759,-73.987;1	
S_FLOW_40.763,-73.996 to 40.725,-73.995;1	
S_FLOW_40.763,-73.997 to 40.74,-74.008;1	
S_FLOW_40.763,-73.997 to 40.744,-73.985;1	
S_FLOW_40.763,-73.997 to 40.749,-73.975;1	
S_FLOW_40.764,-73.915 to 40.745,-73.923;1	
S_FLOW_40.764,-73.954 to 40.738,-73.989;1	
S_FLOW_40.764,-73.954 to 40.753,-73.856;1	
S_FLOW_40.764,-73.954 to 40.768,-73.956;1	
S_FLOW_40.764,-73.954 to 40.776,-73.983;1	
S_FLOW_40.764,-73.955 to 40.756,-73.98;1	
S_FLOW_40.764,-73.956 to 40.65,-73.98;1	
S_FLOW_40.764,-73.956 to 40.742,-73.908;1	
S_FLOW_40.764,-73.956 to 40.751,-73.99;1	
S_FLOW_40.764,-73.956 to 40.751,-74.0;1	
S_FLOW_40.764,-73.956 to 40.773,-73.954;1	
S_FLOW_40.764,-73.957 to 40.775,-73.984;1	
S_FLOW_40.764,-73.959 to 40.755,-73.98;1	
S_FLOW_40.764,-73.959 to 40.772,-73.953;1	
S_FLOW_40.764,-73.959 to 40.773,-73.948;1	
S_FLOW_40.764,-73.962 to 40.742,-73.989;1	
S_FLOW_40.764,-73.962 to 40.755,-73.968;1	
S_FLOW_40.764,-73.962 to 40.765,-73.953;1	
S_FLOW_40.764,-73.962 to 40.775,-73.951;1	
S_FLOW_40.764,-73.964 to 40.742,-73.996;1	
S_FLOW_40.764,-73.964 to 40.75,-73.972;1	
S_FLOW_40.764,-73.965 to 40.76,-73.985;1	
S_FLOW_40.764,-73.965 to 40.764,-73.975;1	
S_FLOW_40.764,-73.965 to 40.766,-73.965;1	
S_FLOW_40.764,-73.965 to 40.773,-73.959;1	
S_FLOW_40.764,-73.966 to 40.753,-73.975;1	
S_FLOW_40.764,-73.967 to 40.731,-73.986;1	
S_FLOW_40.764,-73.967 to 40.753,-73.975;1	
S_FLOW_40.764,-73.967 to 40.753,-73.993;1	
S_FLOW_40.764,-73.967 to 40.757,-73.972;1	
S_FLOW_40.764,-73.967 to 40.773,-73.962;1	
S_FLOW_40.764,-73.968 to 40.758,-73.98;1	
S_FLOW_40.764,-73.969 to 40.72,-73.999;1	
S_FLOW_40.764,-73.969 to 40.727,-73.993;1	
S_FLOW_40.764,-73.969 to 40.772,-73.961;1	
S_FLOW_40.764,-73.969 to 40.778,-73.959;1	
S_FLOW_40.764,-73.969 to 40.786,-73.977;1	
S_FLOW_40.764,-73.97 to 40.768,-73.956;1	
S_FLOW_40.764,-73.97 to 40.769,-73.983;1	
S_FLOW_40.764,-73.97 to 40.77,-73.981;1	
S_FLOW_40.764,-73.971 to 40.771,-73.966;1	
S_FLOW_40.764,-73.971 to 40.784,-73.95;1	
S_FLOW_40.764,-73.972 to 40.748,-73.988;1	
S_FLOW_40.764,-73.973 to 40.738,-73.992;1	
S_FLOW_40.764,-73.973 to 40.744,-73.988;1	
S_FLOW_40.764,-73.973 to 40.75,-73.991;1	
S_FLOW_40.764,-73.973 to 40.754,-73.965;1	
S_FLOW_40.764,-73.973 to 40.764,-73.973;1	
S_FLOW_40.764,-73.974 to 40.724,-74.0;1	
S_FLOW_40.764,-73.974 to 40.759,-73.967;1	
S_FLOW_40.764,-73.974 to 40.759,-73.976;1	
S_FLOW_40.764,-73.974 to 40.78,-73.954;1	
S_FLOW_40.764,-73.976 to 40.671,-73.953;1	
S_FLOW_40.764,-73.976 to 40.754,-73.996;1	
S_FLOW_40.764,-73.976 to 40.764,-73.981;1	
S_FLOW_40.764,-73.976 to 40.772,-73.982;1	
S_FLOW_40.764,-73.977 to 40.749,-73.983;1	
S_FLOW_40.764,-73.977 to 40.765,-73.995;1	
S_FLOW_40.764,-73.977 to 40.779,-73.984;1	
S_FLOW_40.764,-73.977 to 40.79,-73.973;1	
S_FLOW_40.764,-73.977 to 40.794,-73.969;1	
S_FLOW_40.764,-73.977 to 40.804,-73.952;1	
S_FLOW_40.764,-73.978 to 40.647,-73.79;1	
S_FLOW_40.764,-73.978 to 40.802,-73.957;1	
S_FLOW_40.764,-73.978 to 40.804,-73.956;1	
S_FLOW_40.764,-73.979 to 40.687,-73.99;1	
S_FLOW_40.764,-73.979 to 40.745,-73.988;1	
S_FLOW_40.764,-73.979 to 40.759,-73.977;1	
S_FLOW_40.764,-73.979 to 40.777,-73.978;1	
S_FLOW_40.764,-73.979 to 40.781,-73.981;1	
S_FLOW_40.764,-73.979 to 40.808,-73.967;1	
S_FLOW_40.764,-73.981 to 40.743,-74.0;1	
S_FLOW_40.764,-73.981 to 40.752,-73.977;1	
S_FLOW_40.764,-73.981 to 40.757,-73.967;1	
S_FLOW_40.764,-73.981 to 40.788,-73.969;1	
S_FLOW_40.764,-73.982 to 40.739,-73.989;1	
S_FLOW_40.764,-73.982 to 40.753,-73.993;1	
S_FLOW_40.764,-73.982 to 40.766,-73.972;1	
S_FLOW_40.764,-73.983 to 40.622,-74.007;1	
S_FLOW_40.764,-73.983 to 40.732,-74.001;1	
S_FLOW_40.764,-73.985 to 40.763,-73.997;1	
S_FLOW_40.764,-73.985 to 40.782,-73.972;1	
S_FLOW_40.764,-73.986 to 40.764,-73.973;1	
S_FLOW_40.764,-73.986 to 40.779,-73.977;1	
S_FLOW_40.764,-73.987 to 40.75,-73.992;1	
S_FLOW_40.764,-73.987 to 40.777,-73.954;1	
S_FLOW_40.764,-73.987 to 40.831,-73.947;1	
S_FLOW_40.764,-73.988 to 40.722,-73.978;1	
S_FLOW_40.764,-73.988 to 40.726,-73.992;1	
S_FLOW_40.764,-73.988 to 40.739,-73.996;1	
S_FLOW_40.764,-73.988 to 40.748,-73.988;1	
S_FLOW_40.764,-73.988 to 40.755,-73.995;1	
S_FLOW_40.764,-73.988 to 40.763,-73.973;1	
S_FLOW_40.764,-73.989 to 40.74,-74.008;1	
S_FLOW_40.764,-73.989 to 40.758,-73.988;1	
S_FLOW_40.764,-73.989 to 40.772,-73.957;1	
S_FLOW_40.764,-73.989 to 40.781,-73.913;1	
S_FLOW_40.764,-73.993 to 40.76,-73.977;1	
S_FLOW_40.764,-73.993 to 40.76,-73.997;1	
S_FLOW_40.764,-73.996 to 40.758,-73.993;1	
S_FLOW_40.764,-73.998 to 40.769,-73.986;1	
S_FLOW_40.765,-73.823 to 40.762,-73.832;1	
S_FLOW_40.765,-73.955 to 40.751,-73.99;1	
S_FLOW_40.765,-73.955 to 40.757,-73.97;1	
S_FLOW_40.765,-73.955 to 40.768,-73.955;1	
S_FLOW_40.765,-73.958 to 40.771,-73.98;1	
S_FLOW_40.765,-73.958 to 40.795,-73.934;1	
S_FLOW_40.765,-73.959 to 40.751,-73.973;1	
S_FLOW_40.765,-73.961 to 40.752,-73.97;1	
S_FLOW_40.765,-73.961 to 40.757,-73.969;1	
S_FLOW_40.765,-73.961 to 40.759,-73.981;1	
S_FLOW_40.765,-73.961 to 40.772,-73.983;1	
S_FLOW_40.765,-73.961 to 40.779,-73.952;1	
S_FLOW_40.765,-73.962 to 40.766,-73.957;1	
S_FLOW_40.765,-73.963 to 40.77,-73.954;1	
S_FLOW_40.765,-73.964 to 40.772,-73.959;1	
S_FLOW_40.765,-73.966 to 40.719,-73.988;1	
S_FLOW_40.765,-73.966 to 40.756,-73.973;1	
S_FLOW_40.765,-73.966 to 40.756,-73.983;1	
S_FLOW_40.765,-73.966 to 40.772,-73.967;1	
S_FLOW_40.765,-73.966 to 40.773,-73.956;1	
S_FLOW_40.765,-73.968 to 40.755,-73.975;1	
S_FLOW_40.765,-73.968 to 40.757,-73.974;1	
S_FLOW_40.765,-73.969 to 40.755,-73.965;1	
S_FLOW_40.765,-73.969 to 40.774,-73.871;1	
S_FLOW_40.765,-73.97 to 40.739,-74.008;1	
S_FLOW_40.765,-73.97 to 40.783,-73.958;1	
S_FLOW_40.765,-73.971 to 40.769,-73.982;1	
S_FLOW_40.765,-73.971 to 40.773,-73.978;1	
S_FLOW_40.765,-73.971 to 40.785,-73.97;1	
S_FLOW_40.765,-73.972 to 40.738,-74.009;1	
S_FLOW_40.765,-73.973 to 40.749,-73.991;1	
S_FLOW_40.765,-73.973 to 40.754,-73.97;1	
S_FLOW_40.765,-73.973 to 40.773,-73.96;1	
S_FLOW_40.765,-73.974 to 40.755,-73.973;1	
S_FLOW_40.765,-73.974 to 40.762,-73.97;1	
S_FLOW_40.765,-73.974 to 40.776,-73.959;1	
S_FLOW_40.765,-73.974 to 40.777,-73.977;1	
S_FLOW_40.765,-73.974 to 40.777,-73.979;1	
S_FLOW_40.765,-73.974 to 40.784,-73.983;1	
S_FLOW_40.765,-73.976 to 40.78,-73.946;1	
S_FLOW_40.765,-73.976 to 40.783,-73.971;1	
S_FLOW_40.765,-73.976 to 40.79,-73.953;1	
S_FLOW_40.765,-73.977 to 40.742,-73.975;1	
S_FLOW_40.765,-73.977 to 40.772,-73.959;1	
S_FLOW_40.765,-73.977 to 40.775,-73.963;1	
S_FLOW_40.765,-73.978 to 40.764,-73.969;1	
S_FLOW_40.765,-73.978 to 40.773,-73.946;1	
S_FLOW_40.765,-73.979 to 40.702,-74.011;1	
S_FLOW_40.765,-73.979 to 40.745,-73.971;1	
S_FLOW_40.765,-73.979 to 40.759,-73.985;1	
S_FLOW_40.765,-73.979 to 40.766,-73.991;1	
S_FLOW_40.765,-73.979 to 40.774,-73.87;1	
S_FLOW_40.765,-73.98 to 40.766,-73.915;1	
S_FLOW_40.765,-73.981 to 40.728,-73.991;1	
S_FLOW_40.765,-73.981 to 40.736,-73.991;1	
S_FLOW_40.765,-73.981 to 40.785,-73.977;1	
S_FLOW_40.765,-73.982 to 40.737,-73.988;1	
S_FLOW_40.765,-73.982 to 40.75,-73.991;1	
S_FLOW_40.765,-73.982 to 40.758,-73.98;1	
S_FLOW_40.765,-73.983 to 40.749,-73.973;1	
S_FLOW_40.765,-73.983 to 40.78,-73.96;1	
S_FLOW_40.765,-73.984 to 40.736,-74.002;1	
S_FLOW_40.765,-73.984 to 40.749,-73.987;1	
S_FLOW_40.765,-73.984 to 40.755,-73.962;1	
S_FLOW_40.765,-73.984 to 40.767,-73.967;1	
S_FLOW_40.765,-73.984 to 40.781,-73.982;1	
S_FLOW_40.765,-73.985 to 40.72,-73.996;1	
S_FLOW_40.765,-73.987 to 40.757,-73.993;1	
S_FLOW_40.765,-73.988 to 40.742,-73.996;1	
S_FLOW_40.765,-73.988 to 40.746,-74.006;1	
S_FLOW_40.765,-73.988 to 40.759,-73.986;1	
S_FLOW_40.765,-73.988 to 40.759,-73.992;1	
S_FLOW_40.765,-73.988 to 40.774,-73.871;1	
S_FLOW_40.765,-73.991 to 40.742,-73.99;1	
S_FLOW_40.765,-73.991 to 40.768,-73.988;1	
S_FLOW_40.765,-73.992 to 40.729,-74.001;1	
S_FLOW_40.765,-73.992 to 40.75,-73.984;1	
S_FLOW_40.765,-73.992 to 40.756,-73.974;1	
S_FLOW_40.765,-73.998 to 40.753,-73.973;1	
S_FLOW_40.766,-73.913 to 40.747,-73.893;1	
S_FLOW_40.766,-73.926 to 40.756,-73.968;1	
S_FLOW_40.766,-73.927 to 40.765,-73.997;1	
S_FLOW_40.766,-73.952 to 40.766,-73.952;1	
S_FLOW_40.766,-73.952 to 40.766,-73.971;1	
S_FLOW_40.766,-73.952 to 40.774,-73.964;1	
S_FLOW_40.766,-73.953 to 40.744,-73.976;1	
S_FLOW_40.766,-73.953 to 40.772,-73.953;1	
S_FLOW_40.766,-73.954 to 40.77,-73.865;1	
S_FLOW_40.766,-73.954 to 40.774,-73.963;1	
S_FLOW_40.766,-73.954 to 40.775,-73.98;1	
S_FLOW_40.766,-73.954 to 40.781,-73.949;1	
S_FLOW_40.766,-73.954 to 40.792,-73.972;1	
S_FLOW_40.766,-73.954 to 40.848,-73.939;1	
S_FLOW_40.766,-73.955 to 40.749,-73.992;1	
S_FLOW_40.766,-73.955 to 40.77,-73.96;1	
S_FLOW_40.766,-73.955 to 40.771,-73.953;1	
S_FLOW_40.766,-73.957 to 40.723,-73.988;1	
S_FLOW_40.766,-73.957 to 40.728,-74.002;1	
S_FLOW_40.766,-73.957 to 40.773,-73.959;1	
S_FLOW_40.766,-73.958 to 40.721,-73.998;1	
S_FLOW_40.766,-73.96 to 40.722,-73.849;1	
S_FLOW_40.766,-73.96 to 40.758,-73.962;1	
S_FLOW_40.766,-73.96 to 40.768,-73.967;1	
S_FLOW_40.766,-73.963 to 40.77,-73.967;1	
S_FLOW_40.766,-73.963 to 40.788,-73.953;1	
S_FLOW_40.766,-73.964 to 40.778,-73.952;1	
S_FLOW_40.766,-73.965 to 40.755,-73.965;1	
S_FLOW_40.766,-73.965 to 40.775,-73.95;1	
S_FLOW_40.766,-73.966 to 40.773,-73.946;1	
S_FLOW_40.766,-73.966 to 40.774,-73.872;1	
S_FLOW_40.766,-73.967 to 40.772,-73.951;1	
S_FLOW_40.766,-73.967 to 40.778,-73.961;1	
S_FLOW_40.766,-73.968 to 40.776,-73.959;1	
S_FLOW_40.766,-73.969 to 40.782,-73.959;1	
S_FLOW_40.766,-73.969 to 40.788,-73.954;1	
S_FLOW_40.766,-73.97 to 40.703,-73.994;1	
S_FLOW_40.766,-73.97 to 40.774,-73.964;1	
S_FLOW_40.766,-73.972 to 40.797,-73.971;1	
S_FLOW_40.766,-73.975 to 40.758,-73.975;1	
S_FLOW_40.766,-73.976 to 40.773,-73.979;1	
S_FLOW_40.766,-73.976 to 40.775,-73.982;1	
S_FLOW_40.766,-73.978 to 40.737,-73.982;1	
S_FLOW_40.766,-73.978 to 40.747,-73.977;1	
S_FLOW_40.766,-73.98 to 40.751,-73.987;1	
S_FLOW_40.766,-73.98 to 40.755,-73.983;1	
S_FLOW_40.766,-73.98 to 40.758,-73.989;1	
S_FLOW_40.766,-73.981 to 40.758,-73.973;1	
S_FLOW_40.766,-73.981 to 40.774,-73.984;1	
S_FLOW_40.766,-73.982 to 40.711,-74.016;1	
S_FLOW_40.766,-73.982 to 40.75,-73.99;1	
S_FLOW_40.766,-73.982 to 40.765,-73.977;1	
S_FLOW_40.766,-73.983 to 40.749,-73.992;1	
S_FLOW_40.766,-73.983 to 40.753,-74.004;1	
S_FLOW_40.766,-73.983 to 40.758,-73.977;1	
S_FLOW_40.766,-73.983 to 40.769,-73.987;1	
S_FLOW_40.766,-73.983 to 40.771,-73.95;1	
S_FLOW_40.766,-73.983 to 40.796,-73.935;1	
S_FLOW_40.766,-73.983 to 40.811,-73.964;1	
S_FLOW_40.766,-73.984 to 40.763,-73.966;1	
S_FLOW_40.766,-73.985 to 40.733,-74.006;1	
S_FLOW_40.766,-73.987 to 40.745,-73.998;1	
S_FLOW_40.766,-73.987 to 40.749,-73.989;1	
S_FLOW_40.766,-73.987 to 40.758,-73.993;1	
S_FLOW_40.766,-73.991 to 40.752,-73.971;1	
S_FLOW_40.766,-73.992 to 40.856,-73.844;1	
S_FLOW_40.766,-73.994 to 40.785,-73.973;1	
S_FLOW_40.766,-73.995 to 40.74,-73.992;1	
S_FLOW_40.767,-73.952 to 40.76,-73.984;1	
S_FLOW_40.767,-73.953 to 40.754,-73.974;1	
S_FLOW_40.767,-73.954 to 40.746,-73.974;1	
S_FLOW_40.767,-73.954 to 40.763,-73.97;1	
S_FLOW_40.767,-73.954 to 40.765,-73.969;1	
S_FLOW_40.767,-73.954 to 40.777,-73.975;1	
S_FLOW_40.767,-73.954 to 40.789,-73.94;1	
S_FLOW_40.767,-73.954 to 40.803,-73.966;1	
S_FLOW_40.767,-73.955 to 40.752,-73.989;1	
S_FLOW_40.767,-73.956 to 40.777,-73.95;1	
S_FLOW_40.767,-73.956 to 40.841,-73.94;1	
S_FLOW_40.767,-73.957 to 40.816,-73.961;1	
S_FLOW_40.767,-73.958 to 40.757,-73.964;1	
S_FLOW_40.767,-73.96 to 40.756,-73.979;1	
S_FLOW_40.767,-73.962 to 40.768,-73.982;1	
S_FLOW_40.767,-73.962 to 40.773,-73.95;1	
S_FLOW_40.767,-73.962 to 40.79,-73.952;1	
S_FLOW_40.767,-73.963 to 40.757,-73.979;1	
S_FLOW_40.767,-73.963 to 40.775,-73.982;2	
S_FLOW_40.767,-73.964 to 40.76,-73.968;1	
S_FLOW_40.767,-73.964 to 40.791,-73.969;1	
S_FLOW_40.767,-73.965 to 40.75,-73.979;1	
S_FLOW_40.767,-73.965 to 40.777,-73.957;1	
S_FLOW_40.767,-73.967 to 40.771,-73.964;1	
S_FLOW_40.767,-73.967 to 40.779,-73.982;1	
S_FLOW_40.767,-73.968 to 40.753,-73.923;1	
S_FLOW_40.767,-73.968 to 40.756,-73.971;1	
S_FLOW_40.767,-73.971 to 40.739,-73.986;1	
S_FLOW_40.767,-73.978 to 40.756,-73.987;1	
S_FLOW_40.767,-73.979 to 40.689,-73.988;1	
S_FLOW_40.767,-73.979 to 40.731,-73.989;1	
S_FLOW_40.767,-73.979 to 40.746,-74.008;1	
S_FLOW_40.767,-73.979 to 40.782,-73.958;1	
S_FLOW_40.767,-73.981 to 40.758,-73.966;1	
S_FLOW_40.767,-73.982 to 40.788,-73.971;1	
S_FLOW_40.767,-73.982 to 40.881,-73.919;1	
S_FLOW_40.767,-73.983 to 40.722,-74.004;1	
S_FLOW_40.767,-73.983 to 40.824,-73.946;1	
S_FLOW_40.767,-73.986 to 40.758,-73.971;1	
S_FLOW_40.767,-73.987 to 40.683,-73.977;1	
S_FLOW_40.767,-73.987 to 40.757,-73.973;1	
S_FLOW_40.767,-73.987 to 40.805,-73.957;1	
S_FLOW_40.767,-73.987 to 40.811,-73.959;1	
S_FLOW_40.767,-73.99 to 40.775,-73.991;1	
S_FLOW_40.767,-73.99 to 40.782,-73.981;1	
S_FLOW_40.767,-73.99 to 40.792,-73.978;1	
S_FLOW_40.767,-73.993 to 40.753,-73.995;1	
S_FLOW_40.768,-73.9 to 40.775,-73.912;1	
S_FLOW_40.768,-73.953 to 40.759,-73.976;1	
S_FLOW_40.768,-73.956 to 40.763,-73.974;1	
S_FLOW_40.768,-73.956 to 40.766,-73.969;1	
S_FLOW_40.768,-73.956 to 40.776,-73.95;1	
S_FLOW_40.768,-73.956 to 40.776,-73.956;1	
S_FLOW_40.768,-73.956 to 40.779,-73.955;1	
S_FLOW_40.768,-73.956 to 40.785,-73.949;1	
S_FLOW_40.768,-73.956 to 40.857,-73.848;1	
S_FLOW_40.768,-73.957 to 40.761,-73.969;1	
S_FLOW_40.768,-73.957 to 40.767,-73.953;1	
S_FLOW_40.768,-73.957 to 40.791,-73.953;1	
S_FLOW_40.768,-73.958 to 40.736,-73.975;1	
S_FLOW_40.768,-73.959 to 40.76,-73.971;1	
S_FLOW_40.768,-73.959 to 40.777,-73.956;1	
S_FLOW_40.768,-73.96 to 40.777,-73.979;1	
S_FLOW_40.768,-73.962 to 40.764,-73.961;1	
S_FLOW_40.768,-73.962 to 40.764,-73.966;1	
S_FLOW_40.768,-73.964 to 40.723,-73.7;1	
S_FLOW_40.768,-73.964 to 40.745,-73.994;1	
S_FLOW_40.768,-73.964 to 40.749,-73.972;1	
S_FLOW_40.768,-73.964 to 40.75,-73.993;1	
S_FLOW_40.768,-73.964 to 40.753,-73.975;1	
S_FLOW_40.768,-73.964 to 40.759,-73.962;1	
S_FLOW_40.768,-73.964 to 40.768,-73.956;1	
S_FLOW_40.768,-73.966 to 40.773,-73.959;1	
S_FLOW_40.768,-73.966 to 40.78,-73.952;1	
S_FLOW_40.768,-73.968 to 40.779,-73.96;1	
S_FLOW_40.768,-73.968 to 40.787,-73.978;1	
S_FLOW_40.768,-73.968 to 40.803,-73.966;1	
S_FLOW_40.768,-73.971 to 40.735,-73.992;1	
S_FLOW_40.768,-73.971 to 40.781,-73.981;1	
S_FLOW_40.768,-73.981 to 40.776,-73.96;1	
S_FLOW_40.768,-73.982 to 40.71,-74.015;1	
S_FLOW_40.768,-73.982 to 40.749,-73.989;1	
S_FLOW_40.768,-73.982 to 40.749,-73.992;1	
S_FLOW_40.768,-73.982 to 40.758,-73.986;1	
S_FLOW_40.768,-73.982 to 40.763,-73.974;1	
S_FLOW_40.768,-73.982 to 40.765,-73.988;1	
S_FLOW_40.768,-73.982 to 40.772,-73.963;1	
S_FLOW_40.768,-73.982 to 40.773,-73.979;1	
S_FLOW_40.768,-73.982 to 40.775,-73.96;1	
S_FLOW_40.768,-73.982 to 40.781,-73.977;1	
S_FLOW_40.768,-73.982 to 40.799,-73.97;1	
S_FLOW_40.768,-73.982 to 40.801,-73.959;1	
S_FLOW_40.768,-73.983 to 40.748,-73.998;1	
S_FLOW_40.768,-73.983 to 40.763,-73.968;1	
S_FLOW_40.768,-73.984 to 40.766,-73.967;1	
S_FLOW_40.768,-73.985 to 40.678,-73.996;1	
S_FLOW_40.768,-73.985 to 40.8,-73.965;1	
S_FLOW_40.768,-73.985 to 40.807,-73.959;1	
S_FLOW_40.768,-73.986 to 40.732,-73.995;1	
S_FLOW_40.768,-73.986 to 40.757,-73.998;1	
S_FLOW_40.768,-73.986 to 40.759,-73.986;1	
S_FLOW_40.768,-73.986 to 40.762,-73.927;1	
S_FLOW_40.768,-73.986 to 40.783,-73.971;1	
S_FLOW_40.768,-73.989 to 40.704,-74.009;1	
S_FLOW_40.768,-73.989 to 40.777,-73.979;1	
S_FLOW_40.768,-73.996 to 40.764,-73.974;1	
S_FLOW_40.769,-73.862 to 40.768,-73.906;1	
S_FLOW_40.769,-73.863 to 40.693,-73.906;1	
S_FLOW_40.769,-73.863 to 40.729,-73.858;1	
S_FLOW_40.769,-73.863 to 40.736,-73.994;1	
S_FLOW_40.769,-73.863 to 40.751,-73.98;1	
S_FLOW_40.769,-73.863 to 40.759,-73.99;1	
S_FLOW_40.769,-73.863 to 40.767,-73.935;1	
S_FLOW_40.769,-73.863 to 40.771,-73.98;1	
S_FLOW_40.769,-73.863 to 40.778,-73.951;1	
S_FLOW_40.769,-73.863 to 40.778,-73.952;1	
S_FLOW_40.769,-73.863 to 40.785,-73.95;1	
S_FLOW_40.769,-73.863 to 40.809,-73.963;1	
S_FLOW_40.769,-73.864 to 40.759,-73.975;1	
S_FLOW_40.769,-73.864 to 40.787,-73.976;1	
S_FLOW_40.769,-73.866 to 40.799,-73.97;1	
S_FLOW_40.769,-73.891 to 40.771,-73.901;1	
S_FLOW_40.769,-73.911 to 40.807,-73.946;1	
S_FLOW_40.769,-73.925 to 40.773,-73.903;1	
S_FLOW_40.769,-73.953 to 40.762,-73.982;1	
S_FLOW_40.769,-73.955 to 40.748,-73.974;1	
S_FLOW_40.769,-73.955 to 40.769,-73.982;1	
S_FLOW_40.769,-73.955 to 40.775,-73.958;1	
S_FLOW_40.769,-73.955 to 40.777,-73.951;1	
S_FLOW_40.769,-73.955 to 40.787,-73.954;1	
S_FLOW_40.769,-73.956 to 40.758,-73.992;1	
S_FLOW_40.769,-73.956 to 40.76,-73.965;1	
S_FLOW_40.769,-73.958 to 40.76,-73.965;1	
S_FLOW_40.769,-73.958 to 40.764,-73.971;1	
S_FLOW_40.769,-73.958 to 40.769,-73.97;1	
S_FLOW_40.769,-73.959 to 40.755,-73.977;1	
S_FLOW_40.769,-73.959 to 40.77,-73.954;1	
S_FLOW_40.769,-73.961 to 40.765,-73.961;1	
S_FLOW_40.769,-73.961 to 40.767,-73.984;1	
S_FLOW_40.769,-73.961 to 40.783,-73.949;1	
S_FLOW_40.769,-73.963 to 40.722,-74.003;1	
S_FLOW_40.769,-73.963 to 40.759,-73.976;1	
S_FLOW_40.769,-73.963 to 40.764,-73.973;1	
S_FLOW_40.769,-73.963 to 40.769,-73.963;1	
S_FLOW_40.769,-73.965 to 40.759,-73.97;1	
S_FLOW_40.769,-73.965 to 40.777,-73.956;1	
S_FLOW_40.769,-73.965 to 40.783,-73.971;1	
S_FLOW_40.769,-73.966 to 40.76,-73.972;1	
S_FLOW_40.769,-73.966 to 40.794,-73.943;1	
S_FLOW_40.769,-73.967 to 40.743,-73.985;1	
S_FLOW_40.769,-73.967 to 40.778,-73.961;1	
S_FLOW_40.769,-73.968 to 40.762,-73.968;1	
S_FLOW_40.769,-73.97 to 40.769,-73.965;1	
S_FLOW_40.769,-73.97 to 40.772,-73.986;1	
S_FLOW_40.769,-73.981 to 40.746,-74.008;1	
S_FLOW_40.769,-73.981 to 40.757,-73.965;1	
S_FLOW_40.769,-73.981 to 40.763,-73.968;1	
S_FLOW_40.769,-73.982 to 40.736,-74.002;1	
S_FLOW_40.769,-73.982 to 40.757,-73.976;1	
S_FLOW_40.769,-73.982 to 40.767,-73.986;1	
S_FLOW_40.769,-73.982 to 40.768,-73.989;1	
S_FLOW_40.769,-73.982 to 40.79,-73.973;1	
S_FLOW_40.769,-73.984 to 40.762,-73.976;1	
S_FLOW_40.769,-73.984 to 40.762,-73.986;1	
S_FLOW_40.769,-73.985 to 40.75,-73.996;1	
S_FLOW_40.769,-73.985 to 40.752,-73.982;1	
S_FLOW_40.769,-73.985 to 40.752,-73.99;1	
S_FLOW_40.769,-73.985 to 40.782,-73.951;1	
S_FLOW_40.769,-73.985 to 40.808,-73.945;1	
S_FLOW_40.769,-73.987 to 40.772,-73.983;1	
S_FLOW_40.769,-73.987 to 40.775,-73.984;1	
S_FLOW_40.769,-73.988 to 40.759,-73.982;1	
S_FLOW_40.769,-73.988 to 40.796,-73.973;1	
S_FLOW_40.769,-73.989 to 40.726,-73.998;1	
S_FLOW_40.769,-73.989 to 40.747,-73.994;1	
S_FLOW_40.769,-73.989 to 40.783,-73.973;1	
S_FLOW_40.769,-73.992 to 40.697,-73.936;1	
S_FLOW_40.769,-73.992 to 40.732,-73.983;1	
S_FLOW_40.769,-73.992 to 40.751,-73.984;1	
S_FLOW_40.769,-73.994 to 40.758,-73.985;1	
S_FLOW_40.769,-73.995 to 40.767,-73.984;1	
S_FLOW_40.77,-73.863 to 40.786,-73.953;1	
S_FLOW_40.77,-73.864 to 40.712,-73.962;1	
S_FLOW_40.77,-73.864 to 40.747,-73.987;1	
S_FLOW_40.77,-73.864 to 40.752,-73.978;1	
S_FLOW_40.77,-73.864 to 40.764,-73.982;1	
S_FLOW_40.77,-73.864 to 40.77,-73.951;1	
S_FLOW_40.77,-73.865 to 40.785,-73.731;1	
S_FLOW_40.77,-73.866 to 40.75,-73.979;1	
S_FLOW_40.77,-73.87 to 40.715,-74.013;1	
S_FLOW_40.77,-73.952 to 40.776,-73.948;1	
S_FLOW_40.77,-73.952 to 40.784,-73.95;1	
S_FLOW_40.77,-73.954 to 40.778,-73.955;1	
S_FLOW_40.77,-73.954 to 40.783,-73.955;1	
S_FLOW_40.77,-73.954 to 40.787,-73.953;1	
S_FLOW_40.77,-73.955 to 40.763,-73.97;1	
S_FLOW_40.77,-73.955 to 40.765,-73.966;1	
S_FLOW_40.77,-73.955 to 40.768,-73.964;1	
S_FLOW_40.77,-73.955 to 40.773,-73.959;1	
S_FLOW_40.77,-73.956 to 40.72,-74.005;1	
S_FLOW_40.77,-73.957 to 40.768,-73.984;1	
S_FLOW_40.77,-73.958 to 40.733,-73.987;1	
S_FLOW_40.77,-73.958 to 40.762,-73.97;1	
S_FLOW_40.77,-73.96 to 40.756,-73.997;1	
S_FLOW_40.77,-73.96 to 40.769,-73.961;1	
S_FLOW_40.77,-73.96 to 40.783,-73.955;1	
S_FLOW_40.77,-73.961 to 40.755,-73.965;1	
S_FLOW_40.77,-73.961 to 40.802,-73.944;1	
S_FLOW_40.77,-73.962 to 40.747,-73.979;1	
S_FLOW_40.77,-73.962 to 40.761,-73.969;1	
S_FLOW_40.77,-73.962 to 40.761,-73.975;1	
S_FLOW_40.77,-73.962 to 40.778,-73.955;1	
S_FLOW_40.77,-73.962 to 40.781,-73.96;1	
S_FLOW_40.77,-73.963 to 40.754,-73.966;1	
S_FLOW_40.77,-73.963 to 40.763,-73.968;1	
S_FLOW_40.77,-73.964 to 40.763,-73.974;1	
S_FLOW_40.77,-73.965 to 40.777,-73.955;1	
S_FLOW_40.77,-73.965 to 40.782,-73.956;1	
S_FLOW_40.77,-73.967 to 40.773,-73.967;1	
S_FLOW_40.77,-73.967 to 40.784,-73.957;1	
S_FLOW_40.77,-73.968 to 40.781,-73.958;1	
S_FLOW_40.77,-73.969 to 40.761,-73.985;1	
S_FLOW_40.77,-73.982 to 40.757,-73.966;1	
S_FLOW_40.77,-73.982 to 40.791,-73.975;1	
S_FLOW_40.77,-73.984 to 40.774,-73.952;1	
S_FLOW_40.77,-73.984 to 40.777,-73.95;1	
S_FLOW_40.77,-73.985 to 40.754,-73.99;1	
S_FLOW_40.77,-73.988 to 40.757,-73.988;1	
S_FLOW_40.77,-73.988 to 40.771,-73.966;1	
S_FLOW_40.77,-73.988 to 40.806,-73.966;1	
S_FLOW_40.77,-73.991 to 40.76,-73.992;1	
S_FLOW_40.77,-73.991 to 40.775,-73.99;1	
S_FLOW_40.77,-73.991 to 40.838,-73.945;1	
S_FLOW_40.77,-73.992 to 40.746,-73.953;1	
S_FLOW_40.77,-73.992 to 40.778,-73.956;1	
S_FLOW_40.771,-73.865 to 40.728,-74.004;1	
S_FLOW_40.771,-73.865 to 40.745,-73.98;1	
S_FLOW_40.771,-73.866 to 40.688,-73.968;1	
S_FLOW_40.771,-73.866 to 40.704,-73.936;1	
S_FLOW_40.771,-73.866 to 40.705,-74.017;1	
S_FLOW_40.771,-73.866 to 40.716,-74.008;1	
S_FLOW_40.771,-73.866 to 40.72,-73.984;1	
S_FLOW_40.771,-73.866 to 40.742,-74.004;1	
S_FLOW_40.771,-73.866 to 40.746,-73.982;1	
S_FLOW_40.771,-73.866 to 40.748,-73.956;1	
S_FLOW_40.771,-73.866 to 40.755,-73.902;1	
S_FLOW_40.771,-73.866 to 40.779,-73.841;1	
S_FLOW_40.771,-73.866 to 40.886,-73.905;1	
S_FLOW_40.771,-73.918 to 40.801,-73.954;1	
S_FLOW_40.771,-73.95 to 40.752,-73.97;1	
S_FLOW_40.771,-73.95 to 40.756,-73.99;1	
S_FLOW_40.771,-73.95 to 40.756,-73.991;1	
S_FLOW_40.771,-73.951 to 40.693,-74.0;1	
S_FLOW_40.771,-73.951 to 40.742,-73.997;1	
S_FLOW_40.771,-73.951 to 40.758,-73.971;1	
S_FLOW_40.771,-73.951 to 40.765,-73.976;1	
S_FLOW_40.771,-73.951 to 40.802,-73.957;1	
S_FLOW_40.771,-73.954 to 40.764,-73.97;1	
S_FLOW_40.771,-73.957 to 40.736,-73.983;1	
S_FLOW_40.771,-73.957 to 40.754,-73.98;1	
S_FLOW_40.771,-73.957 to 40.76,-73.965;1	
S_FLOW_40.771,-73.957 to 40.76,-73.971;1	
S_FLOW_40.771,-73.957 to 40.768,-73.963;1	
S_FLOW_40.771,-73.96 to 40.718,-74.008;1	
S_FLOW_40.771,-73.96 to 40.811,-73.956;1	
S_FLOW_40.771,-73.961 to 40.785,-73.956;1	
S_FLOW_40.771,-73.962 to 40.716,-73.841;1	
S_FLOW_40.771,-73.962 to 40.767,-73.99;1	
S_FLOW_40.771,-73.962 to 40.783,-73.957;1	
S_FLOW_40.771,-73.965 to 40.765,-73.966;1	
S_FLOW_40.771,-73.966 to 40.773,-73.965;1	
S_FLOW_40.771,-73.968 to 40.77,-73.982;1	
S_FLOW_40.771,-73.979 to 40.704,-74.014;1	
S_FLOW_40.771,-73.98 to 40.778,-73.985;1	
S_FLOW_40.771,-73.982 to 40.692,-74.181;1	
S_FLOW_40.771,-73.982 to 40.761,-73.975;1	
S_FLOW_40.771,-73.982 to 40.762,-73.962;1	
S_FLOW_40.771,-73.982 to 40.767,-73.953;1	
S_FLOW_40.771,-73.982 to 40.785,-73.978;1	
S_FLOW_40.771,-73.983 to 40.798,-73.971;1	
S_FLOW_40.771,-73.983 to 40.838,-73.916;1	
S_FLOW_40.771,-73.984 to 40.753,-73.975;1	
S_FLOW_40.771,-73.987 to 40.762,-73.986;1	
S_FLOW_40.772,-73.867 to 40.816,-73.943;1	
S_FLOW_40.772,-73.873 to 40.749,-73.974;1	
S_FLOW_40.772,-73.947 to 40.748,-74.009;1	
S_FLOW_40.772,-73.947 to 40.754,-73.972;1	
S_FLOW_40.772,-73.947 to 40.76,-73.974;1	
S_FLOW_40.772,-73.949 to 40.758,-73.971;1	
S_FLOW_40.772,-73.95 to 40.763,-73.978;1	
S_FLOW_40.772,-73.951 to 40.774,-73.982;1	
S_FLOW_40.772,-73.952 to 40.738,-73.974;1	
S_FLOW_40.772,-73.952 to 40.772,-73.959;1	
S_FLOW_40.772,-73.953 to 40.751,-73.971;1	
S_FLOW_40.772,-73.953 to 40.772,-73.947;1	
S_FLOW_40.772,-73.953 to 40.774,-73.948;1	
S_FLOW_40.772,-73.953 to 40.78,-73.975;1	
S_FLOW_40.772,-73.953 to 40.782,-73.947;1	
S_FLOW_40.772,-73.953 to 40.801,-73.936;1	
S_FLOW_40.772,-73.956 to 40.734,-73.989;1	
S_FLOW_40.772,-73.956 to 40.75,-73.991;1	
S_FLOW_40.772,-73.956 to 40.755,-73.985;1	
S_FLOW_40.772,-73.956 to 40.757,-73.974;1	
S_FLOW_40.772,-73.956 to 40.767,-73.917;1	
S_FLOW_40.772,-73.957 to 40.756,-73.974;1	
S_FLOW_40.772,-73.959 to 40.753,-73.97;1	
S_FLOW_40.772,-73.959 to 40.763,-73.962;1	
S_FLOW_40.772,-73.959 to 40.766,-73.996;1	
S_FLOW_40.772,-73.959 to 40.774,-73.952;1	
S_FLOW_40.772,-73.959 to 40.778,-73.954;1	
S_FLOW_40.772,-73.959 to 40.778,-73.957;1	
S_FLOW_40.772,-73.959 to 40.779,-73.95;1	
S_FLOW_40.772,-73.961 to 40.743,-73.919;1	
S_FLOW_40.772,-73.961 to 40.763,-73.959;1	
S_FLOW_40.772,-73.961 to 40.775,-73.948;1	
S_FLOW_40.772,-73.961 to 40.784,-73.95;1	
S_FLOW_40.772,-73.963 to 40.758,-73.973;1	
S_FLOW_40.772,-73.963 to 40.765,-73.972;1	
S_FLOW_40.772,-73.963 to 40.767,-73.954;1	
S_FLOW_40.772,-73.963 to 40.78,-73.957;1	
S_FLOW_40.772,-73.964 to 40.772,-73.953;1	
S_FLOW_40.772,-73.965 to 40.76,-73.976;1	
S_FLOW_40.772,-73.965 to 40.763,-73.969;1	
S_FLOW_40.772,-73.967 to 40.764,-73.973;1	
S_FLOW_40.772,-73.967 to 40.768,-73.989;1	
S_FLOW_40.772,-73.967 to 40.779,-73.977;1	
S_FLOW_40.772,-73.979 to 40.764,-73.982;1	
S_FLOW_40.772,-73.979 to 40.769,-73.982;1	
S_FLOW_40.772,-73.979 to 40.778,-73.962;1	
S_FLOW_40.772,-73.982 to 40.732,-74.006;1	
S_FLOW_40.772,-73.982 to 40.746,-73.985;1	
S_FLOW_40.772,-73.982 to 40.766,-73.933;1	
S_FLOW_40.772,-73.982 to 40.768,-73.968;1	
S_FLOW_40.772,-73.982 to 40.788,-73.967;1	
S_FLOW_40.772,-73.983 to 40.739,-73.98;1	
S_FLOW_40.772,-73.983 to 40.764,-73.988;1	
S_FLOW_40.772,-73.983 to 40.771,-73.959;1	
S_FLOW_40.772,-73.987 to 40.773,-73.955;1	
S_FLOW_40.772,-73.99 to 40.768,-73.983;1	
S_FLOW_40.772,-73.991 to 40.716,-74.013;1	
S_FLOW_40.773,-73.877 to 40.685,-73.994;1	
S_FLOW_40.773,-73.877 to 40.754,-73.986;1	
S_FLOW_40.773,-73.885 to 40.743,-73.982;1	
S_FLOW_40.773,-73.885 to 40.751,-73.976;1	
S_FLOW_40.773,-73.886 to 40.724,-74.005;1	
S_FLOW_40.773,-73.947 to 40.794,-73.976;1	
S_FLOW_40.773,-73.95 to 40.764,-73.956;1	
S_FLOW_40.773,-73.952 to 40.765,-73.973;1	
S_FLOW_40.773,-73.952 to 40.78,-73.958;1	
S_FLOW_40.773,-73.953 to 40.789,-73.977;1	
S_FLOW_40.773,-73.955 to 40.743,-73.977;1	
S_FLOW_40.773,-73.955 to 40.76,-73.979;1	
S_FLOW_40.773,-73.955 to 40.764,-73.962;1	
S_FLOW_40.773,-73.956 to 40.73,-73.993;1	
S_FLOW_40.773,-73.956 to 40.738,-73.982;1	
S_FLOW_40.773,-73.958 to 40.76,-73.984;1	
S_FLOW_40.773,-73.958 to 40.78,-73.954;1	
S_FLOW_40.773,-73.958 to 40.782,-73.972;1	
S_FLOW_40.773,-73.96 to 40.755,-73.974;1	
S_FLOW_40.773,-73.96 to 40.756,-73.974;1	
S_FLOW_40.773,-73.961 to 40.745,-73.976;1	
S_FLOW_40.773,-73.961 to 40.766,-73.968;1	
S_FLOW_40.773,-73.961 to 40.767,-73.967;1	
S_FLOW_40.773,-73.962 to 40.758,-73.979;1	
S_FLOW_40.773,-73.963 to 40.763,-73.967;1	
S_FLOW_40.773,-73.964 to 40.774,-73.871;1	
S_FLOW_40.773,-73.964 to 40.805,-73.966;1	
S_FLOW_40.773,-73.965 to 40.779,-73.955;1	
S_FLOW_40.773,-73.965 to 40.781,-73.96;1	
S_FLOW_40.773,-73.967 to 40.724,-73.987;1	
S_FLOW_40.773,-73.967 to 40.757,-73.967;1	
S_FLOW_40.773,-73.979 to 40.781,-73.98;1	
S_FLOW_40.773,-73.982 to 40.753,-73.976;1	
S_FLOW_40.773,-73.982 to 40.758,-73.993;1	
S_FLOW_40.773,-73.982 to 40.765,-73.958;1	
S_FLOW_40.773,-73.982 to 40.765,-73.962;1	
S_FLOW_40.773,-73.982 to 40.782,-73.958;1	
S_FLOW_40.773,-73.982 to 40.826,-73.923;1	
S_FLOW_40.773,-73.983 to 40.765,-73.963;1	
S_FLOW_40.773,-73.983 to 40.765,-73.964;1	
S_FLOW_40.773,-73.986 to 40.794,-73.967;1	
S_FLOW_40.773,-73.989 to 40.764,-73.965;1	
S_FLOW_40.774,-73.871 to 40.64,-74.0;1	
S_FLOW_40.774,-73.871 to 40.666,-73.81;1	
S_FLOW_40.774,-73.871 to 40.717,-73.956;1	
S_FLOW_40.774,-73.871 to 40.721,-73.869;1	
S_FLOW_40.774,-73.871 to 40.728,-73.976;1	
S_FLOW_40.774,-73.871 to 40.735,-74.008;1	
S_FLOW_40.774,-73.871 to 40.741,-73.99;1	
S_FLOW_40.774,-73.871 to 40.746,-73.925;1	
S_FLOW_40.774,-73.871 to 40.754,-73.909;1	
S_FLOW_40.774,-73.871 to 40.756,-73.779;1	
S_FLOW_40.774,-73.871 to 40.757,-74.001;1	
S_FLOW_40.774,-73.871 to 40.758,-73.974;1	
S_FLOW_40.774,-73.871 to 40.763,-73.969;1	
S_FLOW_40.774,-73.871 to 40.766,-73.954;1	
S_FLOW_40.774,-73.871 to 40.766,-73.96;1	
S_FLOW_40.774,-73.871 to 40.77,-73.961;1	
S_FLOW_40.774,-73.871 to 40.782,-73.982;1	
S_FLOW_40.774,-73.871 to 40.834,-73.945;1	
S_FLOW_40.774,-73.871 to 40.853,-73.933;1	
S_FLOW_40.774,-73.872 to 40.765,-73.972;1	
S_FLOW_40.774,-73.873 to 40.716,-74.005;1	
S_FLOW_40.774,-73.873 to 40.719,-73.989;1	
S_FLOW_40.774,-73.873 to 40.719,-74.0;1	
S_FLOW_40.774,-73.873 to 40.72,-73.989;1	
S_FLOW_40.774,-73.873 to 40.723,-73.845;1	
S_FLOW_40.774,-73.873 to 40.744,-73.996;1	
S_FLOW_40.774,-73.873 to 40.757,-73.972;1	
S_FLOW_40.774,-73.873 to 40.759,-73.969;1	
S_FLOW_40.774,-73.873 to 40.762,-73.979;1	
S_FLOW_40.774,-73.873 to 40.774,-73.953;1	
S_FLOW_40.774,-73.873 to 40.782,-73.955;1	
S_FLOW_40.774,-73.873 to 40.884,-73.866;1	
S_FLOW_40.774,-73.874 to 40.649,-73.782;1	
S_FLOW_40.774,-73.874 to 40.716,-74.015;1	
S_FLOW_40.774,-73.874 to 40.719,-73.952;1	
S_FLOW_40.774,-73.874 to 40.757,-73.998;1	
S_FLOW_40.774,-73.874 to 40.758,-73.987;1	
S_FLOW_40.774,-73.874 to 40.78,-73.947;1	
S_FLOW_40.774,-73.875 to 40.69,-73.982;1	
S_FLOW_40.774,-73.875 to 40.71,-73.948;1	
S_FLOW_40.774,-73.875 to 40.748,-73.984;1	
S_FLOW_40.774,-73.875 to 40.779,-73.945;1	
S_FLOW_40.774,-73.945 to 40.745,-73.983;1	
S_FLOW_40.774,-73.946 to 40.756,-73.987;1	
S_FLOW_40.774,-73.946 to 40.76,-73.972;1	
S_FLOW_40.774,-73.946 to 40.793,-73.973;1	
S_FLOW_40.774,-73.948 to 40.771,-73.957;1	
S_FLOW_40.774,-73.949 to 40.74,-74.034;1	
S_FLOW_40.774,-73.949 to 40.821,-73.94;1	
S_FLOW_40.774,-73.951 to 40.762,-73.968;1	
S_FLOW_40.774,-73.951 to 40.805,-73.938;1	
S_FLOW_40.774,-73.952 to 40.742,-73.976;1	
S_FLOW_40.774,-73.952 to 40.762,-73.983;1	
S_FLOW_40.774,-73.952 to 40.766,-73.954;1	
S_FLOW_40.774,-73.954 to 40.775,-73.959;1	
S_FLOW_40.774,-73.955 to 40.767,-73.963;1	
S_FLOW_40.774,-73.955 to 40.772,-73.962;1	
S_FLOW_40.774,-73.955 to 40.774,-73.96;1	
S_FLOW_40.774,-73.955 to 40.78,-73.982;1	
S_FLOW_40.774,-73.956 to 40.742,-73.992;1	
S_FLOW_40.774,-73.956 to 40.755,-73.974;1	
S_FLOW_40.774,-73.957 to 40.747,-73.992;1	
S_FLOW_40.774,-73.959 to 40.763,-73.976;1	
S_FLOW_40.774,-73.959 to 40.764,-73.964;1	
S_FLOW_40.774,-73.96 to 40.774,-73.904;1	
S_FLOW_40.774,-73.96 to 40.774,-73.981;1	
S_FLOW_40.774,-73.962 to 40.746,-74.001;1	
S_FLOW_40.774,-73.963 to 40.75,-73.993;1	
S_FLOW_40.774,-73.963 to 40.771,-73.98;1	
S_FLOW_40.774,-73.964 to 40.749,-74.003;1	
S_FLOW_40.774,-73.964 to 40.78,-73.959;1	
S_FLOW_40.774,-73.964 to 40.785,-73.977;1	
S_FLOW_40.774,-73.966 to 40.758,-73.986;1	
S_FLOW_40.774,-73.966 to 40.763,-73.969;1	
S_FLOW_40.774,-73.977 to 40.784,-73.978;1	
S_FLOW_40.774,-73.981 to 40.765,-73.973;1	
S_FLOW_40.774,-73.981 to 40.769,-73.985;1	
S_FLOW_40.774,-73.982 to 40.706,-73.916;1	
S_FLOW_40.774,-73.982 to 40.748,-73.981;1	
S_FLOW_40.774,-73.982 to 40.76,-73.995;1	
S_FLOW_40.774,-73.982 to 40.767,-73.954;1	
S_FLOW_40.774,-73.982 to 40.767,-73.984;1	
S_FLOW_40.774,-73.982 to 40.768,-73.989;1	
S_FLOW_40.774,-73.982 to 40.782,-73.983;1	
S_FLOW_40.774,-73.983 to 40.763,-73.982;1	
S_FLOW_40.774,-73.985 to 40.764,-73.977;1	
S_FLOW_40.774,-73.989 to 40.755,-73.995;1	
S_FLOW_40.774,-73.989 to 40.761,-73.971;1	
S_FLOW_40.774,-73.989 to 40.786,-73.951;1	
S_FLOW_40.774,-73.989 to 40.798,-73.972;1	
S_FLOW_40.775,-73.945 to 40.773,-73.953;1	
S_FLOW_40.775,-73.946 to 40.795,-73.966;1	
S_FLOW_40.775,-73.947 to 40.761,-73.985;1	
S_FLOW_40.775,-73.948 to 40.751,-73.991;1	
S_FLOW_40.775,-73.948 to 40.761,-73.961;1	
S_FLOW_40.775,-73.948 to 40.768,-73.957;1	
S_FLOW_40.775,-73.951 to 40.769,-73.963;1	
S_FLOW_40.775,-73.951 to 40.85,-73.845;1	
S_FLOW_40.775,-73.954 to 40.763,-73.96;1	
S_FLOW_40.775,-73.954 to 40.785,-73.954;1	
S_FLOW_40.775,-73.956 to 40.739,-73.988;1	
S_FLOW_40.775,-73.957 to 40.756,-74.002;1	
S_FLOW_40.775,-73.957 to 40.766,-73.987;1	
S_FLOW_40.775,-73.958 to 40.757,-73.972;1	
S_FLOW_40.775,-73.958 to 40.77,-73.985;1	
S_FLOW_40.775,-73.958 to 40.778,-73.961;1	
S_FLOW_40.775,-73.959 to 40.767,-73.967;1	
S_FLOW_40.775,-73.959 to 40.768,-73.982;1	
S_FLOW_40.775,-73.959 to 40.78,-73.98;1	
S_FLOW_40.775,-73.959 to 40.782,-73.956;1	
S_FLOW_40.775,-73.959 to 40.783,-73.974;1	
S_FLOW_40.775,-73.959 to 40.808,-73.942;1	
S_FLOW_40.775,-73.961 to 40.717,-74.015;1	
S_FLOW_40.775,-73.961 to 40.778,-73.946;1	
S_FLOW_40.775,-73.961 to 40.781,-73.961;1	
S_FLOW_40.775,-73.962 to 40.77,-73.952;1	
S_FLOW_40.775,-73.963 to 40.69,-74.178;1	
S_FLOW_40.775,-73.963 to 40.737,-73.987;1	
S_FLOW_40.775,-73.963 to 40.764,-73.97;1	
S_FLOW_40.775,-73.963 to 40.776,-73.981;1	
S_FLOW_40.775,-73.963 to 40.784,-73.953;1	
S_FLOW_40.775,-73.977 to 40.768,-73.862;1	
S_FLOW_40.775,-73.977 to 40.775,-73.959;1	
S_FLOW_40.775,-73.977 to 40.78,-73.975;1	
S_FLOW_40.775,-73.981 to 40.758,-73.968;1	
S_FLOW_40.775,-73.981 to 40.765,-73.964;1	
S_FLOW_40.775,-73.982 to 40.758,-73.966;1	
S_FLOW_40.775,-73.982 to 40.759,-73.979;1	
S_FLOW_40.775,-73.982 to 40.762,-73.97;1	
S_FLOW_40.775,-73.982 to 40.776,-73.948;1	
S_FLOW_40.775,-73.982 to 40.779,-73.958;1	
S_FLOW_40.775,-73.982 to 40.791,-73.976;1	
S_FLOW_40.775,-73.982 to 40.792,-73.976;1	
S_FLOW_40.775,-73.982 to 40.793,-73.974;1	
S_FLOW_40.775,-73.983 to 40.761,-73.987;1	
S_FLOW_40.775,-73.983 to 40.762,-73.984;1	
S_FLOW_40.775,-73.984 to 40.8,-73.963;1	
S_FLOW_40.775,-73.986 to 40.744,-74.007;1	
S_FLOW_40.775,-73.987 to 40.793,-73.975;1	
S_FLOW_40.775,-73.988 to 40.748,-73.989;1	
S_FLOW_40.775,-73.988 to 40.767,-73.987;1	
S_FLOW_40.776,-73.944 to 40.776,-73.962;1	
S_FLOW_40.776,-73.947 to 40.699,-73.987;1	
S_FLOW_40.776,-73.947 to 40.751,-73.987;1	
S_FLOW_40.776,-73.947 to 40.761,-73.975;1	
S_FLOW_40.776,-73.947 to 40.773,-73.958;1	
S_FLOW_40.776,-73.947 to 40.779,-73.955;1	
S_FLOW_40.776,-73.947 to 40.79,-73.953;1	
S_FLOW_40.776,-73.95 to 40.773,-73.989;1	
S_FLOW_40.776,-73.953 to 40.711,-73.988;1	
S_FLOW_40.776,-73.953 to 40.758,-73.982;1	
S_FLOW_40.776,-73.953 to 40.762,-73.974;1	
S_FLOW_40.776,-73.953 to 40.77,-73.912;1	
S_FLOW_40.776,-73.953 to 40.773,-73.946;1	
S_FLOW_40.776,-73.953 to 40.774,-73.963;1	
S_FLOW_40.776,-73.953 to 40.78,-73.96;1	
S_FLOW_40.776,-73.953 to 40.781,-73.959;1	
S_FLOW_40.776,-73.954 to 40.755,-73.968;1	
S_FLOW_40.776,-73.956 to 40.752,-73.987;1	
S_FLOW_40.776,-73.956 to 40.754,-73.973;1	
S_FLOW_40.776,-73.956 to 40.755,-73.989;1	
S_FLOW_40.776,-73.956 to 40.762,-73.968;1	
S_FLOW_40.776,-73.956 to 40.767,-73.96;1	
S_FLOW_40.776,-73.956 to 40.793,-73.944;1	
S_FLOW_40.776,-73.958 to 40.721,-74.005;1	
S_FLOW_40.776,-73.958 to 40.735,-73.991;1	
S_FLOW_40.776,-73.958 to 40.764,-73.954;1	
S_FLOW_40.776,-73.958 to 40.769,-73.963;1	
S_FLOW_40.776,-73.958 to 40.789,-73.953;1	
S_FLOW_40.776,-73.96 to 40.752,-73.975;1	
S_FLOW_40.776,-73.96 to 40.763,-73.969;1	
S_FLOW_40.776,-73.96 to 40.767,-73.984;1	
S_FLOW_40.776,-73.962 to 40.733,-73.996;1	
S_FLOW_40.776,-73.962 to 40.751,-73.991;1	
S_FLOW_40.776,-73.962 to 40.76,-73.965;1	
S_FLOW_40.776,-73.962 to 40.768,-73.961;1	
S_FLOW_40.776,-73.962 to 40.784,-73.979;1	
S_FLOW_40.776,-73.976 to 40.767,-73.97;1	
S_FLOW_40.776,-73.976 to 40.768,-73.962;1	
S_FLOW_40.776,-73.979 to 40.736,-74.0;1	
S_FLOW_40.776,-73.979 to 40.762,-73.975;1	
S_FLOW_40.776,-73.98 to 40.733,-74.004;1	
S_FLOW_40.776,-73.98 to 40.771,-73.865;1	
S_FLOW_40.776,-73.982 to 40.742,-73.981;1	
S_FLOW_40.776,-73.982 to 40.762,-73.99;1	
S_FLOW_40.776,-73.982 to 40.767,-73.986;1	
S_FLOW_40.776,-73.982 to 40.776,-73.99;1	
S_FLOW_40.776,-73.982 to 40.784,-73.952;1	
S_FLOW_40.776,-73.983 to 40.74,-73.889;1	
S_FLOW_40.776,-73.987 to 40.75,-73.991;1	
S_FLOW_40.776,-73.987 to 40.771,-73.98;1	
S_FLOW_40.776,-73.99 to 40.758,-73.977;1	
S_FLOW_40.776,-73.99 to 40.762,-74.001;1	
S_FLOW_40.777,-73.912 to 40.798,-73.942;1	
S_FLOW_40.777,-73.943 to 40.78,-73.956;1	
S_FLOW_40.777,-73.943 to 40.781,-73.954;1	
S_FLOW_40.777,-73.946 to 40.727,-73.992;1	
S_FLOW_40.777,-73.946 to 40.766,-73.954;1	
S_FLOW_40.777,-73.947 to 40.788,-73.954;1	
S_FLOW_40.777,-73.948 to 40.749,-73.983;1	
S_FLOW_40.777,-73.949 to 40.731,-73.982;1	
S_FLOW_40.777,-73.949 to 40.75,-73.977;1	
S_FLOW_40.777,-73.949 to 40.772,-73.983;1	
S_FLOW_40.777,-73.95 to 40.751,-73.99;1	
S_FLOW_40.777,-73.95 to 40.782,-73.956;1	
S_FLOW_40.777,-73.952 to 40.761,-73.958;1	
S_FLOW_40.777,-73.952 to 40.761,-73.973;1	
S_FLOW_40.777,-73.952 to 40.765,-73.966;1	
S_FLOW_40.777,-73.952 to 40.767,-73.963;1	
S_FLOW_40.777,-73.952 to 40.777,-73.962;1	
S_FLOW_40.777,-73.952 to 40.784,-73.978;1	
S_FLOW_40.777,-73.952 to 40.785,-73.977;1	
S_FLOW_40.777,-73.952 to 40.789,-73.95;1	
S_FLOW_40.777,-73.953 to 40.754,-73.971;1	
S_FLOW_40.777,-73.954 to 40.77,-73.984;1	
S_FLOW_40.777,-73.955 to 40.767,-73.959;1	
S_FLOW_40.777,-73.955 to 40.784,-73.981;1	
S_FLOW_40.777,-73.955 to 40.792,-73.938;1	
S_FLOW_40.777,-73.956 to 40.77,-73.964;1	
S_FLOW_40.777,-73.956 to 40.787,-73.972;1	
S_FLOW_40.777,-73.957 to 40.758,-73.988;1	
S_FLOW_40.777,-73.957 to 40.774,-73.982;1	
S_FLOW_40.777,-73.96 to 40.795,-73.932;1	
S_FLOW_40.777,-73.961 to 40.783,-73.951;1	
S_FLOW_40.777,-73.962 to 40.766,-73.954;1	
S_FLOW_40.777,-73.962 to 40.785,-73.956;1	
S_FLOW_40.777,-73.963 to 40.769,-73.963;1	
S_FLOW_40.777,-73.963 to 40.781,-73.959;1	
S_FLOW_40.777,-73.964 to 40.759,-73.963;1	
S_FLOW_40.777,-73.964 to 40.78,-73.957;1	
S_FLOW_40.777,-73.964 to 40.783,-73.971;1	
S_FLOW_40.777,-73.977 to 40.772,-73.95;1	
S_FLOW_40.777,-73.978 to 40.75,-74.007;1	
S_FLOW_40.777,-73.979 to 40.753,-73.972;1	
S_FLOW_40.777,-73.979 to 40.772,-73.953;1	
S_FLOW_40.777,-73.979 to 40.783,-73.952;1	
S_FLOW_40.777,-73.979 to 40.791,-73.98;1	
S_FLOW_40.777,-73.979 to 40.792,-73.977;1	
S_FLOW_40.777,-73.982 to 40.724,-73.985;1	
S_FLOW_40.777,-73.982 to 40.752,-73.981;1	
S_FLOW_40.777,-73.982 to 40.763,-73.974;1	
S_FLOW_40.777,-73.982 to 40.766,-73.972;1	
S_FLOW_40.777,-73.982 to 40.776,-73.947;1	
S_FLOW_40.777,-73.982 to 40.788,-73.975;1	
S_FLOW_40.777,-73.983 to 40.755,-74.003;1	
S_FLOW_40.777,-73.983 to 40.756,-73.975;1	
S_FLOW_40.777,-73.983 to 40.786,-73.977;1	
S_FLOW_40.777,-73.983 to 40.851,-73.939;1	
S_FLOW_40.777,-73.986 to 40.769,-73.982;1	
S_FLOW_40.777,-73.987 to 40.791,-73.976;1	
S_FLOW_40.778,-73.949 to 40.787,-73.955;1	
S_FLOW_40.778,-73.951 to 40.778,-73.944;1	
S_FLOW_40.778,-73.952 to 40.799,-73.971;1	
S_FLOW_40.778,-73.953 to 40.774,-73.948;1	
S_FLOW_40.778,-73.953 to 40.778,-73.946;1	
S_FLOW_40.778,-73.954 to 40.771,-73.962;1	
S_FLOW_40.778,-73.954 to 40.784,-73.956;1	
S_FLOW_40.778,-73.955 to 40.776,-73.949;1	
S_FLOW_40.778,-73.955 to 40.788,-73.968;1	
S_FLOW_40.778,-73.955 to 40.789,-73.977;1	
S_FLOW_40.778,-73.956 to 40.767,-73.955;1	
S_FLOW_40.778,-73.956 to 40.782,-73.972;1	
S_FLOW_40.778,-73.957 to 40.775,-73.98;1	
S_FLOW_40.778,-73.957 to 40.781,-73.952;1	
S_FLOW_40.778,-73.958 to 40.764,-73.977;1	
S_FLOW_40.778,-73.959 to 40.73,-74.01;1	
S_FLOW_40.778,-73.959 to 40.774,-73.955;1	
S_FLOW_40.778,-73.959 to 40.778,-73.982;1	
S_FLOW_40.778,-73.96 to 40.769,-73.956;1	
S_FLOW_40.778,-73.961 to 40.779,-73.945;1	
S_FLOW_40.778,-73.963 to 40.801,-73.971;1	
S_FLOW_40.778,-73.975 to 40.755,-73.993;1	
S_FLOW_40.778,-73.975 to 40.76,-73.987;1	
S_FLOW_40.778,-73.975 to 40.764,-73.982;1	
S_FLOW_40.778,-73.975 to 40.771,-73.982;1	
S_FLOW_40.778,-73.975 to 40.779,-73.981;1	
S_FLOW_40.778,-73.978 to 40.764,-73.978;1	
S_FLOW_40.778,-73.978 to 40.774,-73.962;1	
S_FLOW_40.778,-73.979 to 40.767,-73.967;1	
S_FLOW_40.778,-73.979 to 40.786,-73.98;1	
S_FLOW_40.778,-73.981 to 40.758,-73.96;1	
S_FLOW_40.778,-73.982 to 40.725,-73.997;1	
S_FLOW_40.778,-73.982 to 40.761,-73.974;1	
S_FLOW_40.778,-73.982 to 40.768,-73.993;1	
S_FLOW_40.778,-73.982 to 40.769,-73.967;1	
S_FLOW_40.778,-73.982 to 40.769,-73.985;1	
S_FLOW_40.778,-73.982 to 40.784,-73.979;1	
S_FLOW_40.778,-73.982 to 40.786,-73.976;1	
S_FLOW_40.778,-73.982 to 40.812,-73.962;1	
S_FLOW_40.778,-73.989 to 40.728,-73.988;1	
S_FLOW_40.779,-73.945 to 40.713,-74.011;1	
S_FLOW_40.779,-73.945 to 40.762,-73.959;1	
S_FLOW_40.779,-73.945 to 40.764,-73.955;1	
S_FLOW_40.779,-73.945 to 40.769,-73.952;1	
S_FLOW_40.779,-73.945 to 40.778,-73.953;1	
S_FLOW_40.779,-73.945 to 40.782,-73.949;1	
S_FLOW_40.779,-73.945 to 40.788,-73.956;1	
S_FLOW_40.779,-73.946 to 40.786,-73.981;1	
S_FLOW_40.779,-73.948 to 40.763,-73.963;1	
S_FLOW_40.779,-73.949 to 40.759,-73.977;1	
S_FLOW_40.779,-73.951 to 40.646,-73.785;1	
S_FLOW_40.779,-73.951 to 40.742,-73.975;1	
S_FLOW_40.779,-73.951 to 40.768,-73.961;1	
S_FLOW_40.779,-73.951 to 40.772,-73.956;1	
S_FLOW_40.779,-73.951 to 40.781,-73.981;1	
S_FLOW_40.779,-73.952 to 40.755,-73.969;1	
S_FLOW_40.779,-73.953 to 40.74,-73.99;1	
S_FLOW_40.779,-73.953 to 40.761,-73.974;1	
S_FLOW_40.779,-73.953 to 40.779,-73.947;1	
S_FLOW_40.779,-73.953 to 40.786,-73.969;1	
S_FLOW_40.779,-73.954 to 40.787,-73.974;1	
S_FLOW_40.779,-73.955 to 40.675,-74.0;1	
S_FLOW_40.779,-73.955 to 40.77,-73.951;1	
S_FLOW_40.779,-73.955 to 40.78,-73.945;1	
S_FLOW_40.779,-73.955 to 40.78,-73.962;1	
S_FLOW_40.779,-73.956 to 40.741,-74.002;1	
S_FLOW_40.779,-73.956 to 40.747,-73.98;1	
S_FLOW_40.779,-73.956 to 40.767,-73.965;1	
S_FLOW_40.779,-73.956 to 40.772,-73.959;1	
S_FLOW_40.779,-73.956 to 40.774,-73.95;1	
S_FLOW_40.779,-73.956 to 40.803,-73.953;1	
S_FLOW_40.779,-73.956 to 40.835,-73.944;1	
S_FLOW_40.779,-73.958 to 40.771,-73.952;1	
S_FLOW_40.779,-73.959 to 40.772,-73.965;1	
S_FLOW_40.779,-73.96 to 40.763,-73.978;1	
S_FLOW_40.779,-73.961 to 40.758,-73.985;1	
S_FLOW_40.779,-73.962 to 40.711,-73.965;1	
S_FLOW_40.779,-73.962 to 40.756,-73.973;1	
S_FLOW_40.779,-73.962 to 40.758,-73.991;1	
S_FLOW_40.779,-73.962 to 40.763,-73.973;1	
S_FLOW_40.779,-73.962 to 40.764,-73.974;1	
S_FLOW_40.779,-73.962 to 40.764,-73.987;1	
S_FLOW_40.779,-73.962 to 40.765,-73.954;1	
S_FLOW_40.779,-73.962 to 40.765,-73.972;1	
S_FLOW_40.779,-73.963 to 40.758,-73.989;1	
S_FLOW_40.779,-73.974 to 40.754,-73.979;1	
S_FLOW_40.779,-73.974 to 40.764,-73.964;1	
S_FLOW_40.779,-73.974 to 40.784,-73.956;1	
S_FLOW_40.779,-73.977 to 40.769,-73.982;1	
S_FLOW_40.779,-73.978 to 40.748,-73.898;1	
S_FLOW_40.779,-73.978 to 40.774,-73.873;1	
S_FLOW_40.779,-73.978 to 40.776,-73.977;1	
S_FLOW_40.779,-73.982 to 40.731,-74.008;1	
S_FLOW_40.779,-73.982 to 40.773,-73.92;1	
S_FLOW_40.779,-73.982 to 40.78,-73.977;1	
S_FLOW_40.779,-73.983 to 40.784,-73.983;1	
S_FLOW_40.779,-73.988 to 40.769,-73.963;1	
S_FLOW_40.779,-73.988 to 40.773,-73.982;1	
S_FLOW_40.78,-73.917 to 40.756,-73.941;1	
S_FLOW_40.78,-73.945 to 40.763,-73.966;1	
S_FLOW_40.78,-73.945 to 40.776,-73.952;1	
S_FLOW_40.78,-73.945 to 40.778,-73.957;1	
S_FLOW_40.78,-73.947 to 40.75,-73.991;1	
S_FLOW_40.78,-73.948 to 40.776,-73.958;1	
S_FLOW_40.78,-73.95 to 40.751,-73.987;1	
S_FLOW_40.78,-73.95 to 40.753,-73.969;1	
S_FLOW_40.78,-73.95 to 40.756,-73.967;1	
S_FLOW_40.78,-73.95 to 40.767,-73.954;1	
S_FLOW_40.78,-73.95 to 40.774,-73.96;1	
S_FLOW_40.78,-73.951 to 40.721,-73.979;1	
S_FLOW_40.78,-73.951 to 40.76,-73.984;1	
S_FLOW_40.78,-73.953 to 40.752,-73.994;1	
S_FLOW_40.78,-73.953 to 40.773,-73.946;1	
S_FLOW_40.78,-73.953 to 40.786,-73.943;1	
S_FLOW_40.78,-73.953 to 40.789,-73.955;1	
S_FLOW_40.78,-73.956 to 40.713,-74.009;1	
S_FLOW_40.78,-73.956 to 40.749,-73.986;1	
S_FLOW_40.78,-73.956 to 40.775,-73.959;1	
S_FLOW_40.78,-73.956 to 40.783,-73.98;1	
S_FLOW_40.78,-73.958 to 40.723,-73.99;1	
S_FLOW_40.78,-73.958 to 40.764,-73.967;1	
S_FLOW_40.78,-73.958 to 40.787,-73.968;1	
S_FLOW_40.78,-73.96 to 40.76,-73.97;1	
S_FLOW_40.78,-73.96 to 40.761,-73.967;1	
S_FLOW_40.78,-73.96 to 40.765,-73.972;1	
S_FLOW_40.78,-73.96 to 40.773,-73.966;1	
S_FLOW_40.78,-73.961 to 40.762,-73.983;1	
S_FLOW_40.78,-73.961 to 40.782,-73.955;1	
S_FLOW_40.78,-73.962 to 40.75,-73.986;1	
S_FLOW_40.78,-73.962 to 40.757,-73.981;1	
S_FLOW_40.78,-73.962 to 40.764,-73.983;1	
S_FLOW_40.78,-73.962 to 40.774,-73.977;1	
S_FLOW_40.78,-73.973 to 40.747,-73.986;1	
S_FLOW_40.78,-73.977 to 40.762,-73.983;1	
S_FLOW_40.78,-73.977 to 40.766,-73.982;1	
S_FLOW_40.78,-73.977 to 40.774,-73.985;1	
S_FLOW_40.78,-73.981 to 40.802,-73.969;1	
S_FLOW_40.78,-73.981 to 40.804,-73.966;1	
S_FLOW_40.78,-73.982 to 40.755,-73.995;1	
S_FLOW_40.78,-73.982 to 40.761,-73.991;1	
S_FLOW_40.78,-73.982 to 40.785,-73.979;1	
S_FLOW_40.78,-73.984 to 40.768,-73.989;1	
S_FLOW_40.78,-73.984 to 40.777,-73.982;1	
S_FLOW_40.781,-73.945 to 40.709,-73.995;1	
S_FLOW_40.781,-73.946 to 40.743,-73.982;1	
S_FLOW_40.781,-73.946 to 40.758,-73.971;1	
S_FLOW_40.781,-73.946 to 40.759,-73.972;1	
S_FLOW_40.781,-73.949 to 40.736,-73.985;1	
S_FLOW_40.781,-73.949 to 40.743,-73.981;1	
S_FLOW_40.781,-73.949 to 40.78,-73.957;1	
S_FLOW_40.781,-73.95 to 40.756,-73.974;1	
S_FLOW_40.781,-73.95 to 40.763,-73.963;1	
S_FLOW_40.781,-73.95 to 40.765,-73.975;1	
S_FLOW_40.781,-73.95 to 40.767,-73.963;1	
S_FLOW_40.781,-73.95 to 40.777,-73.957;1	
S_FLOW_40.781,-73.954 to 40.762,-73.961;1	
S_FLOW_40.781,-73.954 to 40.777,-73.956;1	
S_FLOW_40.781,-73.955 to 40.747,-74.009;1	
S_FLOW_40.781,-73.956 to 40.765,-73.961;1	
S_FLOW_40.781,-73.956 to 40.765,-73.97;1	
S_FLOW_40.781,-73.956 to 40.788,-73.955;1	
S_FLOW_40.781,-73.957 to 40.762,-73.97;1	
S_FLOW_40.781,-73.958 to 40.777,-73.949;1	
S_FLOW_40.781,-73.958 to 40.781,-73.984;1	
S_FLOW_40.781,-73.959 to 40.779,-73.945;1	
S_FLOW_40.781,-73.961 to 40.772,-73.982;1	
S_FLOW_40.781,-73.972 to 40.766,-73.952;1	
S_FLOW_40.781,-73.972 to 40.773,-73.978;1	
S_FLOW_40.781,-73.973 to 40.76,-73.984;1	
S_FLOW_40.781,-73.973 to 40.76,-73.985;1	
S_FLOW_40.781,-73.973 to 40.795,-73.971;1	
S_FLOW_40.781,-73.976 to 40.795,-73.964;1	
S_FLOW_40.781,-73.977 to 40.776,-73.987;1	
S_FLOW_40.781,-73.98 to 40.775,-73.954;1	
S_FLOW_40.781,-73.98 to 40.789,-73.976;1	
S_FLOW_40.781,-73.98 to 40.791,-73.969;1	
S_FLOW_40.781,-73.981 to 40.796,-73.972;1	
S_FLOW_40.781,-73.981 to 40.811,-73.943;1	
S_FLOW_40.781,-73.981 to 40.818,-73.941;1	
S_FLOW_40.781,-73.982 to 40.761,-73.991;1	
S_FLOW_40.781,-73.982 to 40.784,-73.975;1	
S_FLOW_40.781,-73.982 to 40.809,-73.966;1	
S_FLOW_40.782,-73.946 to 40.791,-73.951;1	
S_FLOW_40.782,-73.948 to 40.734,-73.991;1	
S_FLOW_40.782,-73.948 to 40.8,-73.972;1	
S_FLOW_40.782,-73.949 to 40.767,-73.953;1	
S_FLOW_40.782,-73.949 to 40.799,-73.936;1	
S_FLOW_40.782,-73.949 to 40.802,-73.957;1	
S_FLOW_40.782,-73.952 to 40.777,-73.954;1	
S_FLOW_40.782,-73.952 to 40.787,-73.954;1	
S_FLOW_40.782,-73.952 to 40.799,-73.937;1	
S_FLOW_40.782,-73.954 to 40.706,-74.007;1	
S_FLOW_40.782,-73.954 to 40.756,-73.972;1	
S_FLOW_40.782,-73.954 to 40.765,-73.966;1	
S_FLOW_40.782,-73.954 to 40.766,-73.959;1	
S_FLOW_40.782,-73.956 to 40.77,-73.958;1	
S_FLOW_40.782,-73.957 to 40.755,-73.972;1	
S_FLOW_40.782,-73.957 to 40.797,-73.971;1	
S_FLOW_40.782,-73.958 to 40.79,-73.977;1	
S_FLOW_40.782,-73.96 to 40.77,-73.966;1	
S_FLOW_40.782,-73.96 to 40.786,-73.969;1	
S_FLOW_40.782,-73.971 to 40.805,-73.953;1	
S_FLOW_40.782,-73.972 to 40.775,-73.951;1	
S_FLOW_40.782,-73.972 to 40.781,-73.946;1	
S_FLOW_40.782,-73.975 to 40.764,-73.966;1	
S_FLOW_40.782,-73.975 to 40.764,-73.983;1	
S_FLOW_40.782,-73.975 to 40.776,-73.987;1	
S_FLOW_40.782,-73.979 to 40.721,-73.989;1	
S_FLOW_40.782,-73.979 to 40.782,-73.979;1	
S_FLOW_40.782,-73.979 to 40.785,-73.972;1	
S_FLOW_40.782,-73.979 to 40.798,-73.964;1	
S_FLOW_40.782,-73.979 to 40.802,-73.95;1	
S_FLOW_40.782,-73.98 to 40.746,-73.991;1	
S_FLOW_40.782,-73.981 to 40.727,-74.007;1	
S_FLOW_40.782,-73.981 to 40.749,-73.942;1	
S_FLOW_40.782,-73.981 to 40.776,-73.99;1	
S_FLOW_40.782,-73.981 to 40.781,-73.984;1	
S_FLOW_40.782,-73.981 to 40.787,-73.978;1	
S_FLOW_40.782,-73.982 to 40.762,-73.978;1	
S_FLOW_40.782,-73.983 to 40.732,-73.996;1	
S_FLOW_40.782,-73.983 to 40.779,-73.954;1	
S_FLOW_40.782,-73.983 to 40.782,-73.977;1	
S_FLOW_40.782,-73.983 to 40.794,-73.971;1	
S_FLOW_40.782,-73.985 to 40.794,-73.974;1	
S_FLOW_40.783,-73.946 to 40.804,-73.94;1	
S_FLOW_40.783,-73.948 to 40.755,-73.982;1	
S_FLOW_40.783,-73.948 to 40.758,-73.97;1	
S_FLOW_40.783,-73.948 to 40.775,-73.954;1	
S_FLOW_40.783,-73.948 to 40.78,-73.955;1	
S_FLOW_40.783,-73.951 to 40.769,-73.959;1	
S_FLOW_40.783,-73.951 to 40.788,-73.944;1	
S_FLOW_40.783,-73.953 to 40.737,-73.99;1	
S_FLOW_40.783,-73.953 to 40.762,-73.99;1	
S_FLOW_40.783,-73.953 to 40.767,-73.953;1	
S_FLOW_40.783,-73.953 to 40.787,-73.972;1	
S_FLOW_40.783,-73.955 to 40.754,-73.989;1	
S_FLOW_40.783,-73.955 to 40.8,-73.968;1	
S_FLOW_40.783,-73.956 to 40.632,-73.984;1	
S_FLOW_40.783,-73.957 to 40.743,-74.003;1	
S_FLOW_40.783,-73.957 to 40.75,-73.993;1	
S_FLOW_40.783,-73.957 to 40.755,-73.971;1	
S_FLOW_40.783,-73.957 to 40.799,-73.953;1	
S_FLOW_40.783,-73.957 to 40.808,-73.964;1	
S_FLOW_40.783,-73.959 to 40.754,-73.981;1	
S_FLOW_40.783,-73.959 to 40.762,-73.975;1	
S_FLOW_40.783,-73.971 to 40.731,-73.986;1	
S_FLOW_40.783,-73.971 to 40.737,-73.988;1	
S_FLOW_40.783,-73.971 to 40.781,-73.959;1	
S_FLOW_40.783,-73.973 to 40.727,-73.983;1	
S_FLOW_40.783,-73.973 to 40.75,-73.995;1	
S_FLOW_40.783,-73.974 to 40.748,-73.985;1	
S_FLOW_40.783,-73.974 to 40.773,-73.953;1	
S_FLOW_40.783,-73.974 to 40.801,-73.96;1	
S_FLOW_40.783,-73.975 to 40.764,-73.989;1	
S_FLOW_40.783,-73.975 to 40.764,-73.996;1	
S_FLOW_40.783,-73.975 to 40.766,-73.982;1	
S_FLOW_40.783,-73.978 to 40.76,-73.97;1	
S_FLOW_40.783,-73.978 to 40.772,-73.982;1	
S_FLOW_40.783,-73.978 to 40.8,-73.961;1	
S_FLOW_40.783,-73.979 to 40.775,-73.96;1	
S_FLOW_40.783,-73.979 to 40.811,-73.963;1	
S_FLOW_40.783,-73.981 to 40.744,-73.974;1	
S_FLOW_40.783,-73.981 to 40.791,-73.975;1	
S_FLOW_40.783,-73.981 to 40.802,-73.968;1	
S_FLOW_40.784,-73.948 to 40.745,-73.977;1	
S_FLOW_40.784,-73.95 to 40.727,-73.983;1	
S_FLOW_40.784,-73.95 to 40.757,-73.97;1	
S_FLOW_40.784,-73.95 to 40.792,-73.976;1	
S_FLOW_40.784,-73.952 to 40.781,-73.958;1	
S_FLOW_40.784,-73.953 to 40.776,-73.976;1	
S_FLOW_40.784,-73.954 to 40.733,-74.009;1	
S_FLOW_40.784,-73.954 to 40.751,-73.976;1	
S_FLOW_40.784,-73.955 to 40.774,-73.962;1	
S_FLOW_40.784,-73.955 to 40.775,-73.963;1	
S_FLOW_40.784,-73.97 to 40.759,-73.985;1	
S_FLOW_40.784,-73.97 to 40.818,-73.961;1	
S_FLOW_40.784,-73.974 to 40.752,-73.978;1	
S_FLOW_40.784,-73.974 to 40.762,-73.98;1	
S_FLOW_40.784,-73.977 to 40.763,-73.97;1	
S_FLOW_40.784,-73.977 to 40.77,-73.963;1	
S_FLOW_40.784,-73.977 to 40.776,-73.965;1	
S_FLOW_40.784,-73.978 to 40.791,-73.977;1	
S_FLOW_40.784,-73.98 to 40.731,-74.0;1	
S_FLOW_40.784,-73.98 to 40.758,-73.993;1	
S_FLOW_40.784,-73.98 to 40.781,-73.976;1	
S_FLOW_40.785,-73.947 to 40.757,-73.974;1	
S_FLOW_40.785,-73.948 to 40.757,-73.988;1	
S_FLOW_40.785,-73.949 to 40.757,-73.968;1	
S_FLOW_40.785,-73.95 to 40.731,-73.986;1	
S_FLOW_40.785,-73.95 to 40.782,-73.948;1	
S_FLOW_40.785,-73.953 to 40.751,-73.976;1	
S_FLOW_40.785,-73.954 to 40.783,-73.948;1	
S_FLOW_40.785,-73.956 to 40.74,-73.982;1	
S_FLOW_40.785,-73.956 to 40.767,-73.961;1	
S_FLOW_40.785,-73.956 to 40.78,-73.955;1	
S_FLOW_40.785,-73.956 to 40.79,-73.946;1	
S_FLOW_40.785,-73.958 to 40.77,-73.984;1	
S_FLOW_40.785,-73.958 to 40.771,-73.98;1	
S_FLOW_40.785,-73.958 to 40.771,-73.981;1	
S_FLOW_40.785,-73.958 to 40.774,-73.981;1	
S_FLOW_40.785,-73.969 to 40.782,-73.976;1	
S_FLOW_40.785,-73.97 to 40.759,-73.977;1	
S_FLOW_40.785,-73.97 to 40.763,-73.963;1	
S_FLOW_40.785,-73.973 to 40.645,-73.776;1	
S_FLOW_40.785,-73.973 to 40.774,-73.989;1	
S_FLOW_40.785,-73.973 to 40.793,-73.968;1	
S_FLOW_40.785,-73.974 to 40.744,-74.006;1	
S_FLOW_40.785,-73.979 to 40.75,-73.981;1	
S_FLOW_40.785,-73.979 to 40.78,-73.95;1	
S_FLOW_40.785,-73.979 to 40.781,-73.981;1	
S_FLOW_40.785,-73.98 to 40.781,-73.982;1	
S_FLOW_40.786,-73.942 to 40.814,-73.925;1	
S_FLOW_40.786,-73.943 to 40.796,-73.933;1	
S_FLOW_40.786,-73.946 to 40.781,-73.952;1	
S_FLOW_40.786,-73.951 to 40.759,-73.972;1	
S_FLOW_40.786,-73.951 to 40.773,-73.982;1	
S_FLOW_40.786,-73.952 to 40.779,-73.956;1	
S_FLOW_40.786,-73.953 to 40.77,-73.958;1	
S_FLOW_40.786,-73.953 to 40.779,-73.945;1	
S_FLOW_40.786,-73.953 to 40.802,-73.968;1	
S_FLOW_40.786,-73.955 to 40.77,-73.983;1	
S_FLOW_40.786,-73.957 to 40.747,-73.981;1	
S_FLOW_40.786,-73.957 to 40.751,-73.982;1	
S_FLOW_40.786,-73.957 to 40.779,-73.982;1	
S_FLOW_40.786,-73.97 to 40.775,-73.951;1	
S_FLOW_40.786,-73.97 to 40.78,-73.961;1	
S_FLOW_40.786,-73.972 to 40.784,-73.955;1	
S_FLOW_40.786,-73.973 to 40.763,-73.987;1	
S_FLOW_40.786,-73.973 to 40.766,-73.966;1	
S_FLOW_40.786,-73.976 to 40.766,-73.977;1	
S_FLOW_40.786,-73.976 to 40.806,-73.954;1	
S_FLOW_40.786,-73.978 to 40.779,-73.978;1	
S_FLOW_40.786,-73.978 to 40.787,-73.974;1	
S_FLOW_40.786,-73.98 to 40.741,-73.983;1	
S_FLOW_40.786,-73.98 to 40.773,-73.961;1	
S_FLOW_40.786,-73.98 to 40.779,-73.985;1	
S_FLOW_40.786,-73.984 to 40.866,-73.895;1	
S_FLOW_40.787,-73.945 to 40.767,-73.965;1	
S_FLOW_40.787,-73.948 to 40.801,-73.946;1	
S_FLOW_40.787,-73.95 to 40.762,-73.978;1	
S_FLOW_40.787,-73.952 to 40.782,-73.971;1	
S_FLOW_40.787,-73.954 to 40.767,-73.967;1	
S_FLOW_40.787,-73.954 to 40.772,-73.967;1	
S_FLOW_40.787,-73.954 to 40.782,-73.972;1	
S_FLOW_40.787,-73.957 to 40.725,-73.978;1	
S_FLOW_40.787,-73.957 to 40.774,-73.959;1	
S_FLOW_40.787,-73.968 to 40.763,-73.983;1	
S_FLOW_40.787,-73.968 to 40.776,-73.955;1	
S_FLOW_40.787,-73.968 to 40.787,-73.968;1	
S_FLOW_40.787,-73.972 to 40.777,-73.977;1	
S_FLOW_40.787,-73.972 to 40.794,-73.963;1	
S_FLOW_40.787,-73.973 to 40.764,-73.973;1	
S_FLOW_40.787,-73.973 to 40.784,-73.971;1	
S_FLOW_40.787,-73.975 to 40.751,-73.999;1	
S_FLOW_40.787,-73.975 to 40.777,-73.949;1	
S_FLOW_40.787,-73.978 to 40.767,-73.979;1	
S_FLOW_40.787,-73.978 to 40.807,-73.961;1	
S_FLOW_40.787,-73.979 to 40.774,-73.984;1	
S_FLOW_40.787,-73.979 to 40.792,-73.976;1	
S_FLOW_40.788,-73.944 to 40.765,-73.988;1	
S_FLOW_40.788,-73.944 to 40.777,-73.946;1	
S_FLOW_40.788,-73.944 to 40.796,-73.964;1	
S_FLOW_40.788,-73.953 to 40.763,-73.969;1	
S_FLOW_40.788,-73.955 to 40.793,-73.967;1	
S_FLOW_40.788,-73.971 to 40.747,-74.004;1	
S_FLOW_40.788,-73.975 to 40.774,-73.96;1	
S_FLOW_40.788,-73.976 to 40.76,-73.974;1	
S_FLOW_40.788,-73.976 to 40.777,-73.949;1	
S_FLOW_40.788,-73.977 to 40.756,-73.987;1	
S_FLOW_40.788,-73.977 to 40.775,-73.982;1	
S_FLOW_40.788,-73.977 to 40.776,-73.963;1	
S_FLOW_40.789,-73.944 to 40.758,-73.985;1	
S_FLOW_40.789,-73.953 to 40.771,-73.952;1	
S_FLOW_40.789,-73.955 to 40.788,-73.954;1	
S_FLOW_40.789,-73.955 to 40.791,-73.974;1	
S_FLOW_40.789,-73.966 to 40.768,-73.982;1	
S_FLOW_40.789,-73.967 to 40.783,-73.956;1	
S_FLOW_40.789,-73.97 to 40.766,-73.989;1	
S_FLOW_40.789,-73.97 to 40.79,-73.954;1	
S_FLOW_40.789,-73.976 to 40.734,-73.994;1	
S_FLOW_40.789,-73.976 to 40.771,-73.982;1	
S_FLOW_40.789,-73.977 to 40.74,-73.993;1	
S_FLOW_40.789,-73.978 to 40.767,-73.981;1	
S_FLOW_40.789,-73.979 to 40.792,-73.978;1	
S_FLOW_40.79,-73.955 to 40.782,-73.979;1	
S_FLOW_40.79,-73.966 to 40.766,-73.987;1	
S_FLOW_40.79,-73.966 to 40.769,-73.95;1	
S_FLOW_40.79,-73.966 to 40.77,-73.98;1	
S_FLOW_40.79,-73.966 to 40.777,-73.978;1	
S_FLOW_40.79,-73.966 to 40.786,-73.978;1	
S_FLOW_40.79,-73.969 to 40.793,-73.968;1	
S_FLOW_40.79,-73.97 to 40.788,-73.955;1	
S_FLOW_40.79,-73.973 to 40.766,-73.984;1	
S_FLOW_40.79,-73.973 to 40.811,-73.958;1	
S_FLOW_40.79,-73.975 to 40.721,-74.01;1	
S_FLOW_40.79,-73.975 to 40.73,-74.01;1	
S_FLOW_40.79,-73.975 to 40.741,-74.005;1	
S_FLOW_40.79,-73.975 to 40.756,-73.978;1	
S_FLOW_40.79,-73.975 to 40.76,-73.986;1	
S_FLOW_40.79,-73.975 to 40.763,-73.974;1	
S_FLOW_40.79,-73.975 to 40.779,-73.96;1	
S_FLOW_40.79,-73.975 to 40.779,-73.988;1	
S_FLOW_40.79,-73.975 to 40.782,-73.981;1	
S_FLOW_40.79,-73.975 to 40.783,-73.973;1	
S_FLOW_40.79,-73.976 to 40.723,-73.993;1	
S_FLOW_40.79,-73.976 to 40.78,-73.958;1	
S_FLOW_40.79,-73.977 to 40.759,-73.976;1	
S_FLOW_40.79,-73.977 to 40.766,-73.956;1	
S_FLOW_40.79,-73.977 to 40.77,-73.987;1	
S_FLOW_40.79,-73.977 to 40.814,-73.96;1	
S_FLOW_40.79,-73.979 to 40.78,-73.982;1	
S_FLOW_40.791,-73.952 to 40.781,-73.985;1	
S_FLOW_40.791,-73.965 to 40.788,-73.975;1	
S_FLOW_40.791,-73.966 to 40.775,-73.983;1	
S_FLOW_40.791,-73.966 to 40.785,-73.953;1	
S_FLOW_40.791,-73.969 to 40.791,-73.974;1	
S_FLOW_40.791,-73.969 to 40.8,-73.97;1	
S_FLOW_40.791,-73.969 to 40.813,-73.942;1	
S_FLOW_40.791,-73.973 to 40.767,-73.922;1	
S_FLOW_40.791,-73.974 to 40.684,-73.965;1	
S_FLOW_40.791,-73.975 to 40.767,-73.979;1	
S_FLOW_40.791,-73.975 to 40.773,-73.982;1	
S_FLOW_40.791,-73.977 to 40.772,-73.98;1	
S_FLOW_40.792,-73.946 to 40.766,-73.96;1	
S_FLOW_40.792,-73.952 to 40.767,-73.965;1	
S_FLOW_40.792,-73.964 to 40.784,-73.959;1	
S_FLOW_40.792,-73.964 to 40.793,-73.972;1	
S_FLOW_40.792,-73.965 to 40.786,-73.973;1	
S_FLOW_40.792,-73.966 to 40.776,-73.959;1	
S_FLOW_40.792,-73.968 to 40.779,-73.988;1	
S_FLOW_40.792,-73.972 to 40.757,-73.994;1	
S_FLOW_40.792,-73.972 to 40.8,-73.971;1	
S_FLOW_40.792,-73.973 to 40.777,-73.985;1	
S_FLOW_40.792,-73.973 to 40.804,-73.967;1	
S_FLOW_40.792,-73.974 to 40.779,-73.985;1	
S_FLOW_40.792,-73.974 to 40.781,-73.958;1	
S_FLOW_40.792,-73.974 to 40.788,-73.968;1	
S_FLOW_40.792,-73.974 to 40.805,-73.966;1	
S_FLOW_40.792,-73.974 to 40.818,-73.946;1	
S_FLOW_40.792,-73.975 to 40.761,-74.0;1	
S_FLOW_40.793,-73.964 to 40.789,-73.953;1	
S_FLOW_40.793,-73.965 to 40.806,-73.967;1	
S_FLOW_40.793,-73.966 to 40.806,-73.967;1	
S_FLOW_40.793,-73.967 to 40.741,-73.987;1	
S_FLOW_40.793,-73.967 to 40.777,-73.978;1	
S_FLOW_40.793,-73.967 to 40.784,-73.971;1	
S_FLOW_40.793,-73.967 to 40.785,-73.972;1	
S_FLOW_40.793,-73.967 to 40.789,-73.953;1	
S_FLOW_40.793,-73.968 to 40.774,-73.956;1	
S_FLOW_40.793,-73.973 to 40.756,-73.991;1	
S_FLOW_40.793,-73.973 to 40.765,-73.992;1	
S_FLOW_40.794,-73.963 to 40.767,-73.955;1	
S_FLOW_40.794,-73.966 to 40.793,-73.975;1	
S_FLOW_40.794,-73.966 to 40.841,-73.943;1	
S_FLOW_40.794,-73.967 to 40.778,-73.955;1	
S_FLOW_40.794,-73.967 to 40.807,-73.956;1	
S_FLOW_40.794,-73.967 to 40.814,-73.945;1	
S_FLOW_40.794,-73.967 to 40.841,-73.943;1	
S_FLOW_40.794,-73.969 to 40.789,-73.957;1	
S_FLOW_40.794,-73.972 to 40.786,-73.979;1	
S_FLOW_40.794,-73.972 to 40.787,-73.953;1	
S_FLOW_40.794,-73.972 to 40.787,-73.978;1	
S_FLOW_40.795,-73.945 to 40.794,-73.945;1	
S_FLOW_40.795,-73.962 to 40.81,-73.938;1	
S_FLOW_40.795,-73.966 to 40.763,-73.974;1	
S_FLOW_40.795,-73.966 to 40.77,-73.985;1	
S_FLOW_40.795,-73.966 to 40.789,-73.953;1	
S_FLOW_40.795,-73.972 to 40.759,-73.978;1	
S_FLOW_40.795,-73.972 to 40.784,-73.971;1	
S_FLOW_40.795,-73.973 to 40.801,-73.971;1	
S_FLOW_40.795,-73.974 to 40.774,-73.979;1	
S_FLOW_40.796,-73.933 to 40.81,-73.944;1	
S_FLOW_40.796,-73.938 to 40.785,-73.945;1	
S_FLOW_40.796,-73.95 to 40.78,-73.95;1	
S_FLOW_40.796,-73.961 to 40.791,-73.952;1	
S_FLOW_40.796,-73.961 to 40.792,-73.972;1	
S_FLOW_40.796,-73.965 to 40.785,-73.974;1	
S_FLOW_40.796,-73.971 to 40.766,-73.982;1	
S_FLOW_40.796,-73.971 to 40.789,-73.97;1	
S_FLOW_40.796,-73.971 to 40.824,-73.952;1	
S_FLOW_40.796,-73.973 to 40.79,-73.976;1	
S_FLOW_40.796,-73.973 to 40.797,-73.97;1	
S_FLOW_40.797,-73.937 to 40.751,-73.988;1	
S_FLOW_40.797,-73.961 to 40.79,-73.975;1	
S_FLOW_40.797,-73.97 to 40.762,-73.971;1	
S_FLOW_40.797,-73.97 to 40.777,-73.983;1	
S_FLOW_40.797,-73.97 to 40.788,-73.956;1	
S_FLOW_40.797,-73.971 to 40.786,-73.98;1	
S_FLOW_40.797,-73.972 to 40.763,-73.969;1	
S_FLOW_40.797,-73.972 to 40.81,-73.962;1	
S_FLOW_40.798,-73.952 to 40.8,-73.958;1	
S_FLOW_40.798,-73.96 to 40.764,-73.971;1	
S_FLOW_40.798,-73.969 to 40.781,-73.962;1	
S_FLOW_40.798,-73.969 to 40.782,-73.972;1	
S_FLOW_40.798,-73.97 to 40.752,-73.989;1	
S_FLOW_40.798,-73.97 to 40.758,-73.985;1	
S_FLOW_40.798,-73.971 to 40.647,-73.79;1	
S_FLOW_40.798,-73.971 to 40.741,-73.986;1	
S_FLOW_40.798,-73.971 to 40.767,-73.979;1	
S_FLOW_40.798,-73.971 to 40.773,-73.983;1	
S_FLOW_40.799,-73.936 to 40.778,-73.949;1	
S_FLOW_40.799,-73.954 to 40.776,-73.951;1	
S_FLOW_40.799,-73.963 to 40.786,-73.976;1	
S_FLOW_40.799,-73.963 to 40.806,-73.955;1	
S_FLOW_40.799,-73.967 to 40.775,-73.988;1	
S_FLOW_40.799,-73.967 to 40.789,-73.967;1	
S_FLOW_40.799,-73.968 to 40.802,-73.944;1	
S_FLOW_40.799,-73.969 to 40.782,-73.972;1	
S_FLOW_40.799,-73.971 to 40.764,-73.972;1	
S_FLOW_40.799,-73.971 to 40.775,-73.982;1	
S_FLOW_40.8,-73.957 to 40.645,-73.777;1	
S_FLOW_40.8,-73.968 to 40.817,-73.935;1	
S_FLOW_40.801,-73.935 to 40.786,-73.951;1	
S_FLOW_40.801,-73.935 to 40.815,-73.955;1	
S_FLOW_40.801,-73.94 to 40.786,-73.951;1	
S_FLOW_40.801,-73.94 to 40.791,-73.951;1	
S_FLOW_40.801,-73.947 to 40.804,-73.955;1	
S_FLOW_40.801,-73.959 to 40.759,-73.989;1	
S_FLOW_40.801,-73.96 to 40.78,-73.982;1	
S_FLOW_40.801,-73.968 to 40.735,-74.003;1	
S_FLOW_40.801,-73.968 to 40.78,-73.953;1	
S_FLOW_40.801,-73.968 to 40.792,-73.968;1	
S_FLOW_40.802,-73.949 to 40.797,-73.931;1	
S_FLOW_40.802,-73.95 to 40.78,-73.957;1	
S_FLOW_40.802,-73.961 to 40.731,-73.989;1	
S_FLOW_40.802,-73.961 to 40.794,-73.97;1	
S_FLOW_40.802,-73.961 to 40.797,-73.963;1	
S_FLOW_40.802,-73.968 to 40.766,-73.966;1	
S_FLOW_40.802,-73.968 to 40.787,-73.978;1	
S_FLOW_40.803,-73.938 to 40.794,-73.943;1	
S_FLOW_40.803,-73.945 to 40.804,-73.967;1	
S_FLOW_40.803,-73.952 to 40.787,-73.951;1	
S_FLOW_40.803,-73.963 to 40.824,-73.952;1	
S_FLOW_40.803,-73.967 to 40.755,-73.986;1	
S_FLOW_40.803,-73.968 to 40.738,-73.956;1	
S_FLOW_40.803,-73.968 to 40.763,-73.918;1	
S_FLOW_40.804,-73.956 to 40.813,-73.938;1	
S_FLOW_40.804,-73.966 to 40.735,-73.991;1	
S_FLOW_40.804,-73.966 to 40.813,-73.945;1	
S_FLOW_40.804,-73.967 to 40.761,-73.991;1	
S_FLOW_40.804,-73.967 to 40.773,-73.977;1	
S_FLOW_40.804,-73.967 to 40.785,-73.973;1	
S_FLOW_40.804,-73.967 to 40.795,-73.972;1	
S_FLOW_40.804,-73.967 to 40.835,-73.947;1	
S_FLOW_40.805,-73.935 to 40.805,-73.935;1	
S_FLOW_40.805,-73.955 to 40.776,-73.956;1	
S_FLOW_40.805,-73.965 to 40.789,-73.97;1	
S_FLOW_40.805,-73.966 to 40.795,-73.973;1	
S_FLOW_40.805,-73.967 to 40.808,-73.954;1	
S_FLOW_40.806,-73.954 to 40.807,-73.946;1	
S_FLOW_40.806,-73.954 to 40.81,-73.945;1	
S_FLOW_40.806,-73.954 to 40.828,-73.938;1	
S_FLOW_40.806,-73.965 to 40.796,-73.971;1	
S_FLOW_40.806,-73.966 to 40.741,-74.006;1	
S_FLOW_40.806,-73.966 to 40.801,-73.968;1	
S_FLOW_40.808,-73.945 to 40.75,-73.995;1	
S_FLOW_40.808,-73.949 to 40.801,-73.946;1	
S_FLOW_40.808,-73.949 to 40.803,-73.964;1	
S_FLOW_40.808,-73.964 to 40.786,-73.951;1	
S_FLOW_40.808,-73.964 to 40.805,-73.939;1	
S_FLOW_40.808,-73.964 to 40.818,-73.942;1	
S_FLOW_40.809,-73.943 to 40.81,-73.937;1	
S_FLOW_40.809,-73.952 to 40.768,-73.862;1	
S_FLOW_40.809,-73.963 to 40.798,-73.971;1	
S_FLOW_40.81,-73.959 to 40.78,-73.962;1	
S_FLOW_40.81,-73.959 to 40.803,-73.964;1	
S_FLOW_40.81,-73.962 to 40.792,-73.974;1	
S_FLOW_40.81,-73.963 to 40.748,-73.989;1	
S_FLOW_40.811,-73.939 to 40.808,-73.941;1	
S_FLOW_40.812,-73.957 to 40.744,-73.989;1	
S_FLOW_40.812,-73.961 to 40.746,-73.982;1	
S_FLOW_40.813,-73.942 to 40.801,-73.948;1	
S_FLOW_40.813,-73.96 to 40.806,-73.962;1	
S_FLOW_40.813,-73.96 to 40.808,-73.964;1	
S_FLOW_40.814,-73.96 to 40.801,-73.969;1	
S_FLOW_40.815,-73.959 to 40.781,-73.981;1	
S_FLOW_40.816,-73.959 to 40.727,-74.006;1	
S_FLOW_40.817,-73.939 to 40.744,-74.0;1	
S_FLOW_40.817,-73.943 to 40.796,-73.95;1	
S_FLOW_40.817,-73.943 to 40.812,-73.95;1	
S_FLOW_40.817,-73.943 to 40.858,-73.932;1	
S_FLOW_40.819,-73.953 to 40.804,-73.938;1	
S_FLOW_40.824,-73.952 to 40.811,-73.953;1	
S_FLOW_40.827,-73.95 to 40.706,-74.017;1	
S_FLOW_40.829,-73.949 to 40.739,-73.992;1	
S_FLOW_40.83,-73.948 to 40.794,-73.973;1	
S_FLOW_40.837,-73.943 to 40.74,-73.998;1	
S_FLOW_40.838,-73.942 to 40.85,-73.938;1	
S_FLOW_40.848,-73.94 to 40.778,-73.982;1	
S_FLOW_40.852,-73.904 to 40.806,-73.927;1	
S_FLOW_40.863,-73.926 to 40.803,-73.933;1	
S_PICKUP_40.586,-73.745;1	
S_PICKUP_40.588,-73.932;1	
S_PICKUP_40.642,-73.788;3	
S_PICKUP_40.642,-73.789;3	
S_PICKUP_40.643,-73.79;2	
S_PICKUP_40.643,-73.791;1	
S_PICKUP_40.643,-73.978;1	
S_PICKUP_40.644,-73.782;3	
S_PICKUP_40.644,-73.783;6	
S_PICKUP_40.644,-73.787;1	
S_PICKUP_40.644,-73.789;2	
S_PICKUP_40.644,-73.79;9	
S_PICKUP_40.645,-73.777;8	
S_PICKUP_40.645,-73.781;2	
S_PICKUP_40.645,-73.782;18	
S_PICKUP_40.645,-73.783;4	
S_PICKUP_40.645,-73.791;1	
S_PICKUP_40.645,-73.792;1	
S_PICKUP_40.646,-73.777;2	
S_PICKUP_40.646,-73.79;1	
S_PICKUP_40.647,-73.778;2	
S_PICKUP_40.647,-73.788;1	
S_PICKUP_40.647,-73.789;1	
S_PICKUP_40.647,-73.79;5	
S_PICKUP_40.647,-73.791;1	
S_PICKUP_40.647,-73.802;1	
S_PICKUP_40.648,-73.784;1	
S_PICKUP_40.648,-73.789;1	
S_PICKUP_40.649,-73.784;3	
S_PICKUP_40.649,-73.785;1	
S_PICKUP_40.653,-73.786;1	
S_PICKUP_40.653,-74.003;1	
S_PICKUP_40.657,-73.96;1	
S_PICKUP_40.663,-73.789;1	
S_PICKUP_40.667,-73.986;1	
S_PICKUP_40.668,-73.801;1	
S_PICKUP_40.671,-73.988;1	
S_PICKUP_40.673,-73.999;1	
S_PICKUP_40.676,-74.001;1	
S_PICKUP_40.676,-74.014;1	
S_PICKUP_40.678,-74.0;1	
S_PICKUP_40.679,-73.969;1	
S_PICKUP_40.679,-73.974;1	
S_PICKUP_40.679,-73.979;1	
S_PICKUP_40.679,-73.982;2	
S_PICKUP_40.68,-73.981;1	
S_PICKUP_40.681,-73.951;1	
S_PICKUP_40.681,-73.994;1	
S_PICKUP_40.681,-73.999;1	
S_PICKUP_40.682,-73.958;1	
S_PICKUP_40.682,-73.967;1	
S_PICKUP_40.682,-73.976;1	
S_PICKUP_40.682,-74.002;1	
S_PICKUP_40.683,-73.976;1	
S_PICKUP_40.683,-73.979;1	
S_PICKUP_40.683,-73.996;1	
S_PICKUP_40.684,-73.977;1	
S_PICKUP_40.684,-73.979;1	
S_PICKUP_40.684,-73.997;1	
S_PICKUP_40.685,-73.978;1	
S_PICKUP_40.685,-73.991;1	
S_PICKUP_40.686,-73.996;1	
S_PICKUP_40.688,-73.964;1	
S_PICKUP_40.688,-73.985;1	
S_PICKUP_40.689,-73.955;1	
S_PICKUP_40.689,-73.97;1	
S_PICKUP_40.689,-73.995;1	
S_PICKUP_40.69,-73.971;1	
S_PICKUP_40.69,-73.978;1	
S_PICKUP_40.69,-73.992;1	
S_PICKUP_40.691,-73.966;1	
S_PICKUP_40.692,-73.987;1	
S_PICKUP_40.693,-73.928;1	
S_PICKUP_40.694,-73.983;1	
S_PICKUP_40.694,-73.989;1	
S_PICKUP_40.695,-73.984;1	
S_PICKUP_40.695,-73.992;1	
S_PICKUP_40.696,-73.934;1	
S_PICKUP_40.696,-73.989;1	
S_PICKUP_40.698,-73.994;1	
S_PICKUP_40.7,-73.936;1	
S_PICKUP_40.701,-73.919;1	
S_PICKUP_40.701,-73.993;2	
S_PICKUP_40.701,-74.019;1	
S_PICKUP_40.702,-74.011;1	
S_PICKUP_40.702,-74.013;1	
S_PICKUP_40.702,-74.014;1	
S_PICKUP_40.703,-74.01;1	
S_PICKUP_40.703,-74.012;4	
S_PICKUP_40.704,-74.008;2	
S_PICKUP_40.704,-74.009;6	
S_PICKUP_40.704,-74.01;1	
S_PICKUP_40.704,-74.011;1	
S_PICKUP_40.704,-74.012;1	
S_PICKUP_40.704,-74.014;2	
S_PICKUP_40.705,-74.007;5	
S_PICKUP_40.705,-74.008;3	
S_PICKUP_40.705,-74.01;1	
S_PICKUP_40.705,-74.013;1	
S_PICKUP_40.705,-74.015;2	
S_PICKUP_40.705,-74.017;1	
S_PICKUP_40.706,-74.006;4	
S_PICKUP_40.706,-74.01;1	
S_PICKUP_40.706,-74.016;1	
S_PICKUP_40.706,-74.017;1	
S_PICKUP_40.707,-74.004;3	
S_PICKUP_40.707,-74.005;3	
S_PICKUP_40.707,-74.006;2	
S_PICKUP_40.707,-74.007;4	
S_PICKUP_40.707,-74.008;1	
S_PICKUP_40.707,-74.009;4	
S_PICKUP_40.707,-74.012;3	
S_PICKUP_40.707,-74.013;1	
S_PICKUP_40.707,-74.016;1	
S_PICKUP_40.708,-73.958;1	
S_PICKUP_40.708,-74.003;1	
S_PICKUP_40.708,-74.004;2	
S_PICKUP_40.708,-74.006;2	
S_PICKUP_40.708,-74.007;1	
S_PICKUP_40.708,-74.008;1	
S_PICKUP_40.708,-74.011;1	
S_PICKUP_40.708,-74.015;1	
S_PICKUP_40.708,-74.016;1	
S_PICKUP_40.708,-74.018;1	
S_PICKUP_40.709,-73.959;1	
S_PICKUP_40.709,-74.002;3	
S_PICKUP_40.709,-74.006;1	
S_PICKUP_40.709,-74.011;2	
S_PICKUP_40.709,-74.012;2	
S_PICKUP_40.709,-74.014;2	
S_PICKUP_40.709,-74.015;1	
S_PICKUP_40.709,-74.017;1	
S_PICKUP_40.709,-74.018;1	
S_PICKUP_40.71,-74.01;3	
S_PICKUP_40.71,-74.011;2	
S_PICKUP_40.71,-74.012;1	
S_PICKUP_40.71,-74.015;4	
S_PICKUP_40.71,-74.018;1	
S_PICKUP_40.711,-73.952;1	
S_PICKUP_40.711,-73.96;2	
S_PICKUP_40.711,-73.965;1	
S_PICKUP_40.711,-73.987;1	
S_PICKUP_40.711,-74.007;1	
S_PICKUP_40.711,-74.01;1	
S_PICKUP_40.711,-74.011;1	
S_PICKUP_40.711,-74.016;4	
S_PICKUP_40.712,-73.942;1	
S_PICKUP_40.712,-73.959;1	
S_PICKUP_40.712,-73.96;1	
S_PICKUP_40.712,-73.963;2	
S_PICKUP_40.712,-73.997;1	
S_PICKUP_40.712,-74.007;1	
S_PICKUP_40.712,-74.008;7	
S_PICKUP_40.712,-74.01;2	
S_PICKUP_40.712,-74.014;4	
S_PICKUP_40.713,-73.957;1	
S_PICKUP_40.713,-73.958;1	
S_PICKUP_40.713,-74.004;2	
S_PICKUP_40.713,-74.007;2	
S_PICKUP_40.713,-74.008;1	
S_PICKUP_40.713,-74.009;1	
S_PICKUP_40.713,-74.011;2	
S_PICKUP_40.713,-74.014;1	
S_PICKUP_40.714,-73.935;1	
S_PICKUP_40.714,-73.952;1	
S_PICKUP_40.714,-73.96;1	
S_PICKUP_40.714,-73.962;1	
S_PICKUP_40.714,-73.99;1	
S_PICKUP_40.714,-73.992;1	
S_PICKUP_40.714,-73.998;7	
S_PICKUP_40.714,-73.999;1	
S_PICKUP_40.714,-74.003;2	
S_PICKUP_40.714,-74.006;2	
S_PICKUP_40.714,-74.008;1	
S_PICKUP_40.714,-74.009;3	
S_PICKUP_40.714,-74.01;1	
S_PICKUP_40.714,-74.011;1	
S_PICKUP_40.714,-74.012;1	
S_PICKUP_40.714,-74.014;1	
S_PICKUP_40.714,-74.015;2	
S_PICKUP_40.715,-73.943;1	
S_PICKUP_40.715,-73.958;1	
S_PICKUP_40.715,-73.962;1	
S_PICKUP_40.715,-73.992;2	
S_PICKUP_40.715,-73.993;1	
S_PICKUP_40.715,-74.002;2	
S_PICKUP_40.715,-74.008;2	
S_PICKUP_40.715,-74.009;3	
S_PICKUP_40.715,-74.01;2	
S_PICKUP_40.715,-74.012;2	
S_PICKUP_40.715,-74.013;1	
S_PICKUP_40.715,-74.014;3	
S_PICKUP_40.715,-74.015;2	
S_PICKUP_40.715,-74.016;4	
S_PICKUP_40.716,-73.95;1	
S_PICKUP_40.716,-73.952;1	
S_PICKUP_40.716,-73.957;1	
S_PICKUP_40.716,-73.962;2	
S_PICKUP_40.716,-73.995;1	
S_PICKUP_40.716,-73.996;1	
S_PICKUP_40.716,-74.005;1	
S_PICKUP_40.716,-74.007;1	
S_PICKUP_40.716,-74.008;1	
S_PICKUP_40.716,-74.015;5	
S_PICKUP_40.716,-74.016;4	
S_PICKUP_40.717,-73.98;1	
S_PICKUP_40.717,-73.991;1	
S_PICKUP_40.717,-73.992;1	
S_PICKUP_40.717,-73.996;1	
S_PICKUP_40.717,-73.998;1	
S_PICKUP_40.717,-74.004;1	
S_PICKUP_40.717,-74.006;1	
S_PICKUP_40.717,-74.008;3	
S_PICKUP_40.717,-74.009;1	
S_PICKUP_40.717,-74.011;2	
S_PICKUP_40.717,-74.013;2	
S_PICKUP_40.717,-74.014;1	
S_PICKUP_40.717,-74.015;1	
S_PICKUP_40.718,-73.954;1	
S_PICKUP_40.718,-73.956;1	
S_PICKUP_40.718,-73.958;1	
S_PICKUP_40.718,-73.959;1	
S_PICKUP_40.718,-73.986;1	
S_PICKUP_40.718,-73.987;1	
S_PICKUP_40.718,-73.988;1	
S_PICKUP_40.718,-73.995;1	
S_PICKUP_40.718,-73.997;1	
S_PICKUP_40.718,-74.0;2	
S_PICKUP_40.718,-74.003;1	
S_PICKUP_40.718,-74.006;1	
S_PICKUP_40.718,-74.008;1	
S_PICKUP_40.718,-74.009;1	
S_PICKUP_40.718,-74.014;1	
S_PICKUP_40.719,-73.961;1	
S_PICKUP_40.719,-73.985;1	
S_PICKUP_40.719,-73.988;6	
S_PICKUP_40.719,-73.989;3	
S_PICKUP_40.719,-73.99;6	
S_PICKUP_40.719,-73.991;1	
S_PICKUP_40.719,-73.997;3	
S_PICKUP_40.719,-73.999;1	
S_PICKUP_40.719,-74.002;2	
S_PICKUP_40.719,-74.004;1	
S_PICKUP_40.719,-74.005;2	
S_PICKUP_40.719,-74.007;1	
S_PICKUP_40.719,-74.009;1	
S_PICKUP_40.719,-74.01;6	
S_PICKUP_40.719,-74.011;3	
S_PICKUP_40.72,-73.955;1	
S_PICKUP_40.72,-73.979;1	
S_PICKUP_40.72,-73.982;1	
S_PICKUP_40.72,-73.987;2	
S_PICKUP_40.72,-73.988;7	
S_PICKUP_40.72,-73.991;1	
S_PICKUP_40.72,-73.992;1	
S_PICKUP_40.72,-73.993;1	
S_PICKUP_40.72,-73.994;1	
S_PICKUP_40.72,-73.995;1	
S_PICKUP_40.72,-73.998;3	
S_PICKUP_40.72,-73.999;1	
S_PICKUP_40.72,-74.0;1	
S_PICKUP_40.72,-74.001;1	
S_PICKUP_40.72,-74.002;2	
S_PICKUP_40.72,-74.005;5	
S_PICKUP_40.72,-74.006;1	
S_PICKUP_40.72,-74.009;3	
S_PICKUP_40.72,-74.01;3	
S_PICKUP_40.721,-73.957;1	
S_PICKUP_40.721,-73.981;1	
S_PICKUP_40.721,-73.984;2	
S_PICKUP_40.721,-73.987;6	
S_PICKUP_40.721,-73.988;6	
S_PICKUP_40.721,-73.989;5	
S_PICKUP_40.721,-73.99;1	
S_PICKUP_40.721,-73.994;2	
S_PICKUP_40.721,-73.995;1	
S_PICKUP_40.721,-73.997;5	
S_PICKUP_40.721,-73.998;7	
S_PICKUP_40.721,-73.999;1	
S_PICKUP_40.721,-74.0;3	
S_PICKUP_40.721,-74.001;3	
S_PICKUP_40.721,-74.004;1	
S_PICKUP_40.721,-74.005;2	
S_PICKUP_40.721,-74.008;2	
S_PICKUP_40.721,-74.01;13	
S_PICKUP_40.722,-73.958;3	
S_PICKUP_40.722,-73.983;2	
S_PICKUP_40.722,-73.984;1	
S_PICKUP_40.722,-73.985;2	
S_PICKUP_40.722,-73.986;2	
S_PICKUP_40.722,-73.987;2	
S_PICKUP_40.722,-73.988;1	
S_PICKUP_40.722,-73.989;5	
S_PICKUP_40.722,-73.994;2	
S_PICKUP_40.722,-73.996;3	
S_PICKUP_40.722,-73.997;3	
S_PICKUP_40.722,-73.998;1	
S_PICKUP_40.722,-73.999;2	
S_PICKUP_40.722,-74.0;5	
S_PICKUP_40.722,-74.004;3	
S_PICKUP_40.722,-74.01;1	
S_PICKUP_40.723,-73.949;1	
S_PICKUP_40.723,-73.983;2	
S_PICKUP_40.723,-73.985;1	
S_PICKUP_40.723,-73.986;4	
S_PICKUP_40.723,-73.987;1	
S_PICKUP_40.723,-73.988;3	
S_PICKUP_40.723,-73.989;4	
S_PICKUP_40.723,-73.991;1	
S_PICKUP_40.723,-73.993;2	
S_PICKUP_40.723,-73.995;1	
S_PICKUP_40.723,-73.997;2	
S_PICKUP_40.723,-73.998;3	
S_PICKUP_40.723,-73.999;1	
S_PICKUP_40.723,-74.003;2	
S_PICKUP_40.723,-74.005;3	
S_PICKUP_40.723,-74.008;1	
S_PICKUP_40.724,-73.951;1	
S_PICKUP_40.724,-73.979;2	
S_PICKUP_40.724,-73.981;1	
S_PICKUP_40.724,-73.985;2	
S_PICKUP_40.724,-73.988;4	
S_PICKUP_40.724,-73.991;1	
S_PICKUP_40.724,-73.992;1	
S_PICKUP_40.724,-73.993;5	
S_PICKUP_40.724,-73.997;4	
S_PICKUP_40.724,-74.002;1	
S_PICKUP_40.724,-74.003;3	
S_PICKUP_40.724,-74.004;1	
S_PICKUP_40.725,-73.978;2	
S_PICKUP_40.725,-73.981;3	
S_PICKUP_40.725,-73.982;1	
S_PICKUP_40.725,-73.984;1	
S_PICKUP_40.725,-73.987;2	
S_PICKUP_40.725,-73.992;1	
S_PICKUP_40.725,-73.993;1	
S_PICKUP_40.725,-73.994;4	
S_PICKUP_40.725,-73.995;5	
S_PICKUP_40.725,-73.996;10	
S_PICKUP_40.725,-73.997;2	
S_PICKUP_40.725,-73.998;4	
S_PICKUP_40.725,-73.999;4	
S_PICKUP_40.725,-74.002;1	
S_PICKUP_40.725,-74.003;1	
S_PICKUP_40.725,-74.004;1	
S_PICKUP_40.725,-74.008;1	
S_PICKUP_40.726,-73.831;1	
S_PICKUP_40.726,-73.977;1	
S_PICKUP_40.726,-73.981;1	
S_PICKUP_40.726,-73.983;2	
S_PICKUP_40.726,-73.984;6	
S_PICKUP_40.726,-73.986;5	
S_PICKUP_40.726,-73.989;3	
S_PICKUP_40.726,-73.99;1	
S_PICKUP_40.726,-73.992;5	
S_PICKUP_40.726,-73.993;2	
S_PICKUP_40.726,-73.994;2	
S_PICKUP_40.726,-73.995;5	
S_PICKUP_40.726,-73.996;1	
S_PICKUP_40.726,-73.997;5	
S_PICKUP_40.726,-73.998;1	
S_PICKUP_40.726,-73.999;1	
S_PICKUP_40.726,-74.0;1	
S_PICKUP_40.726,-74.001;1	
S_PICKUP_40.726,-74.002;4	
S_PICKUP_40.726,-74.003;1	
S_PICKUP_40.726,-74.004;3	
S_PICKUP_40.726,-74.005;1	
S_PICKUP_40.726,-74.006;3	
S_PICKUP_40.726,-74.008;2	
S_PICKUP_40.726,-74.009;1	
S_PICKUP_40.726,-74.01;1	
S_PICKUP_40.727,-73.977;1	
S_PICKUP_40.727,-73.98;1	
S_PICKUP_40.727,-73.983;3	
S_PICKUP_40.727,-73.984;2	
S_PICKUP_40.727,-73.986;6	
S_PICKUP_40.727,-73.989;3	
S_PICKUP_40.727,-73.991;3	
S_PICKUP_40.727,-73.992;2	
S_PICKUP_40.727,-73.993;1	
S_PICKUP_40.727,-73.994;3	
S_PICKUP_40.727,-73.995;2	
S_PICKUP_40.727,-73.996;2	
S_PICKUP_40.727,-73.999;2	
S_PICKUP_40.727,-74.0;3	
S_PICKUP_40.727,-74.001;2	
S_PICKUP_40.727,-74.003;4	
S_PICKUP_40.727,-74.006;2	
S_PICKUP_40.727,-74.007;2	
S_PICKUP_40.728,-73.979;1	
S_PICKUP_40.728,-73.982;2	
S_PICKUP_40.728,-73.988;4	
S_PICKUP_40.728,-73.993;2	
S_PICKUP_40.728,-73.994;1	
S_PICKUP_40.728,-73.995;4	
S_PICKUP_40.728,-73.999;2	
S_PICKUP_40.728,-74.0;1	
S_PICKUP_40.728,-74.001;2	
S_PICKUP_40.728,-74.002;1	
S_PICKUP_40.728,-74.003;8	
S_PICKUP_40.728,-74.005;1	
S_PICKUP_40.728,-74.007;2	
S_PICKUP_40.729,-73.957;1	
S_PICKUP_40.729,-73.977;1	
S_PICKUP_40.729,-73.978;3	
S_PICKUP_40.729,-73.984;3	
S_PICKUP_40.729,-73.985;1	
S_PICKUP_40.729,-73.987;4	
S_PICKUP_40.729,-73.988;2	
S_PICKUP_40.729,-73.99;5	
S_PICKUP_40.729,-73.991;1	
S_PICKUP_40.729,-73.992;4	
S_PICKUP_40.729,-73.993;3	
S_PICKUP_40.729,-73.994;2	
S_PICKUP_40.729,-73.998;1	
S_PICKUP_40.729,-73.999;1	
S_PICKUP_40.729,-74.0;1	
S_PICKUP_40.729,-74.001;3	
S_PICKUP_40.729,-74.002;3	
S_PICKUP_40.729,-74.005;3	
S_PICKUP_40.729,-74.007;1	
S_PICKUP_40.729,-74.011;1	
S_PICKUP_40.73,-73.978;1	
S_PICKUP_40.73,-73.98;3	
S_PICKUP_40.73,-73.981;1	
S_PICKUP_40.73,-73.984;4	
S_PICKUP_40.73,-73.985;1	
S_PICKUP_40.73,-73.986;4	
S_PICKUP_40.73,-73.987;2	
S_PICKUP_40.73,-73.989;1	
S_PICKUP_40.73,-73.991;4	
S_PICKUP_40.73,-73.992;2	
S_PICKUP_40.73,-73.993;2	
S_PICKUP_40.73,-73.998;1	
S_PICKUP_40.73,-73.999;1	
S_PICKUP_40.73,-74.0;2	
S_PICKUP_40.73,-74.001;3	
S_PICKUP_40.73,-74.002;6	
S_PICKUP_40.73,-74.003;1	
S_PICKUP_40.73,-74.004;1	
S_PICKUP_40.73,-74.005;1	
S_PICKUP_40.73,-74.007;5	
S_PICKUP_40.73,-74.008;2	
S_PICKUP_40.73,-74.01;1	
S_PICKUP_40.731,-73.861;1	
S_PICKUP_40.731,-73.979;1	
S_PICKUP_40.731,-73.98;1	
S_PICKUP_40.731,-73.981;1	
S_PICKUP_40.731,-73.982;5	
S_PICKUP_40.731,-73.983;4	
S_PICKUP_40.731,-73.984;1	
S_PICKUP_40.731,-73.986;3	
S_PICKUP_40.731,-73.987;1	
S_PICKUP_40.731,-73.989;4	
S_PICKUP_40.731,-73.991;3	
S_PICKUP_40.731,-73.992;2	
S_PICKUP_40.731,-73.993;1	
S_PICKUP_40.731,-73.999;1	
S_PICKUP_40.731,-74.001;4	
S_PICKUP_40.731,-74.002;2	
S_PICKUP_40.731,-74.003;2	
S_PICKUP_40.731,-74.004;1	
S_PICKUP_40.731,-74.007;3	
S_PICKUP_40.732,-73.974;3	
S_PICKUP_40.732,-73.977;1	
S_PICKUP_40.732,-73.981;2	
S_PICKUP_40.732,-73.982;2	
S_PICKUP_40.732,-73.983;2	
S_PICKUP_40.732,-73.984;2	
S_PICKUP_40.732,-73.985;4	
S_PICKUP_40.732,-73.988;8	
S_PICKUP_40.732,-73.99;2	
S_PICKUP_40.732,-73.991;1	
S_PICKUP_40.732,-73.993;2	
S_PICKUP_40.732,-73.994;2	
S_PICKUP_40.732,-73.995;3	
S_PICKUP_40.732,-73.996;1	
S_PICKUP_40.732,-73.997;2	
S_PICKUP_40.732,-74.0;2	
S_PICKUP_40.732,-74.001;6	
S_PICKUP_40.732,-74.003;1	
S_PICKUP_40.732,-74.006;1	
S_PICKUP_40.732,-74.007;2	
S_PICKUP_40.732,-74.008;4	
S_PICKUP_40.733,-73.975;1	
S_PICKUP_40.733,-73.98;1	
S_PICKUP_40.733,-73.981;8	
S_PICKUP_40.733,-73.982;2	
S_PICKUP_40.733,-73.985;1	
S_PICKUP_40.733,-73.986;1	
S_PICKUP_40.733,-73.987;10	
S_PICKUP_40.733,-73.988;8	
S_PICKUP_40.733,-73.99;7	
S_PICKUP_40.733,-73.993;1	
S_PICKUP_40.733,-73.994;3	
S_PICKUP_40.733,-73.996;6	
S_PICKUP_40.733,-73.997;2	
S_PICKUP_40.733,-74.0;3	
S_PICKUP_40.733,-74.003;8	
S_PICKUP_40.733,-74.004;6	
S_PICKUP_40.733,-74.006;4	
S_PICKUP_40.733,-74.007;1	
S_PICKUP_40.733,-74.008;2	
S_PICKUP_40.734,-73.978;2	
S_PICKUP_40.734,-73.98;1	
S_PICKUP_40.734,-73.981;5	
S_PICKUP_40.734,-73.983;2	
S_PICKUP_40.734,-73.984;1	
S_PICKUP_40.734,-73.987;4	
S_PICKUP_40.734,-73.988;1	
S_PICKUP_40.734,-73.989;2	
S_PICKUP_40.734,-73.99;8	
S_PICKUP_40.734,-73.991;4	
S_PICKUP_40.734,-73.992;3	
S_PICKUP_40.734,-73.993;2	
S_PICKUP_40.734,-73.994;1	
S_PICKUP_40.734,-73.995;1	
S_PICKUP_40.734,-73.997;1	
S_PICKUP_40.734,-73.999;5	
S_PICKUP_40.734,-74.0;3	
S_PICKUP_40.734,-74.002;4	
S_PICKUP_40.734,-74.003;14	
S_PICKUP_40.734,-74.005;3	
S_PICKUP_40.734,-74.006;7	
S_PICKUP_40.734,-74.007;2	
S_PICKUP_40.734,-74.008;1	
S_PICKUP_40.734,-74.009;1	
S_PICKUP_40.734,-74.01;1	
S_PICKUP_40.735,-73.98;3	
S_PICKUP_40.735,-73.982;1	
S_PICKUP_40.735,-73.983;5	
S_PICKUP_40.735,-73.986;3	
S_PICKUP_40.735,-73.989;2	
S_PICKUP_40.735,-73.99;7	
S_PICKUP_40.735,-73.991;4	
S_PICKUP_40.735,-73.992;2	
S_PICKUP_40.735,-73.993;2	
S_PICKUP_40.735,-73.995;1	
S_PICKUP_40.735,-73.997;1	
S_PICKUP_40.735,-73.998;2	
S_PICKUP_40.735,-73.999;2	
S_PICKUP_40.735,-74.0;2	
S_PICKUP_40.735,-74.002;5	
S_PICKUP_40.735,-74.006;3	
S_PICKUP_40.735,-74.007;3	
S_PICKUP_40.735,-74.008;1	
S_PICKUP_40.736,-73.976;1	
S_PICKUP_40.736,-73.979;3	
S_PICKUP_40.736,-73.98;1	
S_PICKUP_40.736,-73.982;1	
S_PICKUP_40.736,-73.983;3	
S_PICKUP_40.736,-73.985;4	
S_PICKUP_40.736,-73.987;2	
S_PICKUP_40.736,-73.988;1	
S_PICKUP_40.736,-73.989;3	
S_PICKUP_40.736,-73.99;1	
S_PICKUP_40.736,-73.991;2	
S_PICKUP_40.736,-73.994;1	
S_PICKUP_40.736,-73.997;2	
S_PICKUP_40.736,-73.998;4	
S_PICKUP_40.736,-74.001;1	
S_PICKUP_40.736,-74.002;2	
S_PICKUP_40.736,-74.006;5	
S_PICKUP_40.737,-73.977;1	
S_PICKUP_40.737,-73.978;1	
S_PICKUP_40.737,-73.979;4	
S_PICKUP_40.737,-73.98;1	
S_PICKUP_40.737,-73.982;1	
S_PICKUP_40.737,-73.984;3	
S_PICKUP_40.737,-73.985;2	
S_PICKUP_40.737,-73.987;1	
S_PICKUP_40.737,-73.988;3	
S_PICKUP_40.737,-73.989;12	
S_PICKUP_40.737,-73.99;4	
S_PICKUP_40.737,-73.993;3	
S_PICKUP_40.737,-73.994;1	
S_PICKUP_40.737,-73.996;2	
S_PICKUP_40.737,-73.997;2	
S_PICKUP_40.737,-74.0;1	
S_PICKUP_40.737,-74.001;3	
S_PICKUP_40.737,-74.002;2	
S_PICKUP_40.737,-74.005;1	
S_PICKUP_40.737,-74.006;1	
S_PICKUP_40.738,-73.976;1	
S_PICKUP_40.738,-73.977;2	
S_PICKUP_40.738,-73.978;2	
S_PICKUP_40.738,-73.981;5	
S_PICKUP_40.738,-73.984;4	
S_PICKUP_40.738,-73.986;1	
S_PICKUP_40.738,-73.987;1	
S_PICKUP_40.738,-73.988;9	
S_PICKUP_40.738,-73.989;1	
S_PICKUP_40.738,-73.99;4	
S_PICKUP_40.738,-73.991;2	
S_PICKUP_40.738,-73.993;1	
S_PICKUP_40.738,-73.996;4	
S_PICKUP_40.738,-73.997;3	
S_PICKUP_40.738,-73.998;2	
S_PICKUP_40.738,-74.0;3	
S_PICKUP_40.738,-74.002;2	
S_PICKUP_40.738,-74.004;4	
S_PICKUP_40.738,-74.005;3	
S_PICKUP_40.738,-74.006;2	
S_PICKUP_40.738,-74.008;2	
S_PICKUP_40.738,-74.009;3	
S_PICKUP_40.739,-73.977;2	
S_PICKUP_40.739,-73.98;1	
S_PICKUP_40.739,-73.981;1	
S_PICKUP_40.739,-73.983;6	
S_PICKUP_40.739,-73.985;2	
S_PICKUP_40.739,-73.986;2	
S_PICKUP_40.739,-73.987;7	
S_PICKUP_40.739,-73.988;4	
S_PICKUP_40.739,-73.989;1	
S_PICKUP_40.739,-73.99;2	
S_PICKUP_40.739,-73.991;2	
S_PICKUP_40.739,-73.992;5	
S_PICKUP_40.739,-73.994;1	
S_PICKUP_40.739,-73.995;3	
S_PICKUP_40.739,-73.996;4	
S_PICKUP_40.739,-73.997;1	
S_PICKUP_40.739,-73.999;3	
S_PICKUP_40.739,-74.002;2	
S_PICKUP_40.739,-74.003;5	
S_PICKUP_40.739,-74.004;1	
S_PICKUP_40.739,-74.005;1	
S_PICKUP_40.739,-74.006;2	
S_PICKUP_40.739,-74.008;2	
S_PICKUP_40.739,-74.009;1	
S_PICKUP_40.74,-73.927;1	
S_PICKUP_40.74,-73.976;4	
S_PICKUP_40.74,-73.977;1	
S_PICKUP_40.74,-73.979;2	
S_PICKUP_40.74,-73.98;1	
S_PICKUP_40.74,-73.982;3	
S_PICKUP_40.74,-73.984;1	
S_PICKUP_40.74,-73.985;2	
S_PICKUP_40.74,-73.986;5	
S_PICKUP_40.74,-73.987;2	
S_PICKUP_40.74,-73.989;3	
S_PICKUP_40.74,-73.99;2	
S_PICKUP_40.74,-73.991;6	
S_PICKUP_40.74,-73.992;1	
S_PICKUP_40.74,-73.994;2	
S_PICKUP_40.74,-73.995;7	
S_PICKUP_40.74,-73.997;1	
S_PICKUP_40.74,-73.998;1	
S_PICKUP_40.74,-73.999;4	
S_PICKUP_40.74,-74.001;1	
S_PICKUP_40.74,-74.002;6	
S_PICKUP_40.74,-74.003;4	
S_PICKUP_40.74,-74.004;2	
S_PICKUP_40.74,-74.005;1	
S_PICKUP_40.74,-74.006;14	
S_PICKUP_40.74,-74.008;2	
S_PICKUP_40.741,-73.952;1	
S_PICKUP_40.741,-73.979;1	
S_PICKUP_40.741,-73.982;6	
S_PICKUP_40.741,-73.983;2	
S_PICKUP_40.741,-73.984;1	
S_PICKUP_40.741,-73.985;3	
S_PICKUP_40.741,-73.986;10	
S_PICKUP_40.741,-73.987;2	
S_PICKUP_40.741,-73.988;2	
S_PICKUP_40.741,-73.989;2	
S_PICKUP_40.741,-73.99;3	
S_PICKUP_40.741,-73.993;8	
S_PICKUP_40.741,-73.994;5	
S_PICKUP_40.741,-73.998;2	
S_PICKUP_40.741,-74.001;2	
S_PICKUP_40.741,-74.002;3	
S_PICKUP_40.741,-74.004;1	
S_PICKUP_40.741,-74.005;8	
S_PICKUP_40.741,-74.006;3	
S_PICKUP_40.741,-74.007;3	
S_PICKUP_40.741,-74.008;3	
S_PICKUP_40.742,-73.944;1	
S_PICKUP_40.742,-73.974;1	
S_PICKUP_40.742,-73.975;6	
S_PICKUP_40.742,-73.978;3	
S_PICKUP_40.742,-73.981;3	
S_PICKUP_40.742,-73.984;1	
S_PICKUP_40.742,-73.985;5	
S_PICKUP_40.742,-73.986;1	
S_PICKUP_40.742,-73.988;3	
S_PICKUP_40.742,-73.989;2	
S_PICKUP_40.742,-73.99;4	
S_PICKUP_40.742,-73.991;3	
S_PICKUP_40.742,-73.992;1	
S_PICKUP_40.742,-73.993;6	
S_PICKUP_40.742,-73.994;7	
S_PICKUP_40.742,-73.995;1	
S_PICKUP_40.742,-73.997;6	
S_PICKUP_40.742,-73.998;1	
S_PICKUP_40.742,-73.999;1	
S_PICKUP_40.742,-74.004;6	
S_PICKUP_40.742,-74.005;5	
S_PICKUP_40.742,-74.006;2	
S_PICKUP_40.742,-74.007;1	
S_PICKUP_40.743,-73.918;1	
S_PICKUP_40.743,-73.919;1	
S_PICKUP_40.743,-73.954;1	
S_PICKUP_40.743,-73.973;1	
S_PICKUP_40.743,-73.974;2	
S_PICKUP_40.743,-73.977;5	
S_PICKUP_40.743,-73.978;2	
S_PICKUP_40.743,-73.98;8	
S_PICKUP_40.743,-73.982;1	
S_PICKUP_40.743,-73.983;1	
S_PICKUP_40.743,-73.984;6	
S_PICKUP_40.743,-73.985;3	
S_PICKUP_40.743,-73.986;2	
S_PICKUP_40.743,-73.988;2	
S_PICKUP_40.743,-73.989;2	
S_PICKUP_40.743,-73.991;1	
S_PICKUP_40.743,-73.992;5	
S_PICKUP_40.743,-73.993;6	
S_PICKUP_40.743,-73.994;2	
S_PICKUP_40.743,-73.997;3	
S_PICKUP_40.743,-74.0;7	
S_PICKUP_40.743,-74.001;1	
S_PICKUP_40.743,-74.004;1	
S_PICKUP_40.743,-74.008;3	
S_PICKUP_40.744,-73.923;2	
S_PICKUP_40.744,-73.924;1	
S_PICKUP_40.744,-73.925;1	
S_PICKUP_40.744,-73.973;7	
S_PICKUP_40.744,-73.975;1	
S_PICKUP_40.744,-73.976;2	
S_PICKUP_40.744,-73.979;4	
S_PICKUP_40.744,-73.98;3	
S_PICKUP_40.744,-73.981;2	
S_PICKUP_40.744,-73.982;2	
S_PICKUP_40.744,-73.983;2	
S_PICKUP_40.744,-73.984;4	
S_PICKUP_40.744,-73.985;2	
S_PICKUP_40.744,-73.986;2	
S_PICKUP_40.744,-73.987;2	
S_PICKUP_40.744,-73.988;3	
S_PICKUP_40.744,-73.989;4	
S_PICKUP_40.744,-73.99;2	
S_PICKUP_40.744,-73.996;6	
S_PICKUP_40.744,-73.999;2	
S_PICKUP_40.744,-74.0;2	
S_PICKUP_40.744,-74.003;5	
S_PICKUP_40.744,-74.006;2	
S_PICKUP_40.744,-74.007;7	
S_PICKUP_40.745,-73.883;1	
S_PICKUP_40.745,-73.887;1	
S_PICKUP_40.745,-73.933;1	
S_PICKUP_40.745,-73.936;1	
S_PICKUP_40.745,-73.972;1	
S_PICKUP_40.745,-73.975;1	
S_PICKUP_40.745,-73.976;7	
S_PICKUP_40.745,-73.978;5	
S_PICKUP_40.745,-73.979;4	
S_PICKUP_40.745,-73.981;3	
S_PICKUP_40.745,-73.982;2	
S_PICKUP_40.745,-73.983;9	
S_PICKUP_40.745,-73.984;2	
S_PICKUP_40.745,-73.985;1	
S_PICKUP_40.745,-73.986;1	
S_PICKUP_40.745,-73.987;3	
S_PICKUP_40.745,-73.988;2	
S_PICKUP_40.745,-73.989;5	
S_PICKUP_40.745,-73.991;5	
S_PICKUP_40.745,-73.992;2	
S_PICKUP_40.745,-73.995;11	
S_PICKUP_40.745,-73.996;1	
S_PICKUP_40.745,-73.997;1	
S_PICKUP_40.745,-73.998;2	
S_PICKUP_40.745,-73.999;4	
S_PICKUP_40.745,-74.002;1	
S_PICKUP_40.745,-74.006;4	
S_PICKUP_40.745,-74.009;1	
S_PICKUP_40.746,-73.915;1	
S_PICKUP_40.746,-73.957;1	
S_PICKUP_40.746,-73.972;2	
S_PICKUP_40.746,-73.974;1	
S_PICKUP_40.746,-73.978;7	
S_PICKUP_40.746,-73.98;8	
S_PICKUP_40.746,-73.982;4	
S_PICKUP_40.746,-73.983;2	
S_PICKUP_40.746,-73.984;5	
S_PICKUP_40.746,-73.985;1	
S_PICKUP_40.746,-73.986;1	
S_PICKUP_40.746,-73.987;2	
S_PICKUP_40.746,-73.988;2	
S_PICKUP_40.746,-73.989;1	
S_PICKUP_40.746,-73.99;3	
S_PICKUP_40.746,-73.991;6	
S_PICKUP_40.746,-73.994;6	
S_PICKUP_40.746,-73.995;2	
S_PICKUP_40.746,-73.997;1	
S_PICKUP_40.746,-73.998;3	
S_PICKUP_40.746,-74.001;2	
S_PICKUP_40.746,-74.002;5	
S_PICKUP_40.746,-74.006;4	
S_PICKUP_40.746,-74.008;1	
S_PICKUP_40.747,-73.89;1	
S_PICKUP_40.747,-73.891;1	
S_PICKUP_40.747,-73.944;1	
S_PICKUP_40.747,-73.956;1	
S_PICKUP_40.747,-73.972;2	
S_PICKUP_40.747,-73.973;2	
S_PICKUP_40.747,-73.974;1	
S_PICKUP_40.747,-73.977;1	
S_PICKUP_40.747,-73.978;1	
S_PICKUP_40.747,-73.979;1	
S_PICKUP_40.747,-73.98;3	
S_PICKUP_40.747,-73.981;3	
S_PICKUP_40.747,-73.982;2	
S_PICKUP_40.747,-73.983;2	
S_PICKUP_40.747,-73.984;1	
S_PICKUP_40.747,-73.985;2	
S_PICKUP_40.747,-73.986;2	
S_PICKUP_40.747,-73.987;2	
S_PICKUP_40.747,-73.988;1	
S_PICKUP_40.747,-73.99;5	
S_PICKUP_40.747,-73.993;5	
S_PICKUP_40.747,-73.994;4	
S_PICKUP_40.747,-73.996;1	
S_PICKUP_40.747,-73.997;1	
S_PICKUP_40.747,-73.998;1	
S_PICKUP_40.747,-74.001;6	
S_PICKUP_40.747,-74.002;3	
S_PICKUP_40.747,-74.004;2	
S_PICKUP_40.747,-74.008;1	
S_PICKUP_40.748,-73.945;1	
S_PICKUP_40.748,-73.968;1	
S_PICKUP_40.748,-73.973;2	
S_PICKUP_40.748,-73.974;3	
S_PICKUP_40.748,-73.976;5	
S_PICKUP_40.748,-73.977;5	
S_PICKUP_40.748,-73.978;1	
S_PICKUP_40.748,-73.979;1	
S_PICKUP_40.748,-73.98;1	
S_PICKUP_40.748,-73.981;2	
S_PICKUP_40.748,-73.983;1	
S_PICKUP_40.748,-73.985;7	
S_PICKUP_40.748,-73.986;1	
S_PICKUP_40.748,-73.987;5	
S_PICKUP_40.748,-73.988;4	
S_PICKUP_40.748,-73.989;6	
S_PICKUP_40.748,-73.992;2	
S_PICKUP_40.748,-73.993;5	
S_PICKUP_40.748,-73.994;1	
S_PICKUP_40.748,-73.997;1	
S_PICKUP_40.748,-74.0;1	
S_PICKUP_40.748,-74.003;2	
S_PICKUP_40.748,-74.004;8	
S_PICKUP_40.748,-74.006;2	
S_PICKUP_40.749,-73.898;1	
S_PICKUP_40.749,-73.972;4	
S_PICKUP_40.749,-73.973;4	
S_PICKUP_40.749,-73.974;1	
S_PICKUP_40.749,-73.975;2	
S_PICKUP_40.749,-73.976;4	
S_PICKUP_40.749,-73.978;3	
S_PICKUP_40.749,-73.98;3	
S_PICKUP_40.749,-73.983;2	
S_PICKUP_40.749,-73.984;2	
S_PICKUP_40.749,-73.987;2	
S_PICKUP_40.749,-73.988;3	
S_PICKUP_40.749,-73.989;4	
S_PICKUP_40.749,-73.99;1	
S_PICKUP_40.749,-73.991;2	
S_PICKUP_40.749,-73.992;8	
S_PICKUP_40.749,-73.994;1	
S_PICKUP_40.749,-73.995;1	
S_PICKUP_40.749,-73.996;2	
S_PICKUP_40.749,-73.998;1	
S_PICKUP_40.749,-74.0;1	
S_PICKUP_40.749,-74.001;1	
S_PICKUP_40.749,-74.003;1	
S_PICKUP_40.749,-74.004;1	
S_PICKUP_40.749,-74.008;1	
S_PICKUP_40.75,-73.939;1	
S_PICKUP_40.75,-73.972;4	
S_PICKUP_40.75,-73.973;1	
S_PICKUP_40.75,-73.974;1	
S_PICKUP_40.75,-73.975;4	
S_PICKUP_40.75,-73.976;1	
S_PICKUP_40.75,-73.977;4	
S_PICKUP_40.75,-73.978;2	
S_PICKUP_40.75,-73.979;6	
S_PICKUP_40.75,-73.98;2	
S_PICKUP_40.75,-73.981;1	
S_PICKUP_40.75,-73.983;5	
S_PICKUP_40.75,-73.984;2	
S_PICKUP_40.75,-73.986;2	
S_PICKUP_40.75,-73.987;2	
S_PICKUP_40.75,-73.988;3	
S_PICKUP_40.75,-73.989;4	
S_PICKUP_40.75,-73.99;2	
S_PICKUP_40.75,-73.991;29	
S_PICKUP_40.75,-73.992;20	
S_PICKUP_40.75,-73.993;1	
S_PICKUP_40.75,-73.994;6	
S_PICKUP_40.75,-73.995;6	
S_PICKUP_40.75,-73.999;1	
S_PICKUP_40.75,-74.004;1	
S_PICKUP_40.75,-74.006;1	
S_PICKUP_40.751,-73.968;1	
S_PICKUP_40.751,-73.969;2	
S_PICKUP_40.751,-73.97;3	
S_PICKUP_40.751,-73.971;3	
S_PICKUP_40.751,-73.972;2	
S_PICKUP_40.751,-73.973;2	
S_PICKUP_40.751,-73.974;3	
S_PICKUP_40.751,-73.975;1	
S_PICKUP_40.751,-73.976;5	
S_PICKUP_40.751,-73.977;3	
S_PICKUP_40.751,-73.979;5	
S_PICKUP_40.751,-73.98;1	
S_PICKUP_40.751,-73.981;2	
S_PICKUP_40.751,-73.982;4	
S_PICKUP_40.751,-73.985;3	
S_PICKUP_40.751,-73.987;7	
S_PICKUP_40.751,-73.988;2	
S_PICKUP_40.751,-73.989;1	
S_PICKUP_40.751,-73.99;3	
S_PICKUP_40.751,-73.991;12	
S_PICKUP_40.751,-73.993;1	
S_PICKUP_40.751,-73.994;25	
S_PICKUP_40.751,-73.995;3	
S_PICKUP_40.751,-73.996;1	
S_PICKUP_40.751,-73.998;4	
S_PICKUP_40.751,-74.001;1	
S_PICKUP_40.751,-74.002;2	
S_PICKUP_40.751,-74.004;2	
S_PICKUP_40.751,-74.005;1	
S_PICKUP_40.751,-74.006;4	
S_PICKUP_40.751,-74.007;1	
S_PICKUP_40.752,-73.925;1	
S_PICKUP_40.752,-73.97;1	
S_PICKUP_40.752,-73.971;1	
S_PICKUP_40.752,-73.972;1	
S_PICKUP_40.752,-73.973;5	
S_PICKUP_40.752,-73.974;4	
S_PICKUP_40.752,-73.975;7	
S_PICKUP_40.752,-73.976;4	
S_PICKUP_40.752,-73.977;11	
S_PICKUP_40.752,-73.978;14	
S_PICKUP_40.752,-73.979;3	
S_PICKUP_40.752,-73.982;3	
S_PICKUP_40.752,-73.985;3	
S_PICKUP_40.752,-73.986;4	
S_PICKUP_40.752,-73.987;1	
S_PICKUP_40.752,-73.988;1	
S_PICKUP_40.752,-73.99;1	
S_PICKUP_40.752,-73.993;4	
S_PICKUP_40.752,-73.994;8	
S_PICKUP_40.752,-73.997;1	
S_PICKUP_40.752,-74.001;1	
S_PICKUP_40.752,-74.002;1	
S_PICKUP_40.752,-74.004;2	
S_PICKUP_40.752,-74.005;3	
S_PICKUP_40.753,-73.947;1	
S_PICKUP_40.753,-73.966;1	
S_PICKUP_40.753,-73.967;2	
S_PICKUP_40.753,-73.968;1	
S_PICKUP_40.753,-73.97;9	
S_PICKUP_40.753,-73.972;2	
S_PICKUP_40.753,-73.973;4	
S_PICKUP_40.753,-73.974;1	
S_PICKUP_40.753,-73.975;6	
S_PICKUP_40.753,-73.976;2	
S_PICKUP_40.753,-73.978;6	
S_PICKUP_40.753,-73.979;1	
S_PICKUP_40.753,-73.98;2	
S_PICKUP_40.753,-73.981;4	
S_PICKUP_40.753,-73.985;4	
S_PICKUP_40.753,-73.986;2	
S_PICKUP_40.753,-73.989;2	
S_PICKUP_40.753,-73.99;1	
S_PICKUP_40.753,-73.992;1	
S_PICKUP_40.753,-73.993;1	
S_PICKUP_40.753,-73.996;1	
S_PICKUP_40.753,-73.997;1	
S_PICKUP_40.754,-73.914;1	
S_PICKUP_40.754,-73.942;2	
S_PICKUP_40.754,-73.964;1	
S_PICKUP_40.754,-73.966;3	
S_PICKUP_40.754,-73.969;3	
S_PICKUP_40.754,-73.971;1	
S_PICKUP_40.754,-73.972;4	
S_PICKUP_40.754,-73.973;5	
S_PICKUP_40.754,-73.974;3	
S_PICKUP_40.754,-73.975;1	
S_PICKUP_40.754,-73.976;2	
S_PICKUP_40.754,-73.977;1	
S_PICKUP_40.754,-73.978;4	
S_PICKUP_40.754,-73.979;1	
S_PICKUP_40.754,-73.98;2	
S_PICKUP_40.754,-73.981;3	
S_PICKUP_40.754,-73.982;1	
S_PICKUP_40.754,-73.983;1	
S_PICKUP_40.754,-73.984;1	
S_PICKUP_40.754,-73.985;2	
S_PICKUP_40.754,-73.986;1	
S_PICKUP_40.754,-73.987;1	
S_PICKUP_40.754,-73.988;3	
S_PICKUP_40.754,-73.989;2	
S_PICKUP_40.754,-73.99;2	
S_PICKUP_40.754,-73.991;2	
S_PICKUP_40.754,-73.992;6	
S_PICKUP_40.754,-73.993;4	
S_PICKUP_40.754,-73.996;1	
S_PICKUP_40.754,-73.999;5	
S_PICKUP_40.755,-73.887;1	
S_PICKUP_40.755,-73.914;1	
S_PICKUP_40.755,-73.929;1	
S_PICKUP_40.755,-73.962;1	
S_PICKUP_40.755,-73.965;4	
S_PICKUP_40.755,-73.966;3	
S_PICKUP_40.755,-73.967;1	
S_PICKUP_40.755,-73.968;6	
S_PICKUP_40.755,-73.969;4	
S_PICKUP_40.755,-73.971;7	
S_PICKUP_40.755,-73.972;2	
S_PICKUP_40.755,-73.973;2	
S_PICKUP_40.755,-73.974;3	
S_PICKUP_40.755,-73.975;5	
S_PICKUP_40.755,-73.976;5	
S_PICKUP_40.755,-73.979;1	
S_PICKUP_40.755,-73.98;3	
S_PICKUP_40.755,-73.982;2	
S_PICKUP_40.755,-73.983;1	
S_PICKUP_40.755,-73.984;6	
S_PICKUP_40.755,-73.985;2	
S_PICKUP_40.755,-73.986;3	
S_PICKUP_40.755,-73.987;2	
S_PICKUP_40.755,-73.988;3	
S_PICKUP_40.755,-73.989;2	
S_PICKUP_40.755,-73.991;4	
S_PICKUP_40.755,-73.992;2	
S_PICKUP_40.755,-73.994;1	
S_PICKUP_40.755,-73.995;1	
S_PICKUP_40.755,-73.996;1	
S_PICKUP_40.755,-73.999;1	
S_PICKUP_40.756,-73.964;2	
S_PICKUP_40.756,-73.965;2	
S_PICKUP_40.756,-73.967;1	
S_PICKUP_40.756,-73.968;6	
S_PICKUP_40.756,-73.969;1	
S_PICKUP_40.756,-73.97;4	
S_PICKUP_40.756,-73.971;3	
S_PICKUP_40.756,-73.972;2	
S_PICKUP_40.756,-73.973;3	
S_PICKUP_40.756,-73.974;3	
S_PICKUP_40.756,-73.975;4	
S_PICKUP_40.756,-73.976;2	
S_PICKUP_40.756,-73.977;1	
S_PICKUP_40.756,-73.978;3	
S_PICKUP_40.756,-73.979;3	
S_PICKUP_40.756,-73.981;1	
S_PICKUP_40.756,-73.982;1	
S_PICKUP_40.756,-73.983;3	
S_PICKUP_40.756,-73.984;2	
S_PICKUP_40.756,-73.985;1	
S_PICKUP_40.756,-73.986;5	
S_PICKUP_40.756,-73.987;4	
S_PICKUP_40.756,-73.988;1	
S_PICKUP_40.756,-73.989;2	
S_PICKUP_40.756,-73.99;8	
S_PICKUP_40.756,-73.991;16	
S_PICKUP_40.756,-73.993;3	
S_PICKUP_40.756,-73.994;5	
S_PICKUP_40.756,-73.995;3	
S_PICKUP_40.756,-73.998;6	
S_PICKUP_40.756,-74.002;1	
S_PICKUP_40.757,-73.929;1	
S_PICKUP_40.757,-73.963;1	
S_PICKUP_40.757,-73.964;2	
S_PICKUP_40.757,-73.967;5	
S_PICKUP_40.757,-73.969;4	
S_PICKUP_40.757,-73.97;3	
S_PICKUP_40.757,-73.971;1	
S_PICKUP_40.757,-73.972;6	
S_PICKUP_40.757,-73.973;2	
S_PICKUP_40.757,-73.974;3	
S_PICKUP_40.757,-73.975;6	
S_PICKUP_40.757,-73.976;7	
S_PICKUP_40.757,-73.977;3	
S_PICKUP_40.757,-73.978;3	
S_PICKUP_40.757,-73.982;4	
S_PICKUP_40.757,-73.983;6	
S_PICKUP_40.757,-73.984;3	
S_PICKUP_40.757,-73.985;4	
S_PICKUP_40.757,-73.986;4	
S_PICKUP_40.757,-73.989;2	
S_PICKUP_40.757,-73.99;15	
S_PICKUP_40.757,-73.993;4	
S_PICKUP_40.757,-73.994;5	
S_PICKUP_40.757,-73.997;1	
S_PICKUP_40.757,-73.998;2	
S_PICKUP_40.757,-74.001;1	
S_PICKUP_40.758,-73.92;1	
S_PICKUP_40.758,-73.96;1	
S_PICKUP_40.758,-73.962;1	
S_PICKUP_40.758,-73.963;3	
S_PICKUP_40.758,-73.965;1	
S_PICKUP_40.758,-73.966;7	
S_PICKUP_40.758,-73.968;1	
S_PICKUP_40.758,-73.969;4	
S_PICKUP_40.758,-73.97;2	
S_PICKUP_40.758,-73.971;3	
S_PICKUP_40.758,-73.972;2	
S_PICKUP_40.758,-73.973;2	
S_PICKUP_40.758,-73.974;1	
S_PICKUP_40.758,-73.975;3	
S_PICKUP_40.758,-73.976;2	
S_PICKUP_40.758,-73.977;2	
S_PICKUP_40.758,-73.978;5	
S_PICKUP_40.758,-73.979;1	
S_PICKUP_40.758,-73.981;3	
S_PICKUP_40.758,-73.982;6	
S_PICKUP_40.758,-73.983;1	
S_PICKUP_40.758,-73.984;1	
S_PICKUP_40.758,-73.985;5	
S_PICKUP_40.758,-73.986;5	
S_PICKUP_40.758,-73.987;2	
S_PICKUP_40.758,-73.989;3	
S_PICKUP_40.758,-73.99;1	
S_PICKUP_40.758,-73.991;1	
S_PICKUP_40.758,-73.992;2	
S_PICKUP_40.758,-73.993;4	
S_PICKUP_40.758,-73.998;1	
S_PICKUP_40.758,-74.001;2	
S_PICKUP_40.759,-73.96;1	
S_PICKUP_40.759,-73.962;6	
S_PICKUP_40.759,-73.965;2	
S_PICKUP_40.759,-73.966;4	
S_PICKUP_40.759,-73.967;2	
S_PICKUP_40.759,-73.968;1	
S_PICKUP_40.759,-73.969;4	
S_PICKUP_40.759,-73.97;4	
S_PICKUP_40.759,-73.971;4	
S_PICKUP_40.759,-73.972;3	
S_PICKUP_40.759,-73.973;3	
S_PICKUP_40.759,-73.974;1	
S_PICKUP_40.759,-73.975;2	
S_PICKUP_40.759,-73.976;4	
S_PICKUP_40.759,-73.977;5	
S_PICKUP_40.759,-73.978;3	
S_PICKUP_40.759,-73.979;3	
S_PICKUP_40.759,-73.98;2	
S_PICKUP_40.759,-73.981;8	
S_PICKUP_40.759,-73.984;2	
S_PICKUP_40.759,-73.985;6	
S_PICKUP_40.759,-73.986;3	
S_PICKUP_40.759,-73.987;4	
S_PICKUP_40.759,-73.988;2	
S_PICKUP_40.759,-73.989;4	
S_PICKUP_40.759,-73.99;2	
S_PICKUP_40.759,-73.992;1	
S_PICKUP_40.759,-73.993;1	
S_PICKUP_40.759,-73.994;1	
S_PICKUP_40.759,-73.995;1	
S_PICKUP_40.759,-73.996;3	
S_PICKUP_40.76,-73.92;1	
S_PICKUP_40.76,-73.959;2	
S_PICKUP_40.76,-73.96;1	
S_PICKUP_40.76,-73.961;2	
S_PICKUP_40.76,-73.962;3	
S_PICKUP_40.76,-73.965;3	
S_PICKUP_40.76,-73.966;2	
S_PICKUP_40.76,-73.967;2	
S_PICKUP_40.76,-73.968;2	
S_PICKUP_40.76,-73.969;2	
S_PICKUP_40.76,-73.97;1	
S_PICKUP_40.76,-73.971;2	
S_PICKUP_40.76,-73.972;7	
S_PICKUP_40.76,-73.974;5	
S_PICKUP_40.76,-73.975;5	
S_PICKUP_40.76,-73.976;7	
S_PICKUP_40.76,-73.977;1	
S_PICKUP_40.76,-73.978;1	
S_PICKUP_40.76,-73.979;1	
S_PICKUP_40.76,-73.98;5	
S_PICKUP_40.76,-73.981;6	
S_PICKUP_40.76,-73.982;1	
S_PICKUP_40.76,-73.983;2	
S_PICKUP_40.76,-73.984;6	
S_PICKUP_40.76,-73.985;8	
S_PICKUP_40.76,-73.986;2	
S_PICKUP_40.76,-73.987;2	
S_PICKUP_40.76,-73.988;3	
S_PICKUP_40.76,-73.989;5	
S_PICKUP_40.76,-73.991;2	
S_PICKUP_40.76,-73.992;2	
S_PICKUP_40.76,-73.993;1	
S_PICKUP_40.76,-73.995;4	
S_PICKUP_40.76,-73.996;1	
S_PICKUP_40.76,-73.999;1	
S_PICKUP_40.76,-74.003;4	
S_PICKUP_40.76,-74.004;1	
S_PICKUP_40.761,-73.915;1	
S_PICKUP_40.761,-73.924;1	
S_PICKUP_40.761,-73.957;1	
S_PICKUP_40.761,-73.958;1	
S_PICKUP_40.761,-73.96;2	
S_PICKUP_40.761,-73.961;6	
S_PICKUP_40.761,-73.962;2	
S_PICKUP_40.761,-73.965;1	
S_PICKUP_40.761,-73.967;3	
S_PICKUP_40.761,-73.969;11	
S_PICKUP_40.761,-73.97;1	
S_PICKUP_40.761,-73.971;1	
S_PICKUP_40.761,-73.972;2	
S_PICKUP_40.761,-73.973;2	
S_PICKUP_40.761,-73.974;1	
S_PICKUP_40.761,-73.975;6	
S_PICKUP_40.761,-73.976;3	
S_PICKUP_40.761,-73.977;1	
S_PICKUP_40.761,-73.978;4	
S_PICKUP_40.761,-73.979;3	
S_PICKUP_40.761,-73.98;7	
S_PICKUP_40.761,-73.981;3	
S_PICKUP_40.761,-73.982;1	
S_PICKUP_40.761,-73.983;3	
S_PICKUP_40.761,-73.984;3	
S_PICKUP_40.761,-73.985;2	
S_PICKUP_40.761,-73.986;1	
S_PICKUP_40.761,-73.987;8	
S_PICKUP_40.761,-73.988;3	
S_PICKUP_40.761,-73.991;5	
S_PICKUP_40.761,-73.994;2	
S_PICKUP_40.761,-73.995;3	
S_PICKUP_40.761,-73.996;1	
S_PICKUP_40.761,-73.998;1	
S_PICKUP_40.761,-73.999;1	
S_PICKUP_40.761,-74.0;1	
S_PICKUP_40.762,-73.925;1	
S_PICKUP_40.762,-73.93;1	
S_PICKUP_40.762,-73.96;6	
S_PICKUP_40.762,-73.961;1	
S_PICKUP_40.762,-73.962;1	
S_PICKUP_40.762,-73.963;2	
S_PICKUP_40.762,-73.964;1	
S_PICKUP_40.762,-73.966;15	
S_PICKUP_40.762,-73.968;9	
S_PICKUP_40.762,-73.969;3	
S_PICKUP_40.762,-73.97;5	
S_PICKUP_40.762,-73.971;6	
S_PICKUP_40.762,-73.972;1	
S_PICKUP_40.762,-73.973;2	
S_PICKUP_40.762,-73.974;4	
S_PICKUP_40.762,-73.975;4	
S_PICKUP_40.762,-73.976;1	
S_PICKUP_40.762,-73.978;6	
S_PICKUP_40.762,-73.979;8	
S_PICKUP_40.762,-73.98;4	
S_PICKUP_40.762,-73.981;1	
S_PICKUP_40.762,-73.982;5	
S_PICKUP_40.762,-73.983;5	
S_PICKUP_40.762,-73.984;3	
S_PICKUP_40.762,-73.985;2	
S_PICKUP_40.762,-73.986;6	
S_PICKUP_40.762,-73.987;1	
S_PICKUP_40.762,-73.988;1	
S_PICKUP_40.762,-73.989;1	
S_PICKUP_40.762,-73.99;4	
S_PICKUP_40.762,-73.993;1	
S_PICKUP_40.762,-73.994;3	
S_PICKUP_40.762,-73.998;3	
S_PICKUP_40.762,-74.0;3	
S_PICKUP_40.762,-74.001;2	
S_PICKUP_40.763,-73.934;1	
S_PICKUP_40.763,-73.956;1	
S_PICKUP_40.763,-73.959;1	
S_PICKUP_40.763,-73.96;2	
S_PICKUP_40.763,-73.962;2	
S_PICKUP_40.763,-73.963;2	
S_PICKUP_40.763,-73.965;2	
S_PICKUP_40.763,-73.967;2	
S_PICKUP_40.763,-73.968;7	
S_PICKUP_40.763,-73.969;2	
S_PICKUP_40.763,-73.97;4	
S_PICKUP_40.763,-73.971;1	
S_PICKUP_40.763,-73.972;7	
S_PICKUP_40.763,-73.973;2	
S_PICKUP_40.763,-73.974;9	
S_PICKUP_40.763,-73.975;2	
S_PICKUP_40.763,-73.976;1	
S_PICKUP_40.763,-73.977;2	
S_PICKUP_40.763,-73.978;6	
S_PICKUP_40.763,-73.979;4	
S_PICKUP_40.763,-73.981;2	
S_PICKUP_40.763,-73.982;6	
S_PICKUP_40.763,-73.983;4	
S_PICKUP_40.763,-73.984;2	
S_PICKUP_40.763,-73.985;2	
S_PICKUP_40.763,-73.986;4	
S_PICKUP_40.763,-73.987;3	
S_PICKUP_40.763,-73.988;1	
S_PICKUP_40.763,-73.989;7	
S_PICKUP_40.763,-73.99;2	
S_PICKUP_40.763,-73.993;4	
S_PICKUP_40.763,-73.995;1	
S_PICKUP_40.763,-73.996;1	
S_PICKUP_40.763,-73.997;3	
S_PICKUP_40.764,-73.915;1	
S_PICKUP_40.764,-73.954;4	
S_PICKUP_40.764,-73.955;1	
S_PICKUP_40.764,-73.956;5	
S_PICKUP_40.764,-73.957;1	
S_PICKUP_40.764,-73.959;3	
S_PICKUP_40.764,-73.962;4	
S_PICKUP_40.764,-73.964;2	
S_PICKUP_40.764,-73.965;4	
S_PICKUP_40.764,-73.966;1	
S_PICKUP_40.764,-73.967;5	
S_PICKUP_40.764,-73.968;1	
S_PICKUP_40.764,-73.969;5	
S_PICKUP_40.764,-73.97;3	
S_PICKUP_40.764,-73.971;2	
S_PICKUP_40.764,-73.972;1	
S_PICKUP_40.764,-73.973;5	
S_PICKUP_40.764,-73.974;4	
S_PICKUP_40.764,-73.976;4	
S_PICKUP_40.764,-73.977;6	
S_PICKUP_40.764,-73.978;3	
S_PICKUP_40.764,-73.979;6	
S_PICKUP_40.764,-73.981;4	
S_PICKUP_40.764,-73.982;3	
S_PICKUP_40.764,-73.983;2	
S_PICKUP_40.764,-73.985;2	
S_PICKUP_40.764,-73.986;2	
S_PICKUP_40.764,-73.987;3	
S_PICKUP_40.764,-73.988;6	
S_PICKUP_40.764,-73.989;4	
S_PICKUP_40.764,-73.993;2	
S_PICKUP_40.764,-73.996;1	
S_PICKUP_40.764,-73.998;1	
S_PICKUP_40.765,-73.823;1	
S_PICKUP_40.765,-73.955;3	
S_PICKUP_40.765,-73.958;2	
S_PICKUP_40.765,-73.959;1	
S_PICKUP_40.765,-73.961;5	
S_PICKUP_40.765,-73.962;1	
S_PICKUP_40.765,-73.963;1	
S_PICKUP_40.765,-73.964;1	
S_PICKUP_40.765,-73.966;5	
S_PICKUP_40.765,-73.968;2	
S_PICKUP_40.765,-73.969;2	
S_PICKUP_40.765,-73.97;2	
S_PICKUP_40.765,-73.971;3	
S_PICKUP_40.765,-73.972;1	
S_PICKUP_40.765,-73.973;3	
S_PICKUP_40.765,-73.974;6	
S_PICKUP_40.765,-73.976;3	
S_PICKUP_40.765,-73.977;3	
S_PICKUP_40.765,-73.978;2	
S_PICKUP_40.765,-73.979;5	
S_PICKUP_40.765,-73.98;1	
S_PICKUP_40.765,-73.981;3	
S_PICKUP_40.765,-73.982;3	
S_PICKUP_40.765,-73.983;2	
S_PICKUP_40.765,-73.984;5	
S_PICKUP_40.765,-73.985;1	
S_PICKUP_40.765,-73.987;1	
S_PICKUP_40.765,-73.988;5	
S_PICKUP_40.765,-73.991;2	
S_PICKUP_40.765,-73.992;3	
S_PICKUP_40.765,-73.998;1	
S_PICKUP_40.766,-73.913;1	
S_PICKUP_40.766,-73.926;1	
S_PICKUP_40.766,-73.927;1	
S_PICKUP_40.766,-73.952;3	
S_PICKUP_40.766,-73.953;2	
S_PICKUP_40.766,-73.954;6	
S_PICKUP_40.766,-73.955;3	
S_PICKUP_40.766,-73.957;3	
S_PICKUP_40.766,-73.958;1	
S_PICKUP_40.766,-73.96;3	
S_PICKUP_40.766,-73.963;2	
S_PICKUP_40.766,-73.964;1	
S_PICKUP_40.766,-73.965;2	
S_PICKUP_40.766,-73.966;2	
S_PICKUP_40.766,-73.967;2	
S_PICKUP_40.766,-73.968;1	
S_PICKUP_40.766,-73.969;2	
S_PICKUP_40.766,-73.97;2	
S_PICKUP_40.766,-73.972;1	
S_PICKUP_40.766,-73.975;1	
S_PICKUP_40.766,-73.976;2	
S_PICKUP_40.766,-73.978;2	
S_PICKUP_40.766,-73.98;3	
S_PICKUP_40.766,-73.981;2	
S_PICKUP_40.766,-73.982;3	
S_PICKUP_40.766,-73.983;7	
S_PICKUP_40.766,-73.984;1	
S_PICKUP_40.766,-73.985;1	
S_PICKUP_40.766,-73.987;3	
S_PICKUP_40.766,-73.991;1	
S_PICKUP_40.766,-73.992;1	
S_PICKUP_40.766,-73.994;1	
S_PICKUP_40.766,-73.995;1	
S_PICKUP_40.767,-73.952;1	
S_PICKUP_40.767,-73.953;1	
S_PICKUP_40.767,-73.954;6	
S_PICKUP_40.767,-73.955;1	
S_PICKUP_40.767,-73.956;2	
S_PICKUP_40.767,-73.957;1	
S_PICKUP_40.767,-73.958;1	
S_PICKUP_40.767,-73.96;1	
S_PICKUP_40.767,-73.962;3	
S_PICKUP_40.767,-73.963;3	
S_PICKUP_40.767,-73.964;2	
S_PICKUP_40.767,-73.965;2	
S_PICKUP_40.767,-73.967;2	
S_PICKUP_40.767,-73.968;2	
S_PICKUP_40.767,-73.971;1	
S_PICKUP_40.767,-73.978;1	
S_PICKUP_40.767,-73.979;4	
S_PICKUP_40.767,-73.981;1	
S_PICKUP_40.767,-73.982;2	
S_PICKUP_40.767,-73.983;2	
S_PICKUP_40.767,-73.986;1	
S_PICKUP_40.767,-73.987;4	
S_PICKUP_40.767,-73.99;3	
S_PICKUP_40.767,-73.993;1	
S_PICKUP_40.768,-73.9;1	
S_PICKUP_40.768,-73.953;1	
S_PICKUP_40.768,-73.956;7	
S_PICKUP_40.768,-73.957;3	
S_PICKUP_40.768,-73.958;1	
S_PICKUP_40.768,-73.959;2	
S_PICKUP_40.768,-73.96;1	
S_PICKUP_40.768,-73.962;2	
S_PICKUP_40.768,-73.964;7	
S_PICKUP_40.768,-73.966;2	
S_PICKUP_40.768,-73.968;3	
S_PICKUP_40.768,-73.971;2	
S_PICKUP_40.768,-73.981;1	
S_PICKUP_40.768,-73.982;12	
S_PICKUP_40.768,-73.983;2	
S_PICKUP_40.768,-73.984;1	
S_PICKUP_40.768,-73.985;3	
S_PICKUP_40.768,-73.986;5	
S_PICKUP_40.768,-73.989;2	
S_PICKUP_40.768,-73.996;1	
S_PICKUP_40.769,-73.862;1	
S_PICKUP_40.769,-73.863;11	
S_PICKUP_40.769,-73.864;2	
S_PICKUP_40.769,-73.866;1	
S_PICKUP_40.769,-73.891;1	
S_PICKUP_40.769,-73.911;1	
S_PICKUP_40.769,-73.925;1	
S_PICKUP_40.769,-73.953;1	
S_PICKUP_40.769,-73.955;5	
S_PICKUP_40.769,-73.956;2	
S_PICKUP_40.769,-73.958;3	
S_PICKUP_40.769,-73.959;2	
S_PICKUP_40.769,-73.961;3	
S_PICKUP_40.769,-73.963;4	
S_PICKUP_40.769,-73.965;3	
S_PICKUP_40.769,-73.966;2	
S_PICKUP_40.769,-73.967;2	
S_PICKUP_40.769,-73.968;1	
S_PICKUP_40.769,-73.97;2	
S_PICKUP_40.769,-73.981;3	
S_PICKUP_40.769,-73.982;5	
S_PICKUP_40.769,-73.984;2	
S_PICKUP_40.769,-73.985;5	
S_PICKUP_40.769,-73.987;2	
S_PICKUP_40.769,-73.988;2	
S_PICKUP_40.769,-73.989;3	
S_PICKUP_40.769,-73.992;3	
S_PICKUP_40.769,-73.994;1	
S_PICKUP_40.769,-73.995;1	
S_PICKUP_40.77,-73.863;1	
S_PICKUP_40.77,-73.864;5	
S_PICKUP_40.77,-73.865;1	
S_PICKUP_40.77,-73.866;1	
S_PICKUP_40.77,-73.87;1	
S_PICKUP_40.77,-73.952;2	
S_PICKUP_40.77,-73.954;3	
S_PICKUP_40.77,-73.955;4	
S_PICKUP_40.77,-73.956;1	
S_PICKUP_40.77,-73.957;1	
S_PICKUP_40.77,-73.958;2	
S_PICKUP_40.77,-73.96;3	
S_PICKUP_40.77,-73.961;2	
S_PICKUP_40.77,-73.962;5	
S_PICKUP_40.77,-73.963;2	
S_PICKUP_40.77,-73.964;1	
S_PICKUP_40.77,-73.965;2	
S_PICKUP_40.77,-73.967;2	
S_PICKUP_40.77,-73.968;1	
S_PICKUP_40.77,-73.969;1	
S_PICKUP_40.77,-73.982;2	
S_PICKUP_40.77,-73.984;2	
S_PICKUP_40.77,-73.985;1	
S_PICKUP_40.77,-73.988;3	
S_PICKUP_40.77,-73.991;3	
S_PICKUP_40.77,-73.992;2	
S_PICKUP_40.771,-73.865;2	
S_PICKUP_40.771,-73.866;11	
S_PICKUP_40.771,-73.918;1	
S_PICKUP_40.771,-73.95;3	
S_PICKUP_40.771,-73.951;5	
S_PICKUP_40.771,-73.954;1	
S_PICKUP_40.771,-73.957;5	
S_PICKUP_40.771,-73.96;2	
S_PICKUP_40.771,-73.961;1	
S_PICKUP_40.771,-73.962;3	
S_PICKUP_40.771,-73.965;1	
S_PICKUP_40.771,-73.966;1	
S_PICKUP_40.771,-73.968;1	
S_PICKUP_40.771,-73.979;1	
S_PICKUP_40.771,-73.98;1	
S_PICKUP_40.771,-73.982;5	
S_PICKUP_40.771,-73.983;2	
S_PICKUP_40.771,-73.984;1	
S_PICKUP_40.771,-73.987;1	
S_PICKUP_40.772,-73.867;1	
S_PICKUP_40.772,-73.873;1	
S_PICKUP_40.772,-73.947;3	
S_PICKUP_40.772,-73.949;1	
S_PICKUP_40.772,-73.95;1	
S_PICKUP_40.772,-73.951;1	
S_PICKUP_40.772,-73.952;2	
S_PICKUP_40.772,-73.953;6	
S_PICKUP_40.772,-73.956;5	
S_PICKUP_40.772,-73.957;1	
S_PICKUP_40.772,-73.959;7	
S_PICKUP_40.772,-73.961;4	
S_PICKUP_40.772,-73.963;4	
S_PICKUP_40.772,-73.964;1	
S_PICKUP_40.772,-73.965;2	
S_PICKUP_40.772,-73.967;3	
S_PICKUP_40.772,-73.979;3	
S_PICKUP_40.772,-73.982;5	
S_PICKUP_40.772,-73.983;3	
S_PICKUP_40.772,-73.987;1	
S_PICKUP_40.772,-73.99;1	
S_PICKUP_40.772,-73.991;1	
S_PICKUP_40.773,-73.877;2	
S_PICKUP_40.773,-73.885;2	
S_PICKUP_40.773,-73.886;1	
S_PICKUP_40.773,-73.947;1	
S_PICKUP_40.773,-73.95;1	
S_PICKUP_40.773,-73.952;2	
S_PICKUP_40.773,-73.953;1	
S_PICKUP_40.773,-73.955;3	
S_PICKUP_40.773,-73.956;2	
S_PICKUP_40.773,-73.958;3	
S_PICKUP_40.773,-73.96;2	
S_PICKUP_40.773,-73.961;3	
S_PICKUP_40.773,-73.962;1	
S_PICKUP_40.773,-73.963;1	
S_PICKUP_40.773,-73.964;2	
S_PICKUP_40.773,-73.965;2	
S_PICKUP_40.773,-73.967;2	
S_PICKUP_40.773,-73.979;1	
S_PICKUP_40.773,-73.982;6	
S_PICKUP_40.773,-73.983;2	
S_PICKUP_40.773,-73.986;1	
S_PICKUP_40.773,-73.989;1	
S_PICKUP_40.774,-73.871;19	
S_PICKUP_40.774,-73.872;1	
S_PICKUP_40.774,-73.873;12	
S_PICKUP_40.774,-73.874;6	
S_PICKUP_40.774,-73.875;4	
S_PICKUP_40.774,-73.945;1	
S_PICKUP_40.774,-73.946;3	
S_PICKUP_40.774,-73.948;1	
S_PICKUP_40.774,-73.949;2	
S_PICKUP_40.774,-73.951;2	
S_PICKUP_40.774,-73.952;3	
S_PICKUP_40.774,-73.954;1	
S_PICKUP_40.774,-73.955;4	
S_PICKUP_40.774,-73.956;2	
S_PICKUP_40.774,-73.957;1	
S_PICKUP_40.774,-73.959;2	
S_PICKUP_40.774,-73.96;2	
S_PICKUP_40.774,-73.962;1	
S_PICKUP_40.774,-73.963;2	
S_PICKUP_40.774,-73.964;3	
S_PICKUP_40.774,-73.966;2	
S_PICKUP_40.774,-73.977;1	
S_PICKUP_40.774,-73.981;2	
S_PICKUP_40.774,-73.982;7	
S_PICKUP_40.774,-73.983;1	
S_PICKUP_40.774,-73.985;1	
S_PICKUP_40.774,-73.989;4	
S_PICKUP_40.775,-73.945;1	
S_PICKUP_40.775,-73.946;1	
S_PICKUP_40.775,-73.947;1	
S_PICKUP_40.775,-73.948;3	
S_PICKUP_40.775,-73.951;2	
S_PICKUP_40.775,-73.954;2	
S_PICKUP_40.775,-73.956;1	
S_PICKUP_40.775,-73.957;2	
S_PICKUP_40.775,-73.958;3	
S_PICKUP_40.775,-73.959;6	
S_PICKUP_40.775,-73.961;3	
S_PICKUP_40.775,-73.962;1	
S_PICKUP_40.775,-73.963;5	
S_PICKUP_40.775,-73.977;3	
S_PICKUP_40.775,-73.981;2	
S_PICKUP_40.775,-73.982;8	
S_PICKUP_40.775,-73.983;2	
S_PICKUP_40.775,-73.984;1	
S_PICKUP_40.775,-73.986;1	
S_PICKUP_40.775,-73.987;1	
S_PICKUP_40.775,-73.988;2	
S_PICKUP_40.776,-73.944;1	
S_PICKUP_40.776,-73.947;6	
S_PICKUP_40.776,-73.95;1	
S_PICKUP_40.776,-73.953;8	
S_PICKUP_40.776,-73.954;1	
S_PICKUP_40.776,-73.956;6	
S_PICKUP_40.776,-73.958;5	
S_PICKUP_40.776,-73.96;3	
S_PICKUP_40.776,-73.962;5	
S_PICKUP_40.776,-73.976;2	
S_PICKUP_40.776,-73.979;2	
S_PICKUP_40.776,-73.98;2	
S_PICKUP_40.776,-73.982;5	
S_PICKUP_40.776,-73.983;1	
S_PICKUP_40.776,-73.987;2	
S_PICKUP_40.776,-73.99;2	
S_PICKUP_40.777,-73.912;1	
S_PICKUP_40.777,-73.943;2	
S_PICKUP_40.777,-73.946;2	
S_PICKUP_40.777,-73.947;1	
S_PICKUP_40.777,-73.948;1	
S_PICKUP_40.777,-73.949;3	
S_PICKUP_40.777,-73.95;2	
S_PICKUP_40.777,-73.952;8	
S_PICKUP_40.777,-73.953;1	
S_PICKUP_40.777,-73.954;1	
S_PICKUP_40.777,-73.955;3	
S_PICKUP_40.777,-73.956;2	
S_PICKUP_40.777,-73.957;2	
S_PICKUP_40.777,-73.96;1	
S_PICKUP_40.777,-73.961;1	
S_PICKUP_40.777,-73.962;2	
S_PICKUP_40.777,-73.963;2	
S_PICKUP_40.777,-73.964;3	
S_PICKUP_40.777,-73.977;1	
S_PICKUP_40.777,-73.978;1	
S_PICKUP_40.777,-73.979;5	
S_PICKUP_40.777,-73.982;6	
S_PICKUP_40.777,-73.983;4	
S_PICKUP_40.777,-73.986;1	
S_PICKUP_40.777,-73.987;1	
S_PICKUP_40.778,-73.949;1	
S_PICKUP_40.778,-73.951;1	
S_PICKUP_40.778,-73.952;1	
S_PICKUP_40.778,-73.953;2	
S_PICKUP_40.778,-73.954;2	
S_PICKUP_40.778,-73.955;3	
S_PICKUP_40.778,-73.956;2	
S_PICKUP_40.778,-73.957;2	
S_PICKUP_40.778,-73.958;1	
S_PICKUP_40.778,-73.959;3	
S_PICKUP_40.778,-73.96;1	
S_PICKUP_40.778,-73.961;1	
S_PICKUP_40.778,-73.963;1	
S_PICKUP_40.778,-73.975;5	
S_PICKUP_40.778,-73.978;2	
S_PICKUP_40.778,-73.979;2	
S_PICKUP_40.778,-73.981;1	
S_PICKUP_40.778,-73.982;8	
S_PICKUP_40.778,-73.989;1	
S_PICKUP_40.779,-73.945;7	
S_PICKUP_40.779,-73.946;1	
S_PICKUP_40.779,-73.948;1	
S_PICKUP_40.779,-73.949;1	
S_PICKUP_40.779,-73.951;5	
S_PICKUP_40.779,-73.952;1	
S_PICKUP_40.779,-73.953;4	
S_PICKUP_40.779,-73.954;1	
S_PICKUP_40.779,-73.955;4	
S_PICKUP_40.779,-73.956;7	
S_PICKUP_40.779,-73.958;1	
S_PICKUP_40.779,-73.959;1	
S_PICKUP_40.779,-73.96;1	
S_PICKUP_40.779,-73.961;1	
S_PICKUP_40.779,-73.962;8	
S_PICKUP_40.779,-73.963;1	
S_PICKUP_40.779,-73.974;3	
S_PICKUP_40.779,-73.977;1	
S_PICKUP_40.779,-73.978;3	
S_PICKUP_40.779,-73.982;3	
S_PICKUP_40.779,-73.983;1	
S_PICKUP_40.779,-73.988;2	
S_PICKUP_40.78,-73.917;1	
S_PICKUP_40.78,-73.945;3	
S_PICKUP_40.78,-73.947;1	
S_PICKUP_40.78,-73.948;1	
S_PICKUP_40.78,-73.95;5	
S_PICKUP_40.78,-73.951;2	
S_PICKUP_40.78,-73.953;4	
S_PICKUP_40.78,-73.956;4	
S_PICKUP_40.78,-73.958;3	
S_PICKUP_40.78,-73.96;4	
S_PICKUP_40.78,-73.961;2	
S_PICKUP_40.78,-73.962;4	
S_PICKUP_40.78,-73.973;1	
S_PICKUP_40.78,-73.977;3	
S_PICKUP_40.78,-73.981;2	
S_PICKUP_40.78,-73.982;3	
S_PICKUP_40.78,-73.984;2	
S_PICKUP_40.781,-73.945;1	
S_PICKUP_40.781,-73.946;3	
S_PICKUP_40.781,-73.949;3	
S_PICKUP_40.781,-73.95;5	
S_PICKUP_40.781,-73.954;2	
S_PICKUP_40.781,-73.955;1	
S_PICKUP_40.781,-73.956;3	
S_PICKUP_40.781,-73.957;1	
S_PICKUP_40.781,-73.958;2	
S_PICKUP_40.781,-73.959;1	
S_PICKUP_40.781,-73.961;1	
S_PICKUP_40.781,-73.972;2	
S_PICKUP_40.781,-73.973;3	
S_PICKUP_40.781,-73.976;1	
S_PICKUP_40.781,-73.977;1	
S_PICKUP_40.781,-73.98;3	
S_PICKUP_40.781,-73.981;3	
S_PICKUP_40.781,-73.982;3	
S_PICKUP_40.782,-73.946;1	
S_PICKUP_40.782,-73.948;2	
S_PICKUP_40.782,-73.949;3	
S_PICKUP_40.782,-73.952;3	
S_PICKUP_40.782,-73.954;4	
S_PICKUP_40.782,-73.956;1	
S_PICKUP_40.782,-73.957;2	
S_PICKUP_40.782,-73.958;1	
S_PICKUP_40.782,-73.96;2	
S_PICKUP_40.782,-73.971;1	
S_PICKUP_40.782,-73.972;2	
S_PICKUP_40.782,-73.975;3	
S_PICKUP_40.782,-73.979;5	
S_PICKUP_40.782,-73.98;1	
S_PICKUP_40.782,-73.981;5	
S_PICKUP_40.782,-73.982;1	
S_PICKUP_40.782,-73.983;4	
S_PICKUP_40.782,-73.985;1	
S_PICKUP_40.783,-73.946;1	
S_PICKUP_40.783,-73.948;4	
S_PICKUP_40.783,-73.951;2	
S_PICKUP_40.783,-73.953;4	
S_PICKUP_40.783,-73.955;2	
S_PICKUP_40.783,-73.956;1	
S_PICKUP_40.783,-73.957;5	
S_PICKUP_40.783,-73.959;2	
S_PICKUP_40.783,-73.971;3	
S_PICKUP_40.783,-73.973;2	
S_PICKUP_40.783,-73.974;3	
S_PICKUP_40.783,-73.975;3	
S_PICKUP_40.783,-73.978;3	
S_PICKUP_40.783,-73.979;2	
S_PICKUP_40.783,-73.981;3	
S_PICKUP_40.784,-73.948;1	
S_PICKUP_40.784,-73.95;3	
S_PICKUP_40.784,-73.952;1	
S_PICKUP_40.784,-73.953;1	
S_PICKUP_40.784,-73.954;2	
S_PICKUP_40.784,-73.955;2	
S_PICKUP_40.784,-73.97;2	
S_PICKUP_40.784,-73.974;2	
S_PICKUP_40.784,-73.977;3	
S_PICKUP_40.784,-73.978;1	
S_PICKUP_40.784,-73.98;3	
S_PICKUP_40.785,-73.947;1	
S_PICKUP_40.785,-73.948;1	
S_PICKUP_40.785,-73.949;1	
S_PICKUP_40.785,-73.95;2	
S_PICKUP_40.785,-73.953;1	
S_PICKUP_40.785,-73.954;1	
S_PICKUP_40.785,-73.956;4	
S_PICKUP_40.785,-73.958;4	
S_PICKUP_40.785,-73.969;1	
S_PICKUP_40.785,-73.97;2	
S_PICKUP_40.785,-73.973;3	
S_PICKUP_40.785,-73.974;1	
S_PICKUP_40.785,-73.979;3	
S_PICKUP_40.785,-73.98;1	
S_PICKUP_40.786,-73.942;1	
S_PICKUP_40.786,-73.943;1	
S_PICKUP_40.786,-73.946;1	
S_PICKUP_40.786,-73.951;2	
S_PICKUP_40.786,-73.952;1	
S_PICKUP_40.786,-73.953;3	
S_PICKUP_40.786,-73.955;1	
S_PICKUP_40.786,-73.957;3	
S_PICKUP_40.786,-73.97;2	
S_PICKUP_40.786,-73.972;1	
S_PICKUP_40.786,-73.973;2	
S_PICKUP_40.786,-73.976;2	
S_PICKUP_40.786,-73.978;2	
S_PICKUP_40.786,-73.98;3	
S_PICKUP_40.786,-73.984;1	
S_PICKUP_40.787,-73.945;1	
S_PICKUP_40.787,-73.948;1	
S_PICKUP_40.787,-73.95;1	
S_PICKUP_40.787,-73.952;1	
S_PICKUP_40.787,-73.954;3	
S_PICKUP_40.787,-73.957;2	
S_PICKUP_40.787,-73.968;3	
S_PICKUP_40.787,-73.972;2	
S_PICKUP_40.787,-73.973;2	
S_PICKUP_40.787,-73.975;2	
S_PICKUP_40.787,-73.978;2	
S_PICKUP_40.787,-73.979;2	
S_PICKUP_40.788,-73.944;3	
S_PICKUP_40.788,-73.953;1	
S_PICKUP_40.788,-73.955;1	
S_PICKUP_40.788,-73.971;1	
S_PICKUP_40.788,-73.975;1	
S_PICKUP_40.788,-73.976;2	
S_PICKUP_40.788,-73.977;3	
S_PICKUP_40.789,-73.944;1	
S_PICKUP_40.789,-73.953;1	
S_PICKUP_40.789,-73.955;2	
S_PICKUP_40.789,-73.966;1	
S_PICKUP_40.789,-73.967;1	
S_PICKUP_40.789,-73.97;2	
S_PICKUP_40.789,-73.976;2	
S_PICKUP_40.789,-73.977;1	
S_PICKUP_40.789,-73.978;1	
S_PICKUP_40.789,-73.979;1	
S_PICKUP_40.79,-73.955;1	
S_PICKUP_40.79,-73.966;5	
S_PICKUP_40.79,-73.969;1	
S_PICKUP_40.79,-73.97;1	
S_PICKUP_40.79,-73.973;2	
S_PICKUP_40.79,-73.975;10	
S_PICKUP_40.79,-73.976;2	
S_PICKUP_40.79,-73.977;4	
S_PICKUP_40.79,-73.979;1	
S_PICKUP_40.791,-73.952;1	
S_PICKUP_40.791,-73.965;1	
S_PICKUP_40.791,-73.966;2	
S_PICKUP_40.791,-73.969;3	
S_PICKUP_40.791,-73.973;1	
S_PICKUP_40.791,-73.974;1	
S_PICKUP_40.791,-73.975;2	
S_PICKUP_40.791,-73.977;1	
S_PICKUP_40.792,-73.946;1	
S_PICKUP_40.792,-73.952;1	
S_PICKUP_40.792,-73.964;2	
S_PICKUP_40.792,-73.965;1	
S_PICKUP_40.792,-73.966;1	
S_PICKUP_40.792,-73.968;1	
S_PICKUP_40.792,-73.972;2	
S_PICKUP_40.792,-73.973;2	
S_PICKUP_40.792,-73.974;5	
S_PICKUP_40.792,-73.975;1	
S_PICKUP_40.793,-73.964;1	
S_PICKUP_40.793,-73.965;1	
S_PICKUP_40.793,-73.966;1	
S_PICKUP_40.793,-73.967;5	
S_PICKUP_40.793,-73.968;1	
S_PICKUP_40.793,-73.973;2	
S_PICKUP_40.794,-73.963;1	
S_PICKUP_40.794,-73.966;2	
S_PICKUP_40.794,-73.967;4	
S_PICKUP_40.794,-73.969;1	
S_PICKUP_40.794,-73.972;3	
S_PICKUP_40.795,-73.945;1	
S_PICKUP_40.795,-73.962;1	
S_PICKUP_40.795,-73.966;3	
S_PICKUP_40.795,-73.972;2	
S_PICKUP_40.795,-73.973;1	
S_PICKUP_40.795,-73.974;1	
S_PICKUP_40.796,-73.933;1	
S_PICKUP_40.796,-73.938;1	
S_PICKUP_40.796,-73.95;1	
S_PICKUP_40.796,-73.961;2	
S_PICKUP_40.796,-73.965;1	
S_PICKUP_40.796,-73.971;3	
S_PICKUP_40.796,-73.973;2	
S_PICKUP_40.797,-73.937;1	
S_PICKUP_40.797,-73.961;1	
S_PICKUP_40.797,-73.97;3	
S_PICKUP_40.797,-73.971;1	
S_PICKUP_40.797,-73.972;2	
S_PICKUP_40.798,-73.952;1	
S_PICKUP_40.798,-73.96;1	
S_PICKUP_40.798,-73.969;2	
S_PICKUP_40.798,-73.97;2	
S_PICKUP_40.798,-73.971;4	
S_PICKUP_40.799,-73.936;1	
S_PICKUP_40.799,-73.954;1	
S_PICKUP_40.799,-73.963;2	
S_PICKUP_40.799,-73.967;2	
S_PICKUP_40.799,-73.968;1	
S_PICKUP_40.799,-73.969;1	
S_PICKUP_40.799,-73.971;2	
S_PICKUP_40.8,-73.957;1	
S_PICKUP_40.8,-73.968;1	
S_PICKUP_40.801,-73.935;2	
S_PICKUP_40.801,-73.94;2	
S_PICKUP_40.801,-73.947;1	
S_PICKUP_40.801,-73.959;1	
S_PICKUP_40.801,-73.96;1	
S_PICKUP_40.801,-73.968;3	
S_PICKUP_40.802,-73.949;1	
S_PICKUP_40.802,-73.95;1	
S_PICKUP_40.802,-73.961;3	
S_PICKUP_40.802,-73.968;2	
S_PICKUP_40.803,-73.938;1	
S_PICKUP_40.803,-73.945;1	
S_PICKUP_40.803,-73.952;1	
S_PICKUP_40.803,-73.963;1	
S_PICKUP_40.803,-73.967;1	
S_PICKUP_40.803,-73.968;2	
S_PICKUP_40.804,-73.956;1	
S_PICKUP_40.804,-73.966;2	
S_PICKUP_40.804,-73.967;5	
S_PICKUP_40.805,-73.935;1	
S_PICKUP_40.805,-73.955;1	
S_PICKUP_40.805,-73.965;1	
S_PICKUP_40.805,-73.966;1	
S_PICKUP_40.805,-73.967;1	
S_PICKUP_40.806,-73.954;3	
S_PICKUP_40.806,-73.965;1	
S_PICKUP_40.806,-73.966;2	
S_PICKUP_40.808,-73.945;1	
S_PICKUP_40.808,-73.949;2	
S_PICKUP_40.808,-73.964;3	
S_PICKUP_40.809,-73.943;1	
S_PICKUP_40.809,-73.952;1	
S_PICKUP_40.809,-73.963;1	
S_PICKUP_40.81,-73.959;2	
S_PICKUP_40.81,-73.962;1	
S_PICKUP_40.81,-73.963;1	
S_PICKUP_40.811,-73.939;1	
S_PICKUP_40.812,-73.957;1	
S_PICKUP_40.812,-73.961;1	
S_PICKUP_40.813,-73.942;1	
S_PICKUP_40.813,-73.96;2	
S_PICKUP_40.814,-73.96;1	
S_PICKUP_40.815,-73.959;1	
S_PICKUP_40.816,-73.959;1	
S_PICKUP_40.817,-73.939;1	
S_PICKUP_40.817,-73.943;3	
S_PICKUP_40.819,-73.953;1	
S_PICKUP_40.824,-73.952;1	
S_PICKUP_40.827,-73.95;1	
S_PICKUP_40.829,-73.949;1	
S_PICKUP_40.83,-73.948;1	
S_PICKUP_40.837,-73.943;1	
S_PICKUP_40.838,-73.942;1	
S_PICKUP_40.848,-73.94;1	
S_PICKUP_40.852,-73.904;1	
S_PICKUP_40.863,-73.926;1	
T_DAY_Friday;638	
T_DAY_Monday;320	
T_DAY_Saturday;862	
T_DAY_Sunday;531	
T_DAY_Thursday;753	
T_DAY_Tuesday;727	
T_DAY_Wednesday;1048	
T_HOUR_00;297	
T_HOUR_01;116	
T_HOUR_02;22	
T_HOUR_03;21	
T_HOUR_05;43	
T_HOUR_06;108	
T_HOUR_07;170	
T_HOUR_08;211	
T_HOUR_09;235	
T_HOUR_10;169	
T_HOUR_11;188	
T_HOUR_12;107	
T_HOUR_13;278	
T_HOUR_14;324	
T_HOUR_15;95	
T_HOUR_16;216	
T_HOUR_17;284	
T_HOUR_18;276	
T_HOUR_19;491	
T_HOUR_20;293	
T_HOUR_21;384	
T_HOUR_22;258	
T_HOUR_23;293	
T_TYPE_Weekday;3486	
T_TYPE_Weekend;1393	
