,VendorID,tpep_pickup_datetime,tpep_dropoff_datetime,passenger_count,trip_distance,pickup_longitude,pickup_latitude,RateCodeID,store_and_fwd_flag,dropoff_longitude,dropoff_latitude,payment_type,fare_amount,extra,mta_tax,tip_amount,tolls_amount,improvement_surcharge,total_amount
0,2,2015-01-15 19:05:39,2015-01-15 19:23:42,1,1.59,-73.993896484375,40.7501106262207,1,N,-73.97478485107422,40.75061798095703,1,12.0,1.0,0.5,3.25,0.0,0.3,17.05
1,1,2015-01-10 20:33:38,2015-01-10 20:53:28,1,3.3,-74.00164794921875,40.7242431640625,1,N,-73.99441528320312,40.75910949707031,1,14.5,0.5,0.5,2.0,0.0,0.3,17.8
2,1,2015-01-10 20:33:38,2015-01-10 20:43:41,1,1.8,-73.96334075927734,40.80278778076172,1,N,-73.95182037353516,40.824413299560554,2,9.5,0.5,0.5,0.0,0.0,0.3,10.8
3,1,2015-01-10 20:33:39,2015-01-10 20:35:31,1,0.5,-74.00908660888672,40.71381759643555,1,N,-74.00432586669923,40.71998596191406,2,3.5,0.5,0.5,0.0,0.0,0.3,4.8
4,1,2015-01-10 20:33:39,2015-01-10 20:52:58,1,3.0,-73.97117614746092,40.762428283691406,1,N,-74.00418090820312,40.742652893066406,2,15.0,0.5,0.5,0.0,0.0,0.3,16.3
5,1,2015-01-10 20:33:39,2015-01-10 20:53:52,1,9.0,-73.87437438964845,40.7740478515625,1,N,-73.98697662353516,40.75819396972656,1,27.0,0.5,0.5,6.7,5.33,0.3,40.33
6,1,2015-01-10 20:33:39,2015-01-10 20:58:31,1,2.2,-73.9832763671875,40.72600936889648,1,N,-73.99246978759764,40.7496337890625,2,14.0,0.5,0.5,0.0,0.0,0.3,15.3
7,1,2015-01-10 20:33:39,2015-01-10 20:42:20,3,0.8,-74.00266265869139,40.7341423034668,1,N,-73.99501037597656,40.72632598876953,1,7.0,0.5,0.5,1.66,0.0,0.3,9.96
8,1,2015-01-10 20:33:39,2015-01-10 21:11:35,3,18.2,-73.78304290771484,40.644355773925774,2,N,-73.98759460449217,40.75935745239258,2,52.0,0.0,0.5,0.0,5.33,0.3,58.13
9,1,2015-01-10 20:33:40,2015-01-10 20:40:44,2,0.9,-73.98558807373048,40.767948150634766,1,N,-73.98591613769531,40.75936508178711,1,6.5,0.5,0.5,1.55,0.0,0.3,9.35
10,1,2015-01-10 20:33:40,2015-01-10 20:41:39,1,0.9,-73.98861694335938,40.72310256958008,1,N,-74.00439453125,40.72858428955078,1,7.0,0.5,0.5,1.66,0.0,0.3,9.96
11,1,2015-01-10 20:33:41,2015-01-10 20:43:26,1,1.1,-73.99378204345702,40.751419067382805,1,N,-73.9674072265625,40.75721740722656,1,7.5,0.5,0.5,1.0,0.0,0.3,9.8
12,1,2015-01-10 20:33:41,2015-01-10 20:35:23,1,0.3,-74.00836181640625,40.704376220703125,1,N,-74.00977325439453,40.70772552490234,2,3.0,0.5,0.5,0.0,0.0,0.3,4.3
13,1,2015-01-10 20:33:41,2015-01-10 21:03:04,1,3.1,-73.97394561767578,40.760448455810554,1,N,-73.99734497070312,40.735210418701165,1,19.0,0.5,0.5,3.0,0.0,0.3,23.3
14,1,2015-01-10 20:33:41,2015-01-10 20:39:23,1,1.1,-74.00672149658203,40.7317771911621,1,N,-73.99521636962889,40.73989486694336,2,6.0,0.5,0.5,0.0,0.0,0.3,7.3
15,2,2015-01-15 19:05:39,2015-01-15 19:32:00,1,2.38,-73.97642517089844,40.73981094360352,1,N,-73.98397827148438,40.75788879394531,1,16.5,1.0,0.5,4.38,0.0,0.3,22.68
16,2,2015-01-15 19:05:40,2015-01-15 19:21:00,5,2.83,-73.96870422363281,40.75424575805664,1,N,-73.9551239013672,40.78685760498047,2,12.5,1.0,0.5,0.0,0.0,0.3,14.3
17,2,2015-01-15 19:05:40,2015-01-15 19:28:18,5,8.33,-73.8630599975586,40.769580841064446,1,N,-73.95271301269531,40.78578186035156,1,26.0,1.0,0.5,8.08,5.33,0.3,41.21
18,2,2015-01-15 19:05:41,2015-01-15 19:20:36,1,2.37,-73.94554138183594,40.779422760009766,1,N,-73.98085021972656,40.78608322143555,1,11.5,1.0,0.5,0.0,0.0,0.3,13.3
19,2,2015-01-15 19:05:41,2015-01-15 19:20:22,2,7.13,-73.87445831298828,40.77400970458984,1,N,-73.95237731933594,40.71858978271485,1,21.5,1.0,0.5,4.5,0.0,0.3,27.8
20,2,2015-01-15 19:05:41,2015-01-15 19:31:00,1,3.6,-73.97660064697266,40.751895904541016,1,N,-73.9989242553711,40.71459579467773,2,17.5,1.0,0.5,0.0,0.0,0.3,19.3
21,2,2015-01-15 19:05:41,2015-01-15 19:10:22,1,0.89,-73.99495697021484,40.745079040527344,1,N,-73.99993896484375,40.734649658203125,1,5.5,1.0,0.5,1.62,0.0,0.3,8.92
22,2,2015-01-15 19:05:41,2015-01-15 19:10:55,1,0.96,-74.00093841552734,40.74706268310546,1,N,-74.0035629272461,40.73551177978516,1,5.5,1.0,0.5,1.3,0.0,0.3,8.6
23,2,2015-01-15 19:05:41,2015-01-15 19:12:36,2,1.25,-74.00277709960938,40.717891693115234,1,N,-74.00791931152342,40.704219818115234,1,6.5,1.0,0.5,1.5,0.0,0.3,9.8
24,2,2015-01-15 19:05:41,2015-01-15 19:22:11,5,2.11,-73.9974594116211,40.73636245727539,1,N,-73.9781723022461,40.76185607910156,1,11.5,1.0,0.5,2.5,0.0,0.3,15.8
25,2,2015-01-15 19:05:41,2015-01-15 19:14:05,5,1.15,-73.95227813720702,40.82399368286133,1,N,-73.95333862304686,40.81108856201172,1,7.5,1.0,0.5,1.7,0.0,0.3,11.0
26,2,2015-01-15 19:05:42,2015-01-15 19:16:18,1,1.53,-73.99112701416014,40.75008010864258,1,N,-73.98860931396483,40.73488998413086,2,9.0,1.0,0.5,0.0,0.0,0.3,10.8
27,2,2015-01-15 19:05:42,2015-01-15 19:49:07,1,18.06,-73.78657531738281,40.64412689208984,2,N,-73.98560333251953,40.7435302734375,1,52.0,0.0,0.5,6.0,5.33,0.3,64.13
28,2,2015-01-15 19:05:42,2015-01-15 19:18:33,1,1.76,-73.99366760253906,40.74144744873047,1,N,-73.99451446533203,40.757720947265625,1,10.0,1.0,0.5,2.36,0.0,0.3,14.16
29,2,2015-01-15 19:05:42,2015-01-15 19:21:40,6,5.19,-73.98529052734375,40.744083404541016,1,N,-74.00907897949219,40.704689025878906,1,17.5,1.0,0.5,3.7,0.0,0.3,23.0
30,2,2015-01-15 19:05:42,2015-01-15 19:14:23,1,1.38,-73.96977233886719,40.78561019897461,1,N,-73.95070648193358,40.774681091308594,1,7.5,1.0,0.5,1.7,0.0,0.3,11.0
31,2,2015-01-15 19:05:43,2015-01-15 19:05:44,2,0.01,0.0,0.0,5,N,0.0,0.0,1,60.0,0.0,0.0,0.0,0.0,0.3,60.3
32,2,2015-01-15 19:05:43,2015-01-15 19:17:43,2,2.23,-73.98509216308595,40.75698852539063,1,N,-73.98487854003906,40.7801513671875,1,10.0,1.0,0.5,2.2,0.0,0.3,14.0
33,2,2015-01-15 19:05:43,2015-01-15 19:15:17,1,1.56,-73.9661636352539,40.762161254882805,1,N,-73.9500503540039,40.77625274658203,1,8.0,1.0,0.5,1.8,0.0,0.3,11.6
34,2,2015-01-15 19:05:43,2015-01-15 19:15:09,5,1.57,-73.97842407226561,40.74620819091797,1,N,-73.98021697998048,40.72854232788086,1,8.0,1.0,0.5,1.8,0.0,0.3,11.6
35,2,2015-01-15 19:05:44,2015-01-15 19:17:44,1,2.92,-73.99835205078125,40.72003173828125,1,N,-73.95582580566406,40.715599060058594,1,12.5,1.0,0.5,2.7,0.0,0.3,17.0
36,1,2015-01-10 19:12:21,2015-01-10 19:31:33,1,2.9,-74.0030517578125,40.72771835327149,1,N,-73.97603607177734,40.76396942138672,2,13.5,0.0,0.5,0.0,0.0,0.3,14.3
37,1,2015-01-10 19:12:21,2015-01-10 19:46:08,1,16.4,-73.97709655761719,40.7631721496582,2,N,-73.79071044921875,40.6442756652832,1,52.0,0.0,0.5,10.0,0.0,0.3,62.8
38,2,2015-01-25 00:13:04,2015-01-25 00:13:18,1,0.02,-73.99481201171875,40.72774124145508,1,N,-73.99694061279298,40.72555923461913,2,2.5,0.5,0.5,0.0,0.0,0.3,3.8
39,2,2015-01-25 00:13:05,2015-01-25 00:29:11,1,1.73,-73.98593902587889,40.72676467895508,1,N,-74.00654602050781,40.73786544799805,2,11.0,0.5,0.5,0.0,0.0,0.3,12.3
40,2,2015-01-25 00:13:05,2015-01-25 00:25:43,1,2.25,-73.97998809814453,40.7432746887207,1,N,-74.00808715820312,40.73905563354492,1,10.5,0.5,0.5,2.36,0.0,0.3,14.16
41,2,2015-01-25 00:13:05,2015-01-25 00:25:50,1,3.53,-73.98896789550781,40.7216796875,1,N,-73.97872924804686,40.76247024536133,2,12.5,0.5,0.5,0.0,0.0,0.3,13.8
42,2,2015-01-25 00:13:06,2015-01-25 00:23:26,1,2.01,-73.94868469238281,40.7823600769043,1,N,-73.95708465576173,40.8019905090332,1,9.5,0.5,0.5,2.16,0.0,0.3,12.96
43,2,2015-01-25 00:13:06,2015-01-25 00:24:51,1,3.37,-73.94551086425781,40.77372360229492,1,N,-73.98743438720702,40.755706787109375,1,12.5,0.5,0.5,0.0,0.0,0.3,13.8
44,2,2015-01-25 00:13:06,2015-01-25 00:22:20,1,1.35,-73.93394470214845,40.76285171508789,1,N,-73.91702270507811,40.77094650268555,1,8.0,0.5,0.5,0.7,0.0,0.3,10.0
45,2,2015-01-25 00:13:06,2015-01-25 00:18:30,1,1.18,-73.98302459716798,40.76781845092773,1,N,-73.96830749511719,40.76314926147461,1,6.0,0.5,0.5,1.8,0.0,0.3,9.1
46,2,2015-01-25 00:13:06,2015-01-25 00:21:15,5,2.05,-73.99095916748048,40.73482131958008,1,N,-73.99073028564453,40.75537109375,1,8.5,0.5,0.5,1.96,0.0,0.3,11.76
47,2,2015-01-25 00:13:06,2015-01-25 00:34:32,1,3.05,-73.99163818359375,40.727088928222656,1,N,-73.95171356201173,40.71477890014648,1,16.5,0.5,0.5,5.34,0.0,0.3,23.14
48,2,2015-01-25 00:13:07,2015-01-25 00:27:08,4,3.06,-73.99263763427734,40.72379302978516,1,N,-73.96405029296875,40.756866455078125,1,12.5,0.5,0.5,2.76,0.0,0.3,16.56
49,2,2015-01-25 00:13:07,2015-01-25 00:15:39,1,0.49,-73.9861602783203,40.75994873046875,1,N,-73.98360443115233,40.763938903808594,2,4.0,0.5,0.5,0.0,0.0,0.3,5.3
50,2,2015-01-25 00:13:07,2015-01-25 00:24:59,1,2.6,-73.94847869873048,40.78247833251953,1,N,-73.9715347290039,40.800338745117195,1,11.0,0.5,0.5,1.5,0.0,0.3,13.8
51,2,2015-01-25 00:13:07,2015-01-25 00:41:19,1,6.17,-74.00163269042967,40.74093627929688,1,N,-73.91980743408203,40.74308013916016,1,24.0,0.5,0.5,2.7,0.0,0.3,28.0
52,2,2015-01-25 00:13:08,2015-01-25 00:34:57,1,3.72,-73.975341796875,40.78987884521485,1,N,-74.00504302978516,40.74119186401367,1,16.5,0.5,0.5,3.56,0.0,0.3,21.36
53,2,2015-01-25 00:13:08,2015-01-25 00:18:57,1,1.1,-73.9798812866211,40.74624633789063,1,N,-73.98766326904298,40.73267364501953,2,6.0,0.5,0.5,0.0,0.0,0.3,7.3
54,2,2015-01-25 00:13:09,2015-01-25 00:21:38,2,2.63,-73.99282836914062,40.701484680175774,1,N,-73.99290466308595,40.71997833251953,1,10.5,0.5,0.5,2.36,0.0,0.3,14.16
55,2,2015-01-25 00:13:09,2015-01-25 00:22:51,2,2.22,-73.9925308227539,40.72446060180664,1,N,-74.01089477539062,40.70326614379882,1,9.5,0.5,0.5,2.7,0.0,0.3,13.5
56,2,2015-01-25 00:13:09,2015-01-25 00:20:30,1,1.79,-73.9556884765625,40.77246856689453,1,N,-73.97438049316406,40.75667190551758,1,8.0,0.5,0.5,2.79,0.0,0.3,12.09
57,2,2015-01-25 00:13:09,2015-01-25 00:24:28,1,1.14,-73.99311065673827,40.72428894042969,1,N,-74.0009765625,40.73522186279297,1,8.5,0.5,0.5,1.96,0.0,0.3,11.76
58,2,2015-01-25 00:13:09,2015-01-25 01:02:40,1,10.2,-73.99761199951173,40.76224136352539,1,N,-73.90857696533203,40.69004821777344,2,39.0,0.5,0.5,0.0,0.0,0.3,40.3
59,2,2015-01-04 13:44:51,2015-01-04 13:53:27,5,1.48,-73.98635101318358,40.759376525878906,1,N,-73.99624633789062,40.74671173095703,1,7.5,0.0,0.5,1.5,0.0,0.3,9.8
60,2,2015-01-04 13:44:51,2015-01-04 13:45:03,1,0.03,-73.94451141357422,40.7945671081543,1,N,-73.9447021484375,40.79433441162109,2,2.5,0.0,0.5,0.0,0.0,0.3,3.3
61,1,2015-01-04 13:44:52,2015-01-04 13:56:49,1,2.5,0.0,0.0,1,N,0.0,0.0,1,11.0,0.0,0.5,2.35,0.0,0.0,14.15
62,2,2015-01-04 13:44:52,2015-01-04 13:46:38,1,0.36,-73.99124908447266,40.76546096801758,1,N,-73.98753356933594,40.76840972900391,2,3.5,0.0,0.5,0.0,0.0,0.3,4.3
63,2,2015-01-04 13:44:52,2015-01-04 13:56:58,3,3.14,-73.97794342041014,40.684871673583984,1,N,-73.99649047851561,40.72550964355469,1,12.5,0.0,0.5,2.5,0.0,0.3,15.8
64,2,2015-01-04 13:44:52,2015-01-04 13:53:17,1,1.14,-73.99095153808595,40.75080871582031,1,N,-73.97940826416014,40.741260528564446,1,7.0,0.0,0.5,1.4,0.0,0.3,9.2
65,2,2015-01-04 13:44:52,2015-01-04 14:04:23,1,8.98,-73.87100219726561,40.773792266845696,1,N,-73.96136474609375,40.7700424194336,1,27.0,0.0,0.5,0.0,5.33,0.3,33.13
66,2,2015-01-04 13:44:52,2015-01-04 13:49:03,1,0.85,0.0,0.0,1,N,0.0,0.0,2,5.5,0.0,0.5,0.0,0.0,0.3,6.3
67,1,2015-01-04 13:44:53,2015-01-04 13:49:40,2,0.7,-73.99473571777342,40.740093231201165,1,N,-73.9983139038086,40.73624420166016,2,5.0,0.0,0.5,0.0,0.0,0.0,5.8
68,1,2015-01-04 13:44:53,2015-01-04 13:51:53,3,1.5,-74.01420593261719,40.71208953857422,1,N,-74.0010986328125,40.72412872314453,2,7.5,0.0,0.5,0.0,0.0,0.0,8.3
69,2,2015-01-04 13:44:53,2015-01-04 13:55:07,2,1.26,-73.97955322265625,40.76626586914063,1,N,-73.98338317871094,40.755313873291016,2,8.5,0.0,0.5,0.0,0.0,0.3,9.3
70,2,2015-01-04 13:44:53,2015-01-04 13:51:26,1,1.56,-73.9577865600586,40.77458572387695,1,N,-73.97223663330078,40.756885528564446,1,7.0,0.0,0.5,1.0,0.0,0.3,8.8
71,1,2015-01-04 13:44:54,2015-01-04 13:53:36,1,1.5,-73.9694061279297,40.798587799072266,1,N,-73.97188568115233,40.78194046020508,1,8.0,0.0,0.5,1.75,0.0,0.0,10.55
72,1,2015-01-04 13:44:54,2015-01-04 13:50:29,1,1.1,-73.96797943115233,40.8021354675293,1,N,-73.9776840209961,40.78726577758789,1,6.5,0.0,0.5,2.0,0.0,0.0,9.3
73,1,2015-01-04 13:44:54,2015-01-04 13:47:15,1,0.5,-73.96251678466798,40.77003860473633,1,N,-73.96773529052734,40.76285552978516,1,4.0,0.0,0.5,1.0,0.0,0.0,5.8
74,2,2015-01-04 13:44:54,2015-01-04 14:02:23,2,8.79,-73.96420288085938,40.77336883544922,1,N,-73.87063598632812,40.773834228515625,1,26.0,0.0,0.5,4.0,5.33,0.3,36.13
75,2,2015-01-04 13:44:54,2015-01-04 13:53:15,1,1.39,-73.98625183105469,40.73043823242188,1,N,-73.99121856689453,40.74216842651367,2,7.5,0.0,0.5,0.0,0.0,0.3,8.3
76,2,2015-01-15 14:00:41,2015-01-15 14:11:18,1,1.64,-73.98372650146483,40.746341705322266,1,N,-73.966796875,40.76140594482422,2,8.5,0.0,0.5,0.0,0.0,0.3,9.3
77,2,2015-01-15 14:00:41,2015-01-15 14:19:26,1,1.53,-73.99578094482422,40.732940673828125,1,N,-73.99107360839844,40.75038146972656,2,12.0,0.0,0.5,0.0,0.0,0.3,12.8
78,2,2015-01-15 14:00:41,2015-01-15 14:31:42,5,7.48,-73.87081909179686,40.77370071411133,1,N,-73.96869659423827,40.76268005371094,2,27.0,0.0,0.5,0.0,0.0,0.3,27.8
79,2,2015-01-15 14:00:41,2015-01-15 14:13:48,1,3.0,-73.96427154541014,40.77302169799805,1,N,-73.96577453613281,40.80466842651367,2,12.0,0.0,0.5,0.0,0.0,0.3,12.8
80,2,2015-01-15 14:00:42,2015-01-15 14:05:01,1,0.67,-73.97093200683594,40.7959213256836,1,N,-73.97016906738281,40.78912353515625,1,5.0,0.0,0.5,1.0,0.0,0.3,6.8
81,2,2015-01-15 14:00:42,2015-01-15 14:20:40,1,1.51,-73.97212219238281,40.75902938842773,1,N,-73.99093627929686,40.7557373046875,1,13.0,0.0,0.5,2.6,0.0,0.3,16.4
82,2,2015-01-15 14:00:42,2015-01-15 14:05:16,2,0.85,-73.98056793212889,40.76565170288086,1,N,-73.9730453491211,40.75827026367188,2,5.5,0.0,0.5,0.0,0.0,0.3,6.3
83,2,2015-01-15 14:00:43,2015-01-15 14:58:40,1,15.2,-73.80126190185547,40.667728424072266,2,N,-73.99335479736328,40.75600051879882,1,52.0,0.0,0.5,14.33,5.33,0.3,72.46
84,2,2015-01-15 14:00:43,2015-01-15 14:41:50,3,9.96,-73.99095916748048,40.74534225463867,1,N,-73.97360229492188,40.63248062133789,2,35.5,0.0,0.5,0.0,0.0,0.3,36.3
85,2,2015-01-15 14:00:44,2015-01-15 14:04:55,1,0.76,-73.96351623535155,40.77156066894531,1,N,-73.95298767089844,40.7724609375,1,5.0,0.0,0.5,1.0,0.0,0.3,6.8
86,2,2015-01-15 14:00:44,2015-01-15 14:04:06,1,0.38,-73.99138641357422,40.77016830444336,1,N,-73.98978424072266,40.77473831176758,2,4.0,0.0,0.5,0.0,0.0,0.3,4.8
87,2,2015-01-15 14:00:45,2015-01-15 14:05:40,2,0.63,-73.95426940917967,40.77827072143555,1,N,-73.9562759399414,40.784046173095696,1,5.0,0.0,0.5,1.0,0.0,0.3,6.8
88,2,2015-01-15 14:00:45,2015-01-15 14:39:09,1,12.63,-73.78852844238281,40.64778518676758,1,N,-73.9778823852539,40.689640045166016,1,40.0,0.0,0.5,12.0,0.0,0.3,52.8
89,2,2015-01-15 14:00:45,2015-01-15 14:10:24,1,1.2,-73.99400329589844,40.75135040283203,1,N,-73.98135375976561,40.76112365722656,2,8.5,0.0,0.5,0.0,0.0,0.3,9.3
90,2,2015-01-15 14:00:45,2015-01-15 14:16:31,2,1.18,-74.00641632080078,40.739654541015625,1,N,-73.98991394042967,40.73839569091797,1,10.5,0.0,0.5,2.1,0.0,0.3,13.4
91,2,2015-01-15 14:00:45,2015-01-15 14:47:12,1,10.89,-74.00640869140625,40.73976516723633,1,N,-73.87119293212889,40.77421188354492,1,40.5,0.0,0.5,9.17,5.33,0.3,55.8
92,2,2015-01-15 14:00:46,2015-01-15 14:41:54,6,10.39,-73.99309539794923,40.747257232666016,1,N,-73.86483001708984,40.770320892333984,1,38.0,0.0,0.5,10.83,5.33,0.3,54.96
93,2,2015-01-15 14:00:46,2015-01-15 14:33:02,5,2.96,-73.96273040771484,40.774169921875,1,N,-73.99333190917967,40.74987030029297,2,20.5,0.0,0.5,0.0,0.0,0.3,21.3
94,2,2015-01-15 14:00:46,2015-01-15 14:10:09,1,1.18,-73.98255920410156,40.77320098876953,1,N,-73.96412658691406,40.76470947265625,1,8.0,0.0,0.5,1.6,0.0,0.3,10.4
95,2,2015-01-15 14:00:46,2015-01-15 14:14:51,1,1.62,-73.97618103027344,40.75120544433594,1,N,-73.9863739013672,40.76658630371094,1,10.5,0.0,0.5,2.1,0.0,0.3,13.4
96,2,2015-01-15 14:00:47,2015-01-15 14:16:01,1,1.56,-73.95927429199219,40.774375915527344,1,N,-73.9763946533203,40.762939453125,2,10.5,0.0,0.5,0.0,0.0,0.3,11.3
97,2,2015-01-15 14:00:47,2015-01-15 14:23:36,5,4.96,-73.97286224365233,40.74352264404297,1,N,-73.91412353515625,40.76496887207031,2,19.0,0.0,0.5,0.0,0.0,0.3,19.8
98,1,2015-01-26 12:41:08,2015-01-26 12:48:47,2,1.0,-73.96663665771484,40.80465698242188,1,N,-73.95440673828125,40.808372497558594,1,7.0,0.0,0.5,1.55,0.0,0.3,9.35
99,1,2015-01-26 12:41:09,2015-01-26 12:55:10,1,4.3,-73.96664428710938,40.80441665649414,1,N,-73.99112701416014,40.76107025146485,2,15.5,0.0,0.5,0.0,0.0,0.3,16.3
100,1,2015-01-26 12:41:09,2015-01-26 12:45:08,1,0.5,-73.9828109741211,40.74525451660156,1,N,-73.98004150390625,40.7520751953125,2,4.5,0.0,0.5,0.0,0.0,0.3,5.3
101,1,2015-01-26 12:41:09,2015-01-26 12:45:39,1,0.8,-73.99149322509764,40.73893737792969,1,N,-73.98859405517578,40.73051071166992,2,5.0,0.0,0.5,0.0,0.0,0.3,5.8
102,1,2015-01-26 12:41:10,2015-01-26 13:05:04,1,1.1,-73.98239135742188,40.75740814208984,1,N,-73.96862030029298,40.76152038574219,1,14.5,0.0,0.5,3.05,0.0,0.3,18.35
103,1,2015-01-26 12:41:10,2015-01-26 13:00:55,1,2.9,-73.97307586669923,40.78036117553711,1,N,-73.98625946044923,40.74664306640625,2,14.0,0.0,0.5,0.0,0.0,0.3,14.8
104,1,2015-01-26 12:41:11,2015-01-26 12:44:41,1,0.3,-73.97181701660156,40.75690078735352,1,N,-73.97454833984375,40.75173568725586,2,4.0,0.0,0.5,0.0,0.0,0.3,4.8
105,1,2015-01-26 12:41:12,2015-01-26 12:59:47,1,3.5,-73.97347259521484,40.74392318725586,1,N,-73.98201751708984,40.77973556518555,1,15.0,0.0,0.5,3.15,0.0,0.3,18.95
106,1,2015-01-26 12:41:12,2015-01-26 12:49:49,1,1.2,-74.01268005371092,40.706836700439446,1,N,-74.01604461669923,40.714859008789055,2,8.0,0.0,0.5,0.0,0.0,0.3,8.8
107,1,2015-01-26 12:41:13,2015-01-26 12:51:16,1,1.3,-73.9763946533203,40.748401641845696,1,N,-73.99404907226561,40.74616241455078,1,8.0,0.0,0.5,1.0,0.0,0.3,9.8
108,1,2015-01-26 12:41:14,2015-01-26 12:52:40,1,1.9,-73.98925018310547,40.74198532104492,1,N,-74.0025863647461,40.76076889038086,1,10.0,0.0,0.5,2.7,0.0,0.3,13.5
109,1,2015-01-26 12:41:14,2015-01-26 12:48:18,1,1.0,-73.9873504638672,40.74944686889648,1,N,-74.00407409667967,40.75583267211913,1,6.5,0.0,0.5,1.46,0.0,0.3,8.76
110,1,2015-01-26 12:41:15,2015-01-26 12:59:22,1,8.1,-73.86384582519531,40.76979446411133,1,N,-73.96227264404298,40.71165466308594,1,24.5,0.0,0.5,5.05,0.0,0.3,30.35
111,1,2015-01-26 12:41:15,2015-01-26 12:46:18,1,1.0,-73.96928405761719,40.76113510131836,1,N,-73.9725341796875,40.74954605102539,2,5.5,0.0,0.5,0.0,0.0,0.3,6.3
112,1,2015-01-26 12:41:15,2015-01-26 12:47:11,2,1.6,-74.00725555419923,40.72868347167969,1,N,-73.99505615234375,40.75000381469727,1,7.0,0.0,0.5,1.95,0.0,0.3,9.75
113,1,2015-01-26 12:41:16,2015-01-26 12:54:54,1,1.6,-73.981201171875,40.733184814453125,1,N,-73.97855377197266,40.74808883666992,1,10.0,0.0,0.5,1.0,0.0,0.3,11.8
114,1,2015-01-26 12:41:17,2015-01-26 13:00:18,1,3.2,-73.99229431152342,40.75383758544922,1,N,-73.99629974365233,40.74049758911133,1,14.5,0.0,0.5,3.05,0.0,0.3,18.35
115,1,2015-01-26 12:41:18,2015-01-26 12:46:41,1,1.0,-73.96748352050781,40.766010284423835,1,N,-73.96095275878906,40.777950286865234,1,6.0,0.0,0.5,1.0,0.0,0.3,7.8
116,1,2015-01-26 12:41:19,2015-01-26 12:56:36,1,2.2,-73.95759582519531,40.77452850341797,1,N,-73.98458862304686,40.76975631713867,2,12.0,0.0,0.5,0.0,0.0,0.3,12.8
117,1,2015-01-26 12:41:20,2015-01-26 12:47:38,1,0.7,-73.95232391357422,40.77704620361328,1,N,-73.96235656738281,40.77733612060546,2,6.0,0.0,0.5,0.0,0.0,0.3,6.8
118,1,2015-01-26 12:41:21,2015-01-26 13:07:25,1,4.2,-73.98628234863281,40.7468376159668,1,N,-73.94466400146483,40.79500579833984,2,19.5,0.0,0.5,0.0,0.0,0.3,20.3
119,1,2015-01-26 12:41:21,2015-01-26 13:03:26,2,16.3,-73.9983901977539,40.761680603027344,3,N,-74.17723846435547,40.69504165649414,1,60.5,0.0,0.0,15.3,15.75,0.3,91.85
120,2,2015-01-07 14:58:06,2015-01-07 15:23:00,1,3.12,-73.96896362304686,40.76414489746094,1,N,-73.9929962158203,40.72700119018555,1,17.0,0.0,0.5,2.22,0.0,0.3,20.02
121,1,2015-01-15 10:26:13,2015-01-15 10:30:49,1,0.8,-73.97223663330078,40.7455940246582,1,N,-73.96466827392578,40.75601959228516,1,5.5,0.0,0.5,1.0,0.0,0.3,7.3
122,1,2015-01-15 10:26:14,2015-01-15 10:42:16,1,1.9,-73.9494857788086,40.772071838378906,1,N,-73.97072601318358,40.758392333984375,2,12.5,0.0,0.5,0.0,0.0,0.3,13.3
123,1,2015-01-15 10:26:14,2015-01-15 10:51:03,1,2.6,-73.96176147460938,40.7642707824707,1,N,-73.98921966552734,40.7420654296875,1,16.0,0.0,0.5,3.35,0.0,0.3,20.15
124,1,2015-01-15 10:26:14,2015-01-15 10:38:13,1,0.8,-73.99343872070312,40.742000579833984,1,N,-73.9874496459961,40.75202178955078,1,8.5,0.0,0.5,1.85,0.0,0.3,11.15
125,1,2015-01-15 10:26:14,2015-01-15 10:49:00,2,6.8,-73.9729766845703,40.76113510131836,1,N,-74.00971221923827,40.709564208984375,1,23.0,0.0,0.5,4.5,0.0,0.3,28.3
126,1,2015-01-15 10:26:15,2015-01-15 10:34:40,1,1.3,-73.94763946533203,40.77514266967773,1,N,-73.960693359375,40.76080703735352,1,7.5,0.0,0.5,1.0,0.0,0.3,9.3
127,1,2015-01-15 10:26:15,2015-01-15 10:35:33,1,0.7,-73.98516845703125,40.75121307373047,1,N,-73.97951507568358,40.76188659667969,2,7.5,0.0,0.5,0.0,0.0,0.3,8.3
128,1,2015-01-15 10:26:15,2015-01-15 10:33:37,1,0.3,-73.98387145996092,40.742454528808594,1,N,-73.9873046875,40.74406051635742,2,6.0,0.0,0.5,0.0,0.0,0.3,6.8
129,1,2015-01-15 10:26:15,2015-01-15 10:36:03,1,1.4,-73.96815490722656,40.76235961914063,1,N,-73.98164367675781,40.7470703125,1,8.0,0.0,0.5,1.2,0.0,0.3,10.0
130,1,2015-01-15 10:26:16,2015-01-15 10:32:04,1,1.2,-74.00554656982422,40.72677612304688,1,N,-74.01348114013672,40.71365737915039,1,6.5,0.0,0.5,1.45,0.0,0.3,8.75
131,1,2015-01-15 10:26:16,2015-01-15 11:08:10,2,12.6,-73.86273956298828,40.76884460449219,1,N,-73.98956298828125,40.758838653564446,2,40.0,0.0,0.5,0.0,5.33,0.3,46.13
132,1,2015-01-15 10:26:16,2015-01-15 10:26:42,2,0.0,-73.98765563964845,40.74364471435546,5,N,-73.98748779296875,40.74348449707031,1,60.0,0.0,0.0,15.0,0.0,0.3,75.3
133,1,2015-01-15 10:26:17,2015-01-15 10:27:28,1,0.0,-73.94652557373048,40.74499130249024,1,N,-73.94652557373048,40.74499130249024,2,3.0,0.0,0.5,0.0,0.0,0.3,3.8
134,2,2015-01-07 14:58:07,2015-01-07 15:05:03,1,1.08,-73.98810577392578,40.76905059814453,1,N,-73.98151397705078,40.75934600830078,1,6.5,0.0,0.5,1.62,0.0,0.3,8.92
135,2,2015-01-07 14:58:07,2015-01-07 15:10:17,2,1.58,-73.98195648193358,40.76926040649414,1,N,-73.9734649658203,40.78977584838867,1,9.5,0.0,0.5,1.0,0.0,0.3,11.3
136,2,2015-01-07 14:58:07,2015-01-07 15:04:51,1,0.96,-73.96585845947266,40.790523529052734,1,N,-73.95323944091797,40.7854881286621,1,6.5,0.0,0.5,1.95,0.0,0.3,9.25
137,2,2015-01-07 14:58:08,2015-01-07 15:02:05,1,0.77,-73.99652099609375,40.72568130493164,1,N,-73.9890365600586,40.73068618774414,1,5.0,0.0,0.5,1.0,0.0,0.3,6.8
138,2,2015-01-07 14:58:08,2015-01-07 15:06:36,1,0.98,-73.94869232177734,40.77778244018555,1,N,-73.95528411865233,40.786869049072266,1,7.0,0.0,0.5,1.4,0.0,0.3,9.2
139,2,2015-01-07 14:58:08,2015-01-07 15:02:37,2,0.79,-73.96013641357422,40.65699768066406,1,N,-73.94686126708984,40.65715408325195,2,5.0,0.0,0.5,0.0,0.0,0.3,5.8
140,2,2015-01-07 14:58:09,2015-01-07 15:12:55,3,4.39,-73.98866271972656,40.722705841064446,1,N,-73.98722076416014,40.69440841674805,2,15.5,0.0,0.5,0.0,0.0,0.3,16.3
141,2,2015-01-07 14:58:10,2015-01-07 15:24:07,1,3.37,-73.96410369873048,40.767852783203125,1,N,-73.99427032470702,40.745235443115234,1,18.0,0.0,0.5,3.6,0.0,0.3,22.4
142,2,2015-01-07 14:58:10,2015-01-07 15:16:03,1,1.53,-73.95317840576173,40.782730102539055,1,N,-73.95329284667967,40.76653289794922,1,12.0,0.0,0.5,2.4,0.0,0.3,15.2
143,2,2015-01-07 14:58:10,2015-01-07 15:16:36,6,11.4,-73.78215026855469,40.64471054077149,1,N,-73.86286926269531,40.76715850830078,1,31.5,0.0,0.5,6.3,0.0,0.3,38.6
144,2,2015-01-07 14:58:11,2015-01-07 15:07:44,2,1.46,-73.98213195800781,40.76839065551758,1,N,-73.99198150634764,40.74945068359375,2,8.0,0.0,0.5,0.0,0.0,0.3,8.8
145,2,2015-01-07 14:58:11,2015-01-07 15:06:51,1,1.25,-73.98511505126953,40.759376525878906,1,N,-73.99356079101561,40.7514533996582,2,7.5,0.0,0.5,0.0,0.0,0.3,8.3
146,2,2015-01-07 14:58:11,2015-01-07 15:03:10,2,1.3,-74.01046752929686,40.71883010864258,1,N,-74.00759887695312,40.73429870605469,2,6.5,0.0,0.5,0.0,0.0,0.3,7.3
147,2,2015-01-07 14:58:11,2015-01-07 15:00:50,2,0.69,-73.95101928710938,40.78312301635742,1,N,-73.94373321533203,40.787845611572266,1,4.0,0.0,0.5,0.8,0.0,0.3,5.6
148,2,2015-01-07 14:58:12,2015-01-07 15:04:45,2,0.96,-74.00460815429686,40.741523742675774,1,N,-73.99143981933594,40.73668670654297,2,6.5,0.0,0.5,0.0,0.0,0.3,7.3
149,2,2015-01-07 14:58:12,2015-01-07 15:14:02,2,2.05,-73.99359893798828,40.74993133544922,1,N,-73.98448181152342,40.73537826538086,1,12.0,0.0,0.5,3.6,0.0,0.3,16.4
150,2,2015-01-07 14:58:13,2015-01-07 15:03:08,1,0.72,-73.96529388427734,40.76332473754882,1,N,-73.9570083618164,40.768165588378906,1,5.5,0.0,0.5,0.6,0.0,0.3,6.9
151,2,2015-01-07 14:58:14,2015-01-07 15:11:26,1,2.32,-73.95791625976561,40.78505706787109,1,N,-73.9842758178711,40.7701301574707,2,11.0,0.0,0.5,0.0,0.0,0.3,11.8
152,2,2015-01-07 14:58:14,2015-01-07 15:25:01,1,3.4,-73.97386932373048,40.79164123535156,1,N,-73.94551849365233,40.81803131103516,2,17.5,0.0,0.5,0.0,0.0,0.3,18.3
153,2,2015-01-07 14:58:14,2015-01-07 15:06:56,1,1.56,-73.96090698242188,40.76116180419922,1,N,-73.94522857666014,40.774219512939446,1,8.0,0.0,0.5,0.7,0.0,0.3,9.5
154,1,2015-01-15 09:46:59,2015-01-15 09:57:44,1,3.1,-74.01138305664062,40.7134895324707,1,N,-73.99554443359375,40.74922943115234,2,11.5,0.0,0.5,0.0,0.0,0.3,12.3
155,1,2015-01-15 09:46:59,2015-01-15 09:56:44,1,0.8,-73.99701690673827,40.7423210144043,1,N,-73.98770141601561,40.73540496826172,1,7.5,0.0,0.5,1.0,0.0,0.3,9.3
156,1,2015-01-15 09:46:59,2015-01-15 10:27:34,1,9.5,-73.87297058105469,40.77403259277344,1,N,-74.00010681152342,40.719337463378906,2,34.0,0.0,0.5,0.0,0.0,0.3,34.8
157,1,2015-01-15 09:47:00,2015-01-15 10:00:07,1,1.0,0.0,0.0,1,N,0.0,0.0,2,10.0,0.0,0.5,0.0,0.0,0.3,10.8
158,1,2015-01-15 09:47:00,2015-01-15 09:50:43,1,0.4,-74.00221252441406,40.7294921875,1,N,-73.99691009521484,40.725143432617195,1,4.5,0.0,0.5,1.0,0.0,0.3,6.3
159,1,2015-01-15 09:47:02,2015-01-15 10:17:47,3,8.3,0.0,0.0,1,N,0.0,0.0,1,27.5,0.0,0.5,10.0,5.33,0.3,43.63
160,1,2015-01-15 09:47:02,2015-01-15 10:01:48,1,1.1,-73.96573638916014,40.7954216003418,1,N,-73.95262908935547,40.789344787597656,2,10.0,0.0,0.5,0.0,0.0,0.3,10.8
161,1,2015-01-15 09:47:02,2015-01-15 10:14:12,2,2.2,-74.0069580078125,40.7300033569336,1,N,-73.9856185913086,40.75288009643555,1,16.5,0.0,0.5,3.46,0.0,0.3,20.76
162,1,2015-01-15 09:47:03,2015-01-15 09:57:10,1,0.7,-73.97551727294923,40.75428009033203,1,N,-73.97853088378906,40.76155853271485,2,7.5,0.0,0.5,0.0,0.0,0.3,8.3
163,1,2015-01-15 09:47:03,2015-01-15 09:53:04,3,0.8,-73.94737243652342,40.77603912353516,1,N,-73.95754241943358,40.77267074584961,1,6.0,0.0,0.5,1.36,0.0,0.3,8.16
164,1,2015-01-15 09:47:03,2015-01-15 09:51:15,1,1.1,-73.96231079101561,40.75884628295898,1,N,-73.95182037353516,40.7734603881836,1,5.5,0.0,0.5,1.26,0.0,0.3,7.56
165,1,2015-01-15 09:47:04,2015-01-15 10:02:36,1,1.4,-73.9887466430664,40.755027770996094,1,N,-73.99000549316406,40.738723754882805,1,10.5,0.0,0.5,2.25,0.0,0.3,13.55
166,1,2015-01-15 09:47:04,2015-01-15 10:00:56,2,1.6,-73.9825668334961,40.735515594482415,1,N,-73.99109649658203,40.748889923095696,1,10.0,0.0,0.5,2.15,0.0,0.3,12.95
167,1,2015-01-15 09:47:05,2015-01-15 09:52:25,1,0.6,-73.99432373046875,40.7503318786621,1,N,-74.00239562988281,40.7486686706543,1,5.5,0.0,0.5,1.25,0.0,0.3,7.55
168,1,2015-01-15 09:47:05,2015-01-15 09:53:18,1,0.7,-73.963134765625,40.77178955078125,1,N,-73.95404052734375,40.76702499389648,2,5.5,0.0,0.5,0.0,0.0,0.3,6.3
169,1,2015-01-15 09:47:05,2015-01-15 09:48:54,1,0.5,-73.96200561523438,40.759590148925774,1,N,-73.95683288574217,40.76490020751953,1,3.5,0.0,0.5,1.0,0.0,0.0,5.0
170,1,2015-01-15 09:47:05,2015-01-15 09:51:23,1,0.9,-73.97065734863281,40.78341293334961,1,N,-73.9588623046875,40.78094482421875,1,5.5,0.0,0.5,1.0,0.0,0.3,7.3
171,1,2015-01-15 09:47:06,2015-01-15 09:55:23,1,1.6,-73.96646881103516,40.79238128662109,1,N,-73.95868682861328,40.77577209472656,2,8.0,0.0,0.5,0.0,0.0,0.3,8.8
172,1,2015-01-15 09:47:06,2015-01-15 10:01:35,2,6.9,-73.98991394042967,40.75692367553711,1,N,-73.94661712646483,40.836292266845696,1,21.0,0.0,0.5,6.5,0.0,0.3,28.3
173,1,2015-01-15 09:47:07,2015-01-15 09:55:25,1,0.7,-73.9852066040039,40.74163055419922,1,N,-73.97882843017578,40.75057601928711,1,7.0,0.0,0.5,2.3,0.0,0.3,10.1
174,1,2015-01-15 09:47:07,2015-01-15 10:08:50,1,2.9,-73.97415161132812,40.78395080566406,1,N,-73.9783477783203,40.7515754699707,2,15.0,0.0,0.5,0.0,0.0,0.3,15.8
175,1,2015-01-15 09:47:07,2015-01-15 09:54:05,1,1.0,0.0,0.0,1,N,-73.99880981445312,40.74142837524414,2,6.0,0.0,0.5,0.0,0.0,0.3,6.8
176,1,2015-01-15 09:47:07,2015-01-15 09:56:05,1,1.6,-73.97924041748048,40.77156448364258,1,N,-73.96215057373048,40.77807235717773,2,8.5,0.0,0.5,0.0,0.0,0.3,9.3
177,1,2015-01-20 22:49:09,2015-01-20 23:12:38,1,6.4,-73.98865509033203,40.73699188232422,1,N,-73.95166778564453,40.67354583740234,1,22.0,0.5,0.5,4.0,0.0,0.3,27.3
178,1,2015-01-20 22:49:09,2015-01-20 22:57:07,1,2.0,-73.98103332519531,40.763687133789055,1,N,-73.96949768066406,40.78787612915039,2,8.5,0.5,0.5,0.0,0.0,0.3,9.8
179,1,2015-01-20 22:49:10,2015-01-20 23:01:46,3,2.4,-73.99170684814453,40.72621536254882,1,N,-73.99335479736328,40.75189971923828,2,11.0,0.5,0.5,0.0,0.0,0.3,12.3
180,1,2015-01-20 22:49:10,2015-01-20 23:02:20,1,2.6,-73.98709106445312,40.75945663452149,1,N,-74.00465393066406,40.72518157958984,1,12.0,0.5,0.5,1.5,0.0,0.3,14.8
181,1,2015-01-20 22:49:11,2015-01-20 22:59:36,2,1.3,-73.98424530029298,40.76469039916992,1,N,-73.96234893798828,40.7553596496582,1,8.0,0.5,0.5,1.85,0.0,0.3,11.15
182,1,2015-01-20 22:49:11,2015-01-20 23:16:03,1,16.3,-73.78917694091797,40.64181900024414,1,Y,-73.96247100830078,40.7198600769043,1,45.0,0.5,0.5,11.57,0.0,0.3,57.87
183,1,2015-01-20 22:49:11,2015-01-20 23:00:44,1,2.3,-73.95005798339844,40.77193069458008,1,N,-73.97766876220702,40.76336288452149,2,10.5,0.5,0.5,0.0,0.0,0.3,11.8
184,1,2015-01-20 22:49:11,2015-01-20 22:58:46,1,3.5,-73.98789215087889,40.71855163574219,1,N,-73.94770050048828,40.72403717041016,1,12.5,0.5,0.5,2.0,0.0,0.3,15.8
185,1,2015-01-20 22:49:11,2015-01-20 22:58:29,1,2.7,-73.97872161865233,40.75111770629882,1,N,-73.95077514648438,40.77780151367188,1,10.0,0.5,0.5,2.25,0.0,0.3,13.55
186,1,2015-01-20 22:49:11,2015-01-20 22:53:12,1,0.8,-73.96761322021484,40.7659912109375,1,N,-73.95871734619139,40.77565383911133,1,5.5,0.5,0.5,1.0,0.0,0.3,7.8
187,1,2015-01-20 22:49:11,2015-01-20 23:07:20,1,3.7,-73.95762634277344,40.70833206176758,1,N,-74.00062561035155,40.68149566650391,1,15.5,0.5,0.5,1.0,0.0,0.3,17.8
188,1,2015-01-20 22:49:11,2015-01-20 23:11:58,2,6.4,-73.98506164550781,40.723945617675774,1,N,-73.96109008789062,40.65046310424805,1,22.0,0.5,0.5,5.8,0.0,0.3,29.1
189,1,2015-01-20 22:49:12,2015-01-20 22:54:54,1,1.1,-73.99769592285155,40.73781967163086,1,N,-73.98296356201173,40.738815307617195,1,6.0,0.5,0.5,1.0,0.0,0.3,8.3
190,1,2015-01-20 22:49:12,2015-01-20 22:54:48,1,0.9,-73.98553466796875,40.738582611083984,1,N,-73.97918701171875,40.750125885009766,1,6.5,0.5,0.5,1.55,0.0,0.3,9.35
191,1,2015-01-20 22:49:12,2015-01-20 23:05:18,1,5.6,-74.00615692138672,40.70620727539063,1,N,-73.94492340087889,40.68094253540039,1,18.0,0.5,0.5,3.85,0.0,0.3,23.15
192,1,2015-01-20 22:49:12,2015-01-20 22:57:35,1,2.2,-74.00675201416014,40.74382019042969,1,N,-73.981689453125,40.76115036010742,1,9.0,0.5,0.5,2.57,0.0,0.3,12.87
193,1,2015-01-20 22:49:13,2015-01-20 22:57:16,1,1.0,-73.98461151123048,40.7590446472168,1,N,-73.97784423828125,40.754261016845696,1,7.0,0.5,0.5,1.65,0.0,0.3,9.95
194,1,2015-01-20 22:49:13,2015-01-20 23:08:12,2,3.5,-74.00213623046875,40.73708724975586,1,N,-73.95812225341797,40.710445404052734,1,16.0,0.5,0.5,3.46,0.0,0.3,20.76
195,1,2015-01-20 22:49:14,2015-01-20 22:56:46,1,2.3,-73.94812774658203,40.78290557861328,1,N,-73.97039031982422,40.75787353515625,1,9.0,0.5,0.5,1.0,0.0,0.3,11.3
196,1,2015-01-20 22:49:14,2015-01-20 23:14:16,1,6.4,-73.98296356201173,40.77579116821289,1,N,-73.88948822021484,40.74009704589844,2,23.0,0.5,0.5,0.0,0.0,0.3,24.3
197,1,2015-01-20 22:49:14,2015-01-20 22:53:43,1,0.8,-73.9974594116211,40.7417221069336,1,N,-74.00868225097656,40.73815155029297,1,5.0,0.5,0.5,1.26,0.0,0.3,7.56
198,1,2015-01-20 22:49:14,2015-01-20 22:56:49,1,1.7,-73.96156311035155,40.71428680419922,1,N,-73.95230102539062,40.69434356689453,2,7.5,0.5,0.5,0.0,0.0,0.3,8.8
199,1,2015-01-26 13:04:14,2015-01-26 13:10:11,1,0.9,-73.99485778808595,40.734420776367195,1,N,-73.9850082397461,40.7259521484375,1,6.0,0.0,0.5,1.35,0.0,0.3,8.15
200,1,2015-01-26 13:04:15,2015-01-26 13:24:05,1,3.5,-74.01689910888672,40.70619583129882,1,N,-73.99492645263672,40.736282348632805,1,16.0,0.0,0.5,4.2,0.0,0.3,21.0
201,1,2015-01-26 13:04:15,2015-01-26 13:40:37,1,5.7,-73.97531890869139,40.75520324707031,1,N,-73.90412139892578,40.77146530151367,1,25.0,0.0,0.5,5.16,0.0,0.3,30.96
202,1,2015-01-26 13:04:15,2015-01-26 13:19:39,1,2.0,-73.997802734375,40.730255126953125,1,N,-73.97706604003906,40.74711227416992,2,11.5,0.0,0.5,0.0,0.0,0.3,12.3
203,1,2015-01-26 13:04:16,2015-01-26 13:25:12,1,3.2,-73.97026824951173,40.75883102416992,1,N,-73.9735336303711,40.792110443115234,2,16.0,0.0,0.5,0.0,0.0,0.3,16.8
204,1,2015-01-26 13:04:16,2015-01-26 13:09:47,1,0.6,-73.95782470703125,40.76130676269531,1,N,-73.96650695800781,40.76014709472656,2,5.5,0.0,0.5,0.0,0.0,0.3,6.3
205,1,2015-01-26 13:04:17,2015-01-26 13:06:58,1,0.6,-73.95247650146483,40.786331176757805,1,N,-73.95592498779298,40.77887725830078,1,4.0,0.0,0.5,0.95,0.0,0.3,5.75
206,1,2015-01-26 13:04:18,2015-01-26 13:15:21,1,2.1,-73.94444274902342,40.74156188964844,1,N,-73.93110656738281,40.76493453979492,1,9.5,0.0,0.5,1.0,0.0,0.3,11.3
207,1,2015-01-26 13:04:18,2015-01-26 13:09:25,1,1.1,-73.99849700927734,40.76407241821289,1,N,-73.98605346679686,40.769092559814446,2,6.0,0.0,0.5,0.0,0.0,0.3,6.8
208,1,2015-01-26 13:04:19,2015-01-26 13:09:05,1,0.8,-73.95890045166014,40.774856567382805,1,N,-73.95584869384764,40.78226089477539,1,5.0,0.0,0.5,1.15,0.0,0.3,6.95
209,1,2015-01-26 13:04:19,2015-01-26 13:18:32,1,1.8,-74.00326538085938,40.747604370117195,1,N,-73.98308563232422,40.73165512084961,2,10.5,0.0,0.5,0.0,0.0,0.3,11.3
210,1,2015-01-26 13:04:19,2015-01-26 13:11:52,1,1.4,-73.98072814941406,40.78258514404297,1,N,-73.96782684326173,40.802040100097656,1,7.5,0.0,0.5,1.65,0.0,0.3,9.95
211,1,2015-01-26 13:04:20,2015-01-26 13:13:51,1,1.5,-74.00545501708984,40.7388801574707,1,N,-74.01016998291014,40.719772338867195,1,8.0,0.0,0.5,2.6,0.0,0.3,11.4
212,1,2015-01-26 13:04:20,2015-01-26 13:13:34,1,1.6,-74.00994873046875,40.72145462036133,1,N,-73.99384307861328,40.73604965209961,1,8.0,0.0,0.5,1.75,0.0,0.3,10.55
213,1,2015-01-26 13:04:20,2015-01-26 13:19:25,2,1.8,-73.9804458618164,40.76145935058594,1,N,-73.99884033203125,40.744667053222656,1,11.0,0.0,0.5,2.35,0.0,0.3,14.15
214,1,2015-01-26 13:04:21,2015-01-26 13:35:19,1,4.9,-73.9826889038086,40.762031555175774,1,N,-74.01718139648438,40.70538330078125,1,21.0,0.0,0.5,3.0,0.0,0.3,24.8
215,1,2015-01-26 13:04:21,2015-01-26 13:07:10,1,0.7,-73.96267700195312,40.79920196533203,1,N,-73.95492553710938,40.8059196472168,2,4.5,0.0,0.5,0.0,0.0,0.3,5.3
216,1,2015-01-26 13:04:22,2015-01-26 13:12:13,1,1.2,-73.97285461425781,40.762710571289055,1,N,-73.9627685546875,40.77498626708984,1,7.5,0.0,0.5,2.05,0.0,0.3,10.35
217,1,2015-01-26 13:04:22,2015-01-26 13:11:32,1,0.8,-73.97769927978516,40.759174346923835,1,N,-73.98295593261719,40.762794494628906,3,6.0,0.0,0.5,0.0,0.0,0.3,6.8
218,1,2015-01-26 13:04:23,2015-01-26 13:06:27,1,0.7,-73.96732330322266,40.79314041137695,1,N,-73.97190856933594,40.784576416015625,1,4.0,0.0,0.5,0.96,0.0,0.3,5.76
219,1,2015-01-26 13:04:24,2015-01-26 13:12:06,1,0.8,-73.97648620605469,40.73591995239258,1,N,-73.97858428955078,40.7412109375,1,6.5,0.0,0.5,1.45,0.0,0.3,8.75
220,1,2015-01-26 13:04:24,2015-01-26 13:10:50,1,1.1,-73.95674133300781,40.78651428222656,1,N,-73.95899200439453,40.77408599853516,1,6.5,0.0,0.5,1.45,0.0,0.3,8.75
221,1,2015-01-20 23:08:11,2015-01-20 23:23:57,1,4.7,-74.00709533691406,40.74358367919922,1,N,-73.9525146484375,40.77812957763672,1,15.5,0.5,0.5,2.0,0.0,0.3,18.8
222,1,2015-01-20 23:08:11,2015-01-20 23:12:34,1,1.0,-73.98926544189453,40.76847457885742,1,N,-73.97936248779298,40.77691268920898,2,6.0,0.5,0.5,0.0,0.0,0.3,7.3
223,1,2015-01-20 23:08:11,2015-01-20 23:34:45,3,3.7,-73.99502563476561,40.73963165283203,1,N,-73.97621154785155,40.77585220336913,2,19.5,0.5,0.5,0.0,0.0,0.3,20.8
224,1,2015-01-20 23:08:11,2015-01-20 23:17:09,1,1.5,-74.00624084472656,40.734188079833984,1,N,-73.9867172241211,40.73221206665039,1,8.5,0.5,0.5,1.0,0.0,0.3,10.8
225,1,2015-01-20 23:08:12,2015-01-20 23:12:16,1,0.5,-73.9563217163086,40.74740982055664,1,N,-73.95103454589844,40.74512100219727,1,4.5,0.5,0.5,1.15,0.0,0.3,6.95
226,1,2015-01-20 23:08:12,2015-01-20 23:15:27,2,1.5,-73.98763275146483,40.73825073242188,1,N,-73.97010803222656,40.75089645385742,1,7.5,0.5,0.5,1.76,0.0,0.3,10.56
227,1,2015-01-20 23:08:12,2015-01-20 23:12:16,1,1.2,-74.00296783447266,40.72793197631836,1,N,-73.9921646118164,40.74348831176758,1,5.5,0.5,0.5,1.35,0.0,0.3,8.15
228,1,2015-01-20 23:08:12,2015-01-20 23:35:47,1,11.8,-73.99932098388672,40.75442123413086,1,N,-73.8404769897461,40.72182083129882,1,35.0,0.5,0.5,10.85,0.0,0.3,47.15
229,1,2015-01-20 23:08:13,2015-01-20 23:12:51,1,0.6,-73.94992065429686,40.716304779052734,1,N,-73.95106506347656,40.725685119628906,1,5.0,0.5,0.5,1.25,0.0,0.3,7.55
230,1,2015-01-20 23:08:13,2015-01-20 23:14:51,1,1.5,-73.98773956298828,40.769725799560554,1,N,-73.96630096435547,40.77058029174805,1,7.5,0.5,0.5,2.64,0.0,0.3,11.44
231,1,2015-01-20 23:08:13,2015-01-20 23:14:04,1,1.2,-74.00810241699219,40.71242141723633,1,N,-74.00786590576173,40.7124137878418,1,6.5,0.5,0.5,1.0,0.0,0.3,8.8
232,1,2015-01-20 23:08:14,2015-01-20 23:20:02,1,2.4,-73.98588562011719,40.76059722900391,1,N,-74.0091781616211,40.738666534423835,1,10.5,0.5,0.5,2.0,0.0,0.3,13.8
233,1,2015-01-20 23:08:14,2015-01-20 23:14:51,1,1.7,-74.00977325439453,40.70556640625,1,N,-73.98538970947266,40.71440887451172,1,7.5,0.5,0.5,1.0,0.0,0.3,9.8
234,1,2015-01-20 23:08:14,2015-01-20 23:33:40,1,4.9,-74.00340270996092,40.74359893798828,1,N,-73.96893310546875,40.70912551879882,1,20.0,0.5,0.5,2.0,0.0,0.3,23.3
235,1,2015-01-20 23:08:14,2015-01-20 23:16:11,1,1.3,-74.00156402587889,40.7344856262207,1,N,-73.9797134399414,40.73093032836913,1,7.5,0.5,0.5,1.0,0.0,0.3,9.8
236,1,2015-01-20 23:08:15,2015-01-20 23:21:42,1,3.8,-73.99467468261719,40.72500991821289,1,N,-73.95603942871092,40.74171829223633,1,14.0,0.5,0.5,4.1,5.33,0.3,24.73
237,1,2015-01-20 23:08:15,2015-01-20 23:18:10,1,2.3,-73.95800018310547,40.68157958984375,1,N,-73.92234802246092,40.672813415527344,2,9.5,0.5,0.5,0.0,0.0,0.3,10.8
238,1,2015-01-20 23:08:16,2015-01-20 23:18:56,1,2.3,-74.00328063964845,40.74367141723633,1,N,-74.00625610351561,40.7156639099121,2,10.0,0.5,0.5,0.0,0.0,0.3,11.3
239,1,2015-01-20 23:08:16,2015-01-20 23:23:56,1,3.9,-73.9749984741211,40.76028060913086,1,N,-74.00846099853516,40.71146774291992,1,15.0,0.5,0.5,3.25,0.0,0.3,19.55
240,1,2015-01-20 23:08:16,2015-01-20 23:13:26,1,1.3,-73.96892547607422,40.75774765014648,1,N,-73.95770263671875,40.77448654174805,1,6.5,0.5,0.5,1.95,0.0,0.3,9.75
241,1,2015-01-20 23:08:16,2015-01-20 23:35:12,1,20.1,-73.78956604003906,40.64350509643555,1,N,-74.02220153808594,40.617202758789055,2,54.0,0.5,0.5,0.0,0.0,0.3,55.3
242,1,2015-01-20 23:08:17,2015-01-20 23:22:36,1,3.0,-73.97150421142578,40.75823593139648,1,N,-74.0032730102539,40.73538589477539,1,12.5,0.5,0.5,2.75,0.0,0.3,16.55
243,1,2015-01-26 13:17:53,2015-01-26 13:47:37,2,5.0,-73.96863555908203,40.76149368286133,1,N,-73.88400268554686,40.75786590576172,2,21.5,0.0,0.5,0.0,0.0,0.3,22.3
244,1,2015-01-26 13:17:53,2015-01-26 13:21:53,1,0.7,-73.98209381103516,40.76496887207031,1,N,-73.97980499267578,40.757617950439446,2,4.5,0.0,0.5,0.0,0.0,0.3,5.3
245,1,2015-01-26 13:17:53,2015-01-26 13:25:50,1,0.8,-73.96297454833984,40.76930618286133,1,N,-73.97309112548828,40.76446914672852,1,6.5,0.0,0.5,1.45,0.0,0.3,8.75
246,1,2015-01-26 13:17:54,2015-01-26 13:28:47,1,2.1,-73.96236419677734,40.7951545715332,1,N,-73.93818664550781,40.809715270996094,1,9.5,0.0,0.5,2.06,0.0,0.3,12.36
247,1,2015-01-26 13:17:54,2015-01-26 13:54:00,1,7.5,-74.00631713867188,40.70574569702149,1,N,-73.97498321533203,40.792774200439446,1,28.0,0.0,0.5,5.75,0.0,0.3,34.55
248,1,2015-01-26 13:17:54,2015-01-26 13:26:55,1,1.7,-73.9934844970703,40.74713516235352,1,N,-73.99537658691406,40.76207733154297,2,8.0,0.0,0.5,0.0,0.0,0.3,8.8
249,1,2015-01-26 13:17:54,2015-01-26 13:25:11,1,0.5,-73.96385955810547,40.76827239990234,1,N,-73.95603942871092,40.767860412597656,1,6.0,0.0,0.5,0.0,0.0,0.3,6.8
250,1,2015-01-26 13:17:55,2015-01-26 13:35:24,1,2.0,-73.99226379394531,40.68959426879882,1,N,-73.96458435058595,40.67208480834961,1,11.5,0.0,0.5,3.69,0.0,0.3,15.99
251,1,2015-01-26 13:17:55,2015-01-26 13:25:38,1,1.1,-73.98979949951173,40.75738906860352,1,N,-73.9916763305664,40.76773071289063,1,6.5,0.0,0.5,1.0,0.0,0.3,8.3
252,1,2015-01-26 13:17:55,2015-01-26 13:31:11,1,1.4,-73.99744415283203,40.74026107788086,1,N,-73.99079132080078,40.75591659545898,1,9.5,0.0,0.5,3.05,0.0,0.3,13.35
253,1,2015-01-26 13:17:56,2015-01-26 13:28:58,1,1.9,-73.96395111083984,40.807811737060554,1,N,-73.93856811523438,40.80489349365234,2,9.0,0.0,0.5,0.0,0.0,0.3,9.8
254,1,2015-01-26 13:17:56,2015-01-26 13:26:42,1,1.2,-73.97463989257811,40.75960540771485,1,N,-73.95874786376953,40.76387786865234,1,7.5,0.0,0.5,2.0,0.0,0.3,10.3
255,1,2015-01-26 13:17:56,2015-01-26 13:27:14,1,1.4,-73.96598815917967,40.76204681396485,1,N,-73.9527587890625,40.780792236328125,1,8.0,0.0,0.5,1.75,0.0,0.3,10.55
256,1,2015-01-26 13:17:57,2015-01-26 13:25:13,1,1.0,-73.97816467285155,40.75224304199219,1,N,-73.9910430908203,40.76054000854492,1,6.5,0.0,0.5,1.46,0.0,0.3,8.76
257,1,2015-01-26 13:17:57,2015-01-26 13:32:15,2,2.2,-73.95401763916014,40.798866271972656,1,N,-73.95082092285155,40.7756462097168,2,11.0,0.0,0.5,0.0,0.0,0.3,11.8
258,1,2015-01-26 13:17:57,2015-01-26 13:26:55,1,1.6,-73.9979248046875,40.75139236450195,1,N,-73.99030303955078,40.73728561401367,2,8.0,0.0,0.5,0.0,0.0,0.3,8.8
259,1,2015-01-26 13:17:58,2015-01-26 13:29:15,1,1.4,-73.98139190673827,40.75894927978516,1,N,-73.97514343261719,40.74434661865234,1,8.5,0.0,0.5,1.85,0.0,0.3,11.15
260,1,2015-01-26 13:17:58,2015-01-26 13:20:29,1,0.5,-73.95256805419923,40.77846145629882,1,N,-73.94839477539062,40.77393341064453,1,4.0,0.0,0.5,1.0,0.0,0.3,5.8
261,1,2015-01-26 13:17:59,2015-01-26 13:34:33,1,3.4,-73.9676742553711,40.80243682861328,1,Y,-73.96623229980467,40.76617431640625,2,14.0,0.0,0.5,0.0,0.0,0.3,14.8
262,1,2015-01-26 13:18:00,2015-01-26 13:24:05,1,1.1,-74.00797271728516,40.72345352172852,1,N,-74.0110092163086,40.713260650634766,2,6.0,0.0,0.5,0.0,0.0,0.3,6.8
263,1,2015-01-26 13:18:00,2015-01-26 13:30:03,1,1.8,-73.97276306152342,40.780860900878906,1,N,-73.98367309570312,40.76033782958984,2,9.5,0.0,0.5,0.0,0.0,0.3,10.3
264,1,2015-01-26 13:18:01,2015-01-26 13:35:16,1,2.5,-73.99673461914062,40.74776840209961,1,N,-73.96855926513672,40.76758193969727,1,13.0,0.0,0.5,4.0,0.0,0.3,17.8
265,2,2015-01-18 19:49:26,2015-01-18 20:00:26,3,3.8,-73.98129272460938,40.733154296875,1,N,-74.00577545166014,40.709575653076165,1,13.5,0.0,0.5,1.15,0.0,0.3,15.45
266,2,2015-01-18 19:49:26,2015-01-18 19:57:02,1,0.88,-73.98743438720702,40.73892974853516,1,N,-73.98529815673827,40.732025146484375,2,6.5,0.0,0.5,0.0,0.0,0.3,7.3
267,2,2015-01-18 19:49:26,2015-01-18 20:05:06,1,4.5,-73.97422790527344,40.73167037963867,1,N,-73.95479583740233,40.71950149536133,1,16.0,0.0,0.5,3.2,0.0,0.3,20.0
268,2,2015-01-18 19:49:26,2015-01-18 20:01:39,1,6.08,-74.00479888916014,40.70669174194336,1,N,-73.96217346191406,40.76759719848633,1,18.5,0.0,0.5,3.7,0.0,0.3,23.0
269,2,2015-01-18 19:49:26,2015-01-18 19:54:44,1,1.34,-73.96114349365233,40.76070022583008,1,N,-73.95679473876953,40.77629089355469,1,6.5,0.0,0.5,1.3,0.0,0.3,8.6
270,2,2015-01-18 19:49:27,2015-01-18 19:59:51,6,1.81,-73.99364471435547,40.74226760864258,1,N,-73.97503662109375,40.75254821777344,1,9.0,0.0,0.5,2.25,0.0,0.3,12.05
271,2,2015-01-18 19:49:27,2015-01-18 19:58:46,1,1.96,-73.99224090576173,40.74856948852539,1,N,-73.99212646484375,40.76961135864258,1,8.5,0.0,0.5,2.12,0.0,0.3,11.42
272,2,2015-01-18 19:49:27,2015-01-18 20:04:37,5,2.33,-73.99364471435547,40.752227783203125,1,N,-73.98360443115233,40.77943801879882,1,12.0,0.0,0.5,2.4,0.0,0.3,15.2
273,2,2015-01-18 19:49:28,2015-01-18 19:56:40,1,1.22,-73.98111724853516,40.74731063842773,1,N,-73.98760223388672,40.73564910888672,2,7.0,0.0,0.5,0.0,0.0,0.3,7.8
274,2,2015-01-18 19:49:28,2015-01-18 20:19:36,1,18.36,-73.91532135009764,40.76050567626953,1,N,-73.6808090209961,40.73087310791016,1,49.5,0.0,0.5,9.9,0.0,0.3,60.2
275,2,2015-01-18 19:49:29,2015-01-18 20:10:39,1,5.24,-73.99311828613281,40.752197265625,1,N,-73.94712829589844,40.76471328735352,1,19.0,0.0,0.5,3.8,0.0,0.3,23.6
276,2,2015-01-18 19:49:29,2015-01-18 20:06:54,6,3.54,-74.00490570068358,40.728782653808594,1,N,-73.9558334350586,40.715625762939446,1,15.0,0.0,0.5,3.0,0.0,0.3,18.8
277,2,2015-01-18 19:49:29,2015-01-18 20:00:50,5,1.85,-73.97200775146483,40.76268005371094,1,N,-73.98584747314453,40.760528564453125,2,9.5,0.0,0.5,0.0,0.0,0.3,10.3
278,2,2015-01-18 19:49:29,2015-01-18 19:52:49,1,0.6,-73.99282836914062,40.73162841796875,1,N,-74.00283813476561,40.73398208618164,1,4.5,0.5,0.5,1.0,0.0,0.3,6.8
279,2,2015-01-18 19:49:30,2015-01-18 19:56:44,6,1.26,-73.99134826660156,40.75112915039063,1,N,-73.97309875488281,40.749210357666016,2,7.0,0.0,0.5,0.0,0.0,0.3,7.8
280,2,2015-01-18 19:49:31,2015-01-18 20:01:51,2,2.47,-73.97854614257811,40.74504852294922,1,N,-73.98439025878906,40.76976776123047,1,11.0,0.0,0.5,3.3,0.0,0.3,15.1
281,2,2015-01-18 19:49:31,2015-01-18 20:08:02,6,4.0,-73.9710464477539,40.78316116333008,1,N,-73.9883270263672,40.73728561401367,1,16.0,0.0,0.5,3.2,0.0,0.3,20.0
282,2,2015-01-18 19:49:31,2015-01-18 20:06:06,1,4.97,-73.9671630859375,40.803470611572266,1,N,-73.98563385009764,40.7551383972168,1,18.0,0.0,0.5,3.6,0.0,0.3,22.4
283,2,2015-01-18 19:49:31,2015-01-18 19:59:48,1,1.62,-73.99626159667967,40.72173690795898,1,N,-73.99488830566406,40.74025344848633,1,8.5,0.0,0.5,0.7,0.0,0.3,10.0
284,2,2015-01-18 19:49:31,2015-01-18 20:03:55,5,3.12,-73.99175262451173,40.72644805908203,1,N,-73.94837951660156,40.712669372558594,1,13.5,0.0,0.5,2.7,0.0,0.3,17.0
285,2,2015-01-18 19:49:32,2015-01-18 19:57:37,1,2.04,-74.003173828125,40.73305892944336,1,N,-74.00826263427734,40.70792770385742,1,8.5,0.0,0.5,0.7,0.0,0.3,10.0
286,2,2015-01-06 10:02:18,2015-01-06 10:19:11,2,1.16,-73.97437286376953,40.7509765625,1,N,-73.96881866455078,40.764278411865234,1,11.0,0.0,0.5,2.2,0.0,0.3,14.0
287,2,2015-01-06 10:02:18,2015-01-06 10:28:45,2,2.36,-73.97850799560547,40.7442512512207,1,N,-74.00830841064453,40.74901580810546,1,16.0,0.0,0.5,4.0,0.0,0.3,20.8
288,2,2015-01-06 10:02:18,2015-01-06 10:31:54,1,6.13,-74.00076293945312,40.675777435302734,1,N,-73.99229431152342,40.744407653808594,2,23.5,0.0,0.5,0.0,5.33,0.3,29.63
289,2,2015-01-06 10:02:18,2015-01-06 10:14:06,1,1.3,-74.00029754638672,40.67797088623047,1,N,-73.99102020263672,40.69327545166016,2,8.5,0.0,0.5,0.0,0.0,0.3,9.3
290,2,2015-01-06 10:02:19,2015-01-06 10:09:54,1,0.79,-73.9552993774414,40.773380279541016,1,N,-73.96224975585938,40.76367950439453,1,6.5,0.0,0.5,1.3,0.0,0.3,8.6
291,2,2015-01-06 10:02:19,2015-01-06 10:11:08,1,0.94,-73.99591064453125,40.738529205322266,1,N,-73.98458099365233,40.7434196472168,2,7.0,0.0,0.5,0.0,0.0,0.3,7.8
292,2,2015-01-06 10:02:20,2015-01-06 10:27:04,1,2.23,-73.97742462158203,40.76474380493164,1,N,-73.97481536865233,40.741973876953125,2,15.0,0.0,0.5,0.0,0.0,0.3,15.8
293,2,2015-01-06 10:02:20,2015-01-06 10:06:17,1,0.66,-73.971923828125,40.76274871826172,1,N,-73.9656982421875,40.771427154541016,1,4.5,0.0,0.5,1.0,0.0,0.3,6.3
294,2,2015-01-06 10:02:20,2015-01-06 10:47:51,1,19.7,-74.01023864746092,40.710723876953125,1,N,-73.82711791992188,40.879898071289055,2,56.0,0.0,0.5,0.0,0.0,0.3,56.8
295,2,2015-01-06 10:02:21,2015-01-06 10:13:53,1,0.75,-74.00145721435547,40.73109436035156,1,N,-74.00738525390625,40.72873306274414,1,8.0,0.0,0.5,1.0,0.0,0.3,9.8
296,2,2015-01-06 10:02:21,2015-01-06 10:14:31,1,1.12,-73.9780044555664,40.74873733520508,1,N,-73.98867797851561,40.73696517944336,1,8.5,0.0,0.5,1.7,0.0,0.3,11.0
297,2,2015-01-06 10:02:21,2015-01-06 10:07:37,1,1.02,-73.98429107666014,40.7797966003418,1,N,-73.98858642578125,40.76824569702149,1,5.5,0.0,0.5,1.0,0.0,0.3,7.3
298,2,2015-01-06 10:02:22,2015-01-06 10:12:00,2,0.6,-73.96598815917967,40.76239776611328,1,N,-73.95726776123048,40.761905670166016,1,7.0,0.0,0.5,2.1,0.0,0.3,9.9
299,2,2015-01-06 10:02:23,2015-01-06 10:08:19,1,0.61,-73.9532470703125,40.76581573486328,1,N,-73.95284271240233,40.77245330810546,2,5.5,0.0,0.5,0.0,0.0,0.3,6.3
300,2,2015-01-06 10:02:23,2015-01-06 10:15:38,3,1.34,-73.99346160888672,40.76220703125,1,N,-73.97631072998048,40.763553619384766,2,9.5,0.0,0.5,0.0,0.0,0.3,10.3
301,2,2015-01-06 10:02:23,2015-01-06 10:16:21,1,3.38,-73.98588562011719,40.75597381591797,1,N,-74.01039123535155,40.730445861816406,2,13.0,0.0,0.5,0.0,0.0,0.3,13.8
302,2,2015-01-06 10:02:24,2015-01-06 10:17:02,1,1.36,-73.95669555664062,40.77062225341797,1,N,-73.9713592529297,40.76043319702149,1,10.0,0.0,0.5,1.0,0.0,0.3,11.8
303,2,2015-01-06 10:02:25,2015-01-06 10:08:48,6,0.77,-73.98265075683594,40.7346305847168,1,N,-73.97472381591797,40.74216079711913,1,6.0,0.0,0.5,1.0,0.0,0.3,7.8
304,2,2015-01-08 16:23:59,2015-01-08 16:30:54,1,0.84,-73.9996337890625,40.73351287841797,1,N,-73.99267578125,40.72602081298828,1,6.0,1.0,0.5,1.4,0.0,0.3,9.2
305,1,2015-01-17 23:39:53,2015-01-18 00:01:22,2,5.4,-74.00333404541014,40.73354721069336,1,N,-73.94673919677734,40.77751541137695,1,19.5,0.5,0.5,4.16,0.0,0.3,24.96
306,1,2015-01-17 23:39:54,2015-01-17 23:59:27,2,3.1,-73.99178314208984,40.727214813232415,1,N,-73.9807891845703,40.6861572265625,1,15.5,0.5,0.5,3.35,0.0,0.3,20.15
307,1,2015-01-17 23:39:54,2015-01-17 23:49:24,3,2.0,-74.01408386230467,40.67640686035156,1,N,-73.9954376220703,40.68307876586913,1,8.5,0.5,0.5,1.95,0.0,0.3,11.75
308,1,2015-01-17 23:39:55,2015-01-18 00:02:29,4,4.7,-73.94640350341797,40.77728271484375,1,N,-73.9915771484375,40.727298736572266,2,18.5,0.5,0.5,0.0,0.0,0.3,19.8
309,1,2015-01-17 23:39:55,2015-01-17 23:44:47,1,1.0,-73.9432144165039,40.71468353271485,1,N,-73.94112396240233,40.725933074951165,1,5.5,0.5,0.5,2.04,0.0,0.3,8.84
310,1,2015-01-17 23:39:55,2015-01-17 23:49:46,2,2.0,-73.99455261230467,40.7261962890625,1,N,-73.97831726074217,40.75149917602539,2,9.5,0.5,0.5,0.0,0.0,0.3,10.8
311,1,2015-01-17 23:39:55,2015-01-17 23:43:11,1,0.4,-73.99351501464844,40.72745132446289,1,N,-73.988037109375,40.73222351074219,1,4.0,0.5,0.5,1.06,0.0,0.3,6.36
312,1,2015-01-17 23:39:56,2015-01-17 23:43:09,1,1.1,-73.96285247802734,40.77505493164063,1,N,-73.95276641845702,40.78409194946289,2,5.0,0.5,0.5,0.0,0.0,0.3,6.3
313,1,2015-01-17 23:39:56,2015-01-17 23:59:22,1,3.1,-73.97247314453125,40.75958251953125,1,N,-73.9934844970703,40.72196578979492,1,15.0,0.5,0.5,4.07,0.0,0.3,20.37
314,1,2015-01-17 23:39:56,2015-01-18 00:09:58,1,15.5,-73.7826156616211,40.644390106201165,1,N,-73.94766235351561,40.72274017333984,1,44.0,0.5,0.5,11.32,0.0,0.3,56.62
315,1,2015-01-17 23:39:57,2015-01-17 23:43:57,1,0.6,-73.9522933959961,40.7815055847168,1,N,-73.95384979248048,40.777076721191406,1,4.5,0.5,0.5,1.15,0.0,0.3,6.95
316,1,2015-01-17 23:39:57,2015-01-17 23:47:56,3,1.6,-73.98542785644531,40.74431610107422,1,N,-73.96981048583984,40.7591667175293,1,8.0,0.5,0.5,1.85,0.0,0.3,11.15
317,1,2015-01-17 23:39:57,2015-01-17 23:57:48,2,5.3,-73.98322296142578,40.72677993774414,1,N,-73.94905853271484,40.754180908203125,2,18.5,0.5,0.5,0.0,0.0,0.3,19.8
318,1,2015-01-17 23:39:58,2015-01-18 00:10:08,3,12.3,-73.98583984375,40.73109436035156,1,N,-73.93465423583984,40.85124206542969,1,37.0,0.5,0.5,6.0,0.0,0.3,44.3
319,2,2015-01-08 16:24:00,2015-01-08 16:35:14,1,1.91,-73.9700469970703,40.7596435546875,1,N,-73.95510864257811,40.7831916809082,2,10.0,1.0,0.5,0.0,0.0,0.3,11.8
320,2,2015-01-08 16:24:00,2015-01-08 16:33:53,1,2.46,-74.00419616699219,40.74760055541992,1,N,-73.97662353515625,40.76421737670898,1,10.0,1.0,0.5,2.75,0.0,0.3,14.55
321,2,2015-01-08 16:24:00,2015-01-08 16:37:12,1,1.67,-73.99748229980467,40.72433853149414,1,N,-74.00763702392578,40.70528030395508,1,10.0,1.0,0.5,2.2,0.0,0.3,14.0
322,2,2015-01-08 16:24:00,2015-01-08 16:40:33,1,3.2,-73.97644805908203,40.75907516479492,1,N,-74.00370788574217,40.72249603271485,1,13.0,1.0,0.5,3.0,0.0,0.3,17.8
323,2,2015-01-08 16:24:00,2015-01-08 16:36:34,1,0.53,-73.95838928222656,40.77558135986328,1,N,-73.9632110595703,40.7692756652832,1,8.5,1.0,0.5,1.9,0.0,0.3,12.2
324,2,2015-01-08 16:24:00,2015-01-08 16:36:47,1,1.88,-73.949951171875,40.80179214477539,1,N,-73.95719146728516,40.780437469482415,1,10.0,1.0,0.5,2.2,0.0,0.3,14.0
325,2,2015-01-08 16:24:00,2015-01-08 16:32:01,2,1.33,-73.97742462158203,40.75206756591797,1,N,-73.98502349853516,40.74630737304688,1,7.5,1.0,0.5,1.7,0.0,0.3,11.0
326,2,2015-01-08 16:24:00,2015-01-08 16:41:39,1,2.88,-73.95918273925781,40.71202850341797,1,N,-73.9299545288086,40.699317932128906,1,13.5,1.0,0.5,0.0,0.0,0.3,15.3
327,2,2015-01-08 16:24:00,2015-01-08 16:33:11,1,1.54,-73.99335479736328,40.72945022583008,1,N,-73.98271942138672,40.7453727722168,2,8.0,1.0,0.5,0.0,0.0,0.3,9.8
328,2,2015-01-08 16:24:01,2015-01-08 16:57:08,1,1.13,-73.95458221435547,40.7696533203125,1,N,-73.9659652709961,40.76531600952149,1,19.0,1.0,0.5,4.0,0.0,0.3,24.8
329,2,2015-01-08 16:24:01,2015-01-08 16:32:56,1,0.85,-73.96463012695312,40.77300262451172,1,N,-73.95525360107422,40.779312133789055,1,7.0,1.0,0.5,1.6,0.0,0.3,10.4
330,2,2015-01-08 16:24:01,2015-01-08 16:48:20,1,4.77,-74.01303100585938,40.716751098632805,1,N,-73.97935485839844,40.762577056884766,2,20.0,1.0,0.5,0.0,0.0,0.3,21.8
331,2,2015-01-08 16:24:01,2015-01-08 16:37:52,2,1.7,-73.988525390625,40.77425384521485,1,N,-73.97149658203125,40.76050567626953,1,10.5,1.0,0.5,1.5,0.0,0.3,13.8
332,2,2015-01-08 16:24:01,2015-01-08 16:37:10,1,1.29,-73.98237609863281,40.74574279785156,1,N,-73.98939514160156,40.75627136230469,2,9.0,1.0,0.5,0.0,0.0,0.3,10.8
333,2,2015-01-08 16:24:01,2015-01-08 16:36:03,1,2.2,-73.98560333251953,40.773250579833984,1,N,-73.9672622680664,40.79361343383789,1,10.0,1.0,0.5,0.0,0.0,0.3,11.8
334,2,2015-01-08 16:24:02,2015-01-08 16:50:53,1,8.75,-73.87310791015625,40.77413177490234,1,N,-73.97210693359375,40.75682830810546,1,28.5,1.0,0.5,6.97,5.33,0.3,42.6
335,2,2015-01-08 16:24:02,2015-01-08 16:30:51,1,1.28,-73.96090698242188,40.76928329467773,1,N,-73.9487075805664,40.78287124633789,2,6.5,1.0,0.5,0.0,0.0,0.3,8.3
336,2,2015-01-08 16:24:02,2015-01-08 16:37:24,5,4.54,-73.96881866455078,40.75867462158203,1,N,-73.97916412353516,40.72013854980469,1,15.5,1.0,0.5,2.75,0.0,0.3,20.05
337,2,2015-01-08 16:24:03,2015-01-08 16:44:42,1,3.26,-73.95565795898438,40.76938629150391,1,N,-73.99241638183594,40.75827026367188,1,15.0,1.0,0.5,3.2,0.0,0.3,20.0
338,2,2015-01-08 16:24:04,2015-01-08 16:29:26,2,1.14,-73.95104217529298,40.78253173828125,1,N,-73.95868682861328,40.76866149902344,1,6.0,1.0,0.5,1.4,0.0,0.3,9.2
339,2,2015-01-28 21:50:16,2015-01-28 22:00:10,5,1.6,-73.9720230102539,40.749706268310554,1,N,-73.98629760742188,40.74517059326172,2,8.5,0.5,0.5,0.0,0.0,0.3,9.8
340,1,2015-01-21 00:53:22,2015-01-21 01:05:29,1,4.6,-74.00920104980467,40.713409423828125,1,N,-73.94156646728516,40.723365783691406,1,15.0,0.5,0.5,2.0,0.0,0.3,18.3
341,2,2015-01-28 21:50:16,2015-01-28 22:09:25,1,5.1,-74.00957489013672,40.721466064453125,1,N,-73.96842956542967,40.76729583740234,1,18.0,0.5,0.5,3.86,0.0,0.3,23.16
342,2,2015-01-28 21:50:17,2015-01-28 21:55:29,1,0.86,-73.9794921875,40.75048828125,1,N,-73.99131011962889,40.750198364257805,1,5.5,0.5,0.5,1.0,0.0,0.3,7.8
343,2,2015-01-28 21:50:17,2015-01-28 21:50:20,1,0.08,0.0,0.0,5,N,0.0,0.0,1,50.0,0.0,0.5,0.0,0.0,0.3,50.8
344,2,2015-01-28 21:50:17,2015-01-28 21:56:12,4,1.39,-73.9529571533203,40.78293991088867,1,N,-73.97236633300781,40.7867317199707,1,7.0,0.5,0.5,1.66,0.0,0.3,9.96
345,2,2015-01-28 21:50:18,2015-01-28 21:53:25,5,1.32,-73.93958282470702,40.801490783691406,1,N,-73.95069885253906,40.78618621826172,1,5.5,0.5,0.5,1.36,0.0,0.3,8.16
346,2,2015-01-28 21:50:18,2015-01-28 22:17:41,2,6.76,-73.98884582519531,40.76026153564453,1,N,-73.96566009521484,40.68678665161133,1,24.0,0.5,0.5,4.9,0.0,0.3,30.2
347,2,2015-01-28 21:50:18,2015-01-28 22:11:18,1,8.62,-73.8766098022461,40.77272033691406,1,N,-73.98603057861328,40.75416946411133,2,26.0,0.5,0.5,0.0,5.33,0.3,32.63
348,2,2015-01-28 21:50:18,2015-01-28 22:07:54,1,3.8,-73.9754867553711,40.760372161865234,1,N,-74.01042938232422,40.72365951538086,1,15.0,0.5,0.5,3.1,0.0,0.3,19.4
349,2,2015-01-28 21:50:18,2015-01-28 22:00:24,1,1.65,-73.97483825683594,40.755718231201165,1,N,-73.99427032470702,40.746280670166016,1,8.5,0.5,0.5,1.8,0.0,0.3,11.6
350,2,2015-01-28 21:50:18,2015-01-28 22:04:26,1,3.16,-73.98313903808595,40.77152633666992,1,N,-73.9801254272461,40.738651275634766,2,12.5,0.5,0.5,0.0,0.0,0.3,13.8
351,2,2015-01-28 21:50:18,2015-01-28 22:04:00,1,3.52,-73.97718811035155,40.764259338378906,1,N,-73.95172882080078,40.80411529541016,1,13.5,0.5,0.5,2.0,0.0,0.3,16.8
352,2,2015-01-28 21:50:19,2015-01-28 21:56:05,1,0.72,-73.99217987060547,40.71508026123047,1,N,-74.00406646728516,40.716121673583984,2,5.5,0.5,0.5,0.0,0.0,0.3,6.8
353,2,2015-01-28 21:50:19,2015-01-28 22:06:55,1,4.65,-74.01444244384764,40.70367050170898,1,N,-73.99117279052734,40.751270294189446,1,17.5,0.5,0.5,3.76,0.0,0.3,22.56
354,2,2015-01-28 21:50:19,2015-01-28 21:59:10,1,1.48,-73.97072601318358,40.761600494384766,1,N,-73.98223876953125,40.77706146240234,1,8.0,0.5,0.5,1.0,0.0,0.3,10.3
355,2,2015-01-28 21:50:20,2015-01-28 22:11:30,1,5.56,-74.00670623779298,40.74422836303711,1,N,-73.99629211425781,40.68100357055664,1,20.0,0.5,0.5,4.26,0.0,0.3,25.56
356,2,2015-01-28 21:50:20,2015-01-28 21:58:16,1,1.69,-73.9611587524414,40.71894073486328,1,N,-73.94573211669923,40.72542190551758,1,7.5,0.5,0.5,1.76,0.0,0.3,10.56
357,2,2015-01-28 21:50:21,2015-01-28 21:57:45,1,1.69,-73.96939849853516,40.761043548583984,1,N,-73.9822540283203,40.776660919189446,2,7.5,0.5,0.5,0.0,0.0,0.3,8.8
358,2,2015-01-28 21:50:21,2015-01-28 21:58:48,5,1.26,-73.98981475830078,40.71912384033203,1,N,-74.00743103027342,40.72731018066406,2,7.5,0.5,0.5,0.0,0.0,0.3,8.8
359,2,2015-01-28 21:50:22,2015-01-28 22:12:44,5,8.86,-74.01331329345702,40.70523834228516,1,N,-73.95034790039062,40.783878326416016,1,27.0,0.5,0.5,5.66,0.0,0.3,33.96
360,2,2015-01-28 21:50:22,2015-01-28 22:05:41,1,3.97,0.0,0.0,1,N,0.0,0.0,1,14.0,0.5,0.5,4.35,0.0,0.3,19.65
361,2,2015-01-28 21:50:23,2015-01-28 21:58:17,1,1.96,-73.9988555908203,40.73464584350586,1,N,-73.97864532470702,40.75252151489258,1,8.5,0.5,0.5,1.96,0.0,0.3,11.76
362,2,2015-01-01 01:08:55,2015-01-01 01:19:20,5,0.96,-73.99510955810547,40.76943206787109,1,N,-73.98368835449217,40.76670837402344,2,8.0,0.5,0.5,0.0,0.0,0.3,9.3
363,2,2015-01-01 01:08:55,2015-01-01 01:35:20,1,5.78,-74.00782775878906,40.714859008789055,1,N,-73.93966674804686,40.67459487915039,1,23.0,0.5,0.5,4.7,0.0,0.3,29.0
364,2,2015-01-01 01:08:55,2015-01-01 01:20:15,1,1.71,-73.95723724365233,40.76411056518555,1,N,-73.9843521118164,40.77487564086913,1,9.5,0.5,0.5,2.5,0.0,0.3,13.3
365,2,2015-01-01 01:08:55,2015-01-01 01:28:44,6,5.53,-74.01639556884764,40.706401824951165,1,N,-73.97679901123048,40.747535705566406,1,19.5,0.5,0.5,4.0,0.0,0.3,24.8
366,2,2015-01-01 01:08:55,2015-01-01 01:50:14,2,7.07,-73.97522735595702,40.79021072387695,1,N,-74.01043701171875,40.72954940795898,2,30.0,0.5,0.5,0.0,0.0,0.3,31.3
367,1,2015-01-01 01:08:56,2015-01-01 01:19:50,5,2.3,-73.94623565673827,40.79215240478516,1,N,-73.95964050292967,40.76597595214844,1,10.0,0.5,0.5,3.0,0.0,0.0,14.3
368,1,2015-01-01 01:08:56,2015-01-01 01:27:57,1,6.0,-73.98661804199219,40.73935317993164,1,N,-73.94915771484375,40.80516052246094,1,18.7,0.5,0.5,6.0,0.0,0.0,26.0
369,1,2015-01-01 01:08:56,2015-01-01 01:59:34,2,7.2,-73.98651123046875,40.76692581176758,1,N,-73.9766845703125,40.68293762207031,2,34.5,0.5,0.5,0.0,0.0,0.0,35.8
370,1,2015-01-01 01:08:56,2015-01-01 01:22:59,1,4.0,-73.96756744384764,40.756160736083984,1,N,-73.91822052001953,40.7553939819336,1,14.5,0.5,0.5,3.0,0.0,0.0,18.8
371,1,2015-01-01 01:08:56,2015-01-01 01:19:40,3,2.1,-73.97705841064453,40.76070785522461,1,N,-73.95285034179686,40.766578674316406,1,9.5,0.5,0.5,3.2,0.0,0.0,14.0
372,1,2015-01-01 01:08:56,2015-01-01 01:08:56,4,0.0,-73.9807891845703,40.676605224609375,1,Y,0.0,0.0,2,20.0,0.5,0.5,0.0,0.0,0.0,21.3
373,2,2015-01-01 01:08:56,2015-01-01 01:23:23,1,3.04,-73.96573638916014,40.7552146911621,1,N,-73.97551727294923,40.78539276123047,1,12.5,0.5,0.5,2.6,0.0,0.3,16.4
374,2,2015-01-01 01:08:56,2015-01-01 01:13:57,6,0.59,-73.98292541503906,40.744773864746094,1,N,-73.99074554443358,40.74544525146485,1,5.0,0.5,0.5,1.1,0.0,0.3,7.4
375,2,2015-01-01 01:08:56,2015-01-01 01:12:58,6,0.87,-73.99925231933594,40.74421691894531,1,N,-73.99137115478516,40.75489044189453,2,5.0,0.5,0.5,0.0,0.0,0.3,6.3
376,2,2015-01-01 01:08:56,2015-01-01 01:32:33,1,3.67,-73.98076629638672,40.78261566162109,1,N,-73.97414398193358,40.744102478027344,1,17.0,0.5,0.5,3.5,0.0,0.3,21.8
377,2,2015-01-01 01:08:56,2015-01-01 01:12:57,5,0.77,-73.98808288574217,40.732177734375,1,N,-73.98091125488281,40.73345565795898,1,5.0,0.5,0.5,0.0,0.0,0.3,6.3
378,2,2015-01-01 01:08:56,2015-01-01 01:18:58,6,2.35,-73.94551849365233,40.77436447143555,1,N,-73.97305297851561,40.792945861816406,1,10.0,0.5,0.5,1.25,0.0,0.3,12.55
379,2,2015-01-01 01:08:56,2015-01-01 01:15:56,1,1.68,-73.97808074951173,40.78311538696289,1,N,-73.96141052246092,40.80026245117188,1,7.5,0.5,0.5,1.6,0.0,0.3,10.4
380,2,2015-01-01 01:08:56,2015-01-01 01:14:51,4,0.88,-73.96419525146483,40.767822265625,1,N,-73.9622344970703,40.758934020996094,2,6.0,0.5,0.5,0.0,0.0,0.3,7.3
381,1,2015-01-01 01:08:57,2015-01-01 01:23:23,2,2.1,-73.98717498779298,40.72057723999024,1,N,-73.98603820800781,40.72255706787109,2,11.5,0.5,0.5,0.0,0.0,0.0,12.8
382,1,2015-01-01 01:08:57,2015-01-01 01:17:08,2,1.2,-73.93605804443358,40.70019912719727,1,N,-73.94711303710938,40.711387634277344,2,7.0,0.5,0.5,0.0,0.0,0.0,8.3
383,1,2015-01-01 01:08:57,2015-01-01 01:31:03,1,4.2,-74.00593566894531,40.73178863525391,1,N,-73.97265625,40.687408447265625,1,17.7,0.5,0.5,3.0,0.0,0.0,22.0
384,2,2015-01-01 05:29:47,2015-01-01 05:42:08,2,3.27,-73.984619140625,40.72965240478516,1,N,-73.98688507080078,40.76266860961913,2,12.5,0.5,0.5,0.0,0.0,0.3,13.8
385,2,2015-01-01 05:29:47,2015-01-01 05:49:54,1,8.88,-73.91870880126953,40.701316833496094,1,N,-73.8615493774414,40.76821517944336,1,26.5,0.5,0.5,6.75,0.0,0.3,34.55
386,1,2015-01-01 05:29:48,2015-01-01 05:37:10,1,2.7,-74.00657653808594,40.73189926147461,1,N,-73.98014068603516,40.75857162475586,1,9.5,0.5,0.5,2.15,0.0,0.0,12.95
387,2,2015-01-01 05:29:48,2015-01-01 05:31:12,1,0.41,-73.95713043212889,40.729202270507805,1,N,-73.95133972167967,40.7287483215332,1,3.5,0.5,0.5,1.0,0.0,0.3,5.8
388,2,2015-01-01 05:29:48,2015-01-01 05:34:47,2,1.29,-73.93379211425781,40.69626998901367,1,N,-73.95371246337889,40.70705032348633,1,6.5,0.5,0.5,1.4,0.0,0.3,9.2
389,2,2015-01-01 05:29:48,2015-01-01 05:46:49,1,2.49,-74.0067367553711,40.731155395507805,1,N,-73.99024963378906,40.71767807006836,2,12.0,0.5,0.5,0.0,0.0,0.3,13.3
390,2,2015-01-01 05:29:48,2015-01-01 05:43:17,2,6.57,-73.99027252197266,40.76335144042969,1,N,-73.94750213623048,40.83071517944336,2,20.5,0.5,0.5,0.0,0.0,0.3,21.8
391,1,2015-01-01 05:29:49,2015-01-01 05:46:29,1,4.1,-73.98795318603516,40.73823928833008,1,N,-73.94812774658203,40.710567474365234,1,16.0,0.5,0.5,3.45,0.0,0.0,20.75
392,1,2015-01-01 05:29:49,2015-01-01 05:31:50,2,0.6,-73.97810363769531,40.729339599609375,1,N,-73.97638702392578,40.72317123413086,2,4.0,0.5,0.5,0.0,0.0,0.0,5.3
393,2,2015-01-01 05:29:49,2015-01-01 05:38:09,1,1.52,-73.91512298583984,40.76382827758789,1,N,-73.9231719970703,40.74549865722656,2,8.0,0.5,0.5,0.0,0.0,0.3,9.3
394,2,2015-01-01 05:29:49,2015-01-01 05:36:47,2,0.99,-73.94185638427734,40.837936401367195,1,N,-73.93789672851561,40.84987258911133,1,6.5,0.5,0.5,0.0,0.0,0.3,7.8
395,1,2015-01-01 05:29:50,2015-01-01 05:48:55,1,3.6,-73.9427032470703,40.81684494018555,1,N,-73.93190002441406,40.8578987121582,1,15.5,0.5,0.5,0.0,0.0,0.0,16.8
396,2,2015-01-01 05:29:50,2015-01-01 05:54:13,1,17.46,-73.98296356201173,40.757415771484375,3,N,-74.17719268798828,40.6950569152832,1,64.0,0.5,0.0,1.0,16.0,0.3,81.8
397,2,2015-01-01 05:29:50,2015-01-01 05:31:15,1,0.35,-73.9857177734375,40.723159790039055,1,N,-73.98717498779298,40.72749710083008,2,3.5,0.5,0.5,0.0,0.0,0.3,4.8
398,2,2015-01-01 05:29:50,2015-01-01 05:35:46,1,1.56,-73.98381805419923,40.76190948486328,1,N,-74.00050354003906,40.747928619384766,2,7.0,0.5,0.5,0.0,0.0,0.3,8.3
399,2,2015-01-01 05:29:50,2015-01-01 05:44:28,1,3.0,-73.96295928955078,40.71183776855469,1,N,-73.92656707763672,40.695667266845696,2,13.0,0.5,0.5,0.0,0.0,0.3,14.3
400,2,2015-01-01 05:29:50,2015-01-01 05:50:45,3,7.47,-73.9981689453125,40.735450744628906,1,N,-73.95267486572266,40.81083297729492,2,24.0,0.5,0.5,0.0,0.0,0.3,25.3
401,2,2015-01-01 05:29:51,2015-01-01 05:35:03,1,0.75,-73.95201110839844,40.7975959777832,1,N,-73.95797729492188,40.79988098144531,2,5.5,0.5,0.5,0.0,0.0,0.3,6.8
402,2,2015-01-01 05:29:51,2015-01-01 05:43:35,5,6.88,-74.00640869140625,40.7140998840332,1,N,-73.95027160644531,40.775390625,1,21.0,0.5,0.5,4.3,0.0,0.3,26.6
403,1,2015-01-01 05:29:52,2015-01-01 05:36:04,1,1.8,-73.97935485839844,40.74379348754882,1,N,-74.00155639648438,40.73738479614258,1,7.5,0.5,0.5,2.2,0.0,0.0,11.0
404,1,2015-01-01 05:29:52,2015-01-01 05:38:00,1,1.6,-73.99925231933594,40.72159194946289,1,N,-73.98368072509764,40.727684020996094,1,7.7,0.5,0.5,1.8,0.0,0.0,10.8
405,1,2015-01-01 05:29:52,2015-01-01 05:34:16,5,0.8,-73.98023223876953,40.74568176269531,1,N,-73.99101257324217,40.750312805175774,2,5.5,0.5,0.5,0.0,0.0,0.0,6.8
406,1,2015-01-28 10:49:54,2015-01-28 10:55:48,1,0.7,-73.96774291992188,40.76861190795898,1,N,-73.96827697753906,40.76155853271485,2,5.5,0.0,0.5,0.0,0.0,0.3,6.3
407,1,2015-01-28 10:49:55,2015-01-28 10:57:37,1,0.8,-73.95558166503906,40.77699661254882,1,N,-73.9640121459961,40.77005386352539,2,6.5,0.0,0.5,0.0,0.0,0.3,7.3
408,1,2015-01-28 10:49:55,2015-01-28 10:57:22,1,1.5,-74.0072250366211,40.733985900878906,1,N,-74.01143646240233,40.71499633789063,1,7.5,0.0,0.5,1.65,0.0,0.3,9.95
409,1,2015-01-28 10:49:56,2015-01-28 11:21:17,1,3.3,-73.9573516845703,40.77432632446289,1,N,-73.99195861816406,40.7474021911621,1,20.0,0.0,0.5,4.15,0.0,0.3,24.95
410,1,2015-01-28 10:49:56,2015-01-28 11:05:09,1,2.2,-73.9709243774414,40.796024322509766,1,N,-73.9816665649414,40.76634216308594,1,11.5,0.0,0.5,1.5,0.0,0.3,13.8
411,1,2015-01-28 10:49:57,2015-01-28 11:00:46,1,1.0,-73.95097351074217,40.77499008178711,1,N,-73.96331024169923,40.768749237060554,2,8.0,0.0,0.5,0.0,0.0,0.3,8.8
412,1,2015-01-28 10:49:57,2015-01-28 10:52:36,1,0.4,-73.99168395996092,40.74015045166016,1,N,-73.99224090576173,40.735736846923835,1,4.0,0.0,0.5,1.2,0.0,0.3,6.0
413,1,2015-01-28 10:49:58,2015-01-28 10:57:55,1,0.8,-73.94457244873048,40.77965927124024,1,N,-73.95656585693358,40.77803802490234,1,6.5,0.0,0.5,1.45,0.0,0.3,8.75
414,1,2015-01-28 10:50:00,2015-01-28 11:02:15,1,1.6,-73.97865295410156,40.73681640625,1,N,-73.97539520263672,40.75460433959961,1,9.5,0.0,0.5,1.7,0.0,0.3,12.0
415,1,2015-01-28 10:50:00,2015-01-28 11:02:54,1,1.7,-73.96236419677734,40.77274703979492,1,N,-73.97859954833984,40.7581787109375,1,10.0,0.0,0.5,2.15,0.0,0.3,12.95
416,1,2015-01-28 10:50:01,2015-01-28 10:55:55,1,0.6,-73.9664306640625,40.75332260131836,1,N,-73.96768188476561,40.75905227661133,2,5.5,0.0,0.5,0.0,0.0,0.3,6.3
417,1,2015-01-28 10:50:01,2015-01-28 11:28:06,3,17.5,-73.78255462646483,40.6445198059082,2,N,-73.98393249511719,40.7551155090332,2,52.0,0.0,0.5,0.0,5.33,0.3,58.13
418,1,2015-01-28 10:50:02,2015-01-28 11:04:18,1,1.6,-73.96468353271484,40.75577163696289,1,N,-73.96640777587889,40.77222442626953,2,10.0,0.0,0.5,0.0,0.0,0.3,10.8
419,1,2015-01-28 10:50:02,2015-01-28 10:55:45,1,0.4,-73.95703125,40.77064514160156,1,N,-73.9632568359375,40.76822280883789,1,5.0,0.0,0.5,1.0,0.0,0.3,6.8
420,1,2015-01-28 10:50:02,2015-01-28 11:08:32,1,3.2,-73.9872055053711,40.76012802124024,1,N,-74.00787353515625,40.72962188720703,2,14.5,0.0,0.5,0.0,0.0,0.3,15.3
421,1,2015-01-28 10:50:03,2015-01-28 10:52:38,1,0.3,-73.96291351318358,40.76632308959961,1,N,-73.96665954589844,40.769561767578125,1,4.0,0.0,0.5,0.95,0.0,0.3,5.75
422,1,2015-01-28 10:50:04,2015-01-28 11:06:44,2,2.3,-73.98728942871094,40.74906539916992,1,N,-73.99177551269531,40.722354888916016,1,12.0,0.0,0.5,2.55,0.0,0.3,15.35
423,1,2015-01-28 10:50:04,2015-01-28 11:14:48,1,18.0,-73.78166961669923,40.64458847045898,1,N,-73.91983795166014,40.80952072143555,1,48.5,0.0,0.5,5.0,5.33,0.3,59.63
424,1,2015-01-28 10:50:05,2015-01-28 10:54:37,1,0.6,-73.9569320678711,40.76642990112305,1,N,-73.95900726318358,40.77313995361328,1,5.0,0.0,0.5,1.45,0.0,0.3,7.25
425,1,2015-01-28 10:50:05,2015-01-28 11:13:48,1,7.0,-73.95742797851561,40.811805725097656,1,N,-73.98937225341797,40.74410629272461,1,24.0,0.0,0.5,6.2,0.0,0.3,31.0
426,1,2015-01-28 10:50:05,2015-01-28 11:00:32,1,1.2,-73.99394226074217,40.731983184814446,1,N,-73.99960327148438,40.74392318725586,1,8.0,0.0,0.5,1.75,0.0,0.3,10.55
427,1,2015-01-28 10:50:05,2015-01-28 11:19:52,2,7.2,-73.99744415283203,40.73357391357422,1,N,-73.9615936279297,40.77994155883789,2,26.0,0.0,0.5,0.0,0.0,0.3,26.8
428,1,2015-01-07 19:57:52,2015-01-07 20:14:20,1,7.0,-74.00786590576173,40.70515060424805,1,N,-73.95243072509764,40.778274536132805,1,22.0,1.0,0.5,2.0,0.0,0.3,25.8
429,1,2015-01-07 19:57:52,2015-01-07 20:26:08,1,6.9,-73.98433685302734,40.7369270324707,1,Y,-74.0096664428711,40.6494255065918,1,25.0,1.0,0.5,6.7,0.0,0.3,33.5
430,1,2015-01-07 19:57:52,2015-01-07 20:06:17,1,1.1,-73.99288940429686,40.733734130859375,1,N,-73.9890365600586,40.72296142578125,1,7.0,1.0,0.5,1.5,0.0,0.3,10.3
431,1,2015-01-07 19:57:52,2015-01-07 20:13:20,2,7.5,-73.99114990234375,40.723262786865234,1,N,-73.88420867919923,40.75183868408203,1,22.0,0.5,0.5,4.0,0.0,0.3,27.3
432,1,2015-01-07 19:57:52,2015-01-07 20:18:24,1,3.2,-73.9549331665039,40.76559829711913,1,N,-73.99176788330078,40.74938201904297,1,15.0,0.5,0.5,2.0,0.0,0.3,18.3
433,1,2015-01-07 19:57:52,2015-01-07 20:06:42,1,1.1,-73.98899078369139,40.74546051025391,1,N,-74.0017318725586,40.740821838378906,1,7.5,0.5,0.5,1.75,0.0,0.3,10.55
434,1,2015-01-07 19:57:53,2015-01-07 20:13:17,1,3.5,-73.99421691894531,40.72628021240234,1,N,-73.96244812011719,40.72077178955078,1,13.5,1.0,0.5,3.05,0.0,0.3,18.35
435,1,2015-01-07 19:57:53,2015-01-07 20:20:37,2,2.8,-73.99246215820312,40.76911163330078,1,N,-73.9842300415039,40.75103378295898,1,16.5,1.0,0.5,2.0,0.0,0.3,20.3
436,1,2015-01-07 19:57:53,2015-01-07 20:22:04,1,5.0,-73.95471954345702,40.7204475402832,1,N,-73.97564697265625,40.743839263916016,1,19.5,1.0,0.5,5.3,0.0,0.3,26.6
437,1,2015-01-07 19:57:53,2015-01-07 20:01:44,1,0.5,-73.97392272949219,40.79228210449219,1,N,-73.96843719482422,40.78824615478516,1,4.5,1.0,0.5,1.0,0.0,0.3,7.3
438,1,2015-01-07 19:57:53,2015-01-07 20:00:36,1,0.5,-73.97874450683594,40.747833251953125,1,N,-73.98458862304686,40.742794036865234,1,4.0,0.5,0.5,1.0,0.0,0.3,6.3
439,1,2015-01-07 19:57:54,2015-01-07 20:08:07,1,2.4,-73.98087310791014,40.76079559326172,1,N,-73.95298767089844,40.77818298339844,2,10.0,1.0,0.5,0.0,0.0,0.3,11.8
440,1,2015-01-07 19:57:54,2015-01-07 20:13:24,1,3.7,-74.01002502441406,40.720806121826165,1,N,-73.9783935546875,40.762115478515625,1,14.0,1.0,0.5,1.5,0.0,0.3,17.3
441,1,2015-01-07 19:57:54,2015-01-07 20:04:26,1,0.8,-73.994873046875,40.744747161865234,1,N,-73.98273468017578,40.74284744262695,2,6.0,1.0,0.5,0.0,0.0,0.3,7.8
442,1,2015-01-07 19:57:55,2015-01-07 20:03:51,1,1.1,-74.00439453125,40.71928024291992,1,N,-74.00081634521484,40.73173522949219,2,6.0,1.0,0.5,0.0,0.0,0.3,7.8
443,1,2015-01-07 19:57:55,2015-01-07 20:11:50,1,2.1,-74.0057601928711,40.74552917480469,1,N,-73.99372863769531,40.72574615478516,1,10.5,1.0,0.5,2.0,0.0,0.3,14.3
444,1,2015-01-07 19:57:55,2015-01-07 20:04:55,1,1.2,-73.97811126708984,40.72536087036133,1,N,-73.99280548095702,40.73494338989258,1,6.5,1.0,0.5,2.07,0.0,0.3,10.37
445,1,2015-01-07 19:57:55,2015-01-07 20:01:39,4,0.4,-73.95405578613281,40.764198303222656,1,N,-73.9559326171875,40.768043518066406,2,4.5,1.0,0.5,0.0,0.0,0.3,6.3
446,1,2015-01-07 19:57:55,2015-01-07 20:04:39,1,1.0,-74.0091781616211,40.715190887451165,1,N,-73.99838256835938,40.7230339050293,1,6.5,0.5,0.5,1.0,0.0,0.3,8.8
447,1,2015-01-07 19:57:56,2015-01-07 20:08:43,2,1.3,-73.98339080810547,40.765727996826165,1,N,-73.99224090576173,40.749061584472656,1,8.0,1.0,0.5,2.45,0.0,0.3,12.25
448,1,2015-01-07 19:57:56,2015-01-07 20:22:30,1,5.2,-73.99745178222656,40.72409057617188,1,N,-73.95057678222656,40.78078079223633,2,20.0,1.0,0.5,0.0,0.0,0.3,21.8
449,1,2015-01-07 19:57:56,2015-01-07 20:05:44,1,1.0,-73.96875762939453,40.76497650146485,1,N,-73.96480560302734,40.754920959472656,1,7.0,0.5,0.5,1.65,0.0,0.3,9.95
450,1,2015-01-23 16:51:34,2015-01-23 17:19:19,4,6.8,-74.0133056640625,40.71450424194336,1,N,-73.9832534790039,40.75436782836913,2,24.0,1.0,0.5,0.0,0.0,0.3,25.8
451,1,2015-01-23 16:51:35,2015-01-23 16:53:44,1,0.4,-73.98383331298828,40.73382568359375,1,N,-73.98819732666014,40.7280387878418,2,4.0,1.0,0.5,0.0,0.0,0.3,5.8
452,1,2015-01-23 16:51:35,2015-01-23 16:55:32,1,1.1,-73.96602630615233,40.76229476928711,1,N,-73.95574188232422,40.77621841430664,1,5.5,1.0,0.5,1.2,0.0,0.3,8.5
453,1,2015-01-23 16:51:35,2015-01-23 17:00:11,1,0.8,-73.98410034179686,40.7562255859375,1,N,-73.9911880493164,40.7504997253418,1,7.0,1.0,0.5,1.75,0.0,0.3,10.55
454,1,2015-01-23 16:51:36,2015-01-23 17:05:19,1,1.8,-73.99382019042967,40.75126647949219,1,N,-73.9713363647461,40.761940002441406,1,10.5,1.0,0.5,3.0,0.0,0.3,15.3
455,1,2015-01-23 16:51:36,2015-01-23 17:50:15,1,9.3,-74.00672149658203,40.71334838867188,1,N,-73.91017150878906,40.754859924316406,2,39.0,1.0,0.5,0.0,0.0,0.3,40.8
456,1,2015-01-23 16:51:36,2015-01-23 17:04:39,1,2.9,-73.86236572265625,40.769004821777344,1,N,-73.9059066772461,40.76800155639648,1,12.0,1.0,0.5,2.75,0.0,0.3,16.55
457,1,2015-01-23 16:51:37,2015-01-23 17:01:46,1,1.3,-73.95298767089844,40.786170959472656,1,N,-73.95802307128906,40.770313262939446,2,8.5,1.0,0.5,0.0,0.0,0.3,10.3
458,1,2015-01-23 16:51:38,2015-01-23 16:59:47,1,0.6,-73.99131774902342,40.750736236572266,1,N,-73.98351287841797,40.74465560913086,1,6.5,1.0,0.5,2.45,0.0,0.3,10.75
459,1,2015-01-23 16:51:38,2015-01-23 17:25:53,1,13.4,-73.86576843261719,40.770950317382805,1,N,-73.9051284790039,40.886035919189446,1,38.0,1.0,0.5,13.5,5.33,0.3,58.63
460,1,2015-01-23 16:51:38,2015-01-23 16:57:37,3,0.4,-73.9615936279297,40.765174865722656,1,Y,-73.95663452148438,40.766239166259766,1,5.5,1.0,0.5,1.45,0.0,0.3,8.75
461,1,2015-01-23 16:51:39,2015-01-23 17:06:49,2,2.0,-73.98909759521484,40.77428817749024,1,N,-73.97167205810547,40.79753112792969,1,11.0,1.0,0.5,2.55,0.0,0.3,15.35
462,1,2015-01-23 16:51:39,2015-01-23 16:58:05,1,1.3,-73.95427703857422,40.77902221679688,1,N,-73.97437286376953,40.78725814819336,1,7.0,1.0,0.5,0.5,0.0,0.3,9.3
463,1,2015-01-23 16:51:40,2015-01-23 17:04:08,1,1.7,-73.97196197509764,40.746627807617195,1,N,-73.95563507080078,40.768310546875,1,10.0,1.0,0.5,1.0,0.0,0.3,12.8
464,1,2015-01-23 16:51:40,2015-01-23 17:04:11,2,1.7,-73.97206115722656,40.75283050537109,1,N,-73.95374298095702,40.7686767578125,1,10.0,1.0,0.5,2.0,0.0,0.3,13.8
465,1,2015-01-23 16:51:40,2015-01-23 16:58:49,1,0.6,-73.98877716064453,40.73699951171875,1,N,-73.99564361572266,40.736778259277344,2,6.5,1.0,0.5,0.0,0.0,0.3,8.3
466,1,2015-01-23 16:51:41,2015-01-23 17:00:54,1,1.4,-74.00083923339844,40.75752639770508,1,N,-73.979248046875,40.75210189819336,2,8.0,1.0,0.5,0.0,0.0,0.3,9.8
467,1,2015-01-23 16:51:42,2015-01-23 17:09:10,1,1.8,-73.99367523193358,40.749359130859375,1,N,-73.97753143310547,40.75894927978516,2,12.0,1.0,0.5,0.0,0.0,0.3,13.8
468,1,2015-01-23 16:51:43,2015-01-23 17:10:13,1,2.3,-73.98930358886719,40.74275970458984,1,N,-74.0063247680664,40.717044830322266,1,13.5,1.0,0.5,1.0,0.0,0.3,16.3
469,1,2015-01-23 16:51:43,2015-01-23 16:59:00,1,1.3,-73.96632385253906,40.76764678955078,1,N,-73.95220184326173,40.77968597412109,1,7.0,1.0,0.5,1.76,0.0,0.3,10.56
470,1,2015-01-23 16:51:43,2015-01-23 17:09:09,1,2.3,-73.95252227783203,40.76858139038086,1,N,-73.9815902709961,40.76173782348633,1,13.0,1.0,0.5,2.96,0.0,0.3,17.76
471,1,2015-01-23 16:51:44,2015-01-23 16:56:52,1,0.6,-73.9494857788086,40.807655334472656,1,N,-73.94589996337889,40.801319122314446,2,5.0,1.0,0.5,0.0,0.0,0.3,6.8
472,1,2015-01-07 20:09:37,2015-01-07 20:14:40,1,0.8,-73.95600891113281,40.78497314453125,1,N,-73.9456558227539,40.79015350341797,1,5.5,0.5,0.5,0.0,0.0,0.3,6.8
473,1,2015-01-07 20:09:37,2015-01-07 20:27:38,1,10.2,-73.98199462890625,40.7669334411621,1,N,-73.91941833496092,40.880565643310554,2,29.5,0.5,0.5,0.0,2.44,0.3,33.24
474,1,2015-01-07 20:09:37,2015-01-07 20:27:03,1,4.5,-73.98416137695312,40.76051712036133,1,N,-73.9432373046875,40.805999755859375,1,16.0,0.5,0.5,3.46,0.0,0.3,20.76
475,1,2015-01-07 20:09:37,2015-01-07 20:32:07,1,6.9,-73.99005889892578,40.714111328125,1,N,-74.00421905517578,40.65437316894531,1,23.0,0.5,0.5,4.85,0.0,0.3,29.15
476,1,2015-01-07 20:09:37,2015-01-07 20:24:00,1,2.8,-73.98835754394531,40.720096588134766,1,N,-73.97698974609375,40.752220153808594,1,12.5,0.5,0.5,2.75,0.0,0.3,16.55
477,1,2015-01-07 20:09:37,2015-01-07 20:24:49,1,1.5,-73.99344635009764,40.75709915161133,1,N,-73.99169921875,40.75331878662109,2,11.0,0.5,0.5,0.0,0.0,0.3,12.3
478,1,2015-01-07 20:09:38,2015-01-07 20:19:25,1,1.4,-73.99906158447266,40.7392578125,1,N,-73.98336029052734,40.72678756713867,1,8.0,0.5,0.5,1.0,0.0,0.3,10.3
479,1,2015-01-07 20:09:38,2015-01-07 20:25:41,1,3.6,-74.00008392333984,40.72188568115234,1,N,-73.96337890625,40.756660461425774,1,14.5,0.5,0.5,3.0,0.0,0.3,18.8
480,1,2015-01-07 20:09:38,2015-01-07 20:18:26,1,3.2,-73.86613464355469,40.77092742919922,1,N,-73.90234375,40.75505447387695,2,11.0,0.5,0.5,0.0,0.0,0.3,12.3
481,1,2015-01-07 20:09:39,2015-01-07 20:20:47,1,2.1,-73.97952270507811,40.76079940795898,1,N,-73.95751190185547,40.778518676757805,1,10.0,0.5,0.5,2.25,0.0,0.3,13.55
482,1,2015-01-07 20:09:39,2015-01-07 20:33:01,1,8.0,-73.96720886230467,40.755516052246094,1,N,-73.85320281982422,40.7265739440918,1,26.0,0.5,0.5,6.8,0.0,0.3,34.1
483,1,2015-01-07 20:09:39,2015-01-07 20:25:25,1,6.9,-74.01044464111328,40.72136306762695,1,N,-73.97750091552734,40.7523307800293,1,21.5,0.5,0.5,4.11,0.0,0.3,26.91
484,1,2015-01-07 20:09:39,2015-01-07 20:12:32,1,0.5,-73.95433807373048,40.774238586425774,1,N,-73.95929718017578,40.77530670166016,2,4.0,0.5,0.5,0.0,0.0,0.3,5.3
485,1,2015-01-07 20:09:39,2015-01-07 20:29:48,1,4.3,-73.96662139892578,40.79282379150391,1,N,-73.98740386962889,40.740581512451165,2,16.5,0.5,0.5,0.0,0.0,0.3,17.8
486,1,2015-01-07 20:09:40,2015-01-07 20:17:53,1,1.4,-73.96886444091797,40.75731658935546,1,N,-73.98252105712889,40.77130508422852,2,7.5,0.5,0.5,0.0,0.0,0.3,8.8
487,1,2015-01-07 20:09:40,2015-01-07 20:18:21,1,1.0,-73.9944839477539,40.74826431274414,1,N,-73.98726654052734,40.76193618774414,1,7.0,0.5,0.5,1.66,0.0,0.3,9.96
488,1,2015-01-07 20:09:41,2015-01-07 20:14:42,1,0.7,-73.99740600585938,40.72428894042969,1,N,-74.00011444091797,40.7161865234375,1,5.0,0.5,0.5,1.25,0.0,0.3,7.55
489,1,2015-01-07 20:09:41,2015-01-07 20:19:30,3,1.6,-73.98858642578125,40.73854446411133,1,N,-73.9749298095703,40.755874633789055,2,8.5,0.5,0.5,0.0,0.0,0.3,9.8
490,1,2015-01-07 20:09:41,2015-01-07 20:19:54,1,1.9,-73.95729064941406,40.77780532836913,1,N,-73.98026275634764,40.77528381347656,2,9.5,0.5,0.5,0.0,0.0,0.3,10.8
491,1,2015-01-07 20:09:41,2015-01-07 20:19:54,1,2.1,0.0,0.0,1,N,0.0,0.0,2,9.5,0.5,0.5,0.0,0.0,0.3,10.8
492,1,2015-01-07 20:09:42,2015-01-07 20:26:53,1,3.1,-73.9784927368164,40.7537498474121,1,N,-73.94963836669923,40.79033660888672,1,14.5,0.5,0.5,3.15,0.0,0.3,18.95
493,1,2015-01-07 20:09:42,2015-01-07 20:17:38,1,1.0,-73.97821044921875,40.75276947021485,1,N,-73.99022674560547,40.75021743774414,2,7.0,0.5,0.5,0.0,0.0,0.3,8.3
494,1,2015-01-10 19:12:21,2015-01-10 19:16:04,2,0.6,-74.00596618652342,40.71407318115234,1,N,-74.0097427368164,40.7201042175293,1,4.5,0.0,0.5,1.7,0.0,0.3,7.0
495,1,2015-01-10 19:12:21,2015-01-10 19:19:59,1,0.4,-73.99537658691406,40.76290130615234,1,N,-73.98712158203125,40.75928115844727,2,6.0,0.0,0.5,0.0,0.0,0.3,6.8
496,1,2015-01-10 19:12:22,2015-01-10 19:28:03,1,5.3,-73.98926544189453,40.75054168701172,1,N,-73.96269226074217,40.80506896972656,1,17.5,0.0,0.5,3.65,0.0,0.3,21.95
497,1,2015-01-10 19:12:22,2015-01-10 19:31:40,1,2.4,-73.9703826904297,40.75062561035156,1,N,-73.99346923828125,40.733673095703125,1,13.0,0.0,0.5,1.0,0.0,0.3,14.8
498,1,2015-01-10 19:12:22,2015-01-10 19:18:20,1,1.0,-73.99268341064453,40.747501373291016,1,N,-74.00466918945312,40.735984802246094,1,6.0,0.0,0.5,0.0,0.0,0.3,6.8
499,1,2015-01-10 19:12:22,2015-01-10 19:23:36,1,2.1,-73.97402954101561,40.763126373291016,1,N,-74.00264739990233,40.76070022583008,2,10.0,0.0,0.5,0.0,0.0,0.3,10.8
500,1,2015-01-10 19:12:23,2015-01-10 19:29:56,4,1.3,-73.97061920166014,40.75577163696289,1,N,-73.99003601074217,40.76188659667969,1,11.5,0.0,0.5,2.45,0.0,0.3,14.75
501,1,2015-01-10 19:12:23,2015-01-10 19:18:03,1,0.8,-73.9774398803711,40.7793197631836,1,N,-73.98211669921875,40.76869201660156,1,5.5,0.0,0.5,1.0,0.0,0.3,7.3
502,1,2015-01-10 19:12:23,2015-01-10 19:32:33,1,2.4,-73.983642578125,40.76451110839844,1,N,-74.00196075439453,40.73580932617188,1,13.5,0.0,0.5,3.55,0.0,0.3,17.85
503,1,2015-01-10 19:12:23,2015-01-10 19:25:56,1,2.2,-73.99706268310547,40.72238159179688,1,N,-73.97808074951173,40.75114440917969,1,11.0,0.0,0.5,2.35,0.0,0.3,14.15
504,1,2015-01-10 19:12:23,2015-01-10 19:14:33,1,0.6,-73.99383544921875,40.74610137939453,1,N,-74.0013656616211,40.74180603027344,2,4.0,0.0,0.5,0.0,0.0,0.3,4.8
505,1,2015-01-10 19:12:24,2015-01-10 19:17:30,1,1.0,-73.97574615478516,40.751140594482415,1,Y,-73.96610260009764,40.76251602172852,1,6.0,0.0,0.5,0.82,0.0,0.3,7.62
506,1,2015-01-10 19:12:24,2015-01-10 19:36:07,2,9.3,-73.99219512939453,40.6948356628418,1,N,-73.95288848876953,40.783203125,1,28.5,0.0,0.5,5.86,0.0,0.3,35.16
507,1,2015-01-10 19:12:24,2015-01-10 19:33:51,2,3.8,-73.99222564697266,40.73868179321289,1,N,-73.95494842529298,40.779205322265625,1,17.0,0.0,0.5,2.0,0.0,0.3,19.8
508,1,2015-01-10 19:12:24,2015-01-10 19:26:57,1,3.3,-73.98579406738281,40.7408332824707,1,N,-73.95164489746092,40.77389907836913,2,13.0,0.0,0.5,0.0,0.0,0.3,13.8
509,1,2015-01-10 19:12:24,2015-01-10 19:24:16,1,1.1,-74.00103759765625,40.721435546875,1,N,-73.98750305175781,40.72211456298828,2,8.0,0.0,0.5,0.0,0.0,0.3,8.8
510,1,2015-01-10 19:12:25,2015-01-10 19:27:36,2,2.1,-74.00138092041014,40.74143981933594,1,N,-73.97779846191406,40.75879669189453,1,11.0,0.0,0.5,2.95,0.0,0.3,14.75
511,1,2015-01-10 19:12:25,2015-01-10 19:21:06,1,1.5,-73.94469451904298,40.747596740722656,1,N,-73.92330169677734,40.73974609375,1,8.0,0.0,0.5,1.23,0.0,0.3,10.03
512,1,2015-01-10 19:12:25,2015-01-10 19:19:59,1,1.0,-73.97675323486328,40.78816986083984,1,N,-73.98224639892578,40.774513244628906,2,7.0,0.0,0.5,0.0,0.0,0.3,7.8
513,1,2015-01-10 19:12:26,2015-01-10 19:30:04,1,3.3,-73.97541046142578,40.786869049072266,1,N,-73.99893951416014,40.75130462646485,1,14.5,0.0,0.5,3.06,0.0,0.3,18.36
514,2,2015-01-29 17:41:06,2015-01-29 18:36:11,1,11.04,-73.86270904541014,40.76852035522461,1,N,-73.98004150390625,40.770751953125,1,43.0,1.0,0.5,7.0,5.33,0.3,57.13
515,1,2015-01-10 20:56:32,2015-01-10 21:11:04,2,1.9,-73.98336029052734,40.722064971923835,1,N,-74.00826263427734,40.71683883666992,1,11.0,0.5,0.5,2.45,0.0,0.3,14.75
516,2,2015-01-29 17:41:06,2015-01-29 18:01:13,1,2.65,-73.96781158447266,40.75600814819336,1,N,-73.98892974853516,40.722969055175774,1,14.0,1.0,0.5,3.16,0.0,0.3,18.96
517,2,2015-01-29 17:41:06,2015-01-29 18:04:39,1,2.2,-73.97132873535155,40.762088775634766,1,N,-73.98114013671875,40.78265380859375,2,15.0,1.0,0.5,0.0,0.0,0.3,16.8
518,2,2015-01-29 17:41:06,2015-01-29 18:18:14,2,3.53,-73.96160888671875,40.77414321899414,1,N,-74.00050354003906,40.7462272644043,1,23.5,1.0,0.5,2.5,0.0,0.3,27.8
519,2,2015-01-29 17:41:06,2015-01-29 17:52:59,1,0.99,-73.98260498046875,40.76611328125,1,N,-73.97708129882812,40.75760269165039,1,8.5,1.0,0.5,2.58,0.0,0.3,12.88
520,2,2015-01-29 17:41:07,2015-01-29 17:51:24,1,1.83,-73.95299530029298,40.7857551574707,1,N,-73.96764373779298,40.80249786376953,1,9.0,1.0,0.5,2.16,0.0,0.3,12.96
521,2,2015-01-29 17:41:07,2015-01-29 17:50:32,1,1.56,-73.96798706054686,40.754638671875,1,N,-73.9527587890625,40.772090911865234,2,8.0,1.0,0.5,0.0,0.0,0.3,9.8
522,2,2015-01-29 17:41:07,2015-01-29 18:00:46,1,1.99,-74.0029067993164,40.76043319702149,1,N,-73.9865951538086,40.742721557617195,1,13.5,1.0,0.5,3.82,0.0,0.3,19.12
523,2,2015-01-29 17:41:07,2015-01-29 17:54:58,1,0.76,-73.9835205078125,40.76300048828125,1,N,-73.97416687011719,40.75738143920898,2,9.5,1.0,0.5,0.0,0.0,0.3,11.3
524,2,2015-01-29 17:41:08,2015-01-29 18:02:41,1,3.19,-73.98570251464844,40.767776489257805,1,N,-73.99469757080078,40.7315559387207,1,15.5,1.0,0.5,5.19,0.0,0.3,22.49
525,2,2015-01-29 17:41:08,2015-01-29 17:50:21,1,2.24,-74.00877380371092,40.72006607055664,1,N,-74.00682067871094,40.74798202514648,2,9.0,1.0,0.5,0.0,0.0,0.3,10.8
526,2,2015-01-29 17:41:08,2015-01-29 17:57:12,3,1.5,-73.98148345947266,40.76865005493164,1,N,-73.96456909179686,40.756641387939446,1,11.0,1.0,0.5,3.84,0.0,0.3,16.64
527,2,2015-01-29 17:41:09,2015-01-29 18:00:14,3,1.65,-73.9905776977539,40.76583099365234,1,N,-73.97052001953125,40.7521858215332,1,12.5,1.0,0.5,2.86,0.0,0.3,17.16
528,2,2015-01-29 17:41:09,2015-01-29 17:58:11,1,2.39,-74.01007080078125,40.72052383422852,1,N,-73.98456573486328,40.7273826599121,2,12.0,1.0,0.5,0.0,0.0,0.3,13.8
529,2,2015-01-29 17:41:09,2015-01-29 18:04:23,2,2.28,-73.96054840087889,40.77280044555664,1,N,-73.97599792480467,40.74462890625,1,14.5,1.0,0.5,0.0,0.0,0.3,16.3
530,2,2015-01-29 17:41:09,2015-01-29 17:44:31,1,0.49,-73.98150634765625,40.76898956298828,1,N,-73.98612213134764,40.76656723022461,2,4.0,1.0,0.5,0.0,0.0,0.3,5.8
531,2,2015-01-29 17:41:09,2015-01-29 17:44:14,1,0.44,-73.98189544677734,40.74404144287109,1,N,-73.9750747680664,40.741596221923835,2,4.0,1.0,0.5,0.0,0.0,0.3,5.8
532,2,2015-01-04 13:44:54,2015-01-04 13:47:46,2,0.7,-73.99718475341797,40.756980895996094,1,N,-73.99027252197266,40.7515983581543,1,4.5,0.0,0.5,0.0,0.0,0.3,5.3
533,2,2015-01-04 13:44:54,2015-01-04 13:58:41,1,2.66,-73.99031829833984,40.7288475036621,1,N,-73.99270629882812,40.75612258911133,2,11.5,0.0,0.5,0.0,0.0,0.3,12.3
534,1,2015-01-04 13:44:55,2015-01-04 13:47:26,1,0.6,-73.99945831298828,40.733665466308594,1,N,-73.99252319335938,40.73852157592773,2,4.0,0.0,0.5,0.0,0.0,0.0,4.8
535,1,2015-01-04 13:44:55,2015-01-04 13:54:32,1,2.2,0.0,0.0,1,N,0.0,0.0,1,9.5,0.0,0.5,2.05,0.0,0.0,12.35
536,1,2015-01-04 13:44:55,2015-01-04 14:16:21,1,18.1,-73.99667358398438,40.732364654541016,2,N,-73.78376770019531,40.64366149902344,1,52.0,0.0,0.5,13.12,0.0,0.0,65.92
537,2,2015-01-13 00:09:31,2015-01-13 00:19:04,1,2.74,-73.98825073242188,40.73195266723633,1,N,-73.97820281982422,40.76300048828125,1,10.5,0.5,0.5,2.2,0.0,0.3,14.0
538,2,2015-01-13 00:09:32,2015-01-13 00:11:18,1,0.23,-74.00949859619139,40.70391845703125,1,N,-74.00935363769531,40.70631408691406,2,3.0,0.5,0.5,0.0,0.0,0.3,4.3
539,2,2015-01-13 00:09:32,2015-01-13 00:14:10,2,1.85,-73.96991729736328,40.76262664794922,1,N,-73.96991729736328,40.76262664794922,1,7.5,0.5,0.5,1.6,0.0,0.3,10.4
540,2,2015-01-13 00:09:33,2015-01-13 00:14:03,1,1.33,-73.9920883178711,40.75411605834961,1,N,-73.97728729248048,40.76336669921875,1,6.0,0.5,0.5,1.62,0.0,0.3,8.92
541,2,2015-01-13 00:09:33,2015-01-13 00:15:17,1,2.35,-73.98955535888672,40.718875885009766,1,N,-73.9544677734375,40.715850830078125,1,8.5,0.5,0.5,2.25,0.0,0.3,12.05
542,2,2015-01-13 00:09:33,2015-01-13 00:31:09,2,16.76,-73.79154968261719,40.6454963684082,2,N,-73.97568511962889,40.752197265625,1,52.0,0.0,0.5,11.47,5.33,0.3,69.6
543,2,2015-01-13 00:09:34,2015-01-13 00:21:39,5,2.38,-73.98847198486328,40.73863220214844,1,N,-73.98101806640625,40.76314163208008,1,10.5,0.5,0.5,2.2,0.0,0.3,14.0
544,2,2015-01-13 00:09:36,2015-01-13 00:20:02,3,1.5,-74.00226593017578,40.73968124389648,1,N,-74.00402069091797,40.74205017089844,1,8.0,0.5,0.5,2.12,0.0,0.3,11.42
545,2,2015-01-13 00:09:36,2015-01-13 00:13:50,2,1.68,-73.9710464477539,40.7511100769043,1,N,-73.97662353515625,40.73242950439453,1,6.5,0.5,0.5,1.0,0.0,0.3,8.8
546,2,2015-01-13 00:09:37,2015-01-13 00:13:41,1,0.97,-73.99176788330078,40.72623062133789,1,N,-73.984375,40.73765563964844,1,5.5,0.5,0.5,1.0,0.0,0.3,7.8
547,2,2015-01-13 00:09:38,2015-01-13 00:19:07,3,2.26,-73.92768859863281,40.69271087646485,1,N,-73.89884185791014,40.67581558227539,2,9.5,0.5,0.5,0.0,0.0,0.3,10.8
548,2,2015-01-13 00:09:39,2015-01-13 01:03:11,1,28.66,-73.99616241455078,40.72542572021485,4,N,-73.80000305175781,40.96456146240234,2,83.5,0.5,0.5,0.0,2.44,0.3,87.24
549,2,2015-01-13 00:09:39,2015-01-13 00:21:32,2,4.01,-73.98523712158203,40.732120513916016,1,N,-73.95304870605469,40.779823303222656,1,13.5,0.5,0.5,0.0,0.0,0.3,14.8
550,2,2015-01-13 00:09:40,2015-01-13 00:31:38,1,9.3,-74.01582336425781,40.70738220214844,1,N,-73.94245147705078,40.777381896972656,1,28.5,0.5,0.5,5.8,0.0,0.3,35.6
551,2,2015-01-13 00:09:40,2015-01-13 00:15:45,3,1.22,-74.00570678710938,40.706390380859375,1,N,-73.99122619628906,40.717239379882805,1,6.5,0.5,0.5,2.1,0.0,0.3,9.9
552,2,2015-01-13 00:09:41,2015-01-13 00:20:14,1,5.73,-73.9728012084961,40.74345016479492,1,N,-73.92269897460938,40.80944061279297,2,17.5,0.5,0.5,0.0,0.0,0.3,18.8
553,2,2015-01-13 00:09:42,2015-01-13 00:19:57,1,2.88,-73.97770690917967,40.76189041137695,1,N,-74.0009536743164,40.72900772094727,1,10.5,0.5,0.5,2.2,0.0,0.3,14.0
554,2,2015-01-13 00:09:42,2015-01-13 00:24:41,1,6.43,-73.99177551269531,40.754730224609375,1,N,-73.94898223876953,40.814956665039055,2,20.0,0.5,0.5,0.0,0.0,0.3,21.3
555,2,2015-01-13 00:09:42,2015-01-13 00:19:14,2,2.25,-74.00190734863281,40.73512268066406,1,N,-73.9742889404297,40.74300003051758,1,9.5,0.5,0.5,2.0,0.0,0.3,12.8
556,2,2015-01-13 00:09:43,2015-01-13 00:24:08,6,5.69,-73.9890365600586,40.74806594848633,1,N,-73.94288635253906,40.811668395996094,1,17.5,0.5,0.5,4.5,0.0,0.3,23.3
557,2,2015-01-13 00:09:43,2015-01-13 00:19:51,1,2.48,-73.98049926757811,40.753128051757805,1,N,-74.00148773193358,40.732734680175774,1,10.0,0.5,0.5,2.62,0.0,0.3,13.92
558,2,2015-01-04 13:59:26,2015-01-04 14:02:06,1,0.51,-73.98272705078125,40.78215026855469,1,N,-73.97662353515625,40.782424926757805,2,4.0,0.0,0.5,0.0,0.0,0.3,4.8
559,2,2015-01-04 13:59:26,2015-01-04 14:26:05,6,5.05,-73.95487976074217,40.780628204345696,1,N,-74.00943756103516,40.74715423583984,2,21.0,0.0,0.5,0.0,0.0,0.3,21.8
560,1,2015-01-04 13:59:27,2015-01-04 14:06:42,3,1.2,-73.95474243164062,40.76987075805664,1,N,-73.96955108642578,40.763160705566406,2,7.0,0.0,0.5,0.0,0.0,0.0,7.8
561,2,2015-01-04 13:59:27,2015-01-04 14:05:53,2,1.16,-73.99124145507811,40.74203872680664,1,N,-73.97946166992188,40.750015258789055,1,6.5,0.0,0.5,1.3,0.0,0.3,8.6
562,2,2015-01-04 13:59:27,2015-01-04 14:09:04,1,1.7,-73.97533416748048,40.763275146484375,1,N,-73.95594787597656,40.770366668701165,1,8.5,0.0,0.5,1.0,0.0,0.3,10.3
563,2,2015-01-04 13:59:27,2015-01-04 14:10:02,1,1.12,-73.98754119873048,40.720039367675774,1,N,-73.9985122680664,40.72972106933594,1,8.0,0.0,0.5,1.6,0.0,0.3,10.4
564,2,2015-01-04 13:59:27,2015-01-04 14:02:01,1,0.61,-73.980712890625,40.73820877075195,1,N,-73.9886016845703,40.7368392944336,1,4.0,0.0,0.5,0.8,0.0,0.3,5.6
565,2,2015-01-04 13:59:27,2015-01-04 14:06:45,3,1.87,-73.96943664550781,40.75682830810546,1,N,-73.95265197753906,40.77582931518555,2,8.0,0.0,0.5,0.0,0.0,0.3,8.8
566,2,2015-01-04 13:59:27,2015-01-04 14:26:42,2,5.82,-73.94236755371094,40.75411987304688,1,N,-73.96697998046875,40.79861831665039,2,23.0,0.0,0.5,0.0,0.0,0.3,23.8
567,2,2015-01-04 13:59:27,2015-01-04 14:03:27,1,0.93,-74.00458526611328,40.73775100708008,1,N,-73.99417877197266,40.744384765625,1,5.0,0.0,0.5,1.0,0.0,0.3,6.8
568,2,2015-01-04 13:59:27,2015-01-04 14:07:59,1,1.47,-73.98140716552734,40.78076553344727,1,N,-73.9723129272461,40.796436309814446,2,8.0,0.0,0.5,0.0,0.0,0.3,8.8
569,1,2015-01-04 13:59:28,2015-01-04 14:18:47,1,4.7,-73.99640655517578,40.725410461425774,1,N,-73.98177337646483,40.778446197509766,1,17.0,0.0,0.5,2.0,0.0,0.0,19.8
570,2,2015-01-29 17:41:10,2015-01-29 17:52:21,2,1.26,-73.9903564453125,40.7318115234375,1,N,-74.0082778930664,40.73778533935546,1,8.5,1.0,0.5,2.06,0.0,0.3,12.36
571,2,2015-01-29 17:41:10,2015-01-29 18:01:54,1,1.9,-73.97569274902342,40.74908828735352,1,N,-73.9939193725586,40.74174118041992,1,13.5,1.0,0.5,2.0,0.0,0.3,17.3
572,2,2015-01-29 17:41:11,2015-01-29 17:58:49,2,1.87,-74.00302124023438,40.73909378051758,1,N,-73.98573303222656,40.7626838684082,1,12.5,1.0,0.5,2.7,0.0,0.3,17.0
573,2,2015-01-29 17:41:11,2015-01-29 17:52:38,1,1.9,-73.98646545410156,40.73992156982422,1,N,-73.97902679443358,40.72184753417969,1,9.5,1.0,0.5,2.26,0.0,0.3,13.56
574,2,2015-01-02 19:09:19,2015-01-02 19:17:00,1,2.36,-73.97528839111328,40.75201034545898,1,N,-73.95098876953125,40.77090072631836,2,9.0,1.0,0.5,0.0,0.0,0.3,10.8
575,1,2015-01-02 19:09:20,2015-01-02 19:30:47,1,4.5,-74.01071166992188,40.70895385742188,1,N,-73.99576568603516,40.76082992553711,2,18.5,1.0,0.5,0.0,0.0,0.0,20.3
576,1,2015-01-02 19:09:20,2015-01-02 19:14:54,2,0.7,-73.95278930664062,40.78641128540039,1,N,-73.944580078125,40.77943420410156,1,5.5,1.0,0.5,1.45,0.0,0.0,8.75
577,2,2015-01-02 19:09:20,2015-01-02 19:18:38,1,1.88,-73.96607971191406,40.75391387939453,1,N,-73.98062133789062,40.73526763916016,1,8.5,1.0,0.5,1.9,0.0,0.3,12.2
578,2,2015-01-02 19:09:20,2015-01-02 19:16:00,1,1.95,-73.9787368774414,40.76660919189453,1,N,-73.95774841308594,40.78210067749024,2,7.5,1.0,0.5,0.0,0.0,0.3,9.3
579,1,2015-01-02 19:09:21,2015-01-02 19:24:01,1,2.4,-73.96405029296875,40.76734161376953,1,N,-73.9687271118164,40.79090118408203,1,11.7,1.0,0.5,2.7,0.0,0.0,16.2
580,1,2015-01-02 19:09:21,2015-01-02 19:11:56,1,0.4,-73.95756530761719,40.774612426757805,1,N,-73.96123504638672,40.77764892578125,2,3.5,1.0,0.5,0.0,0.0,0.0,5.3
581,1,2015-01-02 19:09:21,2015-01-02 19:20:47,2,1.6,-74.00605773925781,40.73989486694336,1,N,-73.99083709716798,40.750030517578125,2,9.0,1.0,0.5,0.0,0.0,0.0,10.8
582,2,2015-01-02 19:09:21,2015-01-02 19:30:16,1,4.86,-73.99076080322266,40.75143814086913,1,N,-73.99456024169923,40.691020965576165,2,18.0,1.0,0.5,0.0,0.0,0.3,19.8
583,2,2015-01-02 19:09:21,2015-01-02 19:30:19,5,2.29,-73.98207092285155,40.76268005371094,1,N,-73.98027038574217,40.738529205322266,1,14.5,1.0,0.5,1.0,0.0,0.3,17.3
584,2,2015-01-02 19:09:21,2015-01-02 19:13:59,2,1.3,-73.97168731689453,40.76309585571289,1,N,-73.95536804199219,40.769428253173835,1,6.0,1.0,0.5,1.0,0.0,0.3,8.8
585,1,2015-01-02 19:09:22,2015-01-02 19:24:01,2,5.2,-73.95709228515625,40.76614761352539,1,N,-74.00186920166014,40.7280387878418,1,17.5,1.0,0.5,3.85,0.0,0.0,23.15
586,1,2015-01-02 19:09:22,2015-01-02 19:25:11,1,8.5,-73.86253356933594,40.7690658569336,1,N,-73.95159149169923,40.7781639099121,1,24.5,1.0,0.5,6.3,5.33,0.0,37.93
587,1,2015-01-02 19:09:22,2015-01-02 19:21:53,1,2.5,-73.97728729248048,40.76415252685546,1,N,-73.96910858154298,40.79364776611328,1,10.7,1.0,0.5,3.12,0.0,0.0,15.62
588,2,2015-01-02 19:09:22,2015-01-02 19:14:12,6,0.95,-73.96646881103516,40.76436996459961,1,N,-73.97461700439453,40.752544403076165,1,5.5,1.0,0.5,1.3,0.0,0.3,8.6
589,1,2015-01-02 19:09:23,2015-01-02 19:25:02,1,2.9,-73.96779632568358,40.7625389099121,1,N,-73.99571228027342,40.73072814941406,1,12.5,1.0,0.5,2.85,0.0,0.0,17.15
590,1,2015-01-02 19:09:23,2015-01-02 19:20:09,1,1.7,0.0,0.0,1,N,0.0,0.0,1,8.7,1.0,0.5,1.0,0.0,0.0,11.5
591,1,2015-01-02 19:09:23,2015-01-02 19:27:50,1,3.3,-73.99000549316406,40.74672317504882,1,N,-73.9733123779297,40.787052154541016,2,15.0,1.0,0.5,0.0,0.0,0.0,16.8
592,1,2015-01-02 19:09:23,2015-01-02 19:27:20,1,0.8,-73.99322509765625,40.7523193359375,1,N,-73.98468780517578,40.76326370239258,2,11.5,1.0,0.5,0.0,0.0,0.0,13.3
593,2,2015-01-02 19:09:23,2015-01-02 19:14:11,1,1.44,-73.96348571777344,40.757606506347656,1,N,-73.94950103759764,40.77358627319336,1,6.5,1.0,0.5,2.25,0.0,0.3,10.55
594,2,2015-01-02 19:09:23,2015-01-02 19:16:34,1,1.29,-73.99647521972656,40.71571350097656,5,N,-74.00939178466798,40.70545196533203,1,58.0,0.0,0.5,11.6,0.0,0.3,70.4
595,2,2015-01-02 19:09:23,2015-01-02 19:22:13,1,1.16,-73.98860931396483,40.72269058227539,1,N,-73.97808074951173,40.73775863647461,1,9.5,1.0,0.5,2.1,0.0,0.3,13.4
596,1,2015-01-10 19:37:07,2015-01-10 19:43:09,1,1.0,-73.97846984863281,40.783329010009766,1,N,-73.98223876953125,40.77153778076172,1,6.0,0.0,0.5,1.36,0.0,0.3,8.16
597,1,2015-01-10 19:37:07,2015-01-10 20:00:13,2,11.8,-73.79021453857422,40.6464729309082,1,N,-73.86756896972656,40.76792144775391,1,32.5,0.0,0.5,8.0,0.0,0.3,41.3
598,1,2015-01-10 19:37:07,2015-01-10 19:48:17,1,3.3,-73.87095642089844,40.77379608154297,1,N,-73.90870666503906,40.754207611083984,2,12.5,0.0,0.5,0.0,0.0,0.3,13.3
599,1,2015-01-10 19:37:07,2015-01-10 19:40:09,1,0.9,-73.96148681640625,40.802070617675774,1,N,-73.97043609619139,40.79430770874024,1,5.0,0.0,0.5,1.0,0.0,0.3,6.8
600,1,2015-01-10 19:37:07,2015-01-10 19:51:57,1,2.1,-74.00709533691406,40.732948303222656,1,N,-73.98831939697266,40.72166061401367,1,11.0,0.0,0.5,1.0,0.0,0.3,12.8
601,1,2015-01-10 19:37:07,2015-01-10 19:45:51,1,1.2,-73.99414825439453,40.74087142944336,1,N,-73.99749755859375,40.753814697265625,1,7.5,0.0,0.5,1.65,0.0,0.3,9.95
602,1,2015-01-10 19:37:08,2015-01-10 19:50:26,1,1.7,-73.98439788818358,40.764949798583984,1,N,-73.98711395263672,40.74898147583008,1,10.0,0.0,0.5,1.0,0.0,0.3,11.8
603,1,2015-01-10 19:37:08,2015-01-10 20:00:58,1,2.2,-73.9911117553711,40.749675750732415,1,N,-73.9871368408203,40.73077392578125,1,15.5,0.0,0.5,4.07,0.0,0.3,20.37
604,1,2015-01-10 19:37:09,2015-01-10 19:43:44,1,3.9,-73.77670288085938,40.645404815673835,1,N,-73.7585678100586,40.664737701416016,2,12.5,0.0,0.5,0.0,0.0,0.3,13.3
605,1,2015-01-10 19:37:09,2015-01-10 20:01:43,1,5.3,-74.00812530517578,40.70385360717773,1,N,-73.98564147949219,40.760356903076165,1,20.5,0.0,0.5,6.39,0.0,0.3,27.69
606,1,2015-01-10 19:37:09,2015-01-10 19:54:00,1,3.0,-73.96379089355469,40.763790130615234,1,N,-73.995849609375,40.74178314208984,1,13.0,0.0,0.5,1.0,0.0,0.3,14.8
607,1,2015-01-10 19:37:09,2015-01-10 19:43:46,1,0.9,-73.98411560058595,40.72096252441406,1,Y,-73.9983901977539,40.72467041015625,2,6.5,0.0,0.5,0.0,0.0,0.3,7.3
608,1,2015-01-10 19:37:09,2015-01-10 20:02:40,3,3.6,-73.94702911376953,40.77614974975586,1,N,-73.9867172241211,40.75054168701172,1,19.0,0.0,0.5,2.97,0.0,0.3,22.77
609,1,2015-01-10 19:37:09,2015-01-10 19:43:05,1,1.0,-73.98542022705078,40.74127197265625,1,N,-73.97233581542967,40.74525833129882,1,6.0,0.0,0.5,1.35,0.0,0.3,8.15
610,1,2015-01-10 19:37:10,2015-01-10 19:40:48,2,0.5,-73.97327423095702,40.752639770507805,1,N,-73.96585083007811,40.75424575805664,2,4.5,0.0,0.5,0.0,0.0,0.3,5.3
611,1,2015-01-10 19:37:10,2015-01-10 19:46:38,2,0.9,-73.98304748535155,40.76189804077149,1,N,-73.98531341552734,40.768230438232415,2,7.5,0.0,0.5,0.0,0.0,0.3,8.3
612,1,2015-01-10 19:37:10,2015-01-10 19:41:46,1,0.6,-73.98123931884764,40.724956512451165,1,N,-73.99017333984375,40.723491668701165,2,5.0,0.0,0.5,0.0,0.0,0.3,5.8
613,1,2015-01-10 19:37:11,2015-01-10 19:50:03,1,2.6,-73.98809814453125,40.7749137878418,1,N,-73.98925018310547,40.7481575012207,1,11.0,0.0,0.5,2.35,0.0,0.3,14.15
614,1,2015-01-10 19:37:11,2015-01-10 19:45:17,4,0.6,0.0,0.0,1,N,0.0,0.0,1,6.5,0.0,0.5,1.45,0.0,0.3,8.75
615,1,2015-01-10 19:37:12,2015-01-10 19:46:35,1,0.9,-73.98423767089844,40.73746490478516,1,N,-73.99430084228516,40.73225021362305,1,7.5,0.0,0.5,1.0,0.0,0.3,9.3
616,1,2015-01-10 19:37:12,2015-01-10 19:47:11,1,1.1,-74.00155639648438,40.74667739868164,1,N,-73.98385620117188,40.74360275268555,1,8.0,0.0,0.5,1.0,0.0,0.3,9.8
617,1,2015-01-10 19:37:13,2015-01-10 19:49:55,2,3.4,-73.988037109375,40.745220184326165,1,N,-73.95435333251953,40.78522491455078,2,12.5,0.0,0.5,0.0,0.0,0.3,13.3
618,2,2015-01-25 17:45:12,2015-01-25 17:51:12,2,1.15,-73.98091125488281,40.725582122802734,1,N,-73.9934310913086,40.7214469909668,1,6.0,0.0,0.5,1.0,0.0,0.3,7.8
619,2,2015-01-25 17:45:12,2015-01-25 17:50:58,1,0.84,-73.99786376953125,40.74602890014648,1,N,-74.00254058837889,40.751174926757805,2,6.0,0.0,0.5,0.0,0.0,0.3,6.8
620,2,2015-01-25 17:45:12,2015-01-25 17:48:41,2,0.97,-73.95999145507811,40.762298583984375,1,N,-73.95108032226561,40.774658203125,1,5.0,0.0,0.5,1.25,0.0,0.3,7.05
621,2,2015-01-25 17:45:13,2015-01-25 17:59:33,1,1.85,-73.9869613647461,40.76631546020508,1,N,-73.99769592285155,40.744922637939446,2,10.5,0.0,0.5,0.0,0.0,0.3,11.3
622,2,2015-01-25 17:45:13,2015-01-25 17:53:43,1,1.25,-73.97737884521484,40.73863220214844,1,N,-73.99169158935547,40.74585723876953,1,7.5,0.0,0.5,1.0,0.0,0.3,9.3
623,2,2015-01-25 17:45:13,2015-01-25 17:49:31,3,0.85,-73.94841766357422,40.774768829345696,1,N,-73.95708465576173,40.76750564575195,1,5.0,0.0,0.5,1.16,0.0,0.3,6.96
624,2,2015-01-25 17:45:14,2015-01-25 18:05:33,1,3.55,-73.99242401123048,40.74323272705078,1,N,-73.98428344726561,40.782318115234375,1,15.5,0.0,0.5,3.26,0.0,0.3,19.56
625,2,2015-01-25 17:45:14,2015-01-25 17:49:54,1,1.01,-73.94444274902342,40.787910461425774,1,N,-73.94576263427734,40.7771110534668,1,5.5,0.0,0.5,1.58,0.0,0.3,7.88
626,2,2015-01-25 17:45:15,2015-01-25 17:52:18,5,0.91,-74.0060806274414,40.7451171875,1,N,-73.99098205566406,40.740020751953125,1,6.5,0.0,0.5,1.46,0.0,0.3,8.76
627,2,2015-01-25 17:45:15,2015-01-25 18:03:52,1,3.09,-73.95771026611328,40.71451187133789,1,N,-74.00334930419923,40.72291946411133,1,15.0,0.0,0.5,3.16,0.0,0.3,18.96
628,2,2015-01-25 17:45:15,2015-01-25 17:54:27,1,1.72,-73.99655151367188,40.73751449584961,1,N,-73.99560546875,40.72810363769531,1,8.0,0.0,0.5,2.2,0.0,0.3,11.0
629,2,2015-01-25 17:45:15,2015-01-25 17:45:21,1,0.0,-73.97565460205078,40.76131820678711,2,N,0.0,0.0,1,52.0,0.0,0.5,20.0,0.0,0.3,72.8
630,2,2015-01-25 17:45:16,2015-01-25 17:59:58,1,2.46,-73.98880767822266,40.76374053955078,1,N,-74.00814056396483,40.73952102661133,1,11.5,0.0,0.5,2.88,0.0,0.3,15.18
631,2,2015-01-25 17:45:16,2015-01-25 17:55:23,2,2.23,-74.00495147705078,40.72301864624024,1,N,-73.98571014404298,40.7467041015625,1,9.5,0.0,0.5,1.0,0.0,0.3,11.3
632,2,2015-01-25 17:45:16,2015-01-25 17:50:15,1,0.72,-73.9736099243164,40.76348114013672,1,N,-73.98121643066406,40.76900863647461,1,5.0,0.0,0.5,1.0,0.0,0.3,6.8
633,2,2015-01-25 17:45:16,2015-01-25 17:57:41,1,1.84,-73.99559020996092,40.72677230834961,1,N,-74.00425720214845,40.74242782592773,2,10.0,0.0,0.5,0.0,0.0,0.3,10.8
634,2,2015-01-25 17:45:17,2015-01-25 17:47:09,1,0.65,-73.98207092285155,40.778202056884766,1,N,-73.9764404296875,40.78553771972656,1,4.0,0.0,0.5,0.96,0.0,0.3,5.76
635,2,2015-01-25 17:45:17,2015-01-25 17:54:49,1,1.35,-73.9746551513672,40.75339126586913,1,N,-73.991943359375,40.751651763916016,1,8.5,0.0,0.5,2.32,0.0,0.3,11.62
636,2,2015-01-25 17:45:18,2015-01-25 18:02:23,1,6.41,-73.97541046142578,40.74880599975586,1,N,-73.94476318359375,40.812496185302734,2,19.5,0.0,0.5,0.0,0.0,0.3,20.3
637,2,2015-01-25 17:45:18,2015-01-25 17:55:26,1,1.31,-73.99373626708984,40.7517204284668,1,N,-73.99278259277344,40.741241455078125,2,8.5,0.0,0.5,0.0,0.0,0.3,9.3
638,2,2015-01-25 17:45:18,2015-01-25 17:47:03,1,0.6,-73.98262786865233,40.77178955078125,1,N,-73.98812866210938,40.76443862915039,2,4.0,0.0,0.5,0.0,0.0,0.3,4.8
639,2,2015-01-25 17:45:18,2015-01-25 18:00:26,1,2.43,-73.97422027587889,40.76324844360352,1,N,-73.94734954833984,40.782691955566406,2,12.5,0.0,0.5,0.0,0.0,0.3,13.3
640,2,2015-01-02 19:15:47,2015-01-02 19:20:45,3,0.83,-73.97693634033203,40.75579452514648,1,N,-73.97230529785155,40.74962615966797,2,5.5,1.0,0.5,0.0,0.0,0.3,7.3
641,2,2015-01-02 19:15:47,2015-01-02 19:32:54,1,2.87,-73.98394775390625,40.74419403076172,1,N,-73.99932861328125,40.71953582763672,2,12.5,1.0,0.5,0.0,0.0,0.3,14.3
642,2,2015-01-02 19:15:47,2015-01-02 19:21:22,1,0.9,-73.98615264892578,40.75614547729492,1,N,-73.97306823730467,40.750030517578125,2,6.0,1.0,0.5,0.0,0.0,0.0,7.5
643,2,2015-01-02 19:15:47,2015-01-02 19:25:49,1,2.21,-73.97193145751953,40.759811401367195,1,N,-73.94822692871094,40.77899932861328,1,10.0,1.0,0.5,2.2,0.0,0.3,14.0
644,1,2015-01-02 19:15:48,2015-01-02 19:26:23,1,2.0,-73.98967742919923,40.74158477783203,1,N,-74.00476837158203,40.723365783691406,1,9.2,1.0,0.5,1.0,0.0,0.0,12.0
645,1,2015-01-02 19:15:48,2015-01-02 19:54:16,1,2.8,-74.00243377685547,40.73441696166992,1,N,-73.98332977294923,40.7655143737793,2,23.5,1.0,0.5,0.0,0.0,0.0,25.3
646,1,2015-01-02 19:15:48,2015-01-02 19:30:33,1,1.7,-73.98818969726561,40.76955032348633,1,N,-73.98844909667967,40.75673675537109,1,11.0,1.0,0.5,3.2,0.0,0.0,16.0
647,1,2015-01-02 19:15:48,2015-01-02 19:27:51,1,2.8,-73.99263000488281,40.723575592041016,1,N,-73.95396423339844,40.71531677246094,2,11.5,1.0,0.5,0.0,0.0,0.0,13.3
648,1,2015-01-02 19:15:48,2015-01-02 19:27:10,1,1.5,-73.99784088134764,40.71384048461913,1,N,-73.98736572265625,40.721843719482415,1,9.0,1.0,0.5,2.0,0.0,0.0,12.8
649,1,2015-01-02 19:15:48,2015-01-02 19:19:53,1,0.4,-73.98807525634764,40.72826385498047,1,N,-73.9920425415039,40.72510147094727,1,4.5,1.0,0.5,1.58,0.0,0.0,7.88
650,2,2015-01-02 19:15:48,2015-01-02 19:29:27,5,4.77,-73.98768615722656,40.71852111816406,1,N,-73.9637680053711,40.76569747924805,1,16.0,1.0,0.5,4.25,0.0,0.3,22.05
651,2,2015-01-02 19:15:48,2015-01-02 19:28:42,1,2.18,-73.9765625,40.76048278808594,1,N,-73.98002624511719,40.73739242553711,1,10.5,1.0,0.5,2.88,0.0,0.3,15.18
652,2,2015-01-02 19:15:48,2015-01-02 19:26:34,3,3.29,-73.96823120117188,40.767948150634766,1,N,-73.96622467041014,40.80320358276367,2,11.5,1.0,0.5,0.0,0.0,0.3,13.3
653,2,2015-01-02 19:15:48,2015-01-02 19:31:27,1,2.21,-73.98704528808595,40.73880386352539,1,N,-73.9820556640625,40.762561798095696,1,12.0,1.0,0.5,2.6,0.0,0.3,16.4
654,1,2015-01-02 19:15:49,2015-01-02 19:23:50,1,1.0,-73.97288513183594,40.74449920654297,1,N,-73.98599243164062,40.74889373779297,2,7.0,1.0,0.5,0.0,0.0,0.0,8.8
655,1,2015-01-02 19:15:49,2015-01-02 19:26:24,1,1.2,-73.96830749511719,40.76223373413086,1,N,-73.98789978027342,40.76901626586913,2,8.5,1.0,0.5,0.0,0.0,0.0,10.3
656,1,2015-01-02 19:15:49,2015-01-02 19:20:50,2,1.3,-73.97461700439453,40.74201965332031,1,N,-73.96569061279298,40.7569580078125,1,6.5,1.0,0.5,2.0,0.0,0.0,10.3
657,1,2015-01-02 19:15:49,2015-01-02 19:35:18,1,3.6,-73.98786926269531,40.7481803894043,1,N,-73.95026397705078,40.77999114990234,1,15.2,1.0,0.5,1.0,0.0,0.0,18.0
658,1,2015-01-02 19:15:49,2015-01-02 19:20:54,1,1.4,-73.962646484375,40.76320266723633,1,N,-73.95548248291014,40.77952575683594,2,6.5,1.0,0.5,0.0,0.0,0.0,8.3
659,1,2015-01-02 19:15:49,2015-01-02 19:27:41,1,1.2,-73.9954833984375,40.74489212036133,1,N,-73.9826431274414,40.75699234008789,1,8.5,1.0,0.5,2.05,0.0,0.0,12.35
660,1,2015-01-02 19:15:49,2015-01-02 19:28:36,1,7.7,-73.86714172363281,40.77204895019531,1,N,-73.94309234619139,40.81584167480469,1,22.0,1.0,0.5,5.83,5.33,0.0,34.96
661,2,2015-01-02 19:15:49,2015-01-02 19:24:11,1,1.26,-73.95230865478516,40.76626205444336,1,N,-73.96375274658203,40.77440643310546,2,7.5,1.0,0.5,0.0,0.0,0.3,9.3
662,2,2015-01-09 20:29:42,2015-01-09 20:38:31,6,0.91,-73.95262908935547,40.77581024169922,1,N,-73.9631576538086,40.774208068847656,2,7.0,0.5,0.5,0.0,0.0,0.3,8.3
663,2,2015-01-09 20:29:42,2015-01-09 20:35:56,1,1.49,-73.97874450683594,40.76376724243164,1,N,-73.98117065429686,40.7812728881836,1,7.0,0.5,0.5,2.25,0.0,0.3,10.55
664,2,2015-01-09 20:29:43,2015-01-09 20:33:00,5,0.81,-73.99034881591797,40.7666015625,1,N,-73.99054718017578,40.77534103393555,1,4.5,0.5,0.5,0.5,0.0,0.3,6.3
665,2,2015-01-09 20:29:43,2015-01-09 20:40:18,1,2.18,-73.98172760009764,40.763530731201165,1,N,-73.98921966552734,40.73857116699219,2,9.5,0.5,0.5,0.0,0.0,0.3,10.8
666,2,2015-01-09 20:29:43,2015-01-09 20:34:46,1,2.53,-73.974609375,40.74237060546875,1,N,-73.95412445068358,40.77282333374024,1,8.5,0.5,0.5,2.25,0.0,0.3,12.05
667,2,2015-01-09 20:29:43,2015-01-09 20:32:57,1,0.6,-73.97498321533203,40.75384521484375,1,N,-73.9801025390625,40.761428833007805,1,4.0,0.5,0.5,1.12,0.0,0.3,6.42
668,2,2015-01-09 20:29:43,2015-01-09 20:52:08,1,7.31,-73.97679138183594,40.751407623291016,1,N,-73.99370574951173,40.69014739990234,2,24.0,0.5,0.5,0.0,0.0,0.3,25.3
669,2,2015-01-09 20:29:43,2015-01-09 20:42:54,1,2.71,-73.98745727539062,40.76449966430664,1,N,-73.95394134521484,40.77727890014648,1,11.5,0.5,0.5,1.0,0.0,0.3,13.8
670,2,2015-01-09 20:29:44,2015-01-09 20:39:14,1,2.27,-73.94590759277342,40.77374267578125,1,N,-73.97190856933594,40.76026153564453,2,10.0,0.5,0.5,0.0,0.0,0.3,11.3
671,2,2015-01-09 20:29:44,2015-01-09 20:41:33,1,1.86,-74.006103515625,40.73454666137695,1,N,-73.99471282958984,40.72345352172852,1,9.5,0.5,0.5,1.5,0.0,0.3,12.3
672,2,2015-01-09 20:29:44,2015-01-09 20:38:51,2,0.5,-73.98697662353516,40.7307014465332,1,N,-73.98356628417967,40.72982025146485,2,7.0,0.5,0.5,0.0,0.0,0.3,8.3
673,2,2015-01-09 20:29:45,2015-01-09 20:34:54,1,0.76,-73.95499420166014,40.77927780151367,1,N,-73.94517517089844,40.77995681762695,2,5.5,0.5,0.5,0.0,0.0,0.3,6.8
674,2,2015-01-09 20:29:45,2015-01-09 20:52:07,1,9.9,-73.96720886230467,40.7567253112793,1,N,-73.98126983642578,40.66342544555664,2,29.0,0.5,0.5,0.0,0.0,0.3,30.3
675,2,2015-01-09 20:29:45,2015-01-09 20:42:00,1,3.2,-73.99980163574217,40.743698120117195,1,N,-73.98248291015625,40.781829833984375,1,11.5,0.5,0.5,2.4,0.0,0.3,15.2
676,2,2015-01-09 20:29:45,2015-01-09 20:33:52,2,0.97,-73.97647857666014,40.756534576416016,1,N,-73.97309112548828,40.76540756225586,2,5.0,0.5,0.5,0.0,0.0,0.3,6.3
677,2,2015-01-09 20:29:45,2015-01-09 20:33:16,3,0.87,-73.98043060302734,40.74251556396485,1,N,-73.97282409667967,40.75129699707031,1,5.0,0.5,0.5,1.1,0.0,0.3,7.4
678,2,2015-01-09 20:29:45,2015-01-09 20:47:06,1,2.68,-73.99445343017578,40.72478103637695,1,N,-73.9693603515625,40.75675964355469,1,13.0,0.5,0.5,2.7,0.0,0.3,17.0
679,2,2015-01-09 20:29:46,2015-01-09 20:57:09,5,4.32,-74.00847625732422,40.746395111083984,1,N,-74.00556182861328,40.707706451416016,1,18.5,0.5,0.5,1.0,0.0,0.3,20.8
680,2,2015-01-09 20:29:46,2015-01-09 20:56:55,1,10.59,-73.86572265625,40.77119827270508,1,N,-74.003662109375,40.742000579833984,1,32.5,0.5,0.5,7.67,5.33,0.3,46.8
681,2,2015-01-09 20:29:46,2015-01-09 20:38:19,1,1.71,-73.97266387939453,40.75364685058594,1,N,-73.98436737060547,40.73633193969727,1,8.0,0.5,0.5,1.5,0.0,0.3,10.8
682,2,2015-01-09 20:29:47,2015-01-09 20:42:05,1,3.61,-73.98062896728516,40.75053024291992,1,N,-73.94882202148438,40.78878021240234,1,12.5,0.5,0.5,2.6,0.0,0.3,16.4
683,2,2015-01-23 09:45:30,2015-01-23 09:59:10,2,2.09,-73.96158599853516,40.77960205078125,1,N,-73.98294830322266,40.763553619384766,2,10.5,0.0,0.5,0.0,0.0,0.3,11.3
684,2,2015-01-23 09:45:30,2015-01-23 09:52:22,1,0.7,-73.97075653076173,40.752002716064446,1,N,-73.98043823242188,40.75315856933594,1,6.0,0.0,0.5,1.36,0.0,0.3,8.16
685,2,2015-01-23 09:45:31,2015-01-23 10:05:31,1,4.26,-73.99147033691406,40.72721099853516,1,N,-73.95744323730467,40.721355438232415,1,17.0,0.0,0.5,2.0,0.0,0.3,19.8
686,2,2015-01-23 09:45:31,2015-01-23 09:57:31,6,1.39,-73.99795532226561,40.73591232299805,1,N,-73.98654174804686,40.753173828125,1,9.0,0.0,0.5,1.8,0.0,0.3,11.6
687,2,2015-01-23 09:45:31,2015-01-23 09:58:13,1,1.46,-73.99109649658203,40.760780334472656,1,N,-73.97624206542967,40.748191833496094,1,9.5,0.0,0.5,0.0,0.0,0.3,10.3
688,2,2015-01-23 09:45:31,2015-01-23 09:55:09,2,0.99,-74.00386810302734,40.738548278808594,1,N,-73.99056243896483,40.74119567871094,2,7.5,0.0,0.5,0.0,0.0,0.3,8.3
689,2,2015-01-23 09:45:32,2015-01-23 09:53:08,1,1.01,-73.98893737792967,40.73673629760742,1,N,-73.98200225830078,40.74815368652344,1,7.0,0.0,0.5,1.95,0.0,0.3,9.75
690,2,2015-01-23 09:45:32,2015-01-23 10:01:40,6,1.89,-73.97706604003906,40.758575439453125,1,N,-73.953857421875,40.76701354980469,2,12.0,0.0,0.5,0.0,0.0,0.3,12.8
691,2,2015-01-23 09:45:33,2015-01-23 10:00:37,1,1.37,-73.98347473144531,40.775482177734375,1,N,-73.9835205078125,40.76150131225586,2,10.5,0.0,0.5,0.0,0.0,0.3,11.3
692,2,2015-01-23 09:45:33,2015-01-23 09:50:49,1,1.69,-74.0177230834961,40.70793914794922,1,N,-74.0112075805664,40.72915649414063,2,7.0,0.0,0.5,0.0,0.0,0.3,7.8
693,2,2015-01-23 09:45:34,2015-01-23 09:51:00,2,1.12,-73.97000122070312,40.789669036865234,1,N,-73.95498657226561,40.787551879882805,1,6.0,0.0,0.5,1.2,0.0,0.3,8.0
694,2,2015-01-23 09:45:34,2015-01-23 10:08:32,1,7.86,-74.00690460205078,40.711891174316406,1,N,-73.94634246826173,40.77709579467773,1,25.0,0.0,0.5,2.0,0.0,0.3,27.8
695,2,2015-01-23 09:45:34,2015-01-23 09:56:47,1,0.79,-73.98167419433594,40.76750183105469,1,N,-73.97442626953125,40.763496398925774,1,8.0,0.0,0.5,2.2,0.0,0.3,11.0
696,2,2015-01-23 09:45:34,2015-01-23 09:56:53,2,0.93,-73.97591400146483,40.75730514526367,1,N,-73.97591400146483,40.75730514526367,2,8.0,0.0,0.5,0.0,0.0,0.3,8.8
697,2,2015-01-23 09:45:35,2015-01-23 10:02:52,1,2.1,-73.99691772460938,40.74239730834961,1,N,-73.97258758544923,40.75363159179688,1,12.5,0.0,0.5,3.32,0.0,0.3,16.62
698,2,2015-01-23 09:45:36,2015-01-23 09:55:29,1,1.25,-73.98342895507811,40.77545547485352,1,N,-73.98725891113281,40.76119613647461,2,8.0,0.0,0.5,0.0,0.0,0.3,8.8
699,2,2015-01-23 09:45:36,2015-01-23 09:52:54,1,0.72,-73.99458312988281,40.76082992553711,1,N,-73.99671173095702,40.75292205810546,1,6.5,0.0,0.5,0.0,0.0,0.3,7.3
700,2,2015-01-23 09:45:36,2015-01-23 10:20:37,1,18.06,-73.97798156738281,40.763496398925774,3,N,-74.17701721191406,40.694862365722656,1,68.0,0.0,0.0,16.44,13.9,0.3,98.64
701,2,2015-01-23 09:45:36,2015-01-23 10:13:01,1,10.3,-73.87113189697266,40.77378082275391,1,N,-73.9740982055664,40.75755310058594,2,30.0,0.0,0.5,0.0,5.33,0.3,36.13
702,2,2015-01-23 09:45:36,2015-01-23 09:52:05,1,0.77,-73.98814392089844,40.75983047485352,1,N,-73.97864532470702,40.75624084472656,1,6.0,0.0,0.5,1.7,0.0,0.3,8.5
703,2,2015-01-23 09:45:36,2015-01-23 09:54:51,1,1.7,-73.99403381347656,40.73703384399414,1,N,-73.98082733154298,40.752151489257805,1,8.0,0.0,0.5,2.2,0.0,0.3,11.0
704,2,2015-01-23 09:45:36,2015-01-23 09:50:35,1,1.27,-73.96937561035155,40.76641845703125,1,N,-73.95911407470702,40.78197860717773,2,6.0,0.0,0.5,0.0,0.0,0.3,6.8
705,1,2015-01-10 20:14:22,2015-01-10 20:26:49,1,2.1,-73.99642944335938,40.73727798461913,1,N,-73.97754669189453,40.7630615234375,1,10.5,0.5,0.5,2.35,0.0,0.3,14.15
706,1,2015-01-10 20:14:22,2015-01-10 20:40:40,1,8.7,-73.95612335205078,40.77042007446289,1,N,-74.00545501708984,40.72027969360352,2,28.0,0.5,0.5,0.0,0.0,0.3,29.3
707,1,2015-01-10 20:14:23,2015-01-10 20:14:36,1,0.0,-73.99327087402342,40.74883270263672,1,N,-73.99327087402342,40.74883270263672,3,2.5,0.5,0.5,0.0,0.0,0.3,3.8
708,1,2015-01-10 20:14:23,2015-01-10 20:42:33,2,3.1,-73.96186065673827,40.779632568359375,1,N,-73.98583221435547,40.74988555908203,2,19.0,0.5,0.5,0.0,0.0,0.3,20.3
709,1,2015-01-10 20:14:23,2015-01-10 20:23:21,2,2.4,-73.9347152709961,40.71438980102539,1,N,-73.95751953125,40.733428955078125,1,9.5,0.5,0.5,2.15,0.0,0.3,12.95
710,1,2015-01-10 20:14:23,2015-01-10 20:47:05,1,5.4,-73.97573852539062,40.74493789672852,1,N,-73.96002960205078,40.71840286254882,1,24.5,0.5,0.5,6.45,0.0,0.3,32.25
711,1,2015-01-10 20:14:24,2015-01-10 20:16:51,1,0.4,-73.99972534179686,40.7218132019043,1,N,-74.00603485107422,40.71950149536133,1,4.0,0.5,0.5,1.05,0.0,0.3,6.35
712,1,2015-01-10 20:14:24,2015-01-10 20:29:16,3,2.1,-73.99246978759764,40.7490234375,1,N,-73.97704315185547,40.763797760009766,1,11.5,0.5,0.5,1.0,0.0,0.3,13.8
713,1,2015-01-10 20:14:24,2015-01-10 20:30:41,3,2.7,-73.95685577392578,40.77079772949219,1,N,-73.98252105712889,40.7357177734375,1,12.5,0.5,0.5,1.0,0.0,0.3,14.8
714,1,2015-01-10 20:14:24,2015-01-10 20:23:21,2,2.2,-73.97101593017578,40.79584884643555,1,N,-73.95182037353516,40.82439422607422,1,9.5,0.5,0.5,1.0,0.0,0.3,11.8
715,1,2015-01-10 20:14:24,2015-01-10 20:18:37,2,0.7,-73.97042846679686,40.763965606689446,1,N,-73.98097229003906,40.769508361816406,2,5.0,0.5,0.5,0.0,0.0,0.3,6.3
716,1,2015-01-10 20:14:24,2015-01-10 20:24:11,1,1.2,-73.9933853149414,40.740814208984375,1,N,-74.00735473632812,40.73550796508789,1,8.0,0.5,0.5,1.0,0.0,0.3,10.3
717,1,2015-01-10 20:14:24,2015-01-10 20:27:39,3,1.1,-74.00078582763672,40.729297637939446,1,N,-73.98462677001953,40.72493743896485,1,9.5,0.5,0.5,2.15,0.0,0.3,12.95
718,1,2015-01-10 20:14:25,2015-01-10 20:21:09,2,1.9,-73.78365325927734,40.64870834350586,1,N,-73.78485870361328,40.66559219360352,1,8.0,0.5,0.5,5.0,0.0,0.3,14.3
719,1,2015-01-10 20:14:25,2015-01-10 20:21:53,2,0.8,-73.98881530761719,40.72713851928711,1,N,-73.9862289428711,40.71863555908203,1,6.5,0.5,0.5,1.95,0.0,0.3,9.75
720,1,2015-01-10 20:14:25,2015-01-10 20:24:46,1,3.2,-73.97837829589844,40.73673629760742,1,N,-73.94844055175781,40.777935028076165,1,11.5,0.5,0.5,1.92,0.0,0.3,14.72
721,1,2015-01-10 20:14:25,2015-01-10 20:16:04,1,0.5,-73.96634674072266,40.75799179077149,1,N,-73.97100830078125,40.75090408325195,2,3.5,0.5,0.5,0.0,0.0,0.3,4.8
722,1,2015-01-10 20:14:25,2015-01-10 20:19:21,1,1.5,-73.94461059570312,40.77945709228516,1,N,-73.95931243896483,40.76171112060546,1,7.0,0.5,0.5,1.6,0.0,0.3,9.9
723,1,2015-01-10 20:14:25,2015-01-10 20:22:39,1,1.0,-73.98596954345702,40.75909805297852,1,N,-73.9782943725586,40.7665901184082,2,7.0,0.5,0.5,0.0,0.0,0.3,8.3
724,1,2015-01-10 20:14:25,2015-01-10 20:22:35,2,1.7,-73.99330139160156,40.75722503662109,1,N,-74.00945281982422,40.746673583984375,1,8.0,0.5,0.5,1.0,0.0,0.3,10.3
725,1,2015-01-10 20:14:25,2015-01-10 20:26:15,1,2.7,-73.98508453369139,40.73576736450195,1,N,-73.96326446533203,40.76357650756836,1,11.5,0.5,0.5,2.55,0.0,0.3,15.35
726,1,2015-01-10 20:14:25,2015-01-10 20:22:21,2,1.5,-73.98995208740233,40.7759017944336,1,N,-74.00107574462889,40.76194763183594,1,7.5,0.5,0.5,1.5,0.0,0.3,10.3
727,2,2015-01-03 08:58:40,2015-01-03 09:01:35,1,0.61,-73.96463012695312,40.77146530151367,1,N,-73.96641540527342,40.7646713256836,2,4.5,0.0,0.5,0.0,0.0,0.3,5.3
728,2,2015-01-03 08:58:40,2015-01-03 09:14:09,2,4.41,-73.96662139892578,40.77329254150391,1,N,-73.98703765869139,40.72356796264648,1,15.5,0.0,0.5,3.1,0.0,0.3,19.4
729,1,2015-01-03 08:58:41,2015-01-03 09:03:00,2,1.0,-73.9825668334961,40.73551940917969,1,N,-73.99295806884764,40.726909637451165,1,5.5,0.0,0.5,1.0,0.0,0.0,7.3
730,1,2015-01-03 08:58:41,2015-01-03 09:03:39,1,1.0,-73.9770278930664,40.780120849609375,1,N,-73.9852294921875,40.77432632446289,1,5.5,0.0,0.5,1.8,0.0,0.0,8.1
731,2,2015-01-03 08:58:41,2015-01-03 09:05:56,1,2.62,-73.95108795166014,40.77439498901367,1,N,-73.9384536743164,40.80487823486328,1,9.5,0.0,0.5,1.5,0.0,0.3,11.8
732,1,2015-01-03 08:58:42,2015-01-03 09:11:07,1,2.9,-73.97332763671875,40.79312515258789,1,N,-73.99095153808595,40.75606536865234,2,12.0,0.0,0.5,0.0,0.0,0.0,12.8
733,1,2015-01-03 08:58:42,2015-01-03 09:00:12,1,0.3,-73.98971557617188,40.762161254882805,1,N,-73.98589324951173,40.76201629638672,2,3.5,0.0,0.5,0.0,0.0,0.0,4.3
734,2,2015-01-03 08:58:42,2015-01-03 09:05:04,1,2.04,-73.98766326904298,40.76528930664063,1,N,-73.99584197998048,40.7418212890625,1,8.0,0.0,0.5,1.6,0.0,0.3,10.4
735,2,2015-01-03 08:58:42,2015-01-03 09:03:01,1,0.89,-73.98241424560547,40.73532485961913,1,N,-73.99261474609375,40.730411529541016,2,5.5,0.0,0.5,0.0,0.0,0.3,6.3
736,2,2015-01-03 08:58:42,2015-01-03 09:06:00,6,1.19,-73.96517181396483,40.759727478027344,1,N,-73.98195648193358,40.76852798461913,1,7.0,0.0,0.5,1.0,0.0,0.3,8.8
737,1,2015-01-03 08:58:43,2015-01-03 09:03:41,2,0.6,-73.98347473144531,40.73904800415039,1,N,-73.99391174316406,40.74322509765625,2,5.5,0.0,0.5,0.0,0.0,0.0,6.3
738,1,2015-01-03 08:58:43,2015-01-03 09:10:36,1,3.0,-73.97450256347656,40.751502990722656,1,N,-73.99881744384764,40.713542938232415,2,12.5,0.0,0.5,0.0,0.0,0.0,13.3
739,1,2015-01-03 08:58:43,2015-01-03 09:18:03,1,5.6,-73.99542236328125,40.719993591308594,1,N,-73.96758270263672,40.787818908691406,1,19.0,0.0,0.5,2.0,0.0,0.0,21.8
740,2,2015-01-03 08:58:43,2015-01-03 09:01:17,1,0.98,-73.96021270751953,40.78189086914063,1,N,-73.96627044677734,40.77032852172852,1,5.0,0.0,0.5,1.25,0.0,0.3,7.05
741,2,2015-01-03 08:58:43,2015-01-03 09:24:02,1,11.21,-73.87140655517578,40.77400588989258,1,N,-74.00843048095702,40.735397338867195,2,33.5,0.0,0.5,0.0,0.0,0.3,34.3
742,1,2015-01-03 08:58:44,2015-01-03 09:19:31,2,10.8,-73.98988342285155,40.746803283691406,1,Y,-73.86493682861328,40.770469665527344,2,31.0,0.0,0.5,0.0,5.33,0.0,37.13
743,1,2015-01-03 08:58:44,2015-01-03 09:04:29,1,1.2,-73.9744415283203,40.75441360473633,1,N,-73.99091339111328,40.750312805175774,2,6.5,0.0,0.5,0.0,0.0,0.0,7.3
744,2,2015-01-03 08:58:44,2015-01-03 09:22:01,1,12.2,-73.98269653320312,40.75827026367188,1,N,-73.86436462402342,40.7700309753418,1,34.5,0.0,0.5,3.0,5.33,0.3,43.63
745,1,2015-01-03 08:58:45,2015-01-03 09:01:58,1,1.2,-73.99982452392578,40.743289947509766,1,N,-74.0013656616211,40.75642395019531,2,5.5,0.0,0.5,0.0,0.0,0.0,6.3
746,2,2015-01-03 08:58:45,2015-01-03 09:29:18,1,18.41,-73.7894287109375,40.64365005493164,2,N,-73.98486328125,40.760860443115234,2,52.0,0.0,0.5,0.0,5.33,0.3,58.13
747,1,2015-01-03 08:58:46,2015-01-03 09:05:24,1,1.5,-73.97219085693358,40.74880599975586,1,N,-73.98348999023438,40.76219177246094,2,7.0,0.0,0.5,0.0,0.0,0.0,7.8
748,2,2015-01-03 08:58:46,2015-01-03 09:05:06,1,2.13,-73.96007537841797,40.71051025390625,1,N,-73.9875717163086,40.72447204589844,1,8.5,0.0,0.5,1.0,0.0,0.3,10.3
749,2,2015-01-29 19:02:23,2015-01-29 19:12:21,1,1.31,-73.9993667602539,40.745155334472656,1,N,-73.99105072021484,40.75027084350586,2,8.0,1.0,0.5,0.0,0.0,0.3,9.8
750,2,2015-01-29 19:02:23,2015-01-29 19:22:53,2,5.78,-73.96617889404298,40.8055534362793,1,N,-74.00599670410156,40.74124526977539,2,20.5,1.0,0.5,0.0,0.0,0.3,22.3
751,2,2015-01-29 19:02:23,2015-01-29 19:14:05,1,1.29,-73.97789001464844,40.76287841796875,1,N,-73.99047088623048,40.75046157836913,2,8.5,1.0,0.5,0.0,0.0,0.3,10.3
752,2,2015-01-29 19:02:23,2015-01-29 19:25:12,3,3.54,-73.99163055419923,40.749706268310554,1,N,-73.95558929443358,40.76863479614258,2,16.0,1.0,0.5,0.0,0.0,0.3,17.8
753,2,2015-01-29 19:02:24,2015-01-29 19:09:15,4,0.87,-73.95591735839844,40.764102935791016,1,N,-73.95409393310547,40.772987365722656,1,6.0,1.0,0.5,1.0,0.0,0.3,8.8
754,2,2015-01-29 19:02:24,2015-01-29 19:19:25,5,2.12,-73.97911834716798,40.761356353759766,1,N,-73.98287200927734,40.7420768737793,2,12.0,1.0,0.5,0.0,0.0,0.3,13.8
755,2,2015-01-29 19:02:24,2015-01-29 19:19:19,1,1.88,-73.97090911865233,40.7584228515625,1,N,-73.97887420654298,40.73727035522461,1,12.0,1.0,0.5,3.45,0.0,0.3,17.25
756,2,2015-01-29 19:02:24,2015-01-29 19:15:39,1,1.89,-73.99263763427734,40.733840942382805,1,N,-73.98479461669923,40.71526336669922,2,10.5,1.0,0.5,0.0,0.0,0.3,12.3
757,2,2015-01-29 19:02:24,2015-01-29 19:22:42,2,2.72,-73.9505386352539,40.786354064941406,1,N,-73.98229217529298,40.7727928161621,1,14.0,1.0,0.5,3.95,0.0,0.3,19.75
758,2,2015-01-29 19:02:24,2015-01-29 19:16:59,2,1.47,-73.9916763305664,40.71682357788086,1,N,-74.00382232666014,40.729766845703125,2,10.0,1.0,0.5,0.0,0.0,0.3,11.8
759,2,2015-01-29 19:02:25,2015-01-29 19:05:47,1,0.72,-73.99371337890625,40.75707244873047,1,N,-73.9996566772461,40.748340606689446,2,4.5,1.0,0.5,0.0,0.0,0.3,6.3
760,2,2015-01-29 19:02:25,2015-01-29 19:21:14,2,3.45,-73.98059844970702,40.78142166137695,1,N,-73.94343566894531,40.81051254272461,2,15.0,1.0,0.5,0.0,0.0,0.3,16.8
761,2,2015-01-29 19:02:25,2015-01-29 19:31:32,5,4.66,-73.98866271972656,40.77838134765625,1,N,-73.98772430419923,40.72844696044922,2,20.0,1.0,0.5,0.0,0.0,0.3,21.8
762,2,2015-01-29 19:02:26,2015-01-29 19:14:22,5,1.47,-73.98777770996092,40.73242568969727,1,N,-73.99835205078125,40.74543380737305,2,9.5,1.0,0.5,0.0,0.0,0.3,11.3
763,2,2015-01-29 19:02:26,2015-01-29 19:15:44,2,0.89,-74.00335693359375,40.725261688232415,1,N,-73.99071502685547,40.72067260742188,2,9.5,1.0,0.5,0.0,0.0,0.3,11.3
764,2,2015-01-29 19:02:26,2015-01-29 19:21:31,2,2.26,-73.98550415039062,40.75782012939453,1,N,-73.98704528808595,40.73162841796875,1,13.0,1.0,0.5,1.0,0.0,0.3,15.8
765,2,2015-01-29 19:02:26,2015-01-29 19:11:30,1,1.28,-74.00447845458984,40.707218170166016,1,N,-74.00935363769531,40.72004699707031,1,7.5,1.0,0.5,1.2,0.0,0.3,10.5
766,2,2015-01-29 19:02:26,2015-01-29 19:19:58,1,2.04,-73.97023010253906,40.789016723632805,1,N,-73.98925018310547,40.76617431640625,2,12.0,1.0,0.5,0.0,0.0,0.3,13.8
767,2,2015-01-29 19:02:26,2015-01-29 19:06:42,1,0.54,-74.00049591064453,40.73227310180664,1,N,-73.9933853149414,40.733501434326165,1,4.5,1.0,0.5,1.26,0.0,0.3,7.56
768,2,2015-01-29 19:02:26,2015-01-29 19:07:58,5,0.62,-73.98019409179686,40.78599548339844,1,N,-73.98511505126953,40.77852630615234,2,5.5,1.0,0.5,0.0,0.0,0.3,7.3
769,2,2015-01-29 19:02:27,2015-01-29 19:21:49,6,1.68,-73.9830551147461,40.764507293701165,1,N,-73.97330474853516,40.74855422973633,1,12.5,1.0,0.5,1.0,0.0,0.3,15.3
770,2,2015-01-29 19:02:27,2015-01-29 19:13:58,1,1.59,-73.97409057617188,40.791748046875,1,N,-73.95844268798828,40.78147506713867,1,9.5,1.0,0.5,2.26,0.0,0.3,13.56
771,1,2015-01-03 09:19:52,2015-01-03 09:30:04,1,2.5,-73.99726104736328,40.72182846069336,1,N,-73.9945297241211,40.75065612792969,2,10.5,0.0,0.5,0.0,0.0,0.0,11.3
772,1,2015-01-03 09:19:52,2015-01-03 09:21:22,2,0.5,-73.98735809326173,40.76864242553711,1,N,-73.98422241210938,40.77521896362305,1,3.5,0.0,0.5,0.8,0.0,0.0,5.1
773,2,2015-01-03 09:19:52,2015-01-03 09:36:32,1,5.49,-73.94540405273438,40.80803680419922,1,N,-73.99520874023438,40.74979782104492,2,18.0,0.0,0.5,0.0,0.0,0.3,18.8
774,2,2015-01-03 09:19:52,2015-01-03 09:29:32,5,1.51,-73.97377014160156,40.7508201599121,1,N,-73.9923324584961,40.74945831298828,2,8.5,0.0,0.5,0.0,0.0,0.3,9.3
775,1,2015-01-03 09:19:53,2015-01-03 09:23:49,1,0.8,-74.00490570068358,40.75192642211913,1,N,-73.99486541748048,40.75015640258789,2,5.0,0.0,0.5,0.0,0.0,0.0,5.8
776,1,2015-01-03 09:19:53,2015-01-03 09:22:15,1,0.5,-73.95421600341797,40.78146743774414,1,N,-73.95564270019531,40.7767333984375,1,4.0,0.0,0.5,1.2,0.0,0.0,6.0
777,1,2015-01-03 09:19:53,2015-01-03 09:27:02,1,1.1,-73.99259948730467,40.76361083984375,1,N,-73.9765625,40.7597770690918,1,7.0,0.0,0.5,2.0,0.0,0.0,9.8
778,2,2015-01-03 09:19:53,2015-01-03 09:24:54,1,1.25,-74.00602722167967,40.73508071899414,1,N,-73.99220275878906,40.744186401367195,2,6.0,0.0,0.5,0.0,0.0,0.3,6.8
779,2,2015-01-03 09:19:53,2015-01-03 09:26:04,1,1.15,-73.97471618652342,40.79104995727539,1,N,-73.98171997070312,40.7734603881836,2,7.0,0.0,0.5,0.0,0.0,0.3,7.8
780,1,2015-01-03 09:19:54,2015-01-03 09:31:17,1,3.8,-74.00801849365233,40.70756149291992,1,N,-73.95859527587889,40.71478271484375,2,13.0,0.0,0.5,0.0,0.0,0.0,13.8
781,1,2015-01-03 09:19:54,2015-01-03 09:22:54,1,0.9,-73.98737335205078,40.73849105834961,1,N,-73.97901916503906,40.7495002746582,2,5.0,0.0,0.5,0.0,0.0,0.0,5.8
782,1,2015-01-03 09:19:54,2015-01-03 09:24:16,1,1.3,-73.94831085205078,40.78668212890625,1,N,-73.9462890625,40.80070877075195,2,6.0,0.0,0.5,0.0,0.0,0.0,6.8
783,1,2015-01-03 09:19:54,2015-01-03 09:31:56,1,2.1,-73.98526000976561,40.747268676757805,1,N,-73.98149871826173,40.72473907470703,2,10.5,0.0,0.5,0.0,0.0,0.0,11.3
784,2,2015-01-03 09:19:54,2015-01-03 09:21:10,1,0.34,-73.98062896728516,40.76015853881836,1,N,-73.97727203369139,40.763919830322266,2,3.0,0.0,0.5,0.0,0.0,0.3,3.8
785,2,2015-01-03 09:19:54,2015-01-03 09:24:38,6,1.54,-73.95612335205078,40.76763153076172,1,N,-73.94898223876953,40.78512954711913,1,6.5,0.0,0.5,1.0,0.0,0.3,8.3
786,1,2015-01-03 09:19:55,2015-01-03 09:28:11,1,2.9,-73.99463653564453,40.72581481933594,1,N,-73.96648406982422,40.76169967651367,1,10.5,0.0,0.5,2.25,0.0,0.0,13.55
787,1,2015-01-03 09:19:55,2015-01-03 09:37:11,1,3.9,-73.94723510742188,40.780132293701165,1,N,-73.99110412597656,40.750465393066406,1,15.5,0.0,0.5,4.05,0.0,0.0,20.35
788,1,2015-01-03 09:19:55,2015-01-03 09:28:36,1,1.6,-73.98226165771484,40.7730598449707,1,N,-73.95787048339844,40.765239715576165,2,8.5,0.0,0.5,0.0,0.0,0.0,9.3
789,1,2015-01-03 09:19:55,2015-01-03 09:22:25,1,0.5,-73.97676849365233,40.727153778076165,1,N,-73.98228454589844,40.7313346862793,2,4.0,0.0,0.5,0.0,0.0,0.0,4.8
790,2,2015-01-03 09:19:56,2015-01-03 09:31:03,1,2.5,-73.97810363769531,40.76482009887695,1,N,-73.9461669921875,40.77318954467773,2,11.0,0.0,0.5,0.0,0.0,0.3,11.8
791,2,2015-01-03 09:19:56,2015-01-03 09:40:21,1,9.38,-73.870849609375,40.77372360229492,1,N,-74.00138854980467,40.756641387939446,2,27.5,0.0,0.5,0.0,5.33,0.3,33.63
792,1,2015-01-03 09:19:57,2015-01-03 09:22:54,1,0.7,-73.98805236816406,40.73720550537109,1,N,-73.98193359375,40.746131896972656,2,4.5,0.0,0.5,0.0,0.0,0.0,5.3
793,1,2015-01-10 20:33:35,2015-01-10 20:50:04,1,3.5,-73.98920440673827,40.721206665039055,1,N,-73.97129821777344,40.6902732849121,2,15.0,0.5,0.5,0.0,0.0,0.3,16.3
794,1,2015-01-10 20:33:35,2015-01-10 20:43:55,2,1.8,-73.9781494140625,40.761245727539055,1,N,-73.95536804199219,40.76519775390625,1,9.0,0.5,0.5,2.06,0.0,0.3,12.36
795,1,2015-01-10 20:33:35,2015-01-10 20:43:10,1,1.2,-74.00208282470702,40.72983551025391,1,N,-74.00387573242188,40.74437713623047,2,8.0,0.5,0.5,0.0,0.0,0.3,9.3
796,1,2015-01-10 20:33:35,2015-01-10 20:54:35,2,3.3,-73.99846649169923,40.72469711303711,1,N,-73.98109436035155,40.76362228393555,1,15.0,0.5,0.5,4.05,0.0,0.3,20.35
797,1,2015-01-10 20:33:36,2015-01-10 20:47:27,2,2.1,-73.95281219482422,40.779491424560554,1,N,-73.97364044189453,40.76069259643555,1,11.5,0.5,0.5,2.0,0.0,0.3,14.8
798,1,2015-01-10 20:33:36,2015-01-10 20:39:10,2,1.1,0.0,0.0,1,N,0.0,0.0,2,6.0,0.5,0.5,0.0,0.0,0.3,7.3
799,1,2015-01-10 20:33:36,2015-01-10 20:52:50,1,3.2,-74.00254821777344,40.734012603759766,1,N,-74.00432586669923,40.732585906982415,1,15.5,0.5,0.5,2.5,0.0,0.3,19.3
800,1,2015-01-10 20:33:37,2015-01-10 20:57:22,1,4.6,-73.9859619140625,40.726959228515625,1,N,-73.99967193603516,40.688133239746094,1,19.5,0.5,0.5,1.58,0.0,0.3,22.38
801,2,2015-01-18 13:05:08,2015-01-18 13:39:04,5,10.16,-73.87090301513672,40.77378082275391,1,N,-73.9817886352539,40.78195571899414,1,32.5,0.0,0.5,7.57,5.33,0.3,46.2
802,2,2015-01-18 13:05:08,2015-01-18 13:21:24,1,3.09,-73.98583221435547,40.7350959777832,1,N,-73.9821014404297,40.76835250854492,2,13.5,0.0,0.5,0.0,0.0,0.3,14.3
803,2,2015-01-18 13:05:08,2015-01-18 13:16:17,1,2.29,-73.95243072509764,40.7790412902832,1,N,-73.96873474121092,40.75484085083008,1,10.0,0.0,0.5,1.0,0.0,0.3,11.8
804,2,2015-01-18 13:05:08,2015-01-18 13:18:37,1,2.5,-73.96845245361328,40.755268096923835,1,N,-73.96218872070312,40.7793083190918,1,11.5,0.0,0.5,2.3,0.0,0.3,14.6
805,2,2015-01-18 13:05:08,2015-01-18 13:18:07,1,3.3,-74.00731658935547,40.707122802734375,1,N,-73.98954010009764,40.71908950805664,2,13.0,0.0,0.5,0.0,0.0,0.3,13.8
806,2,2015-01-18 13:05:08,2015-01-18 13:12:56,1,1.25,-74.00565338134764,40.726726531982415,1,N,-73.98994445800781,40.72649002075195,2,7.5,0.0,0.5,0.0,0.0,0.3,8.3
807,2,2015-01-18 13:05:09,2015-01-18 13:08:54,1,0.71,-73.97222137451173,40.74550628662109,1,N,-73.97001647949219,40.753093719482415,1,5.0,0.0,0.5,1.0,0.0,0.3,6.8
808,2,2015-01-18 13:05:09,2015-01-18 13:33:39,1,11.26,-73.86369323730467,40.76948165893555,1,N,-73.9749984741211,40.75941848754882,2,34.0,0.0,0.5,0.0,5.33,0.3,40.13
809,2,2015-01-18 13:05:09,2015-01-18 13:15:16,1,1.94,-73.95694732666014,40.77749633789063,1,N,-73.98226928710938,40.774272918701165,2,9.5,0.0,0.5,0.0,0.0,0.3,10.3
810,2,2015-01-18 13:05:10,2015-01-18 13:21:30,6,3.9,-73.9441680908203,40.788131713867195,1,N,-73.98799133300781,40.76491165161133,1,14.5,0.0,0.5,2.9,0.0,0.3,18.2
811,2,2015-01-18 13:05:10,2015-01-18 13:17:55,1,1.66,-73.96147918701173,40.768901824951165,1,N,-73.98359680175781,40.7669792175293,1,10.0,0.0,0.5,2.0,0.0,0.3,12.8
812,2,2015-01-18 13:05:10,2015-01-18 13:10:51,1,1.22,-73.99987030029298,40.73470306396485,1,N,-73.98821258544923,40.748340606689446,1,6.5,0.0,0.5,1.3,0.0,0.3,8.6
813,2,2015-01-18 13:05:11,2015-01-18 13:09:29,1,0.63,-74.00305938720702,40.734272003173835,1,N,-74.0063247680664,40.739524841308594,2,4.5,0.0,0.5,0.0,0.0,0.3,5.3
814,2,2015-01-18 13:05:11,2015-01-18 13:10:02,1,1.3,-73.99462127685547,40.75564193725586,1,N,-74.0042953491211,40.74045181274414,1,6.0,0.0,0.5,1.5,0.0,0.3,8.3
815,2,2015-01-18 13:05:11,2015-01-18 13:22:23,1,3.87,-73.99416351318358,40.75104141235352,1,N,-74.00667572021484,40.7082405090332,1,14.5,0.0,0.5,3.62,0.0,0.3,18.92
816,2,2015-01-18 13:05:11,2015-01-18 13:23:40,1,3.23,-73.98249816894531,40.76237869262695,1,N,-73.95761108398438,40.785430908203125,1,15.0,0.0,0.5,3.0,0.0,0.3,18.8
817,2,2015-01-18 13:05:11,2015-01-18 13:09:45,1,0.77,-73.95616149902342,40.76752471923828,1,N,-73.95635986328125,40.77579116821289,1,5.0,0.0,0.5,1.0,0.0,0.3,6.8
818,2,2015-01-18 13:05:11,2015-01-18 13:10:54,1,1.03,-73.99659729003906,40.74282836914063,1,N,-73.9842300415039,40.743282318115234,2,5.5,0.0,0.5,0.0,0.0,0.3,6.3
819,2,2015-01-18 13:05:11,2015-01-18 13:22:51,1,3.24,-73.96305084228516,40.76229095458984,1,N,-73.98577117919923,40.72291946411133,1,14.0,0.0,0.5,2.8,0.0,0.3,17.6
820,2,2015-01-18 13:05:11,2015-01-18 13:20:22,1,1.73,-73.99972534179686,40.76110076904297,1,N,-73.98074340820312,40.76496887207031,1,11.0,0.0,0.5,2.2,0.0,0.3,14.0
821,2,2015-01-18 13:05:11,2015-01-18 13:07:02,1,0.39,-73.98092651367188,40.78178024291992,1,N,-73.97762298583984,40.78675079345703,2,3.5,0.0,0.5,0.0,0.0,0.3,4.3
822,2,2015-01-18 13:05:12,2015-01-18 13:12:23,1,1.32,-74.0033950805664,40.74869155883789,1,N,-74.00592803955078,40.734539031982415,1,7.0,0.0,0.5,1.4,0.0,0.3,9.2
823,1,2015-01-10 20:56:27,2015-01-10 21:06:11,1,1.3,-73.98632049560547,40.7447624206543,1,N,-74.00175476074217,40.7364387512207,1,8.0,0.5,0.5,1.85,0.0,0.3,11.15
824,1,2015-01-10 20:56:27,2015-01-10 21:00:26,1,0.7,-73.98895263671875,40.69377517700195,1,N,-73.98479461669923,40.70252227783203,2,4.5,0.5,0.5,0.0,0.0,0.3,5.8
825,1,2015-01-10 20:56:27,2015-01-10 21:07:45,1,1.6,-73.9550552368164,40.778125762939446,1,N,-73.96828460693358,40.78829193115234,2,9.5,0.5,0.5,0.0,0.0,0.3,10.8
826,1,2015-01-10 20:56:28,2015-01-10 21:08:53,1,5.1,-74.00675201416014,40.70787048339844,1,N,-73.9690170288086,40.754127502441406,2,16.5,0.5,0.5,0.0,0.0,0.3,17.8
827,1,2015-01-10 20:56:29,2015-01-10 21:16:49,1,3.7,0.0,0.0,1,N,0.0,0.0,1,15.5,0.5,0.5,1.0,0.0,0.3,17.8
828,1,2015-01-10 20:56:29,2015-01-10 21:16:24,3,2.1,-73.990966796875,40.71731948852539,1,N,-73.97899627685547,40.74111557006836,2,13.5,0.5,0.5,0.0,0.0,0.3,14.8
829,1,2015-01-10 20:56:29,2015-01-10 21:04:14,2,1.4,-73.99166870117188,40.7419548034668,1,N,-73.99805450439453,40.753921508789055,2,7.5,0.5,0.5,0.0,0.0,0.3,8.8
830,1,2015-01-10 20:56:29,2015-01-10 21:10:24,1,3.9,-74.00225830078125,40.70851516723633,1,N,-73.95599365234375,40.693729400634766,2,14.0,0.5,0.5,0.0,0.0,0.3,15.3
831,1,2015-01-10 20:56:29,2015-01-10 21:19:34,1,5.0,-73.98237609863281,40.7784538269043,1,N,-73.99706268310547,40.72540664672852,1,20.0,0.5,0.5,4.26,0.0,0.3,25.56
832,1,2015-01-10 20:56:30,2015-01-10 21:11:01,2,1.9,-73.99974822998048,40.737003326416016,1,N,-73.98461151123048,40.749298095703125,2,10.5,0.5,0.5,0.0,0.0,0.3,11.8
833,1,2015-01-10 20:56:30,2015-01-10 20:58:26,1,0.3,-73.95579528808595,40.77971649169922,1,N,-73.95862579345702,40.77503967285156,1,3.5,0.5,0.5,1.5,0.0,0.3,6.3
834,1,2015-01-10 20:56:30,2015-01-10 21:02:57,1,0.9,0.0,0.0,1,N,0.0,0.0,2,6.0,0.5,0.5,0.0,0.0,0.3,7.3
835,1,2015-01-10 20:56:30,2015-01-10 21:01:43,1,1.4,-73.98242950439453,40.774707794189446,1,N,-73.97615051269531,40.79185485839844,1,6.5,0.5,0.5,2.3,0.0,0.3,10.1
836,1,2015-01-10 20:56:30,2015-01-10 21:04:13,1,0.8,-73.98260498046875,40.742618560791016,1,N,-73.98824310302734,40.749526977539055,1,6.5,0.5,0.5,1.95,0.0,0.3,9.75
837,1,2015-01-10 20:56:30,2015-01-10 21:11:44,1,1.6,-73.99220275878906,40.75015640258789,1,N,-74.00163269042967,40.73942947387695,2,11.0,0.5,0.5,0.0,0.0,0.3,12.3
838,1,2015-01-10 20:56:30,2015-01-10 21:09:56,1,1.2,-74.00051116943358,40.73233413696289,1,N,-73.98590850830078,40.73489761352539,2,9.5,0.5,0.5,0.0,0.0,0.3,10.8
839,1,2015-01-10 20:56:31,2015-01-10 21:19:02,1,4.5,-73.99453735351561,40.75617980957031,1,N,-74.01325225830078,40.70468521118164,2,18.0,0.5,0.5,0.0,0.0,0.3,19.3
840,1,2015-01-10 20:56:31,2015-01-10 21:12:05,2,3.5,-73.99474334716798,40.75062561035156,1,N,-73.97164154052734,40.79537963867188,1,13.5,0.5,0.5,2.0,0.0,0.3,16.8
841,1,2015-01-10 20:56:31,2015-01-10 21:02:02,4,0.9,-73.9416275024414,40.81288909912109,1,N,-73.94796752929686,40.80149841308594,1,6.0,0.5,0.5,1.0,0.0,0.3,8.3
842,1,2015-01-10 20:56:32,2015-01-10 21:23:01,1,4.3,-73.98773193359375,40.72854995727539,1,N,-73.98223114013672,40.775146484375,1,19.0,0.5,0.5,4.06,0.0,0.3,24.36
843,1,2015-01-10 20:56:32,2015-01-10 21:04:00,1,0.9,-73.94896697998048,40.828510284423835,1,N,-73.99185180664062,40.73875045776367,2,6.5,0.5,0.5,0.0,0.0,0.3,7.8
844,1,2015-01-10 20:56:32,2015-01-10 21:04:11,1,1.4,-73.97761535644531,40.760684967041016,1,N,-73.9851303100586,40.77391815185546,2,7.0,0.5,0.5,0.0,0.0,0.3,8.3
845,2,2015-01-23 00:31:01,2015-01-23 00:37:19,1,2.66,-73.98379516601561,40.7296257019043,1,N,-73.95951080322266,40.76283645629882,1,9.0,0.5,0.5,2.06,0.0,0.3,12.36
846,2,2015-01-23 00:31:01,2015-01-23 00:34:36,1,0.73,-73.96531677246092,40.71108627319336,1,N,-73.95589447021484,40.71403884887695,2,4.5,0.5,0.5,0.0,0.0,0.3,5.8
847,2,2015-01-23 00:31:01,2015-01-23 01:01:45,5,5.46,-73.98879241943358,40.74782180786133,1,N,-73.95745086669923,40.71800994873047,1,23.5,0.5,0.5,6.0,0.0,0.3,30.8
848,2,2015-01-23 00:31:02,2015-01-23 00:59:06,1,7.46,-73.98912811279298,40.743698120117195,1,N,-73.96175384521484,40.64849853515625,1,26.0,0.5,0.5,5.46,0.0,0.3,32.76
849,2,2015-01-23 00:31:02,2015-01-23 00:43:11,5,3.57,-73.99153900146483,40.76512908935546,1,N,-74.00106811523438,40.72909927368164,1,13.0,0.5,0.5,1.0,0.0,0.3,15.3
850,2,2015-01-23 00:31:03,2015-01-23 00:38:08,3,1.96,-73.95966339111328,40.714031219482415,1,N,-73.95516967773438,40.69097137451172,1,8.0,0.5,0.5,1.7,0.0,0.3,11.0
851,2,2015-01-23 00:31:03,2015-01-23 00:51:50,1,6.03,-73.98523712158203,40.74151992797852,1,N,-73.96115112304686,40.672271728515625,1,20.0,0.5,0.5,5.32,0.0,0.3,26.62
852,2,2015-01-23 00:31:03,2015-01-23 00:31:56,1,0.42,-74.00315856933594,40.732940673828125,1,N,-74.00548553466798,40.72787857055664,2,3.5,0.5,0.5,0.0,0.0,0.3,4.8
853,2,2015-01-23 00:31:04,2015-01-23 00:57:15,3,6.41,-74.00888824462889,40.707218170166016,1,N,-73.97332000732422,40.78445816040039,2,22.5,0.5,0.5,0.0,0.0,0.3,23.8
854,2,2015-01-23 00:31:04,2015-01-23 00:36:15,1,1.16,-74.00639343261719,40.70608139038086,1,N,-74.01523590087889,40.70932388305664,1,6.0,0.5,0.5,1.82,0.0,0.3,9.12
855,2,2015-01-23 00:31:04,2015-01-23 00:33:00,1,0.35,-73.98445129394531,40.77995681762695,1,N,-73.98226928710938,40.776905059814446,1,3.5,0.5,0.5,0.5,0.0,0.3,5.3
856,2,2015-01-23 00:31:05,2015-01-23 00:38:23,1,1.97,-73.97718811035155,40.74294662475586,1,N,-74.00008392333984,40.73053359985352,2,8.0,0.5,0.5,0.0,0.0,0.3,9.3
857,2,2015-01-23 00:31:05,2015-01-23 00:32:47,1,0.56,-73.98009490966798,40.7514877319336,1,N,-73.98413848876953,40.7557373046875,1,4.0,0.5,0.5,1.06,0.0,0.3,6.36
858,2,2015-01-23 00:31:05,2015-01-23 00:42:54,2,2.62,-73.98229217529298,40.77194595336913,1,N,-73.98532104492188,40.74557876586913,2,11.0,0.5,0.5,0.0,0.0,0.3,12.3
859,2,2015-01-23 00:31:05,2015-01-23 00:46:59,1,3.09,-74.00948333740233,40.738140106201165,1,N,-73.97267913818358,40.74478530883789,1,12.5,0.5,0.5,2.2,0.0,0.3,16.0
860,2,2015-01-23 00:31:05,2015-01-23 00:36:22,1,1.44,-73.97943115234375,40.77594375610352,1,N,-73.97484588623048,40.76186752319336,2,6.5,0.5,0.5,0.0,0.0,0.3,7.8
861,2,2015-01-23 00:31:06,2015-01-23 00:49:00,1,2.21,-74.00642395019531,40.7445068359375,1,N,-73.98722839355469,40.72233963012695,2,13.0,0.5,0.5,0.0,0.0,0.3,14.3
862,2,2015-01-23 00:31:06,2015-01-23 00:43:13,3,2.64,-73.99270629882812,40.75844955444336,1,N,-73.9895782470703,40.73184967041016,1,11.0,0.5,0.5,2.3,0.0,0.3,14.6
863,2,2015-01-23 00:31:08,2015-01-23 00:38:17,1,1.44,-73.98944091796875,40.74898147583008,1,N,-74.00202178955078,40.73519134521485,2,7.0,0.5,0.5,0.0,0.0,0.3,8.3
864,2,2015-01-23 00:31:08,2015-01-23 00:35:44,3,0.86,-73.97906494140625,40.755741119384766,1,N,-73.98841094970702,40.74884033203125,1,5.5,0.5,0.5,1.36,0.0,0.3,8.16
865,2,2015-01-23 00:31:11,2015-01-23 00:41:25,2,2.5,-73.98725128173827,40.692081451416016,1,N,-73.96465301513672,40.70587158203125,2,11.0,0.5,0.5,0.0,0.0,0.3,12.3
866,1,2015-01-10 21:13:45,2015-01-10 21:27:43,1,1.3,-73.98577880859375,40.73110580444336,1,N,-73.991943359375,40.7409782409668,1,10.0,0.5,0.5,3.0,0.0,0.3,14.3
867,1,2015-01-10 22:53:23,2015-01-10 23:05:55,1,1.8,-73.98277282714845,40.73110580444336,1,N,-73.97816467285155,40.75121688842773,2,10.5,0.5,0.5,0.0,0.0,0.3,11.8
868,1,2015-01-10 22:53:23,2015-01-10 22:59:30,2,0.4,-73.97738647460938,40.75800323486328,1,N,-73.98438262939453,40.75920486450195,2,5.5,0.5,0.5,0.0,0.0,0.3,6.8
869,1,2015-01-10 22:53:24,2015-01-10 23:01:25,1,1.1,-73.9852523803711,40.71860122680664,1,N,-73.98524475097656,40.731544494628906,1,7.0,0.5,0.5,1.0,0.0,0.3,9.3
870,1,2015-01-10 22:53:24,2015-01-10 23:06:54,1,2.9,-73.98080444335938,40.733699798583984,1,N,-73.98119354248048,40.7633056640625,1,12.5,0.5,0.5,2.5,0.0,0.3,16.3
871,1,2015-01-10 22:53:24,2015-01-10 22:59:36,1,1.0,-73.98920440673827,40.73432540893555,1,N,-73.9837646484375,40.72573471069336,2,6.0,0.5,0.5,0.0,0.0,0.3,7.3
872,1,2015-01-10 22:53:24,2015-01-10 22:59:22,1,0.6,-73.99251556396483,40.7238655090332,1,N,-73.98733520507811,40.73278045654297,1,5.5,0.5,0.5,1.35,0.0,0.3,8.15
873,1,2015-01-10 22:53:24,2015-01-10 23:03:47,1,1.7,-73.98993682861328,40.7293701171875,1,N,-74.00263977050781,40.74476623535156,1,8.5,0.5,0.5,1.0,0.0,0.3,10.8
874,2,2015-01-17 19:33:06,2015-01-17 20:09:08,2,10.23,-73.9547119140625,40.77918243408203,1,N,-73.99961853027342,40.67458724975586,1,33.0,0.0,0.5,6.6,0.0,0.3,40.4
875,1,2015-01-23 17:43:08,2015-01-23 18:00:17,1,3.4,-73.98958587646483,40.75655364990234,1,N,-73.95175933837889,40.78190612792969,2,14.0,1.0,0.5,0.0,0.0,0.3,15.8
876,1,2015-01-23 17:43:08,2015-01-23 17:43:31,1,0.0,-73.97034454345702,40.762088775634766,1,N,-73.97034454345702,40.762088775634766,3,2.5,1.0,0.5,0.0,0.0,0.3,4.3
877,1,2015-01-23 17:43:08,2015-01-23 17:52:23,1,0.7,-73.95478820800781,40.7736701965332,1,N,-73.96268463134764,40.7666130065918,2,7.5,1.0,0.5,0.0,0.0,0.3,9.3
878,1,2015-01-23 17:43:09,2015-01-23 18:18:03,1,5.3,-73.96961975097656,40.75297164916992,1,N,-73.95636749267578,40.71908950805664,1,23.5,1.0,0.5,5.05,0.0,0.3,30.35
879,1,2015-01-23 17:43:09,2015-01-23 18:07:57,1,2.4,0.0,0.0,1,N,0.0,0.0,1,16.0,1.0,0.5,1.0,0.0,0.3,18.8
880,1,2015-01-23 17:43:09,2015-01-23 17:47:39,1,0.7,-73.98835754394531,40.77455139160156,1,N,-73.98658752441406,40.766868591308594,1,5.0,1.0,0.5,1.0,0.0,0.3,7.8
881,1,2015-01-23 17:43:09,2015-01-23 17:59:47,1,2.5,-73.9789047241211,40.75086212158203,1,N,-73.95269775390625,40.77824401855469,2,13.0,1.0,0.5,0.0,0.0,0.3,14.8
882,1,2015-01-23 17:43:09,2015-01-23 17:49:15,1,0.7,-73.93814849853516,40.80340576171875,1,N,-73.94336700439453,40.79431915283203,2,5.5,1.0,0.5,0.0,0.0,0.3,7.3
883,1,2015-01-23 17:43:10,2015-01-23 17:52:40,1,1.6,-73.9660415649414,40.78997802734375,1,N,-73.98046112060547,40.770164489746094,1,8.5,1.0,0.5,1.0,0.0,0.3,11.3
884,1,2015-01-23 17:43:10,2015-01-23 17:48:30,1,1.2,-74.01116180419923,40.72880172729492,1,N,-73.99839782714845,40.73624038696289,2,6.0,1.0,0.5,0.0,0.0,0.3,7.8
885,1,2015-01-23 17:43:11,2015-01-23 17:50:59,1,0.9,-73.96175384521484,40.77646255493164,1,N,-73.96054840087889,40.76824951171875,1,6.5,1.0,0.5,2.07,0.0,0.3,10.37
886,1,2015-01-23 17:43:13,2015-01-23 17:51:52,2,1.2,-73.96400451660156,40.767963409423835,1,N,-73.97498321533203,40.752685546875,1,7.0,1.0,0.5,1.0,0.0,0.3,9.8
887,1,2015-01-23 17:43:13,2015-01-23 17:51:03,1,0.9,-73.98357391357422,40.75920486450195,1,N,-73.97539520263672,40.7510871887207,1,6.5,1.0,0.5,1.65,0.0,0.3,9.95
888,1,2015-01-23 17:43:13,2015-01-23 17:55:30,1,1.6,-73.93265533447266,40.795536041259766,1,N,-73.9437255859375,40.8099021911621,1,9.5,1.0,0.5,2.25,0.0,0.3,13.55
889,1,2015-01-23 17:43:14,2015-01-23 17:49:17,1,0.9,-73.99933624267578,40.72492980957031,1,N,-73.99761962890625,40.73282241821289,2,6.0,1.0,0.5,0.0,0.0,0.3,7.8
890,1,2015-01-23 17:43:14,2015-01-23 18:05:26,1,1.8,-74.00437927246092,40.75212860107422,1,N,-73.98092651367188,40.75909805297852,1,14.0,1.0,0.5,3.15,0.0,0.3,18.95
891,1,2015-01-23 17:43:14,2015-01-23 17:54:44,1,1.8,-73.975341796875,40.790504455566406,1,N,-73.97898864746092,40.766948699951165,1,9.5,1.0,0.5,1.0,0.0,0.3,12.3
892,1,2015-01-23 17:43:14,2015-01-23 17:53:00,1,2.0,-73.97132873535155,40.7507209777832,1,N,-73.98007965087889,40.72769546508789,2,9.0,1.0,0.5,0.0,0.0,0.3,10.8
893,1,2015-01-23 17:43:16,2015-01-23 17:57:03,3,2.9,-73.9876937866211,40.77022933959961,1,N,-73.9656982421875,40.80628204345703,2,12.5,1.0,0.5,0.0,0.0,0.3,14.3
894,1,2015-01-23 17:43:16,2015-01-23 17:49:10,4,0.9,-74.01396179199219,40.70241928100586,1,N,-74.00939178466798,40.71067428588867,2,6.0,1.0,0.5,0.0,0.0,0.3,7.8
895,1,2015-01-23 17:43:16,2015-01-23 18:25:37,1,8.2,-73.87443542480467,40.773956298828125,1,N,-73.94737243652342,40.780086517333984,2,34.0,1.0,0.5,0.0,5.33,0.3,41.13
896,2,2015-01-17 19:33:06,2015-01-17 19:47:50,1,2.55,-73.99616241455078,40.73835754394531,1,N,-73.98195648193358,40.76913833618164,1,12.0,0.0,0.5,2.4,0.0,0.3,15.2
897,2,2015-01-17 19:33:07,2015-01-17 19:49:44,5,1.5,-73.98709869384764,40.72932052612305,1,N,-73.99947357177734,40.74396896362305,1,11.0,0.0,0.5,2.2,0.0,0.3,14.0
898,2,2015-01-17 19:33:07,2015-01-17 19:42:00,1,3.47,-74.01187896728516,40.70269775390625,1,N,-73.98798370361328,40.722850799560554,2,12.0,0.0,0.5,0.0,0.0,0.3,12.8
899,2,2015-01-17 19:33:07,2015-01-17 19:45:39,1,3.85,-73.98928833007811,40.72623062133789,1,N,-74.00859069824217,40.704219818115234,1,14.0,0.0,0.5,2.8,0.0,0.3,17.6
900,2,2015-01-17 19:33:08,2015-01-17 19:41:35,1,1.52,-73.99032592773438,40.73488235473633,1,N,-74.00382995605469,40.74816131591797,1,8.0,0.0,0.5,2.0,0.0,0.3,10.8
901,2,2015-01-17 19:33:08,2015-01-17 19:35:53,3,0.66,-73.98336791992188,40.75629806518555,1,N,-73.97686767578125,40.7644157409668,2,4.5,0.0,0.5,0.0,0.0,0.3,5.3
902,2,2015-01-17 19:33:08,2015-01-17 19:50:32,1,7.77,-73.77682495117188,40.6452522277832,4,N,-73.69132995605469,40.654346466064446,2,29.5,0.0,0.5,0.0,0.0,0.3,30.3
903,2,2015-01-17 19:33:08,2015-01-17 19:56:59,1,7.81,-73.99982452392578,40.721385955810554,1,N,-73.96241760253906,40.65833282470703,1,24.5,0.0,0.5,6.12,0.0,0.3,31.42
904,2,2015-01-17 19:33:08,2015-01-17 19:40:39,5,1.24,-73.99313354492188,40.75632858276367,1,N,-73.98486328125,40.76314926147461,2,7.0,0.0,0.5,0.0,0.0,0.3,7.8
905,2,2015-01-17 19:33:08,2015-01-17 19:37:43,1,0.89,-73.95452117919923,40.78390121459961,1,N,-73.96341705322266,40.77516555786133,2,5.5,0.0,0.5,0.0,0.0,0.3,6.3
906,2,2015-01-17 19:33:08,2015-01-17 19:41:25,1,1.58,-74.0030517578125,40.723121643066406,1,N,-74.01549530029298,40.71048355102539,1,8.0,0.0,0.5,1.0,0.0,0.3,9.8
907,2,2015-01-17 19:33:09,2015-01-17 19:41:11,1,1.13,-73.99987030029298,40.73812103271485,1,N,-73.98785400390625,40.72994995117188,1,7.0,0.0,0.5,3.0,0.0,0.3,10.8
908,2,2015-01-17 19:33:09,2015-01-17 19:41:33,2,1.11,-73.99134826660156,40.735965728759766,1,N,-74.00845336914062,40.73490524291992,2,7.0,0.0,0.5,0.0,0.0,0.3,7.8
909,2,2015-01-17 19:33:09,2015-01-17 19:55:36,1,1.09,-73.99951934814453,40.73845291137695,1,N,-73.98544311523438,40.729148864746094,1,14.0,0.0,0.5,2.8,0.0,0.3,17.6
910,2,2015-01-17 19:33:09,2015-01-17 19:46:30,6,2.3,-73.95807647705078,40.77335739135742,1,N,-73.98432159423827,40.75968170166016,2,11.5,0.0,0.5,0.0,0.0,0.3,12.3
911,2,2015-01-17 19:33:09,2015-01-17 19:38:13,1,1.21,-73.97785186767578,40.758419036865234,1,N,-73.98090362548828,40.74454879760742,2,6.0,0.0,0.5,0.0,0.0,0.3,6.8
912,2,2015-01-17 19:33:09,2015-01-17 19:36:46,1,0.65,-74.00350952148438,40.72631072998047,1,N,-74.00247955322266,40.73360443115234,1,4.5,0.0,0.5,0.0,0.0,0.3,5.3
913,2,2015-01-17 19:33:10,2015-01-17 19:39:44,1,1.38,-73.97689819335938,40.7644157409668,1,N,-73.98348236083984,40.74936294555664,1,7.0,0.0,0.5,1.5,0.0,0.3,9.3
914,2,2015-01-17 19:33:10,2015-01-17 19:48:46,1,2.57,-73.97466278076173,40.75021362304688,1,N,-73.9937973022461,40.720867156982415,2,12.5,0.0,0.5,0.0,0.0,0.3,13.3
915,2,2015-01-17 19:33:10,2015-01-17 19:57:07,1,7.52,-73.95587921142578,40.779815673828125,1,N,-74.00937652587889,40.7132568359375,1,24.5,0.0,0.5,2.53,0.0,0.3,27.83
916,2,2015-01-17 19:33:10,2015-01-17 19:36:51,1,0.93,-73.96894073486328,40.76076126098633,1,N,-73.97743225097656,40.74911880493164,1,5.0,0.0,0.5,1.25,0.0,0.3,7.05
917,1,2015-01-17 23:18:37,2015-01-17 23:38:43,1,5.2,-73.96630096435547,40.76512908935546,1,N,-73.98779296875,40.71927261352539,1,19.5,0.5,0.5,1.0,0.0,0.3,21.8
918,1,2015-01-17 23:18:38,2015-01-17 23:23:55,3,0.5,-73.9856719970703,40.75152206420898,1,N,-73.9894027709961,40.75677108764648,2,5.0,0.5,0.5,0.0,0.0,0.3,6.3
919,1,2015-01-17 23:18:38,2015-01-17 23:39:05,1,2.8,-73.96859741210938,40.75478744506836,1,N,-73.98949432373048,40.71881103515625,1,14.5,0.5,0.5,3.15,0.0,0.3,18.95
920,1,2015-01-17 23:18:38,2015-01-17 23:28:34,1,1.2,-73.98847961425781,40.764209747314446,1,N,-73.97261047363281,40.763221740722656,2,8.0,0.5,0.5,0.0,0.0,0.3,9.3
921,1,2015-01-17 23:18:39,2015-01-17 23:31:31,1,5.6,-73.95681762695312,40.745651245117195,1,N,-73.8751220703125,40.7413215637207,2,17.5,0.5,0.5,0.0,0.0,0.3,18.8
922,1,2015-01-17 23:18:39,2015-01-17 23:30:29,1,1.1,-74.0020980834961,40.738189697265625,1,N,-74.00588989257811,40.74020004272461,1,9.0,0.5,0.5,2.06,0.0,0.3,12.36
923,1,2015-01-17 23:18:39,2015-01-18 00:04:18,1,6.4,-74.0154037475586,40.715633392333984,1,N,-73.96786499023438,40.710796356201165,1,32.0,0.5,0.5,8.0,0.0,0.3,41.3
924,1,2015-01-17 23:18:39,2015-01-17 23:30:32,1,4.9,-73.87074279785155,40.77367401123047,1,N,-73.92474365234375,40.74602508544922,2,16.0,0.5,0.5,0.0,0.0,0.3,17.3
925,1,2015-01-17 23:18:39,2015-01-17 23:57:04,2,7.6,-73.95761871337889,40.72209548950195,1,N,-73.9518051147461,40.77291870117188,1,29.5,0.5,0.5,6.16,0.0,0.3,36.96
926,1,2015-01-17 23:18:39,2015-01-17 23:32:39,1,1.5,-73.98809814453125,40.73274612426758,1,N,-73.98955535888672,40.71884536743164,1,10.0,0.5,0.5,2.26,0.0,0.3,13.56
927,1,2015-01-17 23:18:40,2015-01-17 23:32:40,2,3.5,-74.00401306152342,40.73308181762695,1,N,-73.9856719970703,40.77050018310546,1,13.5,0.5,0.5,1.5,0.0,0.3,16.3
928,1,2015-01-17 23:18:41,2015-01-17 23:28:12,1,2.0,-74.0017318725586,40.728565216064446,1,N,-73.98554229736328,40.75272750854492,2,9.0,0.5,0.5,0.0,0.0,0.3,10.3
929,1,2015-01-17 23:18:41,2015-01-17 23:21:51,1,0.7,-73.99346160888672,40.74225997924805,1,N,-73.98775482177734,40.74564743041992,1,4.5,0.5,0.5,1.15,0.0,0.3,6.95
930,1,2015-01-17 23:18:41,2015-01-17 23:33:31,1,2.1,-73.9873504638672,40.74811172485352,1,N,-73.98838043212889,40.72406005859375,1,11.5,0.5,0.5,2.55,0.0,0.3,15.35
931,1,2015-01-17 23:18:41,2015-01-17 23:32:28,1,3.8,-73.99449157714845,40.74080657958984,1,N,-73.95506286621092,40.77838516235352,2,14.0,0.5,0.5,0.0,0.0,0.3,15.3
932,1,2015-01-17 23:18:41,2015-01-17 23:29:40,1,1.4,-73.974365234375,40.754070281982415,1,N,-73.99122619628906,40.749866485595696,2,9.0,0.5,0.5,0.0,0.0,0.3,10.3
933,1,2015-01-17 23:18:42,2015-01-17 23:30:32,1,2.1,-73.99147033691406,40.727169036865234,1,N,-73.98786163330078,40.74997329711913,2,10.0,0.5,0.5,0.0,0.0,0.3,11.3
934,1,2015-01-17 23:18:42,2015-01-18 00:11:48,1,6.2,-73.97772216796875,40.7788200378418,1,N,-73.89762115478516,40.748245239257805,2,31.0,0.5,0.5,0.0,0.0,0.3,32.3
935,1,2015-01-17 23:18:42,2015-01-17 23:38:40,2,4.1,-73.98847198486328,40.76394271850586,1,N,-73.97822570800781,40.72155380249024,1,16.0,0.5,0.5,3.45,0.0,0.3,20.75
936,1,2015-01-17 23:18:43,2015-01-17 23:25:17,1,0.7,-73.9785614013672,40.76182556152344,1,N,-73.97211456298828,40.76340866088867,2,6.0,0.5,0.5,0.0,0.0,0.3,7.3
937,1,2015-01-17 23:18:43,2015-01-17 23:28:15,2,1.7,-73.96925354003906,40.79801940917969,1,N,-73.96171569824217,40.780609130859375,1,8.5,0.5,0.5,1.95,0.0,0.3,11.75
938,1,2015-01-17 23:18:43,2015-01-17 23:21:44,3,0.4,-74.00937652587889,40.73813247680664,1,N,-74.00975036621092,40.73530960083008,1,4.0,0.5,0.5,2.0,0.0,0.3,7.3
939,1,2015-01-28 20:22:17,2015-01-28 20:29:31,1,1.4,-74.00444793701173,40.73091506958008,1,N,-74.00264739990233,40.744720458984375,1,7.0,0.5,0.5,1.5,0.0,0.3,9.8
940,1,2015-01-28 20:22:17,2015-01-28 20:35:23,1,2.8,-73.9782943725586,40.75167465209961,1,N,-73.9498291015625,40.777996063232415,1,11.5,0.5,0.5,3.2,0.0,0.3,16.0
941,1,2015-01-28 20:22:17,2015-01-28 20:23:36,1,0.0,-73.98974609375,40.73539352416992,1,N,-73.98954010009764,40.7354736328125,3,3.0,0.5,0.5,0.0,0.0,0.3,4.3
942,1,2015-01-28 20:22:17,2015-01-28 20:27:23,1,0.8,-73.98542785644531,40.758522033691406,1,N,-73.98528289794923,40.76779174804688,2,5.5,0.5,0.5,0.0,0.0,0.3,6.8
943,1,2015-01-28 20:22:17,2015-01-28 20:37:19,2,2.4,-73.99152374267578,40.74989318847656,1,N,-73.98148345947266,40.77987289428711,2,12.0,0.5,0.5,0.0,0.0,0.3,13.3
944,1,2015-01-28 20:22:17,2015-01-28 20:35:43,3,2.1,-74.00523376464844,40.7195701599121,1,N,-73.98592376708984,40.74096298217773,1,10.5,0.5,0.5,2.35,0.0,0.3,14.15
945,1,2015-01-28 20:22:18,2015-01-28 20:25:17,1,0.7,-73.9933090209961,40.747406005859375,1,N,-74.00301361083984,40.74391555786133,1,4.5,0.5,0.5,1.0,0.0,0.3,6.8
946,1,2015-01-28 20:22:18,2015-01-28 20:40:02,1,2.7,-73.99079132080078,40.74541473388672,1,N,-73.96107482910156,40.76680755615234,1,13.0,0.5,0.5,3.55,0.0,0.3,17.85
947,1,2015-01-28 20:22:18,2015-01-28 20:44:20,1,4.6,-73.98916625976561,40.74236297607422,1,N,-73.9781951904297,40.68695068359375,1,18.5,0.5,0.5,2.97,0.0,0.3,22.77
948,1,2015-01-28 20:22:18,2015-01-28 20:32:28,1,1.8,-73.9990692138672,40.72140502929688,1,N,-73.98059844970702,40.73851776123047,1,8.5,0.5,0.5,1.2,0.0,0.3,11.0
949,1,2015-01-28 20:22:18,2015-01-28 20:28:10,1,1.1,-74.00344085693358,40.713726043701165,1,N,-73.99349975585938,40.72752380371094,2,6.0,0.5,0.5,0.0,0.0,0.3,7.3
950,1,2015-01-28 20:22:19,2015-01-28 20:23:19,2,4.8,-74.03569030761719,40.743648529052734,5,N,-74.03571319580078,40.74365997314453,3,0.0,0.0,0.0,0.0,0.0,0.3,0.3
951,1,2015-01-28 20:22:19,2015-01-28 20:41:31,1,5.6,-73.9729766845703,40.78255081176758,1,N,-73.9830551147461,40.726608276367195,1,19.0,0.5,0.5,4.05,0.0,0.3,24.35
952,1,2015-01-28 20:22:19,2015-01-28 20:47:44,1,4.8,-73.97880554199219,40.73112487792969,1,N,-73.97820281982422,40.684955596923835,1,20.5,0.5,0.5,3.0,0.0,0.3,24.8
953,1,2015-01-28 20:22:19,2015-01-28 20:33:43,1,1.6,-73.99119567871094,40.74990081787109,1,N,-73.97830963134764,40.76486587524414,2,9.0,0.5,0.5,0.0,0.0,0.3,10.3
954,1,2015-01-28 20:22:19,2015-01-28 20:35:17,1,3.0,-73.95514678955078,40.7650260925293,1,N,-73.99014282226561,40.75104904174805,1,12.5,0.5,0.5,4.1,0.0,0.3,17.9
955,1,2015-01-28 20:22:19,2015-01-28 20:28:50,1,0.8,0.0,0.0,1,N,0.0,0.0,2,6.0,0.5,0.5,0.0,0.0,0.3,7.3
956,1,2015-01-28 20:22:19,2015-01-28 20:32:57,1,1.3,-73.98617553710938,40.75993347167969,1,N,-73.9701919555664,40.76303482055664,2,8.5,0.5,0.5,0.0,0.0,0.3,9.8
957,1,2015-01-28 20:22:20,2015-01-28 20:31:22,1,1.1,-73.98560333251953,40.74769973754882,1,N,-73.9863739013672,40.75657272338867,2,7.5,1.0,0.5,0.0,0.0,0.3,9.3
958,1,2015-01-28 20:22:20,2015-01-28 20:59:13,2,11.5,-73.86370849609375,40.7696418762207,1,N,-73.98237609863281,40.764259338378906,1,37.0,0.5,0.5,8.7,5.33,0.3,52.33
959,1,2015-01-28 20:22:21,2015-01-28 20:32:13,1,2.0,-73.99424743652342,40.72854995727539,1,N,-73.97278594970702,40.74346923828125,2,9.0,0.5,0.5,0.0,0.0,0.3,10.3
960,1,2015-01-28 20:22:22,2015-01-28 20:31:20,1,1.4,-73.96492767333984,40.76675033569336,1,N,-73.97867584228516,40.75025939941406,1,7.5,0.5,0.5,1.75,0.0,0.3,10.55
961,1,2015-01-21 00:16:18,2015-01-21 00:29:20,1,3.8,-73.97532653808595,40.7610740661621,1,N,-74.01068878173827,40.723594665527344,1,13.5,0.5,0.5,1.0,0.0,0.3,15.8
962,1,2015-01-21 00:16:19,2015-01-21 00:47:52,1,8.0,-73.99290466308595,40.74747085571289,1,N,-73.91639709472656,40.68814468383789,1,28.0,0.5,0.5,7.3,0.0,0.3,36.6
963,1,2015-01-21 00:16:20,2015-01-21 00:34:03,1,10.5,-73.97726440429686,40.75945281982422,1,N,-73.9124755859375,40.88165664672852,1,29.5,0.5,0.5,10.0,0.0,0.3,40.8
964,1,2015-01-21 00:16:21,2015-01-21 00:44:45,2,8.3,-73.9919662475586,40.7694091796875,1,N,-73.93643188476561,40.69747924804688,1,27.5,0.5,0.5,7.2,0.0,0.3,36.0
965,1,2015-01-21 00:16:23,2015-01-21 00:25:23,1,1.8,-73.97016906738281,40.757911682128906,1,N,-73.9971160888672,40.76095199584961,1,8.5,0.5,0.5,2.45,0.0,0.3,12.25
966,1,2015-01-21 00:16:23,2015-01-21 00:19:34,1,1.0,-73.98935699462889,40.73015975952149,1,N,-73.97969818115233,40.743999481201165,2,5.0,0.5,0.5,0.0,0.0,0.3,6.3
967,1,2015-01-21 00:16:24,2015-01-21 00:25:12,1,1.5,-73.99415588378906,40.75108337402344,1,N,-73.97577667236328,40.75991439819336,2,8.0,0.5,0.5,0.0,0.0,0.3,9.3
968,1,2015-01-21 00:16:25,2015-01-21 00:24:27,1,3.1,-73.97758483886719,40.73411560058594,1,N,-73.9568862915039,40.77237319946289,1,10.5,0.5,0.5,2.36,0.0,0.3,14.16
969,1,2015-01-21 00:16:26,2015-01-21 00:55:37,2,7.8,-73.987548828125,40.718223571777344,1,N,-73.99619293212889,40.658782958984375,1,32.5,0.5,0.5,6.75,0.0,0.3,40.55
970,1,2015-01-21 00:16:27,2015-01-21 00:38:37,3,6.3,-73.991943359375,40.72929382324219,1,N,-73.91416168212889,40.7608642578125,1,21.5,0.5,0.5,5.7,0.0,0.3,28.5
971,1,2015-01-21 00:16:29,2015-01-21 00:20:50,1,0.7,-73.98729705810547,40.76089096069336,1,N,-73.98594665527344,40.75554656982422,2,5.0,0.5,0.5,0.0,0.0,0.3,6.3
972,1,2015-01-21 00:16:31,2015-01-21 00:19:01,1,0.6,-74.00476837158203,40.73762130737305,1,N,-73.99798583984375,40.74617004394531,2,4.0,0.5,0.5,0.0,0.0,0.3,5.3
973,1,2015-01-21 00:16:32,2015-01-21 00:42:59,1,6.4,-73.97657775878906,40.751758575439446,1,N,-73.96486663818358,40.67216110229492,1,23.5,0.5,0.5,4.96,0.0,0.3,29.76
974,1,2015-01-21 00:16:33,2015-01-21 00:31:37,1,4.1,-73.98136901855469,40.78137969970703,1,N,-73.94102478027344,40.81752395629882,1,14.5,0.5,0.5,4.7,0.0,0.3,20.5
975,1,2015-01-21 00:16:33,2015-01-21 00:20:45,3,1.5,-73.96756744384764,40.756301879882805,1,N,-73.95578002929686,40.77195739746094,2,6.5,0.5,0.5,0.0,0.0,0.3,7.8
976,1,2015-01-21 00:16:33,2015-01-21 00:20:13,1,0.7,-73.98778533935547,40.72117614746094,1,N,-73.98311614990233,40.72654342651367,1,4.5,0.5,0.5,1.16,0.0,0.3,6.96
977,1,2015-01-21 00:16:33,2015-01-21 00:45:45,1,8.7,-73.99200439453125,40.72915267944336,1,N,-73.94222259521484,40.82863235473633,1,28.5,0.5,0.5,5.96,0.0,0.3,35.76
978,1,2015-01-21 00:16:34,2015-01-21 00:28:49,1,3.3,-74.00754547119139,40.72581481933594,1,N,-73.95596313476561,40.714012145996094,1,13.0,0.5,0.5,2.86,0.0,0.3,17.16
979,1,2015-01-21 00:16:34,2015-01-21 00:22:36,2,0.8,-73.98418426513672,40.76906204223633,1,N,-73.97602081298828,40.76202774047852,2,6.0,0.5,0.5,0.0,0.0,0.3,7.3
980,1,2015-01-21 00:16:35,2015-01-21 00:23:58,2,2.4,-73.97986602783203,40.743072509765625,1,N,-73.95695495605469,40.77159118652344,1,9.0,0.5,0.5,1.0,0.0,0.3,11.3
981,1,2015-01-21 00:16:35,2015-01-21 00:32:16,1,4.3,-74.01020050048828,40.709575653076165,1,N,-73.9594497680664,40.717063903808594,1,15.5,0.5,0.5,4.2,0.0,0.3,21.0
982,1,2015-01-21 00:16:35,2015-01-21 00:32:37,3,4.9,-73.99763488769531,40.71408462524414,1,N,-73.98319244384764,40.76456832885742,1,16.5,0.5,0.5,3.55,0.0,0.3,21.35
983,1,2015-01-07 20:40:01,2015-01-07 20:44:06,2,0.7,-73.99040222167967,40.741943359375,1,N,-73.98175811767578,40.74673080444336,1,5.0,0.5,0.5,1.0,0.0,0.3,7.3
984,1,2015-01-07 20:40:01,2015-01-07 20:51:38,1,2.7,-73.97116088867188,40.75889587402344,1,N,-73.99118041992188,40.724624633789055,1,11.0,0.5,0.5,2.46,0.0,0.3,14.76
985,1,2015-01-07 20:40:01,2015-01-07 21:00:11,3,3.9,-74.00389099121092,40.72243118286133,1,N,-73.96006011962889,40.687397003173835,1,17.0,0.5,0.5,3.66,0.0,0.3,21.96
986,1,2015-01-07 20:40:01,2015-01-07 20:47:42,1,1.3,-74.00487518310547,40.74106216430664,1,N,-73.98896789550781,40.730823516845696,1,7.0,0.5,0.5,1.65,0.0,0.3,9.95
987,1,2015-01-07 20:40:02,2015-01-07 20:46:07,1,1.6,-74.00324249267578,40.7269401550293,1,N,-74.01667785644531,40.71556854248047,1,7.0,0.5,0.5,2.45,0.0,0.3,10.75
988,1,2015-01-07 20:40:02,2015-01-07 21:00:45,1,4.4,-74.00721740722656,40.705108642578125,1,N,-73.93897247314453,40.704383850097656,1,18.0,0.5,0.5,3.86,0.0,0.3,23.16
989,1,2015-01-07 20:40:03,2015-01-07 20:49:16,1,1.8,-73.95929718017578,40.77525329589844,1,N,-73.98175048828125,40.76839447021485,1,9.0,0.5,0.5,0.0,0.0,0.3,10.3
990,1,2015-01-07 20:40:03,2015-01-07 20:45:48,1,0.8,-73.9742431640625,40.76160430908203,1,Y,-73.98139190673827,40.753517150878906,2,5.5,0.5,0.5,0.0,0.0,0.3,6.8
991,1,2015-01-07 20:40:03,2015-01-07 20:52:50,1,2.6,-73.99910736083984,40.7286262512207,1,N,-73.98946380615233,40.75682830810546,1,11.0,0.5,0.5,2.46,0.0,0.3,14.76
992,1,2015-01-07 20:40:03,2015-01-07 20:48:28,1,1.2,-73.9740982055664,40.75959777832031,1,N,-73.99179840087889,40.767776489257805,1,7.5,0.5,0.5,1.0,0.0,0.3,9.8
993,1,2015-01-07 20:40:04,2015-01-07 20:45:21,1,0.7,-73.99066162109375,40.74031448364258,1,N,-73.99835968017578,40.73406219482422,1,5.5,0.5,0.5,1.0,0.0,0.3,7.8
994,1,2015-01-07 20:40:04,2015-01-07 20:42:07,1,0.3,0.0,0.0,1,N,0.0,0.0,1,3.5,0.5,0.5,0.95,0.0,0.3,5.75
995,1,2015-01-07 20:40:04,2015-01-07 20:43:01,1,0.5,-73.99357604980467,40.74185943603516,1,N,-73.99305725097656,40.74549102783203,1,4.0,0.5,0.5,1.59,0.0,0.3,6.89
996,1,2015-01-07 20:40:04,2015-01-07 21:02:43,2,4.2,-74.00177764892578,40.73946762084961,1,N,-73.95372772216798,40.767356872558594,1,17.5,0.5,0.5,2.0,0.0,0.3,20.8
997,1,2015-01-07 20:40:04,2015-01-07 20:47:36,2,1.2,-74.00238037109375,40.73783493041992,1,N,-73.98587799072266,40.72793960571289,2,7.0,0.5,0.5,0.0,0.0,0.3,8.3
998,1,2015-01-07 20:40:05,2015-01-07 21:04:15,1,4.5,-73.98628997802734,40.75269317626953,1,N,-73.9522933959961,40.808624267578125,1,20.0,0.5,0.5,4.26,0.0,0.3,25.56
999,1,2015-01-07 20:40:05,2015-01-07 20:50:35,2,2.6,-73.9290771484375,40.754688262939446,1,N,-73.95439147949219,40.73670959472656,2,10.5,0.5,0.5,0.0,0.0,0.3,11.8
1000,1,2015-01-07 20:40:05,2015-01-07 20:45:40,1,1.1,-73.99515533447266,40.71603775024414,1,N,-74.01020812988281,40.71143341064453,3,6.0,0.5,0.5,0.0,0.0,0.3,7.3
1001,1,2015-01-07 20:40:05,2015-01-07 20:43:41,1,0.7,-73.9602813720703,40.76618576049805,1,N,-73.96150970458984,40.757671356201165,2,4.5,0.5,0.5,0.0,0.0,0.3,5.8
1002,1,2015-01-07 20:40:05,2015-01-07 20:53:31,1,1.7,-73.96766662597656,40.75872039794922,1,N,-73.99162292480467,40.76629257202149,1,10.0,0.5,0.5,2.82,0.0,0.3,14.12
1003,1,2015-01-07 20:40:05,2015-01-07 21:02:08,1,4.8,-73.98690795898438,40.74826431274414,1,N,-73.96719360351561,40.70822143554688,1,18.5,0.5,0.5,5.85,0.0,0.3,25.65
1004,1,2015-01-07 20:40:06,2015-01-07 20:53:38,1,2.1,-73.98743438720702,40.72078704833984,1,N,-73.99128723144531,40.736572265625,2,11.0,0.5,0.5,0.0,0.0,0.3,12.3
1005,2,2015-01-07 21:01:42,2015-01-07 21:17:28,2,4.75,-74.01174163818358,40.71036911010742,1,N,-73.98508453369139,40.766845703125,1,16.5,0.5,0.5,3.4,0.0,0.3,21.2
1006,2,2015-01-07 21:01:42,2015-01-07 21:12:14,2,1.84,-73.99335479736328,40.7407341003418,1,N,-73.98776245117188,40.724075317382805,1,9.5,0.5,0.5,2.5,0.0,0.3,13.3
1007,2,2015-01-07 21:01:43,2015-01-07 21:05:19,2,0.54,-73.95321655273438,40.77592086791992,1,N,-73.94627380371094,40.77304458618164,1,4.5,0.5,0.5,1.5,0.0,0.3,7.3
1008,2,2015-01-07 21:01:43,2015-01-07 21:15:45,1,2.73,-73.98082733154298,40.72975540161133,1,N,-73.97685241699219,40.758686065673835,2,12.0,0.5,0.5,0.0,0.0,0.3,13.3
1009,2,2015-01-07 21:01:43,2015-01-07 21:11:15,1,1.55,-74.0110855102539,40.70421600341797,1,N,-73.98796844482422,40.71873474121094,1,8.5,0.5,0.5,1.8,0.0,0.3,11.6
1010,2,2015-01-07 21:01:44,2015-01-07 21:08:16,1,1.52,-73.94973754882812,40.79627990722656,1,N,-73.95023345947266,40.78001022338867,1,7.5,0.5,0.5,1.6,0.0,0.3,10.4
1011,2,2015-01-07 21:01:44,2015-01-07 21:31:27,4,10.13,-73.99505615234375,40.760696411132805,1,N,-73.84940338134764,40.722461700439446,1,31.5,0.5,0.5,6.4,0.0,0.3,39.2
1012,2,2015-01-07 21:01:44,2015-01-07 21:18:30,1,3.36,-73.99147033691406,40.74987411499024,1,N,-73.95677947998048,40.774200439453125,2,14.0,0.5,0.5,0.0,0.0,0.3,15.3
1013,2,2015-01-07 21:01:45,2015-01-07 21:08:14,6,1.01,-73.9856719970703,40.75899505615234,1,N,-73.99274444580078,40.76347351074219,2,6.5,0.5,0.5,0.0,0.0,0.3,7.8
1014,2,2015-01-07 21:01:45,2015-01-07 21:12:33,1,1.8,-73.9852294921875,40.74177551269531,1,N,-74.00371551513672,40.73215866088867,1,9.0,0.5,0.5,1.9,0.0,0.3,12.2
1015,2,2015-01-07 21:01:45,2015-01-07 21:15:41,1,3.41,-73.98275756835938,40.727066040039055,1,N,-73.9669418334961,40.765872955322266,1,13.0,0.5,0.5,1.0,0.0,0.3,15.3
1016,2,2015-01-07 21:01:45,2015-01-07 21:25:39,1,10.07,-73.86399841308594,40.76940536499024,1,N,-73.97559356689453,40.78704071044922,1,30.0,0.5,0.5,7.17,5.33,0.3,43.8
1017,2,2015-01-07 21:01:45,2015-01-07 21:12:45,1,1.37,-73.98676300048828,40.73323822021485,1,N,-73.98944091796875,40.74568176269531,1,9.0,0.5,0.5,1.55,0.0,0.3,11.85
1018,2,2015-01-07 21:01:45,2015-01-07 21:07:41,1,1.12,-73.99993133544923,40.72159957885742,1,N,-74.00704193115233,40.7305908203125,1,6.5,0.5,0.5,1.0,0.0,0.3,8.8
1019,2,2015-01-07 21:01:46,2015-01-07 21:07:41,1,1.53,-73.98213958740233,40.77102279663086,1,N,-73.96175384521484,40.76215362548828,1,7.0,0.5,0.5,1.88,0.0,0.3,10.18
1020,2,2015-01-07 21:01:46,2015-01-07 21:11:06,2,1.94,-73.95069122314453,40.77115249633789,1,N,-73.97557067871092,40.76545715332031,2,8.5,0.5,0.5,0.0,0.0,0.3,9.8
1021,2,2015-01-07 21:01:46,2015-01-07 21:07:16,1,1.78,-73.98345184326173,40.7657585144043,1,N,-74.0037612915039,40.7532615661621,1,7.5,0.5,0.5,1.6,0.0,0.3,10.4
1022,2,2015-01-07 21:01:46,2015-01-07 21:13:43,1,2.44,-74.00225067138672,40.72643661499024,1,N,-73.98261260986328,40.75671005249024,2,10.5,0.5,0.5,0.0,0.0,0.3,11.8
1023,2,2015-01-07 21:01:46,2015-01-07 21:07:05,1,1.24,-73.97602844238281,40.760684967041016,1,N,-73.96414184570312,40.77362823486328,2,6.0,0.5,0.5,0.0,0.0,0.3,7.3
1024,2,2015-01-07 21:01:46,2015-01-07 21:12:44,1,2.16,-73.98621368408203,40.741355895996094,1,N,-73.99386596679686,40.75910568237305,1,10.0,0.5,0.5,1.5,0.0,0.3,12.8
1025,2,2015-01-07 21:01:47,2015-01-07 21:05:16,5,0.66,-73.9715118408203,40.75790023803711,1,N,-73.9775390625,40.749114990234375,1,4.5,0.5,0.5,1.0,0.0,0.3,6.8
1026,1,2015-01-17 23:39:51,2015-01-18 00:41:03,1,19.9,-73.78266143798828,40.64444351196289,2,N,-74.00721740722656,40.706642150878906,1,52.0,0.0,0.5,10.56,0.0,0.3,63.36
1027,1,2015-01-17 23:39:51,2015-01-17 23:44:51,1,0.6,-74.00504302978516,40.71907043457031,1,N,-74.0097427368164,40.72161483764648,1,5.5,0.5,0.5,1.36,0.0,0.3,8.16
1028,1,2015-01-17 23:39:51,2015-01-17 23:53:29,1,3.2,-73.96957397460938,40.68947982788086,1,N,-73.98765563964845,40.71988296508789,1,13.5,0.5,0.5,1.5,0.0,0.3,16.3
1029,1,2015-01-17 23:39:52,2015-01-17 23:58:43,2,4.2,-73.96695709228516,40.6817512512207,1,N,-74.00469207763672,40.72860336303711,1,17.0,0.5,0.5,3.65,0.0,0.3,21.95
1030,1,2015-01-17 23:39:53,2015-01-17 23:46:14,1,1.2,-73.98370361328125,40.7318115234375,1,N,-73.97602081298828,40.74568939208984,1,6.5,0.5,0.5,1.0,0.0,0.3,8.8
1031,1,2015-01-17 23:39:53,2015-01-17 23:45:08,1,1.0,0.0,0.0,1,N,0.0,0.0,1,6.0,0.5,0.5,1.45,0.0,0.3,8.75
1032,1,2015-01-17 23:39:53,2015-01-17 23:48:48,1,1.5,-73.99088287353516,40.756080627441406,1,N,-73.99197387695312,40.74386978149414,1,8.0,0.5,0.5,1.85,0.0,0.3,11.15
1033,1,2015-01-17 23:39:53,2015-01-17 23:56:06,1,4.3,-73.9861602783203,40.72621154785156,1,N,-73.9946060180664,40.70008087158203,1,15.5,0.5,0.5,3.35,0.0,0.3,20.15
1034,1,2015-01-21 00:53:01,2015-01-21 01:07:56,1,5.7,-73.98693084716798,40.73368453979492,1,N,-73.97401428222656,40.79436874389648,1,18.0,0.5,0.5,3.86,0.0,0.3,23.16
1035,1,2015-01-21 00:53:01,2015-01-21 00:53:58,1,0.9,-73.99075317382812,40.75594329833984,1,N,-73.99070739746092,40.75624084472656,2,2.5,0.5,0.5,0.0,0.0,0.3,3.8
1036,1,2015-01-21 00:53:04,2015-01-21 01:09:43,2,5.6,-73.95298767089844,40.77622222900391,1,N,-73.9122543334961,40.77007293701172,1,18.5,0.5,0.5,3.0,0.0,0.3,22.8
1037,1,2015-01-21 00:53:04,2015-01-21 01:02:22,1,1.3,-73.9896469116211,40.758892059326165,1,N,-73.97220611572266,40.750858306884766,2,8.0,0.5,0.5,0.0,0.0,0.3,9.3
1038,1,2015-01-21 00:53:06,2015-01-21 01:01:32,1,2.5,-73.9825439453125,40.764190673828125,1,N,-74.00054168701173,40.73237991333008,1,9.5,0.5,0.5,2.15,0.0,0.3,12.95
1039,1,2015-01-21 00:53:06,2015-01-21 00:59:00,1,1.5,-73.98733520507811,40.76566696166992,1,N,-73.98920440673827,40.74876022338867,1,7.0,0.5,0.5,2.45,0.0,0.3,10.75
1040,1,2015-01-21 00:53:07,2015-01-21 00:57:46,1,1.1,-73.98515319824217,40.76197814941406,1,N,-73.98914337158203,40.74890899658203,1,6.0,0.5,0.5,1.45,0.0,0.3,8.75
1041,1,2015-01-21 00:53:08,2015-01-21 01:27:26,2,18.4,-74.00980377197266,40.70989990234375,1,N,-73.85294342041014,40.7896614074707,1,51.0,0.5,0.5,9.5,5.33,0.3,67.13
1042,1,2015-01-21 00:53:08,2015-01-21 00:59:45,2,1.1,-73.98825073242188,40.7410888671875,1,N,-73.98928070068358,40.72930908203125,1,7.0,0.5,0.5,1.65,0.0,0.3,9.95
1043,1,2015-01-21 00:53:09,2015-01-21 01:02:01,2,2.6,-74.00559234619139,40.74066162109375,1,N,-73.98473358154298,40.76847076416016,2,10.0,0.5,0.5,0.0,0.0,0.3,11.3
1044,1,2015-01-21 00:53:09,2015-01-21 01:03:25,1,3.3,-73.97980499267578,40.77606964111328,1,N,-74.00402069091797,40.73300552368164,1,11.5,0.5,0.5,2.2,0.0,0.3,15.0
1045,1,2015-01-21 00:53:11,2015-01-21 01:15:07,1,5.1,-73.9992446899414,40.72832489013672,1,N,-73.91998291015625,40.70227813720703,1,19.5,0.5,0.5,4.15,0.0,0.3,24.95
1046,1,2015-01-21 00:53:13,2015-01-21 01:13:24,2,16.5,-73.79055023193358,40.64654541015625,2,N,-73.97679138183594,40.75167846679688,1,52.0,0.0,0.5,5.0,5.33,0.3,63.13
1047,1,2015-01-21 00:53:13,2015-01-21 01:04:42,2,2.5,-73.98390960693358,40.7255973815918,1,N,-73.99076843261719,40.75020980834961,1,11.0,0.5,0.5,3.05,0.0,0.3,15.35
1048,1,2015-01-21 00:53:13,2015-01-21 01:00:37,1,2.6,-73.96700286865233,40.80406951904297,1,N,-73.94686126708984,40.83502960205078,2,9.5,0.5,0.5,0.0,0.0,0.3,10.8
1049,1,2015-01-21 00:53:13,2015-01-21 01:09:17,1,6.9,-73.9870834350586,40.76445770263672,1,N,-73.94718170166014,40.831008911132805,2,21.5,0.5,0.5,0.0,0.0,0.3,22.8
1050,1,2015-01-21 00:53:16,2015-01-21 01:07:16,1,1.6,-73.98799133300781,40.72076034545898,1,N,-74.00502014160156,40.71917724609375,2,10.5,0.5,0.5,0.0,0.0,0.3,11.8
1051,1,2015-01-21 00:53:17,2015-01-21 01:03:19,1,3.0,-73.9903793334961,40.75635528564453,1,N,-73.96217346191406,40.79496383666992,2,11.5,0.5,0.5,0.0,0.0,0.3,12.8
1052,1,2015-01-21 00:53:18,2015-01-21 01:20:39,1,7.9,-73.98135375976561,40.75855255126953,1,N,-73.98353576660156,40.66469192504882,1,27.0,0.5,0.5,7.05,0.0,0.3,35.35
1053,1,2015-01-21 00:53:19,2015-01-21 01:00:12,1,2.2,-73.95987701416014,40.8009147644043,1,N,-73.98203277587889,40.779762268066406,1,8.0,0.5,0.5,1.0,0.0,0.3,10.3
1054,1,2015-01-21 00:53:20,2015-01-21 01:07:41,1,4.9,-74.00776672363281,40.7125244140625,1,Y,-73.95851898193358,40.666046142578125,2,16.0,0.5,0.5,0.0,0.0,0.3,17.3
1055,2,2015-01-08 09:01:53,2015-01-08 09:15:07,1,2.12,-73.99456787109375,40.728458404541016,1,N,-74.01382446289062,40.71358871459961,1,11.0,0.0,0.5,0.75,0.0,0.3,12.55
1056,1,2015-01-07 21:49:49,2015-01-07 21:51:40,1,0.4,-74.00754547119139,40.725971221923835,1,N,-74.0026092529297,40.72887420654297,1,3.5,0.5,0.5,0.95,0.0,0.3,5.75
1057,1,2015-01-07 21:49:50,2015-01-07 21:56:06,1,1.2,-74.00691986083984,40.730098724365234,1,N,-73.99958801269531,40.7196159362793,2,6.5,0.5,0.5,0.0,0.0,0.3,7.8
1058,1,2015-01-07 21:49:50,2015-01-07 22:01:13,1,4.3,-73.96049499511719,40.76146697998047,1,N,-73.98904418945312,40.72024154663086,1,15.0,0.5,0.5,2.0,0.0,0.3,18.3
1059,1,2015-01-07 21:49:50,2015-01-07 21:54:18,1,0.4,-73.93194580078125,40.58818817138672,1,N,-73.93194580078125,40.58818817138672,1,4.5,0.5,0.5,1.5,0.0,0.3,7.3
1060,1,2015-01-07 21:49:50,2015-01-07 22:27:26,1,8.5,-73.98043060302734,40.76061630249024,1,N,-73.95573425292967,40.659770965576165,2,30.5,0.5,0.5,0.0,0.0,0.3,31.8
1061,1,2015-01-07 21:49:51,2015-01-07 21:56:54,1,0.8,-73.99017333984375,40.75628662109375,1,N,-73.97809600830078,40.75259780883789,1,6.5,0.5,0.5,1.55,0.0,0.3,9.35
1062,1,2015-01-07 21:49:51,2015-01-07 21:54:38,1,0.5,-74.00808715820312,40.738807678222656,1,N,-74.00308990478516,40.73481369018555,2,5.0,0.5,0.5,0.0,0.0,0.3,6.3
1063,1,2015-01-07 21:49:52,2015-01-07 22:24:48,1,14.5,-73.98085021972656,40.7443733215332,1,N,-73.97254943847656,40.593746185302734,1,43.0,0.5,0.5,11.05,0.0,0.3,55.35
1064,1,2015-01-07 21:49:52,2015-01-07 21:53:11,1,0.5,-74.0057144165039,40.73767852783203,1,Y,-73.99754333496092,40.73665237426758,1,4.0,0.5,0.5,1.0,0.0,0.3,6.3
1065,1,2015-01-07 21:49:52,2015-01-07 21:59:56,1,2.0,-73.96109771728516,40.761661529541016,1,Y,-73.97926330566406,40.74291610717773,1,9.0,0.5,0.5,3.05,0.0,0.3,13.35
1066,1,2015-01-07 21:49:52,2015-01-07 21:58:09,1,2.0,-73.97906494140625,40.7652587890625,1,N,-73.97111511230467,40.74542236328125,1,8.0,0.5,0.5,1.0,0.0,0.3,10.3
1067,1,2015-01-07 21:49:53,2015-01-07 21:59:27,1,2.1,-73.99786376953125,40.713733673095696,1,N,-73.97943878173827,40.73663330078125,2,9.5,0.5,0.5,0.0,0.0,0.3,10.8
1068,1,2015-01-07 21:49:53,2015-01-07 21:59:34,1,2.0,0.0,0.0,1,N,0.0,0.0,1,9.0,0.5,0.5,1.0,0.0,0.3,11.3
1069,1,2015-01-07 21:49:53,2015-01-07 22:01:11,1,1.7,-73.97998809814453,40.74336624145508,1,N,-73.98686218261719,40.76119995117188,1,9.0,0.5,0.5,2.55,0.0,0.3,12.85
1070,1,2015-01-07 21:49:53,2015-01-07 22:04:59,1,4.9,-73.96498107910156,40.75529098510742,1,N,-73.90872192382812,40.772891998291016,1,16.5,0.5,0.5,4.45,0.0,0.3,22.25
1071,1,2015-01-07 21:49:54,2015-01-07 21:59:23,1,1.8,-73.99250030517578,40.728797912597656,1,N,-74.00486755371092,40.74696350097656,1,9.0,0.5,0.5,2.05,0.0,0.3,12.35
1072,1,2015-01-07 21:49:55,2015-01-07 21:52:46,1,0.8,-73.94490814208984,40.77926635742188,1,N,-73.95232391357422,40.768909454345696,1,4.5,0.5,0.5,1.15,0.0,0.3,6.95
1073,2,2015-01-08 09:01:54,2015-01-08 09:15:21,2,3.1,-74.0012969970703,40.736522674560554,1,N,-73.99009704589844,40.77001190185546,2,12.0,0.0,0.5,0.0,0.0,0.3,12.8
1074,2,2015-01-08 09:01:55,2015-01-08 09:11:32,5,0.94,-73.96517944335938,40.76929473876953,1,N,-73.97013854980467,40.75942611694336,2,7.5,0.0,0.5,0.0,0.0,0.3,8.3
1075,2,2015-01-08 09:01:55,2015-01-08 09:15:15,2,1.17,-73.98457336425781,40.75754165649414,1,N,-73.97268676757811,40.746936798095696,1,9.5,0.0,0.5,1.9,0.0,0.3,12.2
1076,2,2015-01-08 09:01:55,2015-01-08 09:05:57,1,0.4,-73.98902130126953,40.75910568237305,1,N,-73.9856719970703,40.76197052001953,1,4.5,0.0,0.5,1.12,0.0,0.3,6.42
1077,2,2015-01-08 09:01:55,2015-01-08 09:08:08,1,0.65,-73.97427368164062,40.75434112548828,1,N,-73.98013305664062,40.746131896972656,1,5.5,0.0,0.5,1.1,0.0,0.3,7.4
1078,2,2015-01-08 09:01:55,2015-01-08 09:09:31,1,1.54,-74.01773834228516,40.70890045166016,1,N,-74.00540161132812,40.70735168457031,1,7.5,0.0,0.5,1.0,0.0,0.3,9.3
1079,2,2015-01-08 09:01:56,2015-01-08 09:04:56,1,0.46,-73.98203277587889,40.74578475952149,1,N,-73.97679138183594,40.74893569946289,2,4.0,0.0,0.5,0.0,0.0,0.3,4.8
1080,2,2015-01-08 09:01:56,2015-01-08 09:19:44,1,1.8,-73.95809173583984,40.769073486328125,1,N,-73.96967315673827,40.76870346069336,1,12.0,0.0,0.5,2.4,0.0,0.3,15.2
1081,2,2015-01-08 09:01:56,2015-01-08 09:14:32,1,1.5,-73.99401092529298,40.7617416381836,1,N,-73.97371673583984,40.76266860961913,1,9.5,0.0,0.5,1.0,0.0,0.3,11.3
1082,2,2015-01-08 09:01:56,2015-01-08 09:07:25,5,0.88,-73.96485900878906,40.76968002319336,1,N,-73.95532989501953,40.776958465576165,1,5.5,0.0,0.5,1.1,0.0,0.3,7.4
1083,2,2015-01-08 09:01:57,2015-01-08 09:10:06,1,0.55,-73.9769287109375,40.757617950439446,1,N,-73.9713363647461,40.75624847412109,1,6.5,0.0,0.5,1.3,0.0,0.3,8.6
1084,2,2015-01-08 09:01:57,2015-01-08 09:05:18,2,0.81,-73.9913558959961,40.7508201599121,1,N,-73.99381256103516,40.7414665222168,1,5.0,0.0,0.5,1.0,0.0,0.3,6.8
1085,2,2015-01-08 09:01:57,2015-01-08 09:10:47,1,0.71,-73.979248046875,40.75261306762695,1,N,-73.97162628173827,40.76303482055664,1,7.0,0.0,0.5,2.1,0.0,0.3,9.9
1086,2,2015-01-08 09:01:57,2015-01-08 09:11:46,1,1.1,-73.96949768066406,40.7607536315918,1,N,-73.98133850097656,40.75121307373047,1,7.5,0.0,0.5,1.5,0.0,0.3,9.8
1087,2,2015-01-08 09:01:58,2015-01-08 09:21:46,5,2.91,-73.9771728515625,40.79004669189453,1,N,-73.97649383544923,40.7593879699707,1,14.0,0.0,0.5,1.0,0.0,0.3,15.8
1088,2,2015-01-08 09:01:58,2015-01-08 09:09:30,1,1.34,-73.9823989868164,40.77450942993164,1,N,-73.97860717773438,40.75872039794922,1,7.0,0.0,0.5,1.4,0.0,0.3,9.2
1089,2,2015-01-08 09:01:58,2015-01-08 09:25:00,2,9.96,-73.968505859375,40.76455307006836,1,N,-73.87091827392578,40.77402114868164,1,30.5,0.0,0.5,7.17,5.33,0.3,43.8
1090,2,2015-01-08 09:01:58,2015-01-08 09:09:26,1,1.18,-73.96652984619139,40.76565170288086,1,N,-73.9510269165039,40.77177047729492,2,7.0,0.0,0.5,0.0,0.0,0.3,7.8
1091,2,2015-01-08 09:01:58,2015-01-08 09:15:48,3,3.58,-73.96649169921875,40.69088363647461,1,N,-73.9975357055664,40.721546173095696,1,13.5,0.0,0.5,2.7,0.0,0.3,17.0
1092,2,2015-01-08 09:01:58,2015-01-08 09:06:22,1,0.64,-73.94335174560547,40.7769660949707,1,N,-73.9537582397461,40.78133010864258,1,5.0,0.0,0.5,1.0,0.0,0.3,6.8
1093,1,2015-01-28 20:51:43,2015-01-28 21:11:04,1,3.5,-73.99472808837889,40.72792053222656,1,N,-73.95580291748048,40.7194709777832,1,15.5,0.5,0.5,3.35,0.0,0.3,20.15
1094,1,2015-01-28 20:51:43,2015-01-28 21:00:53,1,1.9,-73.97563934326173,40.753173828125,1,N,-73.99222564697266,40.73127746582031,1,8.5,0.5,0.5,1.2,0.0,0.3,11.0
1095,1,2015-01-28 20:51:43,2015-01-28 21:05:00,1,2.4,-73.97812652587889,40.75233459472656,1,N,-74.00572204589844,40.73794937133789,1,11.0,0.5,0.5,2.46,0.0,0.3,14.76
1096,1,2015-01-28 20:51:43,2015-01-28 20:57:40,1,1.1,-73.97129821777344,40.75545501708984,1,N,-73.98597717285155,40.75170135498047,1,6.0,0.5,0.5,1.0,0.0,0.3,8.3
1097,1,2015-01-28 20:51:45,2015-01-28 21:17:28,1,10.7,-73.9970474243164,40.72562026977539,1,N,-73.93196868896483,40.85150146484375,1,32.5,0.5,0.5,3.0,0.0,0.3,36.8
1098,1,2015-01-28 20:51:45,2015-01-28 21:04:57,1,5.3,-73.98148345947266,40.73299026489258,1,N,-74.01473999023438,40.71691131591797,1,17.5,0.5,0.5,3.7,0.0,0.3,22.5
1099,1,2015-01-28 20:51:45,2015-01-28 21:02:01,1,2.8,-73.96675109863281,40.76137924194336,1,N,-73.94826507568358,40.795608520507805,1,10.5,0.5,0.5,1.2,0.0,0.3,13.0
1100,1,2015-01-28 20:51:46,2015-01-28 20:58:25,1,1.2,-73.9989013671875,40.729934692382805,1,N,-74.00946807861328,40.73762893676758,1,6.5,0.5,0.5,2.0,0.0,0.3,9.8
1101,1,2015-01-28 20:51:46,2015-01-28 21:03:52,1,3.0,-73.9925079345703,40.756595611572266,1,N,-73.97330474853516,40.79132080078125,2,11.5,0.5,0.5,0.0,0.0,0.3,12.8
1102,1,2015-01-28 20:51:46,2015-01-28 20:56:19,1,1.0,-73.95912170410156,40.77505874633789,1,N,-73.97411346435547,40.78302001953125,1,5.5,0.5,0.5,1.0,0.0,0.3,7.8
1103,1,2015-01-28 20:51:46,2015-01-28 21:11:29,1,7.4,-73.97266387939453,40.75914001464844,1,N,-73.94007873535155,40.83532333374024,2,24.0,0.5,0.5,0.0,0.0,0.3,25.3
1104,1,2015-01-28 20:51:47,2015-01-28 21:07:30,1,2.5,-73.97722625732422,40.75210189819336,1,N,-73.98068237304686,40.729957580566406,2,12.0,0.5,0.5,0.0,0.0,0.3,13.3
1105,1,2015-01-28 20:51:47,2015-01-28 21:04:14,1,2.8,-73.97847747802734,40.762237548828125,1,N,-73.94617462158203,40.78231048583984,1,11.5,0.5,0.5,2.55,0.0,0.3,15.35
1106,1,2015-01-28 20:51:47,2015-01-28 21:11:22,1,4.9,-73.99088287353516,40.7348861694336,1,N,-73.9705810546875,40.78414535522461,1,17.0,0.5,0.5,4.55,0.0,0.3,22.85
1107,1,2015-01-28 20:51:48,2015-01-28 21:00:03,1,1.7,-73.97151947021484,40.763538360595696,1,Y,-73.98825073242188,40.748085021972656,1,8.0,1.0,0.5,2.45,0.0,0.3,12.25
1108,1,2015-01-28 20:51:48,2015-01-28 21:02:07,1,1.9,-73.96048736572266,40.77580642700195,1,N,-73.97520446777344,40.75225067138672,2,9.5,0.5,0.5,0.0,0.0,0.3,10.8
1109,1,2015-01-28 20:51:49,2015-01-28 20:57:06,1,0.0,-73.99347686767578,40.73291015625,1,N,-74.00707244873048,40.734474182128906,1,5.0,0.5,0.5,1.25,0.0,0.3,7.55
1110,1,2015-01-28 20:51:49,2015-01-28 21:00:28,1,1.6,-73.96011352539062,40.75823974609375,1,N,-73.95672607421875,40.77579879760742,1,8.0,0.5,0.5,1.86,0.0,0.3,11.16
1111,1,2015-01-28 20:51:49,2015-01-28 21:12:38,1,7.1,-73.99556732177734,40.74451446533203,1,N,-73.9522705078125,40.82365417480469,1,23.5,0.5,0.5,2.4,0.0,0.3,27.2
1112,1,2015-01-28 20:51:49,2015-01-28 20:59:07,1,1.7,-73.9661407470703,40.758010864257805,1,N,-73.9827423095703,40.739234924316406,1,8.0,0.5,0.5,1.86,0.0,0.3,11.16
1113,1,2015-01-28 20:51:49,2015-01-28 21:00:10,1,1.9,-73.97383880615233,40.75246047973633,1,N,-73.95482635498048,40.77328872680664,1,8.0,0.5,0.5,1.5,0.0,0.3,10.8
1114,1,2015-01-28 20:51:49,2015-01-28 21:09:51,1,3.0,-73.99761962890625,40.7215232849121,1,N,-73.98440551757811,40.75754165649414,2,14.5,0.5,0.5,0.0,0.0,0.3,15.8
1115,1,2015-01-07 21:02:36,2015-01-07 21:09:33,1,0.9,-73.98540496826173,40.746238708496094,1,N,-73.98535919189453,40.736003875732415,1,6.5,0.5,0.5,1.55,0.0,0.3,9.35
1116,1,2015-01-07 21:02:36,2015-01-07 21:15:48,2,3.1,-73.98526000976561,40.742572784423835,1,N,-73.95674133300781,40.78068161010742,2,12.5,0.5,0.5,0.0,0.0,0.3,13.8
1117,1,2015-01-07 21:02:36,2015-01-07 21:07:30,1,0.8,-73.98216247558594,40.771583557128906,1,N,-73.96844482421875,40.76779556274414,1,6.0,0.5,0.5,1.0,0.0,0.3,8.3
1118,1,2015-01-07 21:02:36,2015-01-07 21:21:36,1,4.2,-73.98095703125,40.7385368347168,1,N,-73.97378540039062,40.78445053100586,1,15.5,0.5,0.5,5.04,0.0,0.3,21.84
1119,1,2015-01-07 21:02:36,2015-01-07 21:16:10,1,2.8,-73.99252319335938,40.73019027709961,1,N,-73.98961639404298,40.75554275512695,1,11.5,0.5,0.5,2.55,0.0,0.3,15.35
1120,1,2015-01-07 21:02:37,2015-01-07 21:15:17,1,2.3,-73.9964599609375,40.744495391845696,1,N,-73.98360443115233,40.721656799316406,1,10.5,0.5,0.5,1.0,0.0,0.3,12.8
1121,1,2015-01-07 21:02:37,2015-01-07 21:17:40,1,1.8,-73.9892349243164,40.75857162475586,1,N,-73.98542022705078,40.73870849609375,1,11.0,0.5,0.5,2.4,0.0,0.0,14.4
1122,1,2015-01-07 21:02:37,2015-01-07 21:08:59,1,0.9,-73.98646545410156,40.757286071777344,1,N,-73.98109436035155,40.763648986816406,2,6.0,0.5,0.5,0.0,0.0,0.3,7.3
1123,1,2015-01-07 21:02:37,2015-01-07 21:05:09,1,0.4,-73.98596954345702,40.72642517089844,1,N,-73.9794692993164,40.723342895507805,1,4.0,0.5,0.5,2.7,0.0,0.3,8.0
1124,1,2015-01-07 21:02:37,2015-01-07 21:29:54,1,6.3,-74.00550079345702,40.72577667236328,1,N,-73.9444580078125,40.80050659179688,1,22.0,0.5,0.5,4.65,0.0,0.3,27.95
1125,1,2015-01-07 21:02:37,2015-01-07 21:19:07,1,2.9,-73.97059631347656,40.767593383789055,1,N,-73.99211120605469,40.73456573486328,1,13.5,0.5,0.5,2.95,0.0,0.3,17.75
1126,1,2015-01-07 21:02:37,2015-01-07 21:05:33,2,0.6,-73.9747314453125,40.75902557373047,1,Y,-73.97046661376953,40.765018463134766,1,4.0,0.5,0.5,1.05,0.0,0.3,6.35
1127,1,2015-01-07 21:02:38,2015-01-07 21:11:39,1,1.2,-73.98927307128906,40.734912872314446,1,N,-73.97701263427734,40.745601654052734,1,7.5,0.5,0.5,2.2,0.0,0.3,11.0
1128,1,2015-01-07 21:02:38,2015-01-07 21:07:41,1,0.6,-73.97364807128906,40.76357269287109,1,Y,-73.96651458740233,40.7587890625,2,5.0,0.5,0.5,0.0,0.0,0.3,6.3
1129,1,2015-01-07 21:02:38,2015-01-07 21:17:02,1,4.0,-73.95556640625,40.785003662109375,1,N,-73.98231506347656,40.73954772949219,1,14.0,0.5,0.5,4.55,0.0,0.3,19.85
1130,1,2015-01-07 21:02:38,2015-01-07 21:11:47,2,2.0,-74.01070404052734,40.718574523925774,1,Y,-73.98976135253906,40.70184326171875,1,9.0,0.5,0.5,2.0,0.0,0.3,12.3
1131,1,2015-01-07 21:02:39,2015-01-07 21:05:12,1,0.3,-73.95153045654298,40.71419143676758,1,N,-73.95384979248048,40.71820831298828,2,3.5,0.5,0.5,0.0,0.0,0.3,4.8
1132,1,2015-01-07 21:02:39,2015-01-07 21:17:54,1,3.0,-73.98319244384764,40.75015258789063,1,N,-73.94964599609375,40.7724723815918,2,12.5,0.5,0.5,0.0,0.0,0.3,13.8
1133,1,2015-01-07 21:02:39,2015-01-07 21:10:41,1,1.4,-73.99082183837889,40.73421096801758,1,N,-74.01036071777344,40.73088455200195,1,7.5,0.5,0.5,2.2,0.0,0.3,11.0
1134,1,2015-01-07 21:02:40,2015-01-07 21:05:49,1,0.5,-73.96491241455078,40.759380340576165,1,N,-73.95936584472656,40.76331329345703,2,4.5,0.5,0.5,0.0,0.0,0.3,5.8
1135,1,2015-01-07 21:02:40,2015-01-07 21:18:40,2,3.3,-73.99478149414062,40.739124298095696,1,N,-73.96134185791014,40.76875686645508,1,13.5,0.5,0.5,1.5,0.0,0.3,16.3
1136,1,2015-01-07 21:02:40,2015-01-07 21:21:50,1,4.6,-74.00006103515625,40.743202209472656,1,N,-73.94941711425781,40.77495574951172,1,17.0,0.5,0.5,3.65,0.0,0.3,21.95
1137,1,2015-01-21 02:01:05,2015-01-21 02:14:36,2,3.2,-73.95140075683594,40.680522918701165,1,N,-73.9151840209961,40.66031265258789,2,12.5,0.5,0.5,0.0,0.0,0.3,13.8
1138,1,2015-01-21 02:01:12,2015-01-21 02:02:48,1,0.6,-73.98854064941406,40.75016784667969,1,N,-73.99761199951173,40.754024505615234,1,3.5,0.5,0.5,1.0,0.0,0.3,5.8
1139,1,2015-01-21 02:01:12,2015-01-21 02:09:36,2,1.4,-73.98503875732422,40.74761581420898,1,N,-73.96947479248048,40.75706481933594,2,8.0,0.5,0.5,0.0,0.0,0.3,9.3
1140,1,2015-01-21 02:01:23,2015-01-21 02:23:22,1,7.5,-73.98153686523438,40.77365112304688,1,N,-73.91565704345702,40.705528259277344,1,24.0,0.5,0.5,2.0,0.0,0.3,27.3
1141,1,2015-01-21 02:01:26,2015-01-21 02:03:31,1,0.3,-73.97592163085938,40.7558479309082,1,N,-73.97423553466798,40.75212097167969,1,3.5,0.5,0.5,1.2,0.0,0.3,6.0
1142,1,2015-01-21 02:01:33,2015-01-21 02:09:54,1,1.5,-73.98938751220702,40.759552001953125,1,N,-73.97818756103516,40.74815368652344,2,7.5,0.5,0.5,0.0,0.0,0.3,8.8
1143,1,2015-01-21 02:01:33,2015-01-21 02:11:35,1,2.0,-73.965576171875,40.759498596191406,1,N,-73.99607849121092,40.76428985595703,2,10.0,0.5,0.5,0.0,0.0,0.3,11.3
1144,1,2015-01-21 02:01:36,2015-01-21 02:06:54,1,1.3,-73.99545288085938,40.75984191894531,1,N,-73.99092102050781,40.77534866333008,2,6.0,0.5,0.5,0.0,0.0,0.3,7.3
1145,1,2015-01-21 02:01:36,2015-01-21 02:06:07,1,0.8,-73.99660491943358,40.725345611572266,1,N,-73.98228454589844,40.721004486083984,2,5.5,0.5,0.5,0.0,0.0,0.3,6.8
1146,1,2015-01-21 02:01:40,2015-01-21 02:08:09,2,1.3,-73.99961853027342,40.7269401550293,1,N,-74.00784301757811,40.71499252319336,2,7.0,0.5,0.5,0.0,0.0,0.3,8.3
1147,1,2015-01-21 02:01:42,2015-01-21 02:10:19,1,2.5,-73.98238372802734,40.768604278564446,1,N,-74.00152587890625,40.736034393310554,1,9.5,0.5,0.5,2.0,0.0,0.3,12.8
1148,1,2015-01-21 02:01:43,2015-01-21 02:08:16,1,2.6,-73.9740982055664,40.76318359375,1,N,-74.00027465820312,40.730144500732415,1,9.0,0.5,0.5,2.05,0.0,0.3,12.35
1149,1,2015-01-21 02:01:43,2015-01-21 02:07:57,1,2.2,-74.00375366210938,40.741676330566406,1,N,-73.98942565917967,40.756126403808594,2,8.0,0.5,0.5,0.0,0.0,0.3,9.3
1150,1,2015-01-21 02:01:44,2015-01-21 02:04:16,2,0.5,-74.0067138671875,40.74413299560546,1,N,-74.00366973876953,40.740230560302734,1,4.0,0.5,0.5,0.0,0.0,0.3,5.3
1151,1,2015-01-21 02:01:44,2015-01-21 02:19:33,1,5.8,-73.97913360595702,40.76140975952149,1,N,-73.99081420898438,40.694671630859375,1,18.5,0.5,0.5,5.9,0.0,0.3,25.7
1152,1,2015-01-21 02:01:44,2015-01-21 02:04:11,1,0.4,-73.99074554443358,40.72438049316406,1,N,-73.9915313720703,40.71947860717773,2,4.0,0.5,0.5,0.0,0.0,0.3,5.3
1153,1,2015-01-21 02:01:46,2015-01-21 02:01:52,1,0.7,-73.9951171875,40.755958557128906,1,N,-73.99500274658203,40.7569694519043,3,2.5,0.5,0.5,0.0,0.0,0.3,3.8
1154,1,2015-01-21 02:01:46,2015-01-21 02:11:23,1,1.8,-73.99863433837889,40.73976516723633,1,N,-73.99478912353516,40.71971130371094,2,9.0,0.5,0.5,0.0,0.0,0.3,10.3
1155,1,2015-01-21 02:01:46,2015-01-21 02:32:14,3,20.0,-73.78221893310547,40.64469146728516,2,N,-74.00939178466798,40.71717834472656,1,52.0,0.0,0.5,6.0,0.0,0.3,58.8
1156,1,2015-01-21 02:01:47,2015-01-21 02:10:54,1,3.6,-73.97373962402342,40.761192321777344,1,N,-73.92581176757811,40.762184143066406,1,12.5,0.5,0.5,2.75,0.0,0.3,16.55
1157,1,2015-01-21 02:01:47,2015-01-21 02:18:20,1,4.4,-73.9937744140625,40.75148391723633,1,N,-73.95526123046875,40.806953430175774,2,17.0,0.5,0.5,0.0,0.0,0.3,18.3
1158,1,2015-01-21 02:01:50,2015-01-21 02:14:30,1,5.3,-73.98776245117188,40.721282958984375,1,N,-73.92278289794923,40.7379150390625,2,17.0,0.5,0.5,0.0,0.0,0.3,18.3
1159,1,2015-01-23 17:29:43,2015-01-23 17:50:17,1,3.3,-73.97891998291014,40.762889862060554,1,N,-73.9859848022461,40.7268180847168,2,15.0,1.0,0.5,0.0,0.0,0.3,16.8
1160,1,2015-01-23 17:29:43,2015-01-23 17:37:51,1,1.1,-73.97174072265625,40.76292419433594,1,N,-73.95845031738281,40.767215728759766,1,7.0,1.0,0.5,1.75,0.0,0.3,10.55
1161,1,2015-01-23 17:29:44,2015-01-23 17:39:00,1,1.4,-73.9754180908203,40.754669189453125,1,N,-73.96045684814453,40.76975631713867,1,8.0,1.0,0.5,1.75,0.0,0.3,11.55
1162,1,2015-01-23 17:29:44,2015-01-23 17:42:42,1,1.9,-73.95521545410156,40.78274917602539,1,N,-73.96807098388672,40.799842834472656,2,10.0,1.0,0.5,0.0,0.0,0.3,11.8
1163,1,2015-01-23 17:29:44,2015-01-23 17:34:09,3,0.4,-73.99768829345702,40.72611618041992,1,N,-74.00537872314453,40.728302001953125,2,4.5,1.0,0.5,0.0,0.0,0.3,6.3
1164,1,2015-01-23 17:29:44,2015-01-23 17:43:32,1,2.1,-73.95348358154298,40.78779983520508,1,N,-73.96917724609375,40.76286697387695,1,11.0,1.0,0.5,2.56,0.0,0.3,15.36
1165,1,2015-01-23 17:29:45,2015-01-23 17:34:53,1,0.5,-73.95314788818358,40.77611541748047,1,N,-73.95902252197266,40.780555725097656,2,5.0,1.0,0.5,0.0,0.0,0.3,6.8
1166,1,2015-01-23 17:29:45,2015-01-23 17:48:32,1,4.2,-73.98235321044923,40.74603271484375,1,N,-73.96552276611328,40.794597625732415,1,16.0,1.0,0.5,2.0,0.0,0.3,19.8
1167,1,2015-01-23 17:29:45,2015-01-23 18:22:39,2,18.3,-73.79023742675781,40.64676284790039,2,N,-73.95474243164062,40.780097961425774,1,52.0,0.0,0.5,11.6,5.33,0.3,69.73
1168,1,2015-01-23 17:29:45,2015-01-23 17:57:35,1,9.2,-73.87294006347656,40.77398300170898,1,N,-73.98922729492188,40.72020721435546,1,29.0,1.0,0.5,0.0,0.0,0.3,30.8
1169,1,2015-01-23 17:29:46,2015-01-23 17:41:10,1,1.5,-73.98814392089844,40.760536193847656,1,N,-73.9767837524414,40.75683975219727,2,9.0,1.0,0.5,0.0,0.0,0.3,10.8
1170,1,2015-01-23 17:29:46,2015-01-23 17:33:23,1,0.7,-73.96637725830078,40.76751708984375,1,N,-73.95858764648438,40.77261352539063,2,4.5,1.0,0.5,0.0,0.0,0.3,6.3
1171,1,2015-01-23 17:29:46,2015-01-23 17:49:51,2,3.6,-74.0100326538086,40.72053527832031,1,N,-73.98175811767578,40.746700286865234,1,15.5,1.0,0.5,1.7,0.0,0.3,19.0
1172,1,2015-01-23 17:29:46,2015-01-23 17:40:29,4,1.6,-74.00711059570312,40.72739028930664,1,N,-73.98210906982422,40.72384643554688,2,9.0,1.0,0.5,0.0,0.0,0.3,10.8
1173,1,2015-01-23 17:29:47,2015-01-23 17:37:06,1,2.2,-73.99422454833984,40.76137161254882,1,N,-73.97555541992188,40.78927993774414,1,8.5,1.0,0.5,2.05,0.0,0.3,12.35
1174,1,2015-01-23 17:29:47,2015-01-23 17:42:23,1,2.3,-73.9787368774414,40.75069427490234,1,N,-73.97702026367188,40.726612091064446,1,11.0,1.0,0.5,3.2,0.0,0.3,16.0
1175,1,2015-01-23 17:29:48,2015-01-23 17:40:51,4,0.9,-73.96971893310547,40.750633239746094,1,N,-73.98320007324217,40.75743103027344,2,8.0,1.0,0.5,0.0,0.0,0.3,9.8
1176,1,2015-01-23 17:29:48,2015-01-23 18:22:17,1,13.2,-74.00463104248048,40.742141723632805,1,N,-73.8718490600586,40.774391174316406,1,44.5,1.0,0.5,5.0,5.33,0.3,56.63
1177,1,2015-01-23 17:29:48,2015-01-23 17:41:39,1,2.2,0.0,0.0,1,N,0.0,0.0,2,10.0,1.0,0.5,0.0,0.0,0.3,11.8
1178,1,2015-01-23 17:29:49,2015-01-23 17:38:24,1,1.7,-73.96508026123048,40.759559631347656,1,N,-73.98177337646483,40.74022674560546,1,8.5,1.0,0.5,2.57,0.0,0.3,12.87
1179,1,2015-01-23 17:29:50,2015-01-23 17:40:32,2,1.4,-73.95970153808595,40.780139923095696,1,N,-73.97230529785155,40.76522445678711,1,8.5,1.0,0.5,2.05,0.0,0.3,12.35
1180,1,2015-01-23 17:29:50,2015-01-23 17:50:33,1,7.8,-73.94369506835938,40.747264862060554,1,N,-73.8728256225586,40.77434539794922,1,24.0,1.0,0.5,5.15,0.0,0.3,30.95
1181,1,2015-01-07 21:17:11,2015-01-07 21:30:47,1,1.8,-74.00009155273438,40.73035430908203,1,N,-73.97663116455078,40.72475051879882,1,10.5,0.5,0.5,2.36,0.0,0.3,14.16
1182,1,2015-01-07 21:17:12,2015-01-07 21:21:02,1,0.5,-73.99312591552734,40.72806930541992,1,N,-73.98599243164062,40.7311897277832,1,4.5,0.5,0.5,1.0,0.0,0.3,6.8
1183,1,2015-01-07 21:17:12,2015-01-07 21:22:29,1,1.0,-73.97976684570312,40.76025390625,1,N,-73.98076629638672,40.77078628540039,2,6.0,0.5,0.5,0.0,0.0,0.3,7.3
1184,1,2015-01-07 21:17:12,2015-01-07 21:19:02,1,0.5,-73.95489501953125,40.76934051513672,1,N,-73.95086669921875,40.77667617797852,2,3.5,0.5,0.5,0.0,0.0,0.3,4.8
1185,1,2015-01-07 21:17:12,2015-01-07 21:24:53,1,1.7,-73.96969604492188,40.76189804077149,1,N,-73.98357391357422,40.741241455078125,1,8.0,0.5,0.5,1.85,0.0,0.3,11.15
1186,1,2015-01-07 21:17:12,2015-01-07 21:22:47,1,1.3,-73.97512054443358,40.75550842285156,1,N,-73.98975372314453,40.74452209472656,1,6.5,0.5,0.5,1.55,0.0,0.3,9.35
1187,1,2015-01-07 21:17:13,2015-01-07 21:29:00,1,2.6,-73.96902465820312,40.79083633422852,1,N,-73.9416275024414,40.8129768371582,2,11.0,0.5,0.5,0.0,0.0,0.3,12.3
1188,1,2015-01-07 21:17:13,2015-01-07 21:27:54,1,1.8,-73.95175170898438,40.77709579467773,1,N,-73.97799682617188,40.78373336791992,1,9.5,0.5,0.5,2.15,0.0,0.3,12.95
1189,1,2015-01-07 21:17:13,2015-01-07 21:21:36,1,0.8,-73.9609146118164,40.77235412597656,1,N,-73.95908355712889,40.76346969604492,2,5.0,0.5,0.5,0.0,0.0,0.3,6.3
1190,1,2015-01-07 21:17:13,2015-01-07 21:25:30,1,1.3,-73.98208618164062,40.77387619018555,1,N,-73.99483489990233,40.76018524169922,2,7.5,0.5,0.5,0.0,0.0,0.3,8.8
1191,1,2015-01-07 21:17:13,2015-01-07 21:23:53,2,1.1,-74.00161743164062,40.73060989379882,1,N,-73.98467254638672,40.7247314453125,1,6.5,0.5,0.5,1.0,0.0,0.3,8.8
1192,1,2015-01-07 21:17:13,2015-01-07 21:24:22,3,0.4,-73.99097442626953,40.75576019287109,1,N,-73.98688507080078,40.76126480102539,2,6.0,0.5,0.5,0.0,0.0,0.3,7.3
1193,1,2015-01-07 21:17:14,2015-01-07 21:29:06,1,2.1,-73.95993041992188,40.776275634765625,1,N,-73.98439788818358,40.76704788208008,1,10.5,0.5,0.5,2.35,0.0,0.3,14.15
1194,1,2015-01-07 21:17:14,2015-01-07 21:24:48,1,1.6,-73.97005462646483,40.79705810546875,1,N,-73.98293304443358,40.77651977539063,2,8.0,0.5,0.5,0.0,0.0,0.3,9.3
1195,1,2015-01-07 21:17:14,2015-01-07 21:22:24,1,1.0,-73.9976806640625,40.746524810791016,1,N,-73.98402404785155,40.74608612060546,1,5.5,0.5,0.5,1.5,0.0,0.3,8.3
1196,1,2015-01-07 21:17:15,2015-01-07 21:26:36,2,3.2,-74.00465393066406,40.74216079711913,1,N,-73.9732894897461,40.76109313964844,2,11.5,0.5,0.5,0.0,0.0,0.3,12.8
1197,1,2015-01-07 21:17:15,2015-01-07 21:21:56,3,0.6,-73.95951843261719,40.71157455444336,1,N,-73.95858764648438,40.71702194213867,1,5.0,0.5,0.5,1.26,0.0,0.3,7.56
1198,1,2015-01-07 21:17:15,2015-01-07 21:28:38,1,2.2,-73.98049926757811,40.74664306640625,1,N,-74.0043716430664,40.73087310791016,1,10.0,0.5,0.5,2.26,0.0,0.3,13.56
1199,1,2015-01-07 21:17:16,2015-01-07 21:22:33,1,0.8,-73.96780395507811,40.7625846862793,1,Y,-73.96097564697266,40.76172637939453,2,5.5,0.5,0.5,0.0,0.0,0.3,6.8
1200,1,2015-01-07 21:17:16,2015-01-07 21:23:44,1,1.5,-73.98793029785155,40.73825454711913,1,N,-73.9732894897461,40.75557327270508,2,7.0,0.5,0.5,0.0,0.0,0.3,8.3
1201,1,2015-01-07 21:17:16,2015-01-07 21:19:54,1,0.2,-74.00798797607422,40.71699905395508,1,N,-74.00834655761719,40.714656829833984,1,3.5,0.5,0.5,0.0,0.0,0.3,4.8
1202,1,2015-01-07 21:17:16,2015-01-07 21:38:38,1,8.2,-73.86580657958984,40.7705192565918,1,N,-73.9355239868164,40.70376586914063,1,26.5,0.5,0.5,5.56,0.0,0.3,33.36
1203,1,2015-01-23 17:43:08,2015-01-23 18:00:43,1,2.4,-73.968017578125,40.762184143066406,1,N,-73.99414825439453,40.74428939819336,1,12.5,1.0,0.5,2.0,0.0,0.3,16.3
1204,2,2015-01-28 17:32:19,2015-01-28 17:46:27,2,1.82,0.0,0.0,1,N,0.0,0.0,1,10.5,1.0,0.5,2.3,0.0,0.3,14.6
1205,2,2015-01-28 17:32:19,2015-01-28 17:56:15,1,2.91,-73.98512268066406,40.72404479980469,1,N,-73.9844970703125,40.75372314453125,1,15.5,1.0,0.5,3.46,0.0,0.3,20.76
1206,2,2015-01-28 17:32:19,2015-01-28 17:57:30,1,3.7,-73.96847534179686,40.74761199951172,1,N,-73.96152496337889,40.76844024658203,1,17.5,1.0,0.5,4.0,0.0,0.3,23.3
1207,2,2015-01-28 17:32:20,2015-01-28 17:44:53,1,2.56,-73.99515533447266,40.72510147094727,1,N,-74.01683044433594,40.704902648925774,1,11.5,1.0,0.5,0.0,0.0,0.3,13.3
1208,2,2015-01-28 17:32:20,2015-01-28 17:40:47,1,1.39,-73.97444915771484,40.783100128173835,1,N,-73.95288848876953,40.7725715637207,2,7.5,1.0,0.5,0.0,0.0,0.3,9.3
1209,2,2015-01-28 17:32:20,2015-01-28 17:40:11,1,0.8,-73.98526000976561,40.73974990844727,1,N,-73.98968505859375,40.747406005859375,1,6.5,1.0,0.5,1.0,0.0,0.3,9.3
1210,2,2015-01-28 17:32:20,2015-01-28 17:43:19,6,2.19,-73.97620391845702,40.760269165039055,1,N,-73.95783233642578,40.78461456298828,2,9.5,1.0,0.5,0.0,0.0,0.3,11.3
1211,2,2015-01-28 17:32:21,2015-01-28 18:03:35,3,6.19,-73.96256256103516,40.80997848510742,1,N,-73.98905181884764,40.748359680175774,1,25.5,1.0,0.5,3.5,0.0,0.3,30.8
1212,2,2015-01-28 17:32:21,2015-01-28 17:58:48,5,3.56,-73.9939956665039,40.74344253540039,1,N,-74.00599670410156,40.70837020874024,2,18.0,1.0,0.5,0.0,0.0,0.3,19.8
1213,2,2015-01-28 17:32:21,2015-01-28 18:00:28,3,4.69,-73.99244689941406,40.74853515625,1,N,-73.96267700195312,40.71221160888672,1,21.0,1.0,0.5,4.4,0.0,0.3,27.2
1214,2,2015-01-28 17:32:21,2015-01-28 17:38:48,1,0.82,-73.98029327392578,40.75341033935546,1,N,-73.98261260986328,40.7451400756836,1,6.0,1.0,0.5,1.56,0.0,0.3,9.36
1215,2,2015-01-28 17:32:22,2015-01-28 17:48:25,1,2.97,-73.98621368408203,40.75437927246094,1,N,-74.00453186035155,40.719268798828125,2,13.0,1.0,0.5,0.0,0.0,0.3,14.8
1216,2,2015-01-06 10:02:25,2015-01-06 10:12:50,6,1.28,-73.97422027587889,40.79164123535156,1,N,-73.98506927490233,40.77901077270508,1,8.5,0.0,0.5,1.5,0.0,0.3,10.8
1217,2,2015-01-06 10:02:25,2015-01-06 10:11:53,1,1.03,-74.00068664550781,40.76184844970703,1,N,-73.99228668212889,40.75490188598633,2,6.5,0.0,0.5,0.0,0.0,0.3,7.3
1218,2,2015-01-06 10:02:25,2015-01-06 10:24:23,6,1.59,-74.00572204589844,40.74557113647461,1,N,-73.98358917236328,40.74703979492188,1,14.0,0.0,0.5,2.8,0.0,0.3,17.6
1219,2,2015-01-13 16:17:52,2015-01-13 16:21:30,1,1.03,-73.98226165771484,40.77561569213867,1,N,-73.98977661132812,40.76219940185546,2,5.5,1.0,0.5,0.0,0.0,0.3,7.3
1220,2,2015-01-06 14:47:36,2015-01-06 14:59:24,1,1.42,-74.01412963867188,40.71268081665039,1,N,-74.00008392333984,40.717811584472656,2,9.0,0.0,0.5,0.0,0.0,0.3,9.8
1221,2,2015-01-06 14:47:36,2015-01-06 15:09:30,1,2.67,-73.95420837402342,40.78400802612305,1,N,-73.97647857666014,40.750675201416016,1,15.0,0.0,0.5,3.75,0.0,0.3,19.55
1222,2,2015-01-13 16:17:52,2015-01-13 16:19:24,1,0.25,-73.96943664550781,40.762962341308594,1,N,-73.96976470947266,40.76042556762695,2,3.0,1.0,0.5,0.0,0.0,0.3,4.8
1223,2,2015-01-13 16:17:52,2015-01-13 17:05:19,1,16.87,-73.78221893310547,40.64460372924805,2,N,-73.97862243652342,40.74848556518555,1,52.0,0.0,0.5,14.33,5.33,0.3,72.46
1224,2,2015-01-13 16:17:53,2015-01-13 16:47:37,6,4.0,-74.00267791748048,40.71424102783203,1,N,-73.97901916503906,40.7611083984375,1,20.5,1.0,0.5,5.38,0.0,0.3,27.68
1225,2,2015-01-13 16:17:53,2015-01-13 16:37:51,3,2.25,-73.97370147705078,40.779415130615234,1,N,-73.97869873046875,40.754154205322266,2,13.5,1.0,0.5,0.0,0.0,0.3,15.3
1226,2,2015-01-13 16:17:55,2015-01-13 16:31:30,1,1.34,-73.99877166748048,40.7449607849121,1,N,-74.00279235839844,40.756080627441406,1,10.0,1.0,0.5,2.2,0.0,0.3,14.0
1227,2,2015-01-13 16:17:55,2015-01-13 16:28:43,1,1.6,-73.95748901367188,40.78248596191406,1,N,-73.9710235595703,40.7969856262207,2,9.0,1.0,0.5,0.0,0.0,0.3,10.8
1228,2,2015-01-13 16:17:55,2015-01-13 16:24:48,1,1.11,-74.00497436523438,40.72339630126953,1,N,-73.99369812011719,40.728130340576165,2,6.5,1.0,0.5,0.0,0.0,0.3,8.3
1229,2,2015-01-13 16:17:55,2015-01-13 16:26:11,1,1.2,-73.97010803222656,40.756160736083984,1,N,-73.95958709716798,40.77114868164063,1,7.0,1.0,0.5,1.6,0.0,0.3,10.4
1230,2,2015-01-13 16:17:56,2015-01-13 16:19:37,1,0.52,-73.96880340576173,40.754371643066406,1,N,-73.97452545166014,40.751014709472656,2,3.5,1.0,0.5,0.0,0.0,0.3,5.3
1231,2,2015-01-13 16:17:56,2015-01-13 16:29:58,5,1.24,-73.96219635009764,40.779109954833984,1,N,-73.97383880615233,40.76428985595703,2,9.0,1.0,0.5,0.0,0.0,0.3,10.8
1232,2,2015-01-13 16:17:56,2015-01-13 16:20:45,2,0.66,-73.93499755859375,40.8049430847168,1,N,-73.93499755859375,40.8049430847168,2,4.0,1.0,0.5,0.0,0.0,0.3,5.8
1233,2,2015-01-13 16:17:56,2015-01-13 16:56:07,1,9.93,-73.87484741210938,40.774028778076165,1,N,-73.98154449462889,40.68979644775391,1,32.5,1.0,0.5,0.0,0.0,0.3,34.3
1234,2,2015-01-13 16:17:57,2015-01-13 16:29:24,1,1.4,-73.96172332763672,40.77692031860352,1,N,-73.95443725585938,40.765979766845696,1,9.0,1.0,0.5,2.5,0.0,0.3,13.3
1235,2,2015-01-13 16:17:57,2015-01-13 16:43:44,1,2.83,-73.98807525634764,40.754302978515625,1,N,-73.95645141601561,40.77138519287109,1,17.0,1.0,0.5,3.6,0.0,0.3,22.4
1236,2,2015-01-13 16:17:58,2015-01-13 16:48:09,6,5.33,-73.94680023193358,40.77227020263672,1,N,-74.00887298583984,40.747520446777344,1,23.5,1.0,0.5,4.9,0.0,0.3,30.2
1237,2,2015-01-13 16:17:58,2015-01-13 16:27:59,3,2.01,-73.98430633544923,40.762115478515625,1,N,-74.00450134277344,40.7422103881836,2,9.5,1.0,0.5,0.0,0.0,0.3,11.3
1238,2,2015-01-13 16:17:58,2015-01-13 16:21:05,1,0.51,-73.97293853759764,40.75313186645508,1,N,-73.96568298339844,40.75365829467773,1,4.0,1.0,0.5,0.6,0.0,0.3,6.4
1239,2,2015-01-13 16:17:59,2015-01-13 16:22:48,1,0.8,-73.9820785522461,40.76779556274414,1,N,-73.9857177734375,40.757858276367195,2,5.0,1.0,0.5,0.0,0.0,0.3,6.8
1240,2,2015-01-13 16:17:59,2015-01-13 16:35:26,3,2.89,-73.99698638916014,40.72267532348633,1,N,-73.97324371337889,40.75805282592773,2,13.5,1.0,0.5,0.0,0.0,0.3,15.3
1241,2,2015-01-13 16:17:59,2015-01-13 16:31:30,1,1.48,-73.99616241455078,40.76847839355469,1,N,-73.97407531738281,40.76403427124024,1,10.0,1.0,0.5,1.5,0.0,0.3,13.3
1242,2,2015-01-13 16:17:59,2015-01-13 16:23:56,6,0.8,-73.98895263671875,40.7366600036621,1,N,-73.98401641845702,40.74625015258789,2,6.0,1.0,0.5,0.0,0.0,0.3,7.8
1243,1,2015-01-20 23:33:58,2015-01-20 23:42:28,1,1.9,-73.96369171142578,40.80806350708008,1,N,-73.94178771972656,40.817665100097656,1,8.5,0.5,0.5,2.45,0.0,0.3,12.25
1244,1,2015-01-20 23:33:59,2015-01-20 23:37:47,1,0.7,-73.96842956542967,40.764747619628906,1,N,-73.97528076171875,40.75547790527344,1,5.0,0.5,0.5,0.0,0.0,0.3,6.3
1245,1,2015-01-20 23:33:59,2015-01-20 23:38:57,1,0.9,-73.98661804199219,40.71100234985352,1,N,-74.0018081665039,40.70769500732422,2,5.5,0.5,0.5,0.0,0.0,0.3,6.8
1246,1,2015-01-20 23:34:00,2015-01-20 23:44:23,1,2.2,-73.98838806152342,40.72011947631836,1,N,-73.97848510742188,40.74576568603516,1,9.5,0.5,0.5,2.15,0.0,0.3,12.95
1247,1,2015-01-20 23:34:00,2015-01-20 23:47:37,1,4.2,-73.98988342285155,40.73369598388672,1,N,-73.94681549072266,40.77622985839844,1,15.0,0.5,0.5,1.5,0.0,0.3,17.8
1248,1,2015-01-20 23:34:01,2015-01-20 23:39:32,2,1.3,-73.99109649658203,40.738258361816406,1,N,-73.99080657958984,40.750030517578125,2,6.5,0.5,0.5,0.0,0.0,0.3,7.8
1249,1,2015-01-20 23:34:04,2015-01-20 23:41:05,1,1.7,-73.98839569091797,40.73848342895508,1,N,-73.98619079589844,40.7556266784668,2,7.5,0.5,0.5,0.0,0.0,0.3,8.8
1250,1,2015-01-20 23:34:04,2015-01-20 23:38:54,3,1.3,-73.97875213623048,40.78251266479492,1,N,-73.95977020263672,40.77531051635742,1,6.0,0.5,0.5,1.75,0.0,0.3,9.05
1251,1,2015-01-20 23:34:05,2015-01-20 23:40:48,3,1.4,-73.98717498779298,40.75945663452149,1,N,-73.96733093261719,40.7601318359375,2,7.0,0.5,0.5,0.0,0.0,0.3,8.3
1252,1,2015-01-20 23:34:05,2015-01-20 23:36:27,2,0.9,-74.00762176513672,40.74312210083008,1,N,-73.99456787109375,40.7436752319336,1,4.5,0.5,0.5,1.0,0.0,0.3,6.8
1253,1,2015-01-20 23:34:06,2015-01-20 23:55:18,1,6.1,-74.00157165527344,40.73065948486328,1,N,-73.92140960693358,40.74344253540039,1,20.5,0.5,0.5,4.35,0.0,0.3,26.15
1254,1,2015-01-20 23:34:06,2015-01-20 23:41:23,1,1.8,-73.99331665039062,40.7469139099121,1,N,-73.99826049804686,40.725955963134766,2,8.0,0.5,0.5,0.0,0.0,0.3,9.3
1255,1,2015-01-20 23:34:06,2015-01-21 00:02:32,1,17.8,-73.7910614013672,40.64300537109375,2,N,-73.99050903320312,40.74771881103516,2,52.0,0.0,0.5,0.0,5.33,0.3,58.13
1256,1,2015-01-20 23:34:08,2015-01-20 23:43:49,2,2.5,-74.00897979736328,40.7169075012207,1,N,-73.99372100830078,40.74567794799805,2,10.0,0.5,0.5,0.0,0.0,0.3,11.3
1257,1,2015-01-20 23:34:08,2015-01-20 23:42:08,2,1.3,-73.9983673095703,40.72487258911133,1,N,-73.9846420288086,40.730518341064446,2,7.5,0.5,0.5,0.0,0.0,0.3,8.8
1258,1,2015-01-20 23:34:09,2015-01-20 23:43:23,1,1.5,-74.0025634765625,40.72838592529297,1,N,-73.98115539550781,40.72901153564453,1,8.0,0.5,0.5,1.85,0.0,0.3,11.15
1259,1,2015-01-20 23:34:09,2015-01-20 23:47:40,1,4.0,-73.9856185913086,40.75547790527344,1,N,-73.9524154663086,40.7265853881836,1,14.5,0.5,0.5,5.25,5.33,0.3,26.38
1260,1,2015-01-20 23:34:09,2015-01-20 23:53:52,1,15.6,-73.79022979736328,40.64357376098633,1,N,-73.92401123046875,40.733783721923835,1,42.0,0.5,0.5,4.0,0.0,0.3,47.3
1261,1,2015-01-20 23:34:09,2015-01-20 23:40:07,2,0.8,-73.98110961914062,40.782039642333984,1,N,-73.98970794677734,40.77611541748047,1,6.0,0.5,0.5,1.45,0.0,0.3,8.75
1262,1,2015-01-20 23:34:12,2015-01-20 23:39:40,1,0.8,-73.9985122680664,40.745216369628906,1,N,-73.99130249023438,40.754974365234375,2,6.0,0.5,0.5,0.0,0.0,0.3,7.3
1263,1,2015-01-20 23:34:13,2015-01-20 23:40:34,1,2.2,-74.00147247314453,40.719890594482415,1,N,-73.99431610107422,40.69780731201172,1,8.0,0.5,0.5,1.85,0.0,0.3,11.15
1264,1,2015-01-20 23:34:13,2015-01-20 23:55:52,1,1.9,-73.99909210205078,40.73905944824219,1,N,-73.9842758178711,40.761478424072266,1,15.0,0.5,0.5,3.26,0.0,0.3,19.56
1265,1,2015-01-26 13:33:50,2015-01-26 13:48:06,2,1.4,-73.98538970947266,40.737171173095696,1,N,-73.97170257568358,40.75474548339844,1,10.5,0.0,0.5,2.25,0.0,0.3,13.55
1266,1,2015-01-26 13:33:51,2015-01-26 15:22:12,2,16.8,-73.98823547363281,40.746055603027344,2,N,-73.78980255126953,40.64312362670898,1,52.0,0.0,0.5,7.0,5.33,0.3,65.13
1267,1,2015-01-26 13:33:51,2015-01-26 13:38:21,1,1.0,-73.96211242675781,40.76357650756836,1,N,-73.9508285522461,40.774784088134766,1,5.5,0.0,0.5,1.25,0.0,0.3,7.55
1268,1,2015-01-26 13:33:51,2015-01-26 13:49:06,1,3.0,-73.99922180175781,40.72503280639648,1,N,-74.00267028808594,40.76068878173828,2,13.0,0.0,0.5,0.0,0.0,0.3,13.8
1269,1,2015-01-26 13:33:52,2015-01-26 13:38:01,1,0.2,-73.97486877441406,40.75514221191406,1,N,-73.97895812988281,40.75612258911133,2,4.5,0.0,0.5,0.0,0.0,0.3,5.3
1270,1,2015-01-26 13:33:52,2015-01-26 13:43:28,1,1.1,-73.98056793212889,40.75260162353516,1,N,-73.98545837402342,40.75761413574219,2,7.5,0.0,0.5,0.0,0.0,0.3,8.3
1271,1,2015-01-26 13:33:52,2015-01-26 13:42:45,2,1.2,-73.98094940185547,40.75329208374024,1,N,-73.97156524658203,40.760379791259766,1,7.0,0.0,0.5,1.55,0.0,0.3,9.35
1272,1,2015-01-26 13:33:52,2015-01-26 13:48:16,2,1.4,-73.99419403076173,40.732818603515625,1,N,-73.99720764160156,40.747161865234375,1,10.0,0.0,0.5,1.62,0.0,0.3,12.42
1273,1,2015-01-26 13:33:52,2015-01-26 13:40:00,1,1.0,-73.95584106445312,40.767616271972656,1,N,-73.95524597167967,40.77931594848633,1,6.0,0.0,0.5,0.0,0.0,0.3,6.8
1274,1,2015-01-26 13:33:52,2015-01-26 13:41:05,1,0.8,-73.98561096191406,40.74114990234375,1,N,-73.9797134399414,40.733192443847656,1,6.0,0.0,0.5,1.35,0.0,0.3,8.15
1275,1,2015-01-26 13:33:53,2015-01-26 14:00:46,1,4.5,-74.00996398925781,40.70393753051758,1,N,-74.00238800048828,40.760608673095696,1,20.0,0.0,0.5,4.16,0.0,0.3,24.96
1276,1,2015-01-26 13:33:53,2015-01-26 13:50:03,2,2.5,-73.96263122558594,40.77881622314453,1,N,-73.98936462402342,40.758010864257805,1,12.5,0.0,0.5,3.0,0.0,0.3,16.3
1277,1,2015-01-26 13:33:53,2015-01-26 13:42:18,1,1.1,-73.96983337402342,40.756649017333984,1,N,-73.95785522460938,40.76535415649414,1,7.0,0.0,0.5,1.55,0.0,0.3,9.35
1278,1,2015-01-26 13:33:53,2015-01-26 13:35:28,1,0.0,-74.03540802001953,40.74448394775391,5,N,-74.03546142578125,40.74450302124024,1,149.0,0.0,0.0,0.0,0.0,0.3,149.3
1279,1,2015-01-26 13:33:54,2015-01-26 13:49:07,2,2.8,-74.0098114013672,40.722122192382805,1,N,-73.98936462402342,40.73868179321289,1,12.5,0.0,0.5,1.0,0.0,0.3,14.3
1280,1,2015-01-26 13:33:55,2015-01-26 13:44:59,1,1.2,-73.97505187988281,40.761661529541016,1,N,-73.98875427246092,40.7608528137207,1,8.5,0.0,0.5,3.0,0.0,0.3,12.3
1281,1,2015-01-26 13:33:56,2015-01-26 13:39:29,2,0.8,-73.98917388916014,40.74367141723633,1,N,-73.99574279785155,40.738990783691406,1,5.5,0.0,0.5,1.85,0.0,0.3,8.15
1282,1,2015-01-26 13:33:56,2015-01-26 13:50:47,1,2.9,-73.98064422607422,40.7338752746582,1,N,-73.96382141113281,40.768550872802734,1,12.5,0.0,0.5,3.32,0.0,0.3,16.62
1283,1,2015-01-26 13:33:56,2015-01-26 13:36:46,3,0.4,-73.99163818359375,40.72990798950195,1,N,-73.99726867675781,40.729103088378906,2,4.0,0.0,0.5,0.0,0.0,0.3,4.8
1284,1,2015-01-26 13:33:57,2015-01-26 13:47:28,1,2.9,-74.01004028320312,40.72063827514648,1,N,-73.99618530273438,40.753177642822266,1,12.5,0.0,0.5,3.0,0.0,0.3,16.3
1285,1,2015-01-26 13:33:57,2015-01-26 13:37:34,1,0.4,-73.96031188964844,40.76632308959961,1,N,-73.96696472167967,40.768341064453125,1,4.5,0.0,0.5,4.0,0.0,0.3,9.3
1286,1,2015-01-26 13:33:57,2015-01-26 13:43:54,1,1.2,-73.98236083984375,40.76496505737305,1,N,-73.99124908447266,40.75017166137695,1,7.5,0.0,0.5,1.0,0.0,0.3,9.3
1287,2,2015-01-18 21:31:14,2015-01-18 21:48:40,1,3.3,-73.99092864990233,40.74224090576172,1,N,-73.95767211914062,40.770267486572266,2,13.0,0.5,0.5,0.0,0.0,0.3,14.3
1288,2,2015-01-18 21:31:15,2015-01-18 21:35:27,1,1.28,-73.97709655761719,40.76476287841797,1,N,-73.96340942382812,40.775100708007805,1,5.5,0.5,0.5,1.2,0.0,0.3,8.0
1289,2,2015-01-18 21:31:15,2015-01-18 21:37:01,1,0.72,-73.99610137939453,40.73296737670898,1,N,-74.00772857666014,40.73233795166016,1,5.5,0.5,0.5,1.0,0.0,0.3,7.8
1290,2,2015-01-18 21:31:15,2015-01-18 21:33:21,6,0.79,-73.96736145019531,40.79325485229492,1,N,-73.97115325927734,40.784366607666016,1,4.5,0.5,0.5,1.0,0.0,0.3,6.8
1291,2,2015-01-18 21:31:16,2015-01-18 21:48:27,1,5.08,-73.98800659179686,40.723831176757805,1,N,-73.98887634277344,40.77756118774414,1,17.5,0.5,0.5,3.6,0.0,0.3,22.4
1292,2,2015-01-18 21:31:16,2015-01-18 21:49:59,1,9.72,-73.87103271484375,40.77383804321289,1,N,-73.94474029541014,40.83397674560546,2,28.0,0.5,0.5,0.0,5.33,0.3,34.63
1293,2,2015-01-18 21:31:16,2015-01-18 21:45:35,4,2.53,-73.99526977539062,40.74466323852539,1,N,-73.9881820678711,40.71880722045898,2,11.5,0.5,0.5,0.0,0.0,0.3,12.8
1294,2,2015-01-18 21:31:16,2015-01-18 21:48:21,1,4.85,-73.98966217041014,40.73763275146485,1,N,-73.96440124511719,40.686878204345696,2,17.0,0.5,0.5,0.0,0.0,0.3,18.3
1295,2,2015-01-18 21:31:18,2015-01-18 21:37:04,1,1.32,-73.97630310058595,40.788768768310554,1,N,-73.982177734375,40.770729064941406,1,6.5,0.5,0.5,1.4,0.0,0.3,9.2
1296,2,2015-01-18 21:31:18,2015-01-18 22:15:08,1,11.55,0.0,0.0,1,N,0.0,0.0,1,39.0,0.5,0.5,5.0,0.0,0.3,45.3
1297,2,2015-01-18 21:31:20,2015-01-18 21:35:32,1,0.99,0.0,0.0,1,N,0.0,0.0,1,5.5,0.5,0.5,1.2,0.0,0.3,8.0
1298,2,2015-01-18 21:31:20,2015-01-18 21:43:05,1,1.99,-73.98384094238281,40.756641387939446,1,N,-74.0017318725586,40.74586868286133,2,10.0,0.5,0.5,0.0,0.0,0.3,11.3
1299,2,2015-01-18 21:31:20,2015-01-18 21:34:42,4,0.4,-73.98857116699219,40.731250762939446,1,N,-73.98265838623048,40.73110961914063,1,4.0,0.5,0.5,0.0,0.0,0.3,5.3
1300,2,2015-01-18 21:31:22,2015-01-18 21:45:00,6,2.8,-73.98896789550781,40.735145568847656,1,N,-74.00068664550781,40.7619514465332,1,11.5,0.5,0.5,2.4,0.0,0.3,15.2
1301,2,2015-01-18 21:31:22,2015-01-18 21:41:37,5,2.72,-73.94908905029298,40.77675628662109,1,N,-73.97681427001953,40.750293731689446,1,10.5,0.5,0.5,2.75,0.0,0.3,14.55
1302,2,2015-01-18 21:31:24,2015-01-18 21:34:36,1,0.63,-73.95635986328125,40.76727294921875,1,N,-73.94951629638672,40.77676773071289,2,4.5,0.5,0.5,0.0,0.0,0.3,5.8
1303,2,2015-01-18 21:31:24,2015-01-18 21:38:29,1,1.43,-73.98834228515625,40.76416015625,1,N,-73.98835754394531,40.74848175048828,2,7.0,0.5,0.5,0.0,0.0,0.3,8.3
1304,2,2015-01-18 21:31:25,2015-01-18 21:37:19,1,1.59,-73.99354553222656,40.74181365966797,1,N,-73.97897338867188,40.76142120361328,1,7.0,0.5,0.5,1.5,0.0,0.3,9.8
1305,2,2015-01-18 21:31:26,2015-01-18 22:04:09,1,7.87,-73.99417877197266,40.72460174560546,1,N,-73.93495178222656,40.76940155029297,1,29.0,0.5,0.5,3.0,0.0,0.3,33.3
1306,2,2015-01-18 21:31:26,2015-01-18 21:50:37,3,10.15,-73.86277770996092,40.768901824951165,1,N,-73.99365997314453,40.736038208007805,1,29.0,0.5,0.5,6.97,5.33,0.3,42.6
1307,2,2015-01-18 21:31:26,2015-01-18 21:48:04,2,8.63,-73.86283874511719,40.76883316040039,1,N,-73.9510269165039,40.77777099609375,1,25.0,0.5,0.5,5.0,5.33,0.3,36.63
1308,2,2015-01-18 21:31:28,2015-01-18 21:36:42,5,1.6,-73.97478485107422,40.76237869262695,1,N,-73.95543670654298,40.76861572265625,1,6.5,0.5,0.5,1.4,0.0,0.3,9.2
1309,2,2015-01-18 22:37:19,2015-01-18 22:43:00,1,1.48,-73.98424530029298,40.72911834716797,1,N,-73.99082946777342,40.71512222290039,1,6.5,0.5,0.5,1.0,0.0,0.3,8.8
1310,2,2015-01-18 22:37:20,2015-01-18 22:46:29,2,2.08,-73.96576690673827,40.762115478515625,1,N,-73.99293518066406,40.75628662109375,2,9.0,0.5,0.5,0.0,0.0,0.3,10.3
1311,2,2015-01-18 22:37:20,2015-01-18 22:40:11,6,0.98,-73.97026062011719,40.752735137939446,1,N,-73.9796142578125,40.74227523803711,1,5.0,0.5,0.5,1.1,0.0,0.3,7.4
1312,2,2015-01-18 22:37:20,2015-01-18 22:41:57,1,0.56,-74.00050354003906,40.72999954223633,1,N,-74.00350189208984,40.7238655090332,1,5.0,0.5,0.5,1.0,0.0,0.3,7.3
1313,2,2015-01-18 22:37:20,2015-01-18 22:52:28,1,4.22,-73.98760223388672,40.719825744628906,1,N,-73.97002410888672,40.67794799804688,1,15.5,0.5,0.5,2.2,0.0,0.3,19.0
1314,2,2015-01-18 22:37:21,2015-01-18 22:42:41,1,0.81,-73.9959716796875,40.72521209716797,1,N,-73.98778533935547,40.719505310058594,2,5.5,0.5,0.5,0.0,0.0,0.3,6.8
1315,2,2015-01-18 22:37:21,2015-01-18 22:46:58,1,2.0,-73.96926116943358,40.79371643066406,1,N,-73.95668029785155,40.78912353515625,1,9.0,0.5,0.5,1.9,0.0,0.3,12.2
1316,2,2015-01-18 22:37:21,2015-01-18 22:44:12,1,2.13,-73.97636413574217,40.755645751953125,1,N,-73.9821014404297,40.77733612060546,1,8.5,0.5,0.5,2.7,0.0,0.3,12.5
1317,2,2015-01-18 22:37:21,2015-01-18 23:00:49,1,9.88,-73.98300933837889,40.73883056640625,1,N,-73.94139099121094,40.84490966796875,1,30.0,0.5,0.5,6.1,0.0,0.3,37.4
1318,2,2015-01-18 22:37:22,2015-01-18 22:40:07,2,0.4,-73.97618103027344,40.76422500610352,1,N,-73.98101043701173,40.763668060302734,1,4.0,0.5,0.5,4.0,0.0,0.3,9.3
1319,2,2015-01-18 22:37:22,2015-01-18 22:44:40,1,1.76,-73.98879241943358,40.74843978881836,1,N,-73.99019622802734,40.767139434814446,1,8.0,0.5,0.5,1.7,0.0,0.3,11.0
1320,2,2015-01-18 22:37:22,2015-01-18 22:52:44,1,3.72,-73.99312591552734,40.76292037963867,1,N,-73.99992370605469,40.72853469848633,2,14.5,0.5,0.5,0.0,0.0,0.3,15.8
1321,2,2015-01-18 22:37:22,2015-01-18 23:00:25,1,4.51,-73.97859954833984,40.67913818359375,1,N,-73.91165161132812,40.69182968139648,1,18.0,0.5,0.5,3.7,0.0,0.3,23.0
1322,2,2015-01-18 22:37:23,2015-01-18 22:44:20,5,1.29,-73.95221710205078,40.77727127075195,1,N,-73.96598815917967,40.7652702331543,1,7.0,0.5,0.5,1.88,0.0,0.3,10.18
1323,2,2015-01-18 22:37:23,2015-01-18 22:43:29,1,1.44,-74.00625610351561,40.73342514038086,1,N,-73.9932861328125,40.7447624206543,1,7.0,0.5,0.5,2.25,0.0,0.3,10.55
1324,2,2015-01-18 22:37:23,2015-01-18 22:41:08,5,0.99,-73.98724365234375,40.761207580566406,1,N,-73.98583984375,40.77213287353516,1,5.0,0.5,0.5,1.1,0.0,0.3,7.4
1325,2,2015-01-18 22:37:24,2015-01-18 22:42:03,1,0.76,-74.00069427490233,40.72986602783203,1,N,-73.99492645263672,40.72316360473633,1,5.0,0.5,0.5,0.82,0.0,0.3,7.12
1326,2,2015-01-18 22:37:25,2015-01-18 22:48:37,1,2.96,-73.99308776855469,40.74246597290039,1,N,-73.98921966552734,40.77338409423828,1,11.5,0.5,0.5,1.2,0.0,0.3,14.0
1327,2,2015-01-18 22:37:26,2015-01-18 22:45:12,1,2.83,-73.95566558837889,40.772754669189446,1,N,-73.98188018798828,40.73830795288086,1,10.0,0.5,0.5,2.1,0.0,0.3,13.4
1328,2,2015-01-18 22:37:28,2015-01-18 22:51:14,1,3.23,-73.99555969238281,40.724773406982415,1,N,-73.96330261230467,40.757442474365234,1,12.5,0.5,0.5,0.01,0.0,0.3,13.81
1329,2,2015-01-18 22:37:28,2015-01-18 22:40:55,1,0.45,-73.98177337646483,40.7436752319336,1,N,-73.9881820678711,40.746002197265625,1,4.5,0.5,0.5,1.25,0.0,0.3,7.05
1330,1,2015-01-15 10:26:10,2015-01-15 10:42:12,1,1.5,-73.9913330078125,40.74978256225586,1,N,-73.97821044921875,40.737335205078125,2,11.0,0.0,0.5,0.0,0.0,0.3,11.8
1331,1,2015-01-15 10:26:10,2015-01-15 10:53:36,1,3.7,-73.99958801269531,40.72176361083984,1,N,-73.96715545654298,40.756023406982415,1,18.5,0.0,0.5,3.85,0.0,0.3,23.15
1332,1,2015-01-15 10:26:12,2015-01-15 10:46:58,1,1.8,-73.9755630493164,40.75548553466797,1,N,-73.99723815917967,40.75146484375,1,13.5,0.0,0.5,1.0,0.0,0.3,15.3
1333,1,2015-01-15 10:26:12,2015-01-15 10:50:20,1,1.4,-73.97470092773438,40.742046356201165,1,N,-73.9784164428711,40.756694793701165,2,15.5,0.0,0.5,0.0,0.0,0.3,16.3
1334,1,2015-01-15 10:26:12,2015-01-15 10:39:05,1,1.4,-73.97256469726561,40.75384521484375,1,N,-73.98822021484375,40.74080657958984,1,9.5,0.0,0.5,1.5,0.0,0.3,11.8
1335,1,2015-01-15 10:26:12,2015-01-15 10:43:52,2,2.6,-73.9773941040039,40.789897918701165,1,N,-73.95590209960938,40.76611709594727,2,13.0,0.0,0.5,0.0,0.0,0.3,13.8
1336,1,2015-01-15 10:26:12,2015-01-15 10:32:31,1,0.8,-73.9578399658203,40.7794075012207,1,N,-73.95165252685547,40.77099990844727,1,6.0,0.0,0.5,1.36,0.0,0.3,8.16
1337,1,2015-01-15 10:26:13,2015-01-15 10:31:38,1,0.6,0.0,0.0,1,N,0.0,0.0,2,5.5,0.0,0.5,0.0,0.0,0.3,6.3
1338,1,2015-01-15 10:26:13,2015-01-15 10:35:01,1,0.5,-73.98423767089844,40.74566650390625,1,N,-73.97926330566406,40.74409866333008,2,7.0,0.0,0.5,0.0,0.0,0.3,7.8
1339,1,2015-01-20 23:47:11,2015-01-20 23:53:48,1,1.0,-73.97276306152342,40.75045776367188,1,N,-73.98678588867188,40.749141693115234,2,6.5,0.5,0.5,0.0,0.0,0.3,7.8
1340,1,2015-01-20 23:47:12,2015-01-20 23:58:10,2,2.7,-73.99323272705078,40.72554397583008,1,N,-73.9661865234375,40.75545501708984,1,11.0,0.5,0.5,3.69,0.0,0.3,15.99
1341,1,2015-01-20 23:47:14,2015-01-20 23:54:07,1,1.7,-73.96363830566406,40.68846130371094,1,N,-73.93592071533203,40.68644714355469,1,8.0,0.5,0.5,1.0,0.0,0.3,10.3
1342,1,2015-01-20 23:47:14,2015-01-20 23:59:32,1,3.1,-73.99478149414062,40.71828079223633,1,N,-73.95452880859375,40.71939086914063,1,12.5,0.5,0.5,2.5,0.0,0.3,16.3
1343,1,2015-01-20 23:47:14,2015-01-20 23:49:35,1,0.7,-73.98102569580078,40.75944900512695,1,N,-73.99164581298828,40.76387786865234,1,4.0,0.5,0.5,1.0,0.0,0.3,6.3
1344,1,2015-01-20 23:47:15,2015-01-20 23:54:02,1,2.1,-73.97571563720702,40.7525634765625,1,N,-73.95572662353516,40.774578094482415,1,8.5,0.5,0.5,1.96,0.0,0.3,11.76
1345,1,2015-01-20 23:47:16,2015-01-21 00:00:31,1,3.1,-74.0155029296875,40.7155647277832,1,N,-73.99505615234375,40.74557113647461,1,12.5,0.5,0.5,2.75,0.0,0.3,16.55
1346,1,2015-01-20 23:47:17,2015-01-20 23:54:56,1,1.6,0.0,0.0,1,N,0.0,0.0,1,7.5,0.5,0.5,0.75,0.0,0.3,9.55
1347,1,2015-01-20 23:47:17,2015-01-21 00:04:24,1,9.0,-73.9832763671875,40.77119827270508,1,N,-73.9162826538086,40.83805084228516,3,27.0,0.5,0.5,0.0,0.0,0.3,28.3
1348,1,2015-01-20 23:47:18,2015-01-20 23:59:23,1,3.9,-73.96067810058595,40.772274017333984,1,N,-73.91891479492188,40.742958068847656,2,13.5,0.5,0.5,0.0,0.0,0.3,14.8
1349,1,2015-01-20 23:47:18,2015-01-20 23:56:57,1,2.7,-73.9876937866211,40.71976852416992,1,N,-73.95536804199219,40.7182502746582,1,10.5,0.5,0.5,2.36,0.0,0.3,14.16
1350,1,2015-01-20 23:47:19,2015-01-20 23:51:17,1,0.7,-73.94298553466798,40.8165397644043,1,N,-73.95047760009764,40.812408447265625,2,4.5,0.5,0.5,0.0,0.0,0.3,5.8
1351,1,2015-01-20 23:47:19,2015-01-20 23:56:29,1,3.1,-73.96771240234375,40.7669334411621,1,N,-73.92340087890625,40.75348281860352,1,11.5,0.5,0.5,2.56,0.0,0.3,15.36
1352,1,2015-01-20 23:47:20,2015-01-21 00:04:03,1,4.3,-74.0028305053711,40.733352661132805,1,N,-73.97479248046875,40.68016815185546,1,16.0,0.5,0.5,2.08,0.0,0.3,19.38
1353,1,2015-01-20 23:47:21,2015-01-21 00:01:51,1,4.8,-73.98989868164062,40.72940444946289,1,N,-73.9724884033203,40.7856674194336,2,16.5,0.5,0.5,0.0,0.0,0.3,17.8
1354,1,2015-01-20 23:47:21,2015-01-20 23:54:19,1,2.2,-74.00650024414062,40.711380004882805,1,N,-73.98632049560547,40.689109802246094,2,9.0,0.5,0.5,0.0,0.0,0.3,10.3
1355,1,2015-01-20 23:47:22,2015-01-20 23:54:58,3,1.7,-73.99259948730467,40.72541809082031,1,N,-74.00734710693358,40.705223083496094,1,8.0,0.5,0.5,1.85,0.0,0.3,11.15
1356,1,2015-01-20 23:47:22,2015-01-21 00:00:24,1,3.3,-73.97024536132812,40.75282287597656,1,N,-74.00556945800781,40.72568130493164,2,12.5,0.5,0.5,0.0,0.0,0.3,13.8
1357,1,2015-01-20 23:47:22,2015-01-20 23:52:16,1,1.1,-73.98868560791014,40.73725128173828,1,N,-73.97818756103516,40.75102996826172,2,6.0,0.5,0.5,0.0,0.0,0.3,7.3
1358,1,2015-01-20 23:47:23,2015-01-20 23:52:41,1,1.4,-73.95998382568358,40.773468017578125,1,N,-73.97386932373048,40.75480270385742,2,7.0,0.5,0.5,0.0,0.0,0.3,8.3
1359,1,2015-01-20 23:47:24,2015-01-20 23:59:01,1,1.9,-73.99728393554686,40.73326873779297,1,N,-73.99486541748048,40.75006103515625,1,10.0,0.5,0.5,3.39,0.0,0.3,14.69
1360,1,2015-01-20 23:47:25,2015-01-20 23:52:49,1,1.5,-73.97624969482422,40.78070831298828,1,N,-73.96366882324217,40.79539108276367,1,7.0,0.5,0.5,1.7,0.0,0.3,10.0
1361,1,2015-01-26 13:55:39,2015-01-26 14:05:03,2,1.5,-74.01573944091797,40.71077728271485,1,N,-74.00116729736328,40.71788787841797,2,8.0,0.0,0.5,0.0,0.0,0.3,8.8
1362,1,2015-01-26 13:55:39,2015-01-26 14:07:38,1,0.7,-73.98812103271484,40.73738098144531,1,N,-73.97845458984375,40.73678207397461,1,8.5,0.0,0.5,1.86,0.0,0.3,11.16
1363,1,2015-01-26 13:55:39,2015-01-26 14:12:47,1,1.9,-73.9759063720703,40.75079727172852,1,N,-73.99529266357422,40.74455642700195,1,11.5,0.0,0.5,2.45,0.0,0.3,14.75
1364,1,2015-01-26 13:55:39,2015-01-26 13:58:54,0,0.4,-73.96360015869139,40.7740478515625,1,N,-73.959228515625,40.78014755249024,2,4.0,0.0,0.5,0.0,0.0,0.3,4.8
1365,1,2015-01-26 13:55:40,2015-01-26 15:56:35,1,21.4,-73.78102111816406,40.64509201049805,5,N,-74.02790069580078,40.74732208251953,1,92.8,0.0,0.0,22.0,17.08,0.3,132.18
1366,1,2015-01-26 13:55:40,2015-01-26 14:00:26,2,0.5,-73.99015808105469,40.77194213867188,1,N,-73.98320007324217,40.76774597167969,2,5.0,0.0,0.5,0.0,0.0,0.3,5.8
1367,1,2015-01-26 13:55:40,2015-01-26 14:02:34,1,1.2,-73.98996734619139,40.74143600463867,1,N,-74.00336456298828,40.73533630371094,1,6.5,0.0,0.5,1.45,0.0,0.3,8.75
1368,2,2015-01-28 17:32:22,2015-01-28 17:36:09,1,0.67,-73.982177734375,40.77418518066406,1,N,-73.98278045654298,40.78191757202149,2,4.5,1.0,0.5,0.0,0.0,0.3,6.3
1369,2,2015-01-28 17:32:22,2015-01-28 17:37:13,1,1.07,-73.95490264892578,40.777381896972656,1,N,-73.95948028564453,40.76726913452149,1,5.5,1.0,0.5,1.3,0.0,0.3,8.6
1370,2,2015-01-28 17:32:22,2015-01-28 17:42:30,5,0.9,-73.96703338623048,40.76409149169922,1,N,-73.97464752197266,40.7525520324707,1,7.5,1.0,0.5,1.86,0.0,0.3,11.16
1371,2,2015-01-28 17:32:22,2015-01-28 17:36:02,1,0.77,-73.98265838623048,40.76143264770508,1,N,-73.9892578125,40.75236511230469,2,4.5,1.0,0.5,0.0,0.0,0.3,6.3
1372,2,2015-01-28 17:32:23,2015-01-28 17:38:22,2,1.5,-73.9518051147461,40.78188705444336,1,N,-73.9374008178711,40.798622131347656,2,6.5,1.0,0.5,0.0,0.0,0.3,8.3
1373,2,2015-01-28 17:32:23,2015-01-28 17:42:10,1,1.18,-73.97089385986328,40.76454925537109,1,N,-73.9778823852539,40.773487091064446,2,8.0,1.0,0.5,0.0,0.0,0.3,9.8
1374,2,2015-01-28 17:32:23,2015-01-28 17:43:44,2,1.72,-74.0056915283203,40.75101089477539,1,N,-73.9871826171875,40.736698150634766,1,9.0,1.0,0.5,2.16,0.0,0.3,12.96
1375,2,2015-01-28 17:32:23,2015-01-28 17:38:46,2,1.13,-73.96389007568358,40.76559066772461,1,N,-73.95220184326173,40.77806091308594,1,6.5,1.0,0.5,1.5,0.0,0.3,9.8
1376,2,2015-01-28 17:32:23,2015-01-28 17:47:19,2,1.14,-73.98678588867188,40.76108169555664,1,N,-73.98433685302734,40.77492141723633,1,10.5,1.0,0.5,1.0,0.0,0.3,13.3
1377,2,2015-01-28 17:32:24,2015-01-28 17:37:16,2,0.93,-73.97343444824217,40.79227828979492,1,N,-73.96673583984375,40.80397033691406,2,5.5,1.0,0.5,0.0,0.0,0.3,7.3
1378,2,2015-01-01 06:10:25,2015-01-01 06:43:13,1,8.35,-74.00496673583984,40.740840911865234,1,N,-73.95121002197266,40.64678955078125,2,30.0,0.0,0.5,0.0,0.0,0.0,30.5
1379,1,2015-01-01 06:10:27,2015-01-01 06:37:21,1,7.2,-73.98540496826173,40.76326751708984,1,N,-73.93584442138672,40.697357177734375,2,25.0,0.0,0.5,0.0,0.0,0.0,25.8
1380,2,2015-01-01 06:10:27,2015-01-01 06:39:10,2,12.11,-73.97444915771484,40.79112243652344,1,N,-73.96501922607422,40.684280395507805,1,36.5,0.0,0.5,10.95,0.0,0.3,48.25
1381,2,2015-01-01 06:10:27,2015-01-01 06:16:51,2,2.17,-73.91708374023438,40.78035736083984,1,N,-73.9407501220703,40.75587844848633,2,8.5,0.0,0.5,0.0,0.0,0.3,9.3
1382,2,2015-01-01 06:10:27,2015-01-01 06:19:47,4,2.1,-73.98114776611328,40.74776840209961,1,N,-73.98109436035155,40.72541809082031,1,9.0,0.0,0.5,1.8,0.0,0.3,11.6
1383,2,2015-01-01 06:10:27,2015-01-01 06:20:18,4,3.59,-73.986572265625,40.76694107055664,1,N,-73.95657348632812,40.80524063110352,1,12.0,0.0,0.5,2.4,0.0,0.3,15.2
1384,2,2015-01-01 06:10:28,2015-01-01 06:12:22,2,0.64,-73.99366760253906,40.7523307800293,1,N,-74.00066375732422,40.75524139404297,2,4.0,0.0,0.5,0.0,0.0,0.3,4.8
1385,2,2015-01-01 06:10:28,2015-01-01 06:17:56,2,1.78,-73.98043060302734,40.730228424072266,1,N,-74.00627899169923,40.74391174316406,1,8.0,0.0,0.5,2.4,0.0,0.3,11.2
1386,1,2015-01-01 06:10:29,2015-01-01 06:14:45,1,0.7,-73.9891586303711,40.75542449951172,1,N,-73.98099517822266,40.75555038452149,2,5.0,0.0,0.5,0.0,0.0,0.0,5.8
1387,1,2015-01-01 06:10:29,2015-01-01 06:32:19,2,11.2,-73.98001098632812,40.77550506591797,1,N,-73.86512756347656,40.770523071289055,1,31.5,0.0,0.5,7.5,5.33,0.0,45.13
1388,2,2015-01-01 06:10:30,2015-01-01 06:18:32,1,4.43,-73.92586517333984,40.86319351196289,1,N,-73.9334487915039,40.803001403808594,2,14.0,0.0,0.5,0.0,0.0,0.3,14.8
1389,1,2015-01-01 06:10:32,2015-01-01 06:25:45,1,3.2,-73.95161437988281,40.71094131469727,1,N,-73.9520492553711,40.66813659667969,2,13.0,0.0,0.5,0.0,0.0,0.0,13.8
1390,1,2015-01-01 06:10:32,2015-01-01 06:13:17,1,0.9,-73.98363494873048,40.74645614624024,1,N,-73.97431182861328,40.75385284423828,1,5.0,0.0,0.5,0.5,0.0,0.0,6.3
1391,2,2015-01-01 06:10:32,2015-01-01 06:20:34,1,1.81,-73.97598266601561,40.74470901489258,1,N,-73.99951171875,40.73871994018555,1,9.0,0.0,0.5,1.8,0.0,0.3,11.6
1392,2,2015-01-01 06:10:32,2015-01-01 06:14:40,5,0.9,-73.94208526611328,40.7542724609375,1,N,-73.94003295898438,40.76329040527344,2,5.0,0.0,0.5,0.0,0.0,0.3,5.8
1393,1,2015-01-01 06:10:33,2015-01-01 06:30:35,1,6.4,-73.98836517333984,40.74830627441406,1,N,-73.89606475830078,40.73363494873047,2,21.5,0.0,0.5,0.0,0.0,0.0,22.3
1394,2,2015-01-01 06:10:33,2015-01-01 06:26:14,1,4.12,-73.98830413818358,40.73155212402344,1,N,-73.99402618408203,40.68630599975586,2,15.5,0.0,0.5,0.0,0.0,0.3,16.3
1395,2,2015-01-01 06:10:34,2015-01-01 06:32:23,1,6.79,-74.00556945800781,40.75109100341797,1,N,-73.96114349365233,40.67225646972656,1,23.5,0.0,0.5,4.7,0.0,0.3,29.0
1396,1,2015-01-01 06:10:35,2015-01-01 06:35:16,1,10.1,-73.98821258544923,40.76459884643555,1,N,-73.87083435058595,40.77405548095703,2,30.5,0.0,0.5,0.0,0.0,0.0,31.3
1397,1,2015-01-01 06:10:35,2015-01-01 06:14:40,1,0.4,-73.9201889038086,40.75959396362305,1,N,-73.91970825195312,40.75619888305664,2,4.5,0.0,0.5,0.0,0.0,0.0,5.3
1398,2,2015-01-01 06:10:35,2015-01-01 06:16:54,5,1.38,-73.97666168212889,40.74790954589844,1,N,-73.99105834960938,40.74898147583008,2,6.5,0.0,0.5,0.0,0.0,0.3,7.3
1399,2,2015-01-01 06:10:35,2015-01-01 06:13:13,1,0.46,-73.99288177490233,40.75859069824219,1,N,-73.99990844726561,40.76137161254882,1,4.0,0.0,0.5,1.0,0.0,0.3,5.8
1400,1,2015-01-21 05:45:18,2015-01-21 06:18:59,1,8.6,-73.9664306640625,40.75806427001953,1,N,-73.87082672119139,40.77407455444336,2,29.0,0.5,0.5,0.0,0.0,0.3,30.3
1401,1,2015-01-21 05:45:20,2015-01-21 05:55:39,2,2.8,-73.99146270751953,40.74986267089844,1,N,-73.95838165283203,40.76542663574219,2,11.0,0.5,0.5,0.0,0.0,0.3,12.3
1402,1,2015-01-21 05:45:20,2015-01-21 05:51:10,1,1.4,-73.9661636352539,40.76482009887695,1,N,-73.98263549804686,40.7563362121582,1,6.5,0.5,0.5,1.56,0.0,0.3,9.36
1403,1,2015-01-21 05:45:23,2015-01-21 05:49:31,1,0.8,-73.89984893798828,40.768497467041016,1,N,-73.911865234375,40.77530288696289,2,5.0,0.5,0.5,0.0,0.0,0.3,6.3
1404,1,2015-01-21 05:45:24,2015-01-21 05:52:28,1,1.9,-73.95068359375,40.770938873291016,1,N,-73.97120666503906,40.75773620605469,1,8.0,0.5,0.5,1.0,0.0,0.3,10.3
1405,1,2015-01-21 05:45:25,2015-01-21 06:21:18,1,21.1,-73.77678680419923,40.64524841308594,2,N,-73.97438049316406,40.783447265625,2,52.0,0.0,0.5,0.0,5.33,0.3,58.13
1406,1,2015-01-04 13:59:28,2015-01-04 14:19:08,3,2.8,-73.9926528930664,40.72686767578125,1,N,-73.98554992675781,40.759708404541016,2,14.5,0.0,0.5,0.0,0.0,0.0,15.3
1407,1,2015-01-04 13:59:28,2015-01-04 14:09:10,1,1.4,-74.000732421875,40.75824737548828,1,N,-73.97826385498048,40.75131988525391,2,8.0,0.0,0.5,0.0,0.0,0.0,8.8
1408,2,2015-01-04 13:59:28,2015-01-04 14:19:07,1,2.19,-74.00419616699219,40.733001708984375,1,N,-73.99445343017578,40.75518798828125,2,13.5,0.0,0.5,0.0,0.0,0.3,14.3
1409,2,2015-01-04 13:59:28,2015-01-04 14:17:30,1,1.57,-73.9940414428711,40.75123596191406,1,N,-73.97362518310547,40.755081176757805,1,12.0,0.0,0.5,2.4,0.0,0.3,15.2
1410,1,2015-01-04 13:59:29,2015-01-04 14:03:10,1,0.7,-74.00153350830078,40.74098587036133,1,N,-73.99200439453125,40.74174118041992,1,4.5,0.0,0.5,1.0,0.0,0.0,6.3
1411,1,2015-01-04 13:59:29,2015-01-04 14:12:58,1,3.0,-74.0086669921875,40.71950912475586,1,N,-73.9827651977539,40.75558090209961,3,12.0,0.0,0.5,0.0,0.0,0.0,12.8
1412,2,2015-01-04 13:59:29,2015-01-04 14:13:02,1,5.05,-73.91154479980467,40.77692031860352,1,N,-73.94180297851561,40.79840087890625,2,16.5,0.0,0.5,0.0,5.33,0.3,22.63
1413,2,2015-01-04 13:59:29,2015-01-04 14:04:59,1,1.2,-73.98628997802734,40.726295471191406,1,N,-73.98231506347656,40.7393913269043,1,6.0,0.0,0.5,1.5,0.0,0.3,8.3
1414,2,2015-01-04 13:59:29,2015-01-04 14:05:34,5,0.93,-73.98702239990233,40.74784851074219,1,N,-73.98152160644531,40.739070892333984,2,6.0,0.0,0.5,0.0,0.0,0.3,6.8
1415,1,2015-01-04 13:59:30,2015-01-04 14:03:55,1,0.9,-73.99463653564453,40.74559020996094,1,N,-74.00506591796875,40.73594665527344,1,5.5,0.0,0.5,1.0,0.0,0.0,7.3
1416,2,2015-01-12 19:08:31,2015-01-12 19:27:25,1,2.43,-73.9814224243164,40.758495330810554,1,N,-73.95641326904298,40.78116989135742,1,14.5,1.0,0.5,3.1,0.0,0.3,19.4
1417,2,2015-01-12 19:08:31,2015-01-12 19:16:20,2,1.55,-73.98414611816406,40.7291145324707,1,N,-73.98457336425781,40.74495315551758,2,7.5,1.0,0.5,0.0,0.0,0.3,9.3
1418,2,2015-01-12 19:08:31,2015-01-12 19:26:28,5,4.17,-73.96724700927734,40.758731842041016,1,N,-73.96367645263672,40.80378341674805,1,16.0,1.0,0.5,3.4,0.0,0.3,21.2
1419,2,2015-01-12 19:08:31,2015-01-12 19:15:11,2,0.89,-73.98148345947266,40.761016845703125,1,N,-73.9815673828125,40.770320892333984,1,6.0,1.0,0.5,1.0,0.0,0.3,8.8
1420,2,2015-01-12 19:08:31,2015-01-12 19:27:55,1,3.7,-73.96294403076173,40.71204376220703,1,N,-73.91217803955078,40.693672180175774,2,15.0,1.0,0.5,0.0,0.0,0.3,16.8
1421,2,2015-01-12 19:08:31,2015-01-12 19:19:04,1,1.36,-73.9763412475586,40.756542205810554,1,N,-73.96255493164062,40.77282333374024,2,8.5,1.0,0.5,0.0,0.0,0.3,10.3
1422,2,2015-01-12 19:08:32,2015-01-12 19:17:18,1,1.45,-73.98150634765625,40.751323699951165,1,N,-73.99923706054686,40.74397659301758,1,8.0,1.0,0.5,1.5,0.0,0.3,11.3
1423,2,2015-01-12 19:08:32,2015-01-12 19:21:21,1,2.22,-73.98052215576173,40.74546051025391,1,N,-73.9869384765625,40.72114181518555,1,10.5,1.0,0.5,2.88,0.0,0.3,15.18
1424,2,2015-01-12 19:08:32,2015-01-12 19:30:16,1,3.77,-74.00151062011719,40.73601913452149,1,N,-73.96450805664062,40.77294921875,1,17.0,1.0,0.5,3.6,0.0,0.3,22.4
1425,2,2015-01-12 19:08:33,2015-01-12 19:14:13,1,0.8,-73.9976806640625,40.73785400390625,1,N,-74.00505828857422,40.73263549804688,2,5.5,1.0,0.5,0.0,0.0,0.3,7.3
1426,2,2015-01-12 19:08:33,2015-01-12 19:19:05,1,2.59,-73.9979476928711,40.74094009399414,1,N,-73.98642730712889,40.7674217224121,1,10.0,1.0,0.5,0.0,0.0,0.3,11.8
1427,2,2015-01-12 19:08:33,2015-01-12 19:38:47,1,7.11,-73.96774291992188,40.803035736083984,1,N,-73.9557113647461,40.7378158569336,2,26.0,1.0,0.5,0.0,0.0,0.3,27.8
1428,2,2015-01-12 19:08:34,2015-01-12 19:16:43,1,1.68,-73.97320556640625,40.76363754272461,1,N,-73.99122619628906,40.75038146972656,2,7.5,1.0,0.5,0.0,0.0,0.3,9.3
1429,2,2015-01-12 19:08:34,2015-01-12 19:23:06,2,2.72,-74.00066375732422,40.72085571289063,1,N,-73.99327850341797,40.75209045410156,2,12.0,1.0,0.5,0.0,0.0,0.3,13.8
1430,2,2015-01-12 19:08:35,2015-01-12 19:31:35,1,11.04,-73.86505889892578,40.77056884765625,1,N,-74.00438690185547,40.72774887084961,1,32.0,1.0,0.5,7.0,0.0,0.3,40.8
1431,2,2015-01-12 19:08:35,2015-01-12 19:13:31,1,1.23,-73.97354888916014,40.76200866699219,1,N,-73.96134948730467,40.77004623413086,1,6.0,1.0,0.5,1.4,0.0,0.3,9.2
1432,2,2015-01-12 19:08:35,2015-01-12 19:16:35,1,1.57,-73.95285034179686,40.77214050292969,1,N,-73.9749526977539,40.78012847900391,1,8.0,1.0,0.5,1.35,0.0,0.3,11.15
1433,2,2015-01-12 19:08:36,2015-01-12 19:15:24,6,1.26,-73.95832061767578,40.77595138549805,1,N,-73.95417022705078,40.763938903808594,2,6.5,1.0,0.5,0.0,0.0,0.3,8.3
1434,2,2015-01-12 19:08:36,2015-01-12 19:15:47,1,1.28,-73.98793029785155,40.74385833740234,1,N,-73.98114776611328,40.75360107421875,1,7.0,1.0,0.5,2.0,0.0,0.3,10.8
1435,2,2015-01-12 19:08:36,2015-01-12 19:20:48,1,2.25,-73.9881820678711,40.73224258422852,1,N,-73.98642730712889,40.757606506347656,2,10.5,1.0,0.5,0.0,0.0,0.3,12.3
1436,2,2015-01-12 19:08:36,2015-01-12 19:16:11,1,0.81,-73.97888946533203,40.76200866699219,1,N,-73.9874496459961,40.768718719482415,1,6.5,1.0,0.5,1.5,0.0,0.3,9.8
1437,2,2015-01-31 11:05:40,2015-01-31 11:20:40,1,5.67,-73.99342346191406,40.71535110473633,1,N,-73.96486663818358,40.76730346679688,1,18.5,0.0,0.5,3.86,0.0,0.3,23.16
1438,2,2015-01-31 11:05:41,2015-01-31 11:10:50,1,0.86,-73.94762420654298,40.77987289428711,1,N,-73.95758819580078,40.7759895324707,2,5.0,0.0,0.5,0.0,0.0,0.3,5.8
1439,2,2015-01-31 11:05:41,2015-01-31 11:13:22,1,1.33,-73.97496795654298,40.79018020629882,1,N,-73.95970153808595,40.77947998046875,1,7.5,0.0,0.5,1.24,0.0,0.3,9.54
1440,2,2015-01-31 11:05:42,2015-01-31 11:12:33,6,1.08,-73.98625946044923,40.762508392333984,1,N,-73.96956634521484,40.759571075439446,2,6.0,0.0,0.5,0.0,0.0,0.3,6.8
1441,2,2015-01-31 11:05:43,2015-01-31 11:14:27,1,1.4,-73.98435974121092,40.75849151611328,1,N,-73.96722412109375,40.764381408691406,2,7.5,0.0,0.5,0.0,0.0,0.3,8.3
1442,2,2015-01-31 11:05:43,2015-01-31 11:11:22,5,1.13,-73.95953369140625,40.81433868408203,1,N,-73.96934509277344,40.80066680908203,1,6.5,0.0,0.5,1.46,0.0,0.3,8.76
1443,2,2015-01-31 11:05:43,2015-01-31 11:14:57,1,1.28,-73.98372650146483,40.76793670654297,1,N,-73.9666748046875,40.765621185302734,2,8.0,0.0,0.5,0.0,0.0,0.3,8.8
1444,1,2015-01-10 22:53:24,2015-01-10 23:03:14,2,1.2,-73.99227142333984,40.75838851928711,1,N,-73.98561096191406,40.74694061279297,1,7.5,0.5,0.5,1.55,0.0,0.3,10.35
1445,1,2015-01-10 22:53:24,2015-01-10 23:05:08,1,2.5,-73.98857879638672,40.76380920410156,1,N,-73.95667266845702,40.771533966064446,1,10.5,0.5,0.5,2.0,0.0,0.3,13.8
1446,1,2015-01-10 22:53:25,2015-01-10 23:06:54,1,3.4,-73.98693084716798,40.750991821289055,1,Y,-73.94859313964844,40.77786636352539,1,13.0,0.5,0.5,3.55,0.0,0.3,17.85
1447,1,2015-01-10 22:53:25,2015-01-10 23:05:56,1,1.7,-73.99043273925781,40.737129211425774,1,N,-74.00344848632812,40.726726531982415,1,9.5,0.5,0.5,2.16,0.0,0.3,12.96
1448,1,2015-01-10 21:13:46,2015-01-10 21:24:13,1,1.5,-73.99873352050781,40.74490737915039,1,N,-73.98526763916014,40.76383972167969,1,8.5,0.0,0.5,1.86,0.0,0.3,11.16
1449,1,2015-01-10 21:13:46,2015-01-10 21:26:16,2,2.8,-73.99734497070312,40.71919631958008,1,N,-73.96054077148438,40.71720123291016,2,12.0,0.5,0.5,0.0,0.0,0.3,13.3
1450,1,2015-01-10 21:13:46,2015-01-10 21:34:10,2,4.8,-74.00891876220702,40.70689392089844,1,N,-73.99099731445312,40.744659423828125,1,18.5,0.5,0.5,2.0,0.0,0.3,21.8
1451,1,2015-01-10 21:13:47,2015-01-10 21:42:47,1,6.7,-74.00825500488281,40.7380485534668,1,N,-73.94618225097656,40.77381134033203,1,25.0,0.5,0.5,5.0,0.0,0.3,31.3
1452,1,2015-01-10 21:13:47,2015-01-10 21:27:32,2,1.4,-73.99412536621094,40.72454071044922,1,N,-73.98146057128906,40.741172790527344,1,10.0,0.5,0.5,1.0,0.0,0.3,12.3
1453,1,2015-01-10 21:13:48,2015-01-10 21:27:47,1,3.1,-73.97910308837889,40.78533554077149,1,N,-73.98149108886719,40.75041961669922,1,12.5,0.5,0.5,2.75,0.0,0.3,16.55
1454,1,2015-01-10 21:13:48,2015-01-10 21:23:00,2,1.8,-73.99649047851561,40.72575759887695,1,N,-74.00935363769531,40.7049217224121,1,8.5,0.5,0.5,1.95,0.0,0.3,11.75
1455,1,2015-01-10 21:13:48,2015-01-10 21:28:32,1,3.5,-73.97812652587889,40.68981552124024,1,N,-73.95341491699219,40.71404647827149,1,13.5,0.5,0.5,3.0,0.0,0.3,17.8
1456,1,2015-01-10 21:13:49,2015-01-10 21:20:50,1,1.2,-73.97801971435547,40.74589157104492,1,N,-73.98808288574217,40.7564582824707,1,6.5,0.5,0.5,1.56,0.0,0.3,9.36
1457,1,2015-01-10 21:13:49,2015-01-10 21:34:03,1,3.9,-73.97665405273438,40.788528442382805,1,N,-73.99285125732422,40.739791870117195,1,16.0,0.5,0.5,3.45,0.0,0.3,20.75
1458,1,2015-01-10 21:13:49,2015-01-10 21:31:13,1,2.3,-73.98690032958984,40.74722671508789,1,N,-73.9978256225586,40.724212646484375,2,12.5,0.5,0.5,0.0,0.0,0.3,13.8
1459,1,2015-01-10 21:13:50,2015-01-10 21:19:57,1,1.4,-74.0068130493164,40.73041915893555,1,N,-74.01495361328125,40.7165412902832,1,7.0,0.5,0.5,1.65,0.0,0.3,9.95
1460,1,2015-01-10 21:13:50,2015-01-10 21:53:40,2,6.6,-73.995849609375,40.73876953125,1,N,-73.91453552246092,40.69903564453125,1,28.5,0.5,0.5,5.96,0.0,0.3,35.76
1461,1,2015-01-10 21:13:50,2015-01-10 21:20:36,1,1.3,-74.00021362304686,40.71786880493164,1,N,-74.01306915283203,40.709182739257805,2,6.5,0.5,0.5,0.0,0.0,0.3,7.8
1462,1,2015-01-10 21:13:50,2015-01-10 21:19:14,1,0.5,-73.9883270263672,40.72331619262695,1,N,-73.9832305908203,40.730518341064446,2,5.0,0.5,0.5,0.0,0.0,0.3,6.3
1463,1,2015-01-10 21:13:50,2015-01-10 21:16:10,2,0.4,-73.97272491455078,40.796199798583984,1,N,-73.9763412475586,40.7900619506836,1,4.0,0.5,0.5,1.0,0.0,0.3,6.3
1464,1,2015-01-10 21:13:51,2015-01-10 21:21:41,2,1.5,-73.97388458251953,40.76461410522461,1,N,-73.97880554199219,40.777297973632805,1,7.5,0.5,0.5,1.2,0.0,0.3,10.0
1465,1,2015-01-10 21:13:51,2015-01-10 21:28:23,1,1.2,-73.97870635986328,40.72434616088867,1,N,-73.9920883178711,40.71504592895508,1,10.0,0.5,0.5,2.0,0.0,0.3,13.3
1466,1,2015-01-10 21:13:51,2015-01-10 21:31:15,1,2.1,-73.97589111328125,40.74895477294922,1,N,-73.9953842163086,40.734283447265625,1,12.0,0.5,0.5,3.5,0.0,0.3,16.8
1467,1,2015-01-10 21:13:51,2015-01-10 21:29:46,2,2.2,-73.99056243896483,40.7309684753418,1,N,-73.96807098388672,40.75631713867188,1,12.0,0.5,0.5,2.65,0.0,0.3,15.95
1468,1,2015-01-10 21:13:52,2015-01-10 21:31:12,2,3.4,-73.9788589477539,40.76682662963867,1,N,-73.98879241943358,40.73107147216797,1,13.5,0.5,0.5,2.95,0.0,0.3,17.75
1469,2,2015-01-25 17:49:34,2015-01-25 17:55:58,1,0.91,-73.9925765991211,40.7307243347168,1,N,-73.99444580078125,40.71950149536133,1,6.0,0.0,0.5,1.2,0.0,0.3,8.0
1470,1,2015-01-10 23:05:14,2015-01-10 23:12:00,2,1.5,-73.96676635742188,40.75501251220703,1,N,-73.96028900146483,40.77223587036133,1,7.0,0.5,0.5,2.45,0.0,0.3,10.75
1471,1,2015-01-10 23:05:15,2015-01-10 23:40:07,1,20.9,-73.79033660888672,40.64393615722656,2,N,-73.97652435302734,40.79048538208008,1,52.0,0.0,0.5,11.6,5.33,0.3,69.73
1472,1,2015-01-10 23:05:15,2015-01-10 23:31:29,2,10.9,-73.78224945068358,40.64450073242188,1,N,-73.93193817138672,40.69367599487305,1,32.5,0.5,0.5,6.75,0.0,0.3,40.55
1473,1,2015-01-10 23:05:15,2015-01-10 23:22:30,1,4.0,-74.00410461425781,40.72552108764648,1,N,-73.99799346923827,40.6779670715332,1,15.5,0.5,0.5,3.35,0.0,0.3,20.15
1474,1,2015-01-10 23:05:15,2015-01-10 23:22:07,1,2.3,-74.00132751464844,40.740188598632805,1,N,-73.97457885742188,40.7539291381836,1,12.5,0.5,0.5,0.0,0.0,0.3,13.8
1475,1,2015-01-10 23:05:16,2015-01-10 23:08:25,1,0.5,-73.98909759521484,40.747955322265625,1,N,-73.98966979980467,40.7520866394043,1,4.0,0.5,0.5,1.05,0.0,0.3,6.35
1476,1,2015-01-10 23:05:16,2015-01-10 23:09:35,2,0.6,-73.98084259033203,40.74454498291016,1,N,-73.97566986083984,40.74884414672852,1,5.0,0.5,0.5,1.25,0.0,0.3,7.55
1477,1,2015-01-10 23:05:16,2015-01-10 23:10:11,1,0.7,-74.00186157226561,40.71529006958008,1,N,-73.99156951904298,40.71755599975586,1,5.5,0.5,0.5,1.35,0.0,0.3,8.15
1478,1,2015-01-10 23:05:17,2015-01-10 23:14:23,2,2.0,-73.98204803466798,40.770626068115234,1,N,-73.95275115966798,40.76660537719727,1,9.0,0.5,0.5,1.0,0.0,0.3,11.3
1479,1,2015-01-10 23:05:17,2015-01-10 23:11:30,1,1.9,-73.96798706054686,40.75577163696289,1,N,-73.95276641845702,40.77793884277344,2,7.5,0.5,0.5,0.0,0.0,0.3,8.8
1480,1,2015-01-10 23:05:18,2015-01-10 23:09:13,1,0.7,-73.98395538330078,40.759891510009766,1,N,-73.99134826660156,40.75011444091797,2,4.5,0.0,0.5,0.0,0.0,0.3,5.3
1481,1,2015-01-10 23:05:18,2015-01-10 23:08:42,1,0.5,-73.99750518798828,40.72112274169922,1,N,-74.00169372558595,40.726028442382805,1,4.5,0.5,0.5,1.0,0.0,0.3,6.8
1482,1,2015-01-26 13:55:41,2015-01-26 13:58:38,1,0.3,-73.97862243652342,40.78857803344727,1,N,-73.97785186767578,40.79205703735352,2,4.0,0.0,0.5,0.0,0.0,0.3,4.8
1483,2,2015-01-22 17:38:57,2015-01-22 17:45:30,5,1.0,-73.99002838134764,40.733028411865234,1,N,-74.00509643554686,40.740020751953125,1,6.0,1.0,0.5,1.2,0.0,0.3,9.0
1484,2,2015-01-22 17:38:57,2015-01-22 17:42:40,1,0.4,-73.98258972167967,40.76034164428711,1,N,-73.97582244873048,40.75789260864258,2,4.5,1.0,0.5,0.0,0.0,0.3,6.3
1485,2,2015-01-22 17:38:57,2015-01-22 17:50:02,1,0.68,-73.9774169921875,40.75698471069336,1,N,-73.98609924316406,40.756301879882805,2,8.0,1.0,0.5,0.0,0.0,0.3,9.8
1486,1,2015-01-26 13:55:42,2015-01-26 14:09:39,1,1.6,-73.97905731201173,40.7451286315918,1,N,-73.9980239868164,40.73381042480469,2,10.0,0.0,0.5,0.0,0.0,0.3,10.8
1487,1,2015-01-26 13:55:42,2015-01-26 14:01:21,1,0.8,-74.0078582763672,40.7122802734375,1,N,-74.01356506347656,40.70231628417969,1,5.5,0.0,0.5,1.25,0.0,0.3,7.55
1488,1,2015-01-26 13:55:42,2015-01-26 14:02:59,1,0.8,-73.96416473388672,40.770469665527344,1,N,-73.9739990234375,40.76284790039063,1,6.5,0.0,0.5,1.45,0.0,0.3,8.75
1489,1,2015-01-26 13:55:43,2015-01-26 14:23:59,1,2.2,-73.99663543701173,40.744583129882805,1,N,-73.97045135498048,40.75334548950195,2,17.0,0.0,0.5,0.0,0.0,0.3,17.8
1490,1,2015-01-26 13:55:43,2015-01-26 14:09:29,2,1.3,-73.95638275146483,40.78099822998047,1,N,-73.97034454345702,40.7646713256836,1,9.5,0.0,0.5,2.05,0.0,0.3,12.35
1491,1,2015-01-26 13:55:43,2015-01-26 14:28:57,1,2.2,-73.99429321289062,40.73958587646485,1,N,-73.96967315673827,40.757415771484375,1,19.5,0.0,0.5,4.06,0.0,0.3,24.36
1492,1,2015-01-26 13:55:45,2015-01-26 14:11:22,1,1.8,-73.97382354736328,40.76305389404297,1,N,-73.99210357666014,40.742721557617195,2,11.0,0.0,0.5,0.0,0.0,0.3,11.8
1493,1,2015-01-26 13:55:45,2015-01-26 14:02:19,1,1.0,-73.96173095703125,40.71589279174805,1,N,-73.94723510742188,40.71120071411133,1,6.0,0.0,0.5,1.0,0.0,0.3,7.8
1494,1,2015-01-26 13:55:46,2015-01-26 14:11:13,2,2.2,-73.9817123413086,40.78131103515625,1,N,-73.9659652709961,40.80864715576172,2,11.5,0.0,0.5,0.0,0.0,0.3,12.3
1495,1,2015-01-26 13:55:46,2015-01-26 14:23:07,1,2.9,-73.99118041992188,40.749778747558594,1,N,-73.99708557128906,40.72059631347656,2,17.0,0.0,0.5,0.0,0.0,0.3,17.8
1496,1,2015-01-26 13:55:46,2015-01-26 14:20:50,2,2.9,-74.0113525390625,40.70968627929688,1,N,-73.98291778564453,40.739452362060554,2,16.0,0.0,0.5,0.0,0.0,0.3,16.8
1497,1,2015-01-26 13:55:46,2015-01-26 14:00:54,1,0.9,-73.96671295166014,40.764041900634766,1,Y,-73.96224212646483,40.77315902709961,1,5.5,0.0,0.5,1.55,0.0,0.3,7.85
1498,1,2015-01-26 13:55:46,2015-01-26 14:38:29,2,12.7,-73.77674102783203,40.64514923095703,1,N,-73.86849975585938,40.772846221923835,1,38.5,0.0,0.5,7.0,0.0,0.3,46.3
1499,1,2015-01-26 13:55:46,2015-01-26 14:19:32,1,1.9,-73.95288848876953,40.77654647827149,1,N,-73.971435546875,40.753665924072266,1,14.5,0.0,0.5,2.2,0.0,0.3,17.5
1500,2,2015-01-20 17:08:37,2015-01-20 17:35:43,1,7.93,-73.95201873779298,40.809078216552734,1,N,-73.86172485351561,40.768287658691406,1,27.5,1.0,0.5,8.66,5.33,0.3,43.29
1501,2,2015-01-20 17:08:37,2015-01-20 17:17:57,1,1.08,-73.99495697021484,40.740020751953125,1,N,-73.97942352294923,40.743030548095696,2,7.5,1.0,0.5,0.0,0.0,0.3,9.3
1502,2,2015-01-20 17:08:38,2015-01-20 17:46:20,1,6.32,-73.97889709472656,40.76694107055664,1,N,-73.98805236816406,40.688980102539055,1,26.5,1.0,0.5,5.5,0.0,0.3,33.8
1503,2,2015-01-20 17:08:39,2015-01-20 17:10:49,1,0.55,-73.95113372802734,40.77775573730469,1,N,-73.94394683837889,40.77821350097656,1,4.0,1.0,0.5,0.75,0.0,0.3,6.55
1504,2,2015-01-20 17:08:40,2015-01-20 17:25:16,2,1.48,-73.97752380371094,40.758655548095696,1,N,-73.96221923828125,40.76755142211913,2,11.5,1.0,0.5,0.0,0.0,0.3,13.3
1505,2,2015-01-20 17:08:40,2015-01-20 17:18:47,1,1.87,-73.99072265625,40.756141662597656,1,N,-73.98857879638672,40.74108123779297,2,9.0,1.0,0.5,0.0,0.0,0.3,10.8
1506,2,2015-01-20 17:08:40,2015-01-20 17:17:35,1,0.87,-74.00220489501953,40.719146728515625,1,N,-73.9969482421875,40.72565460205078,1,7.0,1.0,0.5,1.6,0.0,0.3,10.4
1507,2,2015-01-20 17:08:40,2015-01-20 17:33:25,1,7.61,-74.01644134521484,40.71522521972656,1,N,-73.98150634765625,40.762500762939446,1,25.5,1.0,0.5,4.0,0.0,0.3,31.3
1508,2,2015-01-20 17:08:40,2015-01-20 17:13:29,1,0.57,-73.95886993408203,40.7719612121582,1,N,-73.95207214355469,40.773822784423835,2,5.0,1.0,0.5,0.0,0.0,0.3,6.8
1509,2,2015-01-20 17:08:41,2015-01-20 17:10:11,2,0.29,-73.96528625488281,40.763668060302734,1,N,-73.9647445678711,40.76617431640625,2,3.0,1.0,0.5,0.0,0.0,0.3,4.8
1510,2,2015-01-20 17:08:41,2015-01-20 17:30:56,1,3.91,-73.94355773925781,40.7891960144043,1,N,-73.98537445068358,40.757720947265625,2,17.0,1.0,0.5,0.0,0.0,0.3,18.8
1511,2,2015-01-20 17:08:41,2015-01-20 17:13:51,1,0.83,-74.00440979003906,40.75115966796875,1,N,-73.99513244628906,40.74983596801758,1,5.5,1.0,0.5,1.3,0.0,0.3,8.6
1512,2,2015-01-20 17:08:42,2015-01-20 17:21:22,1,1.59,-73.99243927001953,40.73395538330078,1,N,-73.97845458984375,40.75035858154297,1,10.0,1.0,0.5,2.2,0.0,0.3,14.0
1513,2,2015-01-20 17:08:42,2015-01-20 17:17:13,6,1.37,-73.9798355102539,40.74917602539063,1,N,-73.96336364746092,40.75611114501953,1,8.0,1.0,0.5,1.8,0.0,0.3,11.6
1514,2,2015-01-20 17:08:42,2015-01-20 17:14:25,5,0.79,-73.97463226318358,40.777950286865234,1,N,-73.98237609863281,40.771480560302734,1,5.5,1.0,0.5,1.46,0.0,0.3,8.76
1515,2,2015-01-20 17:08:42,2015-01-20 17:36:27,1,6.9,-73.9821014404297,40.77288818359375,1,N,-73.92298889160156,40.82608413696289,2,23.5,1.0,0.5,0.0,0.0,0.3,25.3
1516,2,2015-01-20 17:08:42,2015-01-20 17:17:02,6,0.96,-73.97858428955078,40.755985260009766,1,N,-73.98297882080078,40.744873046875,1,7.0,1.0,0.5,1.6,0.0,0.3,10.4
1517,2,2015-01-20 17:08:42,2015-01-20 17:18:25,1,2.22,-74.0081787109375,40.73006057739258,1,N,-73.99141693115233,40.74477005004882,1,10.0,1.0,0.5,2.36,0.0,0.3,14.16
1518,2,2015-01-20 17:08:43,2015-01-20 17:20:51,1,3.19,-74.01388549804686,40.715118408203125,1,N,-73.9975357055664,40.7567253112793,1,12.5,1.0,0.5,2.7,0.0,0.3,17.0
1519,2,2015-01-20 17:08:43,2015-01-20 17:19:57,1,1.97,-73.99919128417967,40.72281646728516,1,N,-74.00935363769531,40.729053497314446,1,10.0,1.0,0.5,1.5,0.0,0.3,13.3
1520,2,2015-01-20 17:08:43,2015-01-20 17:17:04,1,1.22,-73.96176147460938,40.77625274658203,1,N,-73.97910308837889,40.7835807800293,1,7.5,1.0,0.5,1.7,0.0,0.3,11.0
1521,1,2015-01-15 10:56:46,2015-01-15 11:06:13,1,1.6,-73.98516845703125,40.76850128173828,1,N,-73.98157501220702,40.75225067138672,1,7.5,0.0,0.5,1.65,0.0,0.3,9.95
1522,1,2015-01-15 10:56:46,2015-01-15 11:09:23,1,2.0,-73.9822540283203,40.762451171875,1,N,-73.99003601074217,40.73810958862305,2,10.0,0.0,0.5,0.0,0.0,0.3,10.8
1523,1,2015-01-15 10:56:47,2015-01-15 11:23:18,1,5.4,-73.97812652587889,40.7525749206543,1,N,-74.0023422241211,40.71529769897461,2,22.0,0.0,0.5,0.0,0.0,0.3,22.8
1524,1,2015-01-15 10:56:48,2015-01-15 11:07:26,1,1.5,-74.0062255859375,40.73387145996094,1,N,-73.99993133544923,40.75349426269531,1,9.0,0.0,0.5,1.0,0.0,0.3,10.8
1525,1,2015-01-15 10:56:48,2015-01-15 11:08:55,1,1.5,-73.97122955322266,40.755184173583984,1,N,-73.95401000976561,40.766239166259766,2,9.5,0.0,0.5,0.0,0.0,0.3,10.3
1526,1,2015-01-15 10:56:48,2015-01-15 11:10:30,1,2.2,-73.97627258300781,40.758934020996094,1,N,-73.98604583740233,40.73451614379882,2,11.0,0.0,0.5,0.0,0.0,0.3,11.8
1527,1,2015-01-15 10:56:48,2015-01-15 11:06:10,1,1.4,-73.97628021240233,40.775909423828125,1,N,-73.96232604980467,40.76773834228516,1,8.5,0.0,0.5,1.0,0.0,0.3,10.3
1528,1,2015-01-15 10:56:49,2015-01-15 11:03:29,1,0.7,-73.98015594482422,40.76077651977539,1,N,-73.97042083740233,40.76482772827149,2,6.0,0.0,0.5,0.0,0.0,0.3,6.8
1529,1,2015-01-15 10:56:49,2015-01-15 11:10:48,1,1.1,0.0,0.0,1,N,0.0,0.0,1,9.5,0.0,0.5,2.55,0.0,0.3,12.85
1530,1,2015-01-15 10:56:49,2015-01-15 11:05:22,1,0.5,-73.9803237915039,40.743358612060554,1,N,-73.9764175415039,40.739551544189446,1,6.5,0.0,0.5,2.0,0.0,0.3,9.3
1531,1,2015-01-15 10:56:49,2015-01-15 11:04:05,1,0.5,-73.9700927734375,40.75210189819336,1,N,-73.97557067871092,40.74919509887695,2,6.0,0.0,0.5,0.0,0.0,0.3,6.8
1532,1,2015-01-15 10:56:49,2015-01-15 11:12:20,1,1.5,-73.98545837402342,40.751373291015625,1,N,-74.00403594970702,40.750125885009766,1,11.0,0.0,0.5,2.36,0.0,0.3,14.16
1533,1,2015-01-15 10:56:49,2015-01-15 11:25:21,1,8.7,-73.86603546142578,40.77074432373047,1,N,-73.98206329345702,40.74584197998047,2,29.0,0.0,0.5,0.0,5.33,0.3,35.13
1534,1,2015-01-15 10:56:50,2015-01-15 11:31:54,1,12.5,-73.99441528320312,40.72490692138672,1,N,-73.94686126708984,40.6162109375,2,38.0,0.0,0.5,0.0,0.0,0.3,38.8
1535,1,2015-01-15 10:56:50,2015-01-15 11:16:04,1,0.0,-73.99421691894531,40.734909057617195,1,N,-73.9766082763672,40.750045776367195,2,12.0,0.0,0.5,0.0,0.0,0.3,12.8
1536,1,2015-01-15 10:56:50,2015-01-15 11:03:51,1,1.3,-74.01493835449219,40.71023178100586,1,N,-74.00755310058594,40.72661590576172,2,7.0,0.0,0.5,0.0,0.0,0.3,7.8
1537,1,2015-01-15 10:56:50,2015-01-15 11:21:30,1,6.0,-73.99806976318358,40.735664367675774,1,N,-73.96785736083984,40.80531311035156,1,22.5,0.0,0.5,4.66,0.0,0.3,27.96
1538,1,2015-01-15 10:56:50,2015-01-15 11:03:30,1,1.3,-73.9835205078125,40.76331329345703,1,N,-73.9924545288086,40.74995803833008,2,6.0,0.0,0.5,0.0,0.0,0.3,6.8
1539,1,2015-01-15 10:56:52,2015-01-15 11:13:19,1,1.3,0.0,0.0,1,N,0.0,0.0,1,11.0,0.0,0.5,2.0,0.0,0.3,13.8
1540,1,2015-01-15 10:56:52,2015-01-15 11:05:46,1,1.2,-74.0013198852539,40.751895904541016,1,N,-73.98478698730467,40.75503921508789,1,7.5,0.0,0.5,1.0,0.0,0.3,9.3
1541,1,2015-01-15 10:56:52,2015-01-15 11:11:58,1,3.6,-74.01648712158203,40.71627426147461,1,N,-73.99113464355469,40.75481414794922,1,13.5,0.0,0.5,2.85,0.0,0.3,17.15
1542,1,2015-01-15 10:56:52,2015-01-15 11:12:56,1,1.6,-73.96919250488281,40.762001037597656,1,N,-73.98760986328125,40.74968338012695,2,11.0,0.0,0.5,0.0,0.0,0.3,11.8
1543,1,2015-01-15 10:56:53,2015-01-15 10:59:35,1,0.4,-73.9547348022461,40.765640258789055,1,N,-73.95345306396483,40.77137756347656,1,4.0,0.0,0.5,1.2,0.0,0.3,6.0
1544,1,2015-01-26 14:07:52,2015-01-26 14:16:43,1,0.5,-73.96441650390625,40.792442321777344,1,N,-73.97244262695312,40.79337310791016,2,6.5,0.0,0.5,0.0,0.0,0.3,7.3
1545,1,2015-01-26 14:07:52,2015-01-26 14:29:29,1,3.0,-73.99361419677734,40.746967315673835,1,N,-74.01630401611328,40.710254669189446,1,15.0,0.0,0.5,3.15,0.0,0.3,18.95
1546,1,2015-01-26 14:07:52,2015-01-26 14:26:17,1,2.1,-73.97179412841797,40.76180648803711,1,N,-73.98426055908203,40.73822784423828,1,12.5,0.0,0.5,2.0,0.0,0.3,15.3
1547,1,2015-01-26 14:07:52,2015-01-26 14:14:12,1,0.8,-74.0025863647461,40.73025894165039,1,N,-73.994873046875,40.740020751953125,2,5.5,0.0,0.5,0.0,0.0,0.3,6.3
1548,1,2015-01-26 14:07:52,2015-01-26 14:16:13,1,0.9,-74.00334930419923,40.7267951965332,1,N,-74.00151824951173,40.72018814086913,2,6.5,0.0,0.5,0.0,0.0,0.3,7.3
1549,1,2015-01-26 14:07:52,2015-01-26 14:16:50,1,0.9,-73.97857666015625,40.74132537841797,1,N,-73.98092651367188,40.73054122924805,2,6.5,0.0,0.5,0.0,0.0,0.3,7.3
1550,1,2015-01-26 14:07:52,2015-01-26 14:55:25,1,8.1,-73.97763061523438,40.73800277709961,1,N,-73.97867584228516,40.670528411865234,1,31.0,0.0,0.5,6.36,0.0,0.3,38.16
1551,1,2015-01-26 14:07:54,2015-01-26 16:02:22,1,12.5,-73.97582244873048,40.744754791259766,1,N,-73.82157897949217,40.76480865478516,1,51.5,0.0,0.5,5.0,5.33,0.3,62.63
1552,1,2015-01-26 14:07:55,2015-01-26 14:22:45,1,1.0,-73.97779083251953,40.73760223388672,1,N,-73.98558807373048,40.74542617797852,2,9.5,0.0,0.5,0.0,0.0,0.3,10.3
1553,1,2015-01-26 14:07:55,2015-01-26 14:25:57,1,1.5,-73.96736145019531,40.76317596435546,1,N,-73.98209381103516,40.77561950683594,1,11.5,0.0,0.5,3.65,0.0,0.3,15.95
1554,1,2015-01-26 14:07:56,2015-01-26 14:25:43,1,2.0,-73.98011779785155,40.78065490722656,1,N,-73.9539337158203,40.7750358581543,1,12.0,0.0,0.5,2.56,0.0,0.3,15.36
1555,1,2015-01-26 14:07:57,2015-01-26 14:17:09,2,1.0,-73.9448013305664,40.779327392578125,1,N,-73.95551300048828,40.78815078735352,1,7.0,0.0,0.5,2.3,0.0,0.3,10.1
1556,1,2015-01-26 14:07:57,2015-01-26 14:20:33,1,0.7,-73.98190307617188,40.76858139038086,1,N,-73.98941040039062,40.768020629882805,2,8.5,0.0,0.5,0.0,0.0,0.3,9.3
1557,1,2015-01-26 14:07:57,2015-01-26 14:11:35,3,0.5,-73.95174407958984,40.76957321166992,1,N,-73.94799041748048,40.77644729614258,1,4.5,0.0,0.5,1.3,0.0,0.3,6.6
1558,1,2015-01-26 14:07:58,2015-01-26 14:18:34,1,1.1,-73.98375701904298,40.760135650634766,1,N,-74.00060272216798,40.76226425170898,1,7.5,0.0,0.5,1.7,0.0,0.3,10.0
1559,1,2015-01-26 14:07:58,2015-01-26 14:17:46,1,1.4,-73.96236419677734,40.81006622314453,1,N,-73.9739532470703,40.79197692871094,1,8.0,0.0,0.5,1.75,0.0,0.3,10.55
1560,1,2015-01-26 14:07:59,2015-01-26 14:13:35,1,0.7,-73.9820785522461,40.778217315673835,1,N,-73.98490142822266,40.76917266845703,1,5.5,0.0,0.5,1.25,0.0,0.3,7.55
1561,1,2015-01-26 14:07:59,2015-01-26 14:30:00,1,2.2,-73.98886871337889,40.74846267700195,1,N,-73.96328735351561,40.762592315673835,2,14.0,0.0,0.5,0.0,0.0,0.3,14.8
1562,1,2015-01-26 14:07:59,2015-01-26 14:22:27,1,2.1,-73.99321746826173,40.74769973754882,1,N,-74.00032806396483,40.72369766235352,1,10.5,0.0,0.5,2.82,0.0,0.3,14.12
1563,1,2015-01-26 14:08:00,2015-01-26 14:48:21,1,4.2,-74.00983428955078,40.70987319946289,1,N,-73.9773178100586,40.76433563232422,2,24.0,0.0,0.5,0.0,0.0,0.3,24.8
1564,1,2015-01-26 14:08:01,2015-01-26 14:16:11,2,0.8,-73.98631286621094,40.722110748291016,1,N,-73.98221588134764,40.731666564941406,2,6.5,0.0,0.5,0.0,0.0,0.3,7.3
1565,1,2015-01-26 14:08:01,2015-01-26 14:14:02,1,1.0,0.0,0.0,1,N,0.0,0.0,1,6.0,0.0,0.5,1.7,0.0,0.3,8.5
1566,2,2015-01-07 19:01:07,2015-01-07 19:16:35,1,2.17,-73.97847747802734,40.7628288269043,1,N,-73.95578002929686,40.785110473632805,1,11.5,1.0,0.5,1.88,0.0,0.3,15.18
1567,2,2015-01-07 19:01:07,2015-01-07 19:12:50,1,2.01,-73.9805145263672,40.76443862915039,1,N,-74.00048828125,40.742950439453125,2,9.5,1.0,0.5,0.0,0.0,0.3,11.3
1568,2,2015-01-07 19:01:07,2015-01-07 19:11:39,2,1.35,-73.98963928222656,40.75651931762695,1,N,-73.97052764892578,40.755535125732415,1,8.0,1.0,0.5,1.8,0.0,0.3,11.6
1569,2,2015-01-07 19:01:07,2015-01-07 19:35:16,2,6.84,-73.96627807617188,40.80397033691406,1,N,-73.99085235595702,40.734649658203125,1,26.0,1.0,0.5,5.4,0.0,0.3,33.2
1570,2,2015-01-07 19:01:08,2015-01-07 19:04:55,1,0.52,-73.9773941040039,40.75022506713867,1,N,-73.98347473144531,40.741313934326165,1,4.5,1.0,0.5,1.0,0.0,0.3,7.3
1571,2,2015-01-07 19:01:08,2015-01-07 19:14:25,1,2.22,-73.97107696533203,40.75431823730469,1,N,-73.97808074951173,40.7294807434082,1,11.0,1.0,0.5,1.0,0.0,0.3,13.8
1572,2,2015-01-07 19:01:08,2015-01-07 19:07:20,1,1.24,-73.97920227050781,40.74032211303711,1,N,-73.97300720214845,40.75141143798828,1,6.5,1.0,0.5,1.5,0.0,0.3,9.8
1573,2,2015-01-07 19:01:08,2015-01-07 19:19:17,1,2.63,-73.97051239013672,40.76169967651367,1,N,-73.97332000732422,40.78524017333984,1,13.5,1.0,0.5,1.5,0.0,0.3,16.8
1574,2,2015-01-07 19:01:08,2015-01-07 19:12:03,3,1.71,-73.98270416259764,40.763450622558594,1,N,-73.97405242919923,40.78308868408203,1,9.5,1.0,0.5,1.0,0.0,0.3,12.3
1575,2,2015-01-07 19:01:08,2015-01-07 19:04:37,1,0.36,0.0,0.0,1,N,0.0,0.0,2,4.0,1.0,0.5,0.0,0.0,0.3,5.8
1576,2,2015-01-07 19:01:08,2015-01-07 19:21:29,1,3.24,-73.98237609863281,40.755367279052734,1,N,-73.99703979492188,40.71785354614258,2,15.0,1.0,0.5,0.0,0.0,0.3,16.8
1577,2,2015-01-07 19:01:09,2015-01-07 19:37:55,1,19.42,-73.7898712158203,40.64358901977539,2,N,-74.00630950927734,40.74389266967773,1,52.0,0.0,0.5,0.0,5.33,0.3,58.13
1578,2,2015-01-07 19:01:09,2015-01-07 19:10:35,1,2.06,-73.9728012084961,40.78678131103516,1,N,-73.97279357910156,40.76448059082031,1,9.0,1.0,0.5,1.0,0.0,0.3,11.8
1579,2,2015-01-07 19:01:09,2015-01-07 19:12:06,1,2.19,-73.97293853759764,40.756622314453125,1,N,-73.95377349853516,40.7813606262207,1,9.5,1.0,0.5,2.62,0.0,0.3,13.92
1580,2,2015-01-07 19:01:10,2015-01-07 19:34:20,2,7.5,-73.9677734375,40.75603866577149,1,N,-73.97825622558594,40.68473815917969,2,27.5,1.0,0.5,0.0,0.0,0.3,29.3
1581,2,2015-01-07 19:01:10,2015-01-07 19:17:07,2,2.39,-73.99478912353516,40.75030517578125,1,N,-73.99442291259764,40.72783660888672,1,12.0,1.0,0.5,2.6,0.0,0.3,16.4
1582,2,2015-01-07 19:01:10,2015-01-07 19:07:46,2,0.72,-73.9900894165039,40.73482131958008,1,N,-73.9801025390625,40.733562469482415,1,6.0,1.0,0.5,1.2,0.0,0.3,9.0
1583,2,2015-01-07 19:01:11,2015-01-07 19:05:13,1,0.9,-73.9612045288086,40.77745056152344,1,N,-73.95098876953125,40.78281021118164,2,5.0,1.0,0.5,0.0,0.0,0.3,6.8
1584,2,2015-01-07 19:01:11,2015-01-07 19:10:15,1,1.13,-73.99078369140625,40.73455810546875,1,N,-73.998291015625,40.72085189819336,1,7.5,1.0,0.5,1.7,0.0,0.3,11.0
1585,2,2015-01-07 19:01:11,2015-01-07 19:07:58,1,0.57,-73.98953247070312,40.7343635559082,1,N,-73.98904418945312,40.72993850708008,1,6.0,1.0,0.5,1.4,0.0,0.3,9.2
1586,2,2015-01-07 19:01:11,2015-01-07 19:03:16,1,0.28,-73.97762298583984,40.77915954589844,1,N,-73.9766845703125,40.77644348144531,1,3.5,1.0,0.5,0.9,0.0,0.3,6.2
1587,2,2015-01-07 19:01:11,2015-01-07 19:10:06,1,1.75,-73.93527221679686,40.80059814453125,1,N,-73.95498657226561,40.8150749206543,1,8.0,1.0,0.5,0.0,0.0,0.3,9.8
1588,1,2015-01-15 11:35:15,2015-01-15 11:53:23,1,2.2,-73.99844360351561,40.71989440917969,1,N,-74.00462341308595,40.7420654296875,1,12.5,0.0,0.5,3.32,0.0,0.3,16.62
1589,1,2015-01-15 11:35:15,2015-01-15 11:43:13,1,1.2,-73.97183990478516,40.79421615600586,1,N,-73.9529571533203,40.7866439819336,1,7.5,0.0,0.5,1.6,0.0,0.3,9.9
1590,1,2015-01-15 11:35:16,2015-01-15 12:01:53,1,6.8,-73.95982360839844,40.771289825439446,1,N,-74.0076904296875,40.717655181884766,1,24.5,0.0,0.5,5.06,0.0,0.3,30.36
1591,1,2015-01-15 11:35:17,2015-01-15 11:49:54,1,1.9,-73.96163940429686,40.7798080444336,1,N,-73.98139953613281,40.75747299194336,1,10.5,0.0,0.5,2.25,0.0,0.3,13.55
1592,1,2015-01-15 11:35:18,2015-01-15 11:51:31,2,0.8,-73.96839904785155,40.76218032836913,1,N,-73.98125457763672,40.763702392578125,1,10.5,0.0,0.5,2.26,0.0,0.3,13.56
1593,1,2015-01-15 11:35:19,2015-01-15 11:46:14,1,1.4,-73.96898651123048,40.79833221435546,1,N,-73.97193145751953,40.782039642333984,1,9.0,0.0,0.5,1.95,0.0,0.3,11.75
1594,1,2015-01-15 11:35:20,2015-01-15 11:43:38,1,1.7,-73.98987579345702,40.762012481689446,1,N,-73.98152923583984,40.78125762939453,1,8.0,0.0,0.5,3.0,0.0,0.3,11.8
1595,1,2015-01-15 11:35:20,2015-01-15 11:47:17,1,1.4,-73.98216247558594,40.77657318115234,1,N,-73.97359466552734,40.76300048828125,2,9.5,0.0,0.5,0.0,0.0,0.3,10.3
1596,1,2015-01-15 11:35:21,2015-01-15 11:35:28,1,0.0,-73.97339630126953,40.763477325439446,1,N,-73.97339630126953,40.763477325439446,1,2.5,0.0,0.5,4.0,0.0,0.3,7.3
1597,1,2015-01-15 11:35:22,2015-01-15 11:46:32,1,1.1,-73.98245239257811,40.731494903564446,1,N,-73.97905731201173,40.74420928955078,2,8.5,0.0,0.5,0.0,0.0,0.3,9.3
1598,1,2015-01-15 11:35:23,2015-01-15 11:44:32,1,1.2,-73.94425964355469,40.77605819702149,1,N,-73.96222686767578,40.77615737915039,2,8.0,0.0,0.5,0.0,0.0,0.3,8.8
1599,1,2015-01-15 11:35:24,2015-01-15 11:58:40,1,2.1,-74.00631713867188,40.73365783691406,1,N,-74.00494384765625,40.71043014526367,2,15.0,0.0,0.5,0.0,0.0,0.3,15.8
1600,1,2015-01-15 11:35:25,2015-01-15 11:51:24,1,1.9,-73.98616790771484,40.7222785949707,1,N,-73.99510192871094,40.73960113525391,1,12.0,0.0,0.5,2.55,0.0,0.3,15.35
1601,1,2015-01-15 11:35:25,2015-01-15 11:51:06,1,2.0,-73.96168518066406,40.75761413574219,1,N,-73.9837875366211,40.742351531982415,2,11.0,0.0,0.5,0.0,0.0,0.3,11.8
1602,1,2015-01-15 11:35:25,2015-01-15 12:01:33,1,3.5,-73.97274780273438,40.748531341552734,1,N,-74.00801849365233,40.72272872924805,1,18.0,0.0,0.5,3.0,0.0,0.3,21.8
1603,1,2015-01-15 11:35:25,2015-01-15 11:40:23,1,0.6,-73.96208953857422,40.76380157470703,1,N,-73.9676513671875,40.7551155090332,2,5.0,0.0,0.5,0.0,0.0,0.3,5.8
1604,1,2015-01-15 11:35:25,2015-01-15 11:56:42,1,1.9,-73.98515319824217,40.73717880249024,1,N,-73.96670532226561,40.7608642578125,1,14.0,0.0,0.5,3.0,0.0,0.3,17.8
1605,1,2015-01-15 11:35:26,2015-01-15 11:51:09,2,2.3,-73.97872924804686,40.75224304199219,1,N,-73.96221160888672,40.77930068969727,2,12.0,0.0,0.5,0.0,0.0,0.3,12.8
1606,1,2015-01-15 11:35:26,2015-01-15 11:44:50,1,1.3,-73.95684814453125,40.783477783203125,1,N,-73.9532699584961,40.79862976074219,2,7.5,0.0,0.5,0.0,0.0,0.3,8.3
1607,1,2015-01-15 11:35:26,2015-01-15 11:48:16,1,1.8,-73.95348358154298,40.76652908325195,1,N,-73.97425842285155,40.75358963012695,2,10.0,0.0,0.5,0.0,0.0,0.3,10.8
1608,1,2015-01-15 11:35:27,2015-01-15 11:43:45,2,0.9,-73.98709869384764,40.73899459838867,1,N,-73.97855377197266,40.75112533569336,2,7.0,0.0,0.5,0.0,0.0,0.3,7.8
1609,1,2015-01-15 11:35:27,2015-01-15 11:40:11,1,0.8,0.0,0.0,1,N,0.0,0.0,1,5.5,0.0,0.5,1.0,0.0,0.3,7.3
1610,2,2015-01-06 14:47:29,2015-01-06 14:51:44,5,0.75,-73.98612976074217,40.75453186035156,1,N,-73.9733123779297,40.749561309814446,2,5.0,0.0,0.5,0.0,0.0,0.3,5.8
1611,2,2015-01-06 14:47:29,2015-01-06 14:52:08,5,1.08,-73.99938201904298,40.75434112548828,1,N,-74.0047607421875,40.74190521240234,2,5.5,0.0,0.5,0.0,0.0,0.3,6.3
1612,2,2015-01-06 14:47:30,2015-01-06 15:02:14,1,1.31,-73.97814178466798,40.76204681396485,1,N,-73.97531127929686,40.75192642211913,1,10.5,0.0,0.5,2.62,0.0,0.3,13.92
1613,2,2015-01-06 14:47:30,2015-01-06 15:04:53,1,1.82,-73.9785614013672,40.7623405456543,1,N,-73.97566223144531,40.745079040527344,1,11.5,0.0,0.5,2.88,0.0,0.3,15.18
1614,2,2015-01-05 22:31:57,2015-01-05 22:36:29,6,0.9,-74.00397491455078,40.75094223022461,1,N,-73.99478912353516,40.750247955322266,2,5.5,0.5,0.5,0.0,0.0,0.3,6.8
1615,2,2015-01-05 22:31:58,2015-01-05 22:35:36,5,0.77,-73.97505187988281,40.790340423583984,1,N,-73.97264862060547,40.78342819213867,2,4.5,0.5,0.5,0.0,0.0,0.3,5.8
1616,2,2015-01-05 22:31:58,2015-01-05 22:32:33,1,0.0,-73.93766784667967,40.75823211669922,1,N,-73.93769836425781,40.75821304321289,2,2.5,0.5,0.5,0.0,0.0,0.3,3.8
1617,2,2015-01-05 22:31:58,2015-01-05 22:40:47,5,1.73,-73.99459838867188,40.74574279785156,1,N,-73.98880767822266,40.75771331787109,2,8.0,0.5,0.5,0.0,0.0,0.3,9.3
1618,2,2015-01-05 22:31:58,2015-01-05 22:45:11,1,3.7,-73.98181915283203,40.76218795776367,1,N,-74.00921630859375,40.71685028076172,1,13.0,0.5,0.5,3.38,0.0,0.3,17.68
1619,2,2015-01-05 22:31:58,2015-01-05 22:49:26,5,5.09,-73.99861145019531,40.733985900878906,1,N,-73.97433471679686,40.79319763183594,1,17.0,0.5,0.5,3.5,0.0,0.3,21.8
1620,2,2015-01-05 22:31:59,2015-01-05 22:41:09,1,0.86,-73.98863983154298,40.76383972167969,1,N,-73.98824310302734,40.757720947265625,1,7.0,0.5,0.5,1.5,0.0,0.3,9.8
1621,2,2015-01-05 22:31:59,2015-01-05 22:36:25,1,0.72,-73.99613189697266,40.743560791015625,1,N,-73.9947738647461,40.75030517578125,2,5.0,0.5,0.5,0.0,0.0,0.3,6.3
1622,2,2015-01-05 22:31:59,2015-01-05 22:36:13,1,1.41,-74.00446319580078,40.74308013916016,1,N,-73.99500274658203,40.76021957397461,2,6.5,0.5,0.5,0.0,0.0,0.3,7.8
1623,2,2015-01-05 22:31:59,2015-01-05 22:35:49,1,0.49,-73.99576568603516,40.721694946289055,1,N,-73.98921203613281,40.71862411499024,1,4.5,0.5,0.5,1.0,0.0,0.3,6.8
1624,2,2015-01-05 22:32:00,2015-01-05 22:37:14,1,1.19,-73.9823989868164,40.75695037841797,1,N,-73.99857330322266,40.754440307617195,1,6.0,0.5,0.5,1.62,0.0,0.3,8.92
1625,2,2015-01-05 22:32:01,2015-01-05 22:46:19,1,4.16,-73.97861480712889,40.75377655029297,1,N,-73.91606903076173,40.757591247558594,1,14.5,0.5,0.5,3.0,0.0,0.3,18.8
1626,2,2015-01-05 22:32:01,2015-01-05 22:38:37,5,0.92,-73.98255157470702,40.7499885559082,1,N,-73.99095153808595,40.75766754150391,2,6.5,0.5,0.5,0.0,0.0,0.3,7.8
1627,2,2015-01-05 22:32:02,2015-01-05 22:38:40,1,1.16,-74.00723266601561,40.70515823364258,1,N,-74.01653289794923,40.70795440673828,2,6.5,0.5,0.5,0.0,0.0,0.3,7.8
1628,2,2015-01-05 22:32:02,2015-01-05 22:57:11,1,9.91,-73.79000854492188,40.643341064453125,1,N,-73.87743377685547,40.710716247558594,2,30.5,0.5,0.5,0.0,0.0,0.3,31.8
1629,2,2015-01-05 22:32:02,2015-01-05 22:48:51,2,3.43,-73.9718017578125,40.7600212097168,1,N,-73.99588775634764,40.71889114379882,1,14.0,0.5,0.5,2.9,0.0,0.3,18.2
1630,2,2015-01-05 22:32:03,2015-01-05 23:00:52,1,19.28,-73.96417999267578,40.767974853515625,1,N,-73.69954681396483,40.72266387939453,1,51.0,0.5,0.5,17.05,5.33,0.3,74.68
1631,2,2015-01-05 22:32:03,2015-01-05 22:59:46,2,11.08,-73.97613525390625,40.76397705078125,1,N,-73.95318603515625,40.67115020751953,2,33.5,0.5,0.5,0.0,0.0,0.3,34.8
1632,2,2015-01-05 22:32:03,2015-01-05 23:03:12,2,20.58,-73.78269958496092,40.64450073242188,2,N,-73.9306411743164,40.8485221862793,1,52.0,0.0,0.5,0.0,5.33,0.3,58.13
1633,2,2015-01-05 22:32:03,2015-01-05 22:37:42,1,0.6,-73.95299530029298,40.776161193847656,1,N,-73.95957946777344,40.78030014038086,2,5.5,0.5,0.5,0.0,0.0,0.3,6.8
1634,2,2015-01-05 22:32:03,2015-01-05 22:53:10,2,8.24,-74.00630187988281,40.74235534667969,1,N,-73.94744110107422,40.830867767333984,1,25.5,0.5,0.5,4.5,0.0,0.3,31.3
1635,2,2015-01-05 22:32:05,2015-01-05 22:40:23,5,3.69,-73.78214263916014,40.64493560791016,1,N,-73.78485107421875,40.66544342041016,2,13.0,0.5,0.5,0.0,0.0,0.3,14.3
1636,2,2015-01-06 14:47:31,2015-01-06 14:58:20,2,0.91,-73.98200225830078,40.75725173950195,1,N,-73.97135162353516,40.760452270507805,2,8.0,0.0,0.5,0.0,0.0,0.3,8.8
1637,2,2015-01-06 14:47:31,2015-01-06 15:08:34,1,3.0,-73.94609832763672,40.77463150024414,1,N,-73.96627807617188,40.7947654724121,1,15.0,0.0,0.5,3.0,0.0,0.3,18.8
1638,2,2015-01-06 14:47:32,2015-01-06 15:19:52,2,17.65,-73.78995513916014,40.64695358276367,2,N,-73.98606872558594,40.75957489013672,2,52.0,0.0,0.5,0.0,5.33,0.3,58.13
1639,2,2015-01-06 14:47:32,2015-01-06 14:52:04,6,0.7,-73.98687744140625,40.775981903076165,1,N,-73.9795379638672,40.77114868164063,1,5.0,0.0,0.5,1.0,0.0,0.3,6.8
1640,2,2015-01-06 14:47:32,2015-01-06 15:15:21,2,15.05,-73.95210266113281,40.741355895996094,2,N,-73.78318786621094,40.643829345703125,1,52.0,0.0,0.5,11.47,5.33,0.3,69.6
1641,2,2015-01-06 14:47:32,2015-01-06 15:25:48,1,11.2,-73.78244018554686,40.64448165893555,1,N,-73.93669128417967,40.628952026367195,2,37.0,0.0,0.5,0.0,0.0,0.3,37.8
1642,2,2015-01-06 14:47:33,2015-01-06 14:57:29,1,1.54,-73.99735260009764,40.721378326416016,1,N,-73.97843170166014,40.72789001464844,1,8.5,0.0,0.5,1.0,0.0,0.3,10.3
1643,2,2015-01-06 14:47:33,2015-01-06 15:12:26,5,9.47,-73.88553619384764,40.77312088012695,1,N,-74.00456237792967,40.723529815673835,1,29.5,0.0,0.5,5.9,0.0,0.3,36.2
1644,2,2015-01-06 14:47:34,2015-01-06 15:09:40,1,7.6,-73.88526916503906,40.7729606628418,1,N,-73.97591400146483,40.75136566162109,1,25.0,0.0,0.5,6.07,5.33,0.3,37.2
1645,2,2015-01-06 14:47:34,2015-01-06 15:01:09,5,1.3,-73.98938751220702,40.7363510131836,1,N,-73.98230743408203,40.75139236450195,2,10.0,0.0,0.5,0.0,0.0,0.3,10.8
1646,2,2015-01-06 14:47:34,2015-01-06 14:56:26,1,1.71,-73.98348236083984,40.75533676147461,1,N,-73.97733306884764,40.77425003051758,2,8.0,0.0,0.5,0.0,0.0,0.3,8.8
1647,2,2015-01-06 14:47:34,2015-01-06 15:04:17,1,1.75,-73.99128723144531,40.749755859375,1,N,-73.970703125,40.74859619140625,1,11.0,0.0,0.5,2.2,0.0,0.3,14.0
1648,2,2015-01-06 14:47:34,2015-01-06 14:55:12,2,1.21,-73.91956329345702,40.75830078125,1,N,-73.93566131591797,40.76362991333008,2,7.0,0.0,0.5,0.0,0.0,0.3,7.8
1649,2,2015-01-06 14:47:35,2015-01-06 14:57:47,5,2.03,-73.95825958251953,40.78464889526367,1,N,-73.98148345947266,40.77372360229492,2,9.0,0.0,0.5,0.0,0.0,0.3,9.8
1650,2,2015-01-06 14:47:35,2015-01-06 14:56:15,1,1.58,-73.96414947509764,40.791648864746094,1,N,-73.95861053466798,40.7840232849121,2,7.5,0.0,0.5,0.0,0.0,0.3,8.3
1651,2,2015-01-06 14:47:35,2015-01-06 15:02:27,1,2.95,-73.95578002929686,40.763717651367195,1,N,-73.99008178710938,40.75055313110352,1,12.5,0.0,0.5,2.0,0.0,0.3,15.3
1652,1,2015-01-15 11:49:53,2015-01-15 12:02:35,1,1.3,-73.98623657226561,40.74385833740234,1,N,-73.97293853759764,40.757862091064446,2,9.0,0.0,0.5,0.0,0.0,0.3,9.8
1653,1,2015-01-15 11:49:53,2015-01-15 12:06:10,1,6.3,-73.96685791015625,40.76138687133789,1,N,-73.87236785888672,40.77438354492188,2,20.0,0.0,0.5,0.0,0.0,0.3,20.8
1654,1,2015-01-15 11:49:53,2015-01-15 11:56:36,1,0.4,-73.9656982421875,40.75917053222656,1,N,-73.97373962402342,40.76284790039063,1,6.0,0.0,0.5,1.5,0.0,0.3,8.3
1655,1,2015-01-15 11:49:53,2015-01-15 12:09:59,1,0.9,0.0,0.0,1,N,0.0,0.0,1,12.5,0.0,0.5,1.0,0.0,0.3,14.3
1656,1,2015-01-15 11:49:54,2015-01-15 11:59:59,1,0.9,-74.00165557861328,40.745704650878906,1,N,-73.9872055053711,40.739505767822266,1,8.0,0.0,0.5,1.06,0.0,0.3,9.86
1657,1,2015-01-15 11:49:54,2015-01-15 11:50:33,1,0.0,-73.94851684570312,40.74454116821289,5,N,-73.94844818115233,40.74446868896485,3,20.0,0.0,0.0,0.0,0.0,0.3,20.3
1658,1,2015-01-15 11:49:54,2015-01-15 12:20:30,1,9.9,-73.95471954345702,40.689109802246094,1,N,-73.8709945678711,40.774238586425774,2,31.0,0.0,0.5,0.0,0.0,0.3,31.8
1659,1,2015-01-15 11:49:54,2015-01-15 11:51:35,1,0.3,-73.9793930053711,40.78484344482422,1,N,-73.98139190673827,40.78102111816406,1,3.5,0.0,0.5,1.07,0.0,0.3,5.37
1660,1,2015-01-15 11:49:55,2015-01-15 12:15:37,1,2.1,-73.96233367919923,40.75539779663086,1,N,-73.99405670166014,40.759143829345696,2,16.0,0.0,0.5,0.0,0.0,0.3,16.8
1661,1,2015-01-15 11:49:55,2015-01-15 12:23:44,2,2.2,-73.9991683959961,40.726707458496094,1,N,-73.98468780517578,40.75434112548828,1,20.0,0.0,0.5,6.2,0.0,0.3,27.0
1662,1,2015-01-15 11:49:55,2015-01-15 12:01:31,1,1.9,-73.99319458007811,40.747501373291016,1,N,-73.99531555175781,40.72745132446289,1,9.0,0.0,0.5,1.96,0.0,0.3,11.76
1663,1,2015-01-15 11:49:55,2015-01-15 11:57:33,1,1.3,-73.98823547363281,40.76163101196289,1,N,-73.9798355102539,40.775272369384766,1,7.0,0.0,0.5,1.55,0.0,0.3,9.35
1664,1,2015-01-15 11:49:55,2015-01-15 12:02:53,1,1.5,-73.98677062988281,40.74547958374024,1,N,-73.97886657714845,40.76271438598633,1,9.5,0.0,0.5,2.06,0.0,0.3,12.36
1665,1,2015-01-15 11:49:55,2015-01-15 11:54:40,1,0.8,-73.99420166015625,40.75626373291016,1,N,-73.9988784790039,40.74616241455078,2,5.0,0.0,0.5,0.0,0.0,0.3,5.8
1666,1,2015-01-15 11:49:56,2015-01-15 12:38:59,3,17.4,-73.98481750488281,40.75334548950195,2,N,-73.7899398803711,40.6469841003418,2,52.0,0.0,0.5,0.0,5.33,0.3,58.13
1667,1,2015-01-15 11:49:56,2015-01-15 11:56:08,1,0.9,-73.98517608642578,40.756511688232415,1,N,-73.98495483398438,40.74806594848633,1,6.0,0.0,0.5,1.36,0.0,0.3,8.16
1668,1,2015-01-15 11:49:56,2015-01-15 12:02:54,1,1.4,-73.98865509033203,40.76889419555664,1,N,-73.97301483154298,40.782562255859375,2,10.0,0.0,0.5,0.0,0.0,0.3,10.8
1669,1,2015-01-15 11:49:56,2015-01-15 12:01:01,1,1.8,-73.96639251708984,40.78882598876953,1,N,-73.98210906982422,40.768413543701165,1,9.5,0.0,0.5,2.0,0.0,0.3,12.3
1670,1,2015-01-15 11:49:57,2015-01-15 12:03:47,4,1.9,-73.97313690185547,40.75410842895508,1,N,-73.9853515625,40.731964111328125,2,10.5,0.0,0.5,0.0,0.0,0.3,11.3
1671,1,2015-01-15 11:49:57,2015-01-15 12:03:11,1,0.9,-73.97318267822266,40.75216674804688,1,N,-73.98213195800781,40.751758575439446,1,9.5,0.0,0.5,2.05,0.0,0.3,12.35
1672,1,2015-01-15 11:49:57,2015-01-15 11:58:02,1,0.9,-73.99911499023438,40.72656631469727,1,N,-73.9912109375,40.71820831298828,1,7.0,0.0,0.5,1.55,0.0,0.3,9.35
1673,1,2015-01-15 11:49:57,2015-01-15 12:14:42,1,2.8,-73.99176788330078,40.7491569519043,1,N,-73.95938873291014,40.763275146484375,1,16.5,0.0,0.5,3.46,0.0,0.3,20.76
1674,2,2015-01-30 09:08:20,2015-01-30 09:27:56,1,1.84,-73.99417114257811,40.75115585327149,1,N,-73.9720230102539,40.756999969482415,1,13.0,0.0,0.5,3.25,0.0,0.3,17.05
1675,2,2015-01-30 09:08:20,2015-01-30 09:10:19,1,0.67,-73.96965789794923,40.78551864624024,1,N,-73.9612045288086,40.78010177612305,2,4.0,0.0,0.5,0.0,0.0,0.3,4.8
1676,2,2015-01-30 09:08:20,2015-01-30 09:47:34,1,5.83,-73.9794692993164,40.7714958190918,1,N,-74.01448822021484,40.70366668701172,2,27.0,0.0,0.5,0.0,0.0,0.3,27.8
1677,2,2015-01-30 09:08:20,2015-01-30 09:12:31,5,0.93,-73.96488189697266,40.796478271484375,1,N,-73.9735107421875,40.78467178344727,2,5.0,0.0,0.5,0.0,0.0,0.3,5.8
1678,2,2015-01-30 09:08:20,2015-01-30 09:40:12,3,4.79,-73.95347595214845,40.77931594848633,1,N,-73.98991394042967,40.740028381347656,1,22.5,0.0,0.5,2.0,0.0,0.3,25.3
1679,2,2015-01-30 09:08:21,2015-01-30 09:15:10,2,0.58,-73.98601531982422,40.75701522827149,1,N,-73.99105072021484,40.75043487548828,1,6.0,0.0,0.5,2.04,0.0,0.3,8.84
1680,2,2015-01-30 09:08:21,2015-01-30 09:26:12,1,2.8,-73.97502899169923,40.75247573852539,1,N,-74.00524139404298,40.728469848632805,1,13.0,0.0,0.5,1.0,0.0,0.3,14.8
1681,2,2015-01-30 09:08:21,2015-01-30 09:15:59,2,0.98,-74.0043716430664,40.71669769287109,1,N,-74.00790405273438,40.70650100708008,1,6.5,0.0,0.5,1.62,0.0,0.3,8.92
1682,2,2015-01-30 09:08:21,2015-01-30 09:31:55,1,2.1,-73.9554214477539,40.77311706542969,1,N,-73.97936248779298,40.76046752929688,2,15.0,0.0,0.5,0.0,0.0,0.3,15.8
1683,2,2015-01-30 09:08:21,2015-01-30 09:18:59,1,1.84,-73.98424530029298,40.743350982666016,1,N,-73.99786376953125,40.721378326416016,1,9.0,0.0,0.5,1.0,0.0,0.3,10.8
1684,2,2015-01-30 09:08:21,2015-01-30 09:22:25,1,1.66,-73.97267913818358,40.75603103637695,1,N,-73.95415496826173,40.7662467956543,1,10.0,0.0,0.5,2.0,0.0,0.3,12.8
1685,2,2015-01-30 09:08:21,2015-01-30 09:15:23,1,1.2,-73.969970703125,40.79730224609375,1,N,-73.9557113647461,40.78781509399414,2,7.0,0.0,0.5,0.0,0.0,0.3,7.8
1686,2,2015-01-30 09:08:22,2015-01-30 09:11:41,1,0.3,-73.97030639648438,40.75266647338867,1,N,-73.9723129272461,40.75392532348633,2,4.0,0.0,0.5,0.0,0.0,0.3,4.8
1687,2,2015-01-30 09:08:23,2015-01-30 09:13:12,1,0.75,-73.99816131591797,40.72272491455078,1,N,-74.0063247680664,40.72718811035156,2,5.5,0.0,0.5,0.0,0.0,0.3,6.3
1688,2,2015-01-30 09:08:23,2015-01-30 09:29:32,6,4.53,-73.97984313964845,40.74648666381836,1,N,-74.00605010986328,40.70623397827149,1,19.5,0.0,0.5,4.06,0.0,0.3,24.36
1689,2,2015-01-30 09:08:23,2015-01-30 09:12:58,1,0.29,-74.00505828857422,40.72064971923828,1,N,-74.00789642333984,40.72395706176758,1,4.5,0.0,0.5,1.06,0.0,0.3,6.36
1690,2,2015-01-30 09:08:24,2015-01-30 09:23:18,1,1.61,-74.00757598876953,40.73253631591797,1,N,-74.009521484375,40.715190887451165,1,10.5,0.0,0.5,0.0,0.0,0.3,11.3
1691,2,2015-01-30 09:08:24,2015-01-30 09:14:09,6,1.16,-73.98178100585938,40.73673248291016,1,N,-73.9778594970703,40.725528717041016,2,6.0,0.0,0.5,0.0,0.0,0.3,6.8
1692,2,2015-01-30 09:08:24,2015-01-30 09:14:47,1,0.84,-73.98872375488281,40.69559097290039,1,N,-73.98680114746092,40.70352554321289,2,6.0,0.0,0.5,0.0,0.0,0.3,6.8
1693,2,2015-01-30 09:08:24,2015-01-30 09:14:40,1,0.89,-73.98593139648438,40.76376724243164,1,N,-73.973388671875,40.76444625854492,1,6.0,0.0,0.5,1.2,0.0,0.3,8.0
1694,2,2015-01-30 09:08:25,2015-01-30 09:14:31,2,1.12,-73.98318481445312,40.744964599609375,1,N,-73.99225616455078,40.730743408203125,1,6.0,0.0,0.5,1.36,0.0,0.3,8.16
1695,2,2015-01-20 18:58:20,2015-01-20 19:06:46,1,1.29,-74.00374603271484,40.71339797973633,1,N,-73.98484802246092,40.71132659912109,1,7.5,1.0,0.5,1.0,0.0,0.3,10.3
1696,2,2015-01-20 18:58:20,2015-01-20 19:03:21,2,0.93,-74.00389099121092,40.7420310974121,1,N,-73.99417877197266,40.751171112060554,1,5.5,1.0,0.5,1.46,0.0,0.3,8.76
1697,2,2015-01-20 18:58:21,2015-01-20 19:10:30,6,1.67,-73.96906280517578,40.75777053833008,1,N,-73.98727416992188,40.74438095092773,1,9.0,1.0,0.5,1.5,0.0,0.3,12.3
1698,2,2015-01-20 18:58:21,2015-01-20 19:11:52,2,1.63,-73.99425506591797,40.751026153564446,1,N,-73.97433471679686,40.755367279052734,1,10.0,1.0,0.5,2.75,0.0,0.3,14.55
1699,2,2015-01-20 18:58:21,2015-01-20 19:03:35,1,0.74,-73.95354461669923,40.77043533325195,1,N,-73.95477294921875,40.778228759765625,2,5.0,1.0,0.5,0.0,0.0,0.3,6.8
1700,2,2015-01-20 18:58:21,2015-01-20 19:20:11,2,2.75,-73.98586273193358,40.743328094482415,1,N,-73.98190307617188,40.77359771728516,2,14.5,1.0,0.5,0.0,0.0,0.3,16.3
1701,2,2015-01-20 18:58:22,2015-01-20 19:19:02,5,2.92,-73.96968078613281,40.76201629638672,1,N,-73.99351501464844,40.72726821899414,2,15.0,1.0,0.5,0.0,0.0,0.3,16.8
1702,2,2015-01-20 18:58:22,2015-01-20 19:16:42,1,1.18,-73.98944091796875,40.73803329467773,1,N,-73.9778594970703,40.745803833007805,1,12.0,1.0,0.5,1.0,0.0,0.3,14.8
1703,2,2015-01-20 18:58:22,2015-01-20 19:09:30,5,1.86,-74.00703430175781,40.741729736328125,1,N,-73.98646545410156,40.75092315673828,1,9.5,1.0,0.5,2.26,0.0,0.3,13.56
1704,2,2015-01-20 18:58:22,2015-01-20 19:07:02,1,1.28,-74.00393676757811,40.713245391845696,1,N,-73.98957061767578,40.72320175170898,1,7.5,1.0,0.5,2.55,0.0,0.3,11.85
1705,2,2015-01-20 18:58:22,2015-01-20 19:06:43,1,1.03,-73.97100067138672,40.755470275878906,1,N,-73.96892547607422,40.766555786132805,2,7.0,1.0,0.5,0.0,0.0,0.3,8.8
1706,2,2015-01-20 18:58:23,2015-01-20 19:05:28,5,0.54,-73.9732666015625,40.751007080078125,1,N,-73.9744873046875,40.751850128173835,1,6.0,1.0,0.5,1.56,0.0,0.3,9.36
1707,2,2015-01-20 18:58:23,2015-01-20 19:27:49,4,4.72,-73.95767211914062,40.77955627441406,1,N,-73.98992156982422,40.72330093383789,1,21.0,1.0,0.5,4.56,0.0,0.3,27.36
1708,2,2015-01-20 18:58:23,2015-01-20 19:04:33,1,0.81,-73.98761749267578,40.71947860717773,1,N,-73.99530029296875,40.72523880004882,1,6.0,1.0,0.5,1.0,0.0,0.3,8.8
1709,2,2015-01-20 18:58:23,2015-01-20 19:19:17,1,3.26,-73.97960662841797,40.73745346069336,1,N,-73.96082305908203,40.77581024169922,2,15.5,1.0,0.5,0.0,0.0,0.3,17.3
1710,2,2015-01-20 18:58:23,2015-01-20 19:28:32,1,3.61,-73.96887969970702,40.7644157409668,1,N,-73.99910736083984,40.719669342041016,1,20.0,1.0,0.5,4.36,0.0,0.3,26.16
1711,2,2015-01-20 18:58:23,2015-01-20 19:06:03,1,2.12,-74.00978851318358,40.72034454345703,1,N,-74.00397491455078,40.74776077270508,1,9.0,1.0,0.5,1.0,0.0,0.3,11.8
1712,2,2015-01-20 18:58:24,2015-01-20 19:08:02,1,2.59,-74.00437927246092,40.74728012084961,1,N,-74.0106430053711,40.71900939941406,1,10.0,1.0,0.5,2.0,0.0,0.3,13.8
1713,2,2015-01-20 18:58:24,2015-01-20 19:18:23,1,7.23,-73.78270721435547,40.644485473632805,1,N,-73.81114196777344,40.72215270996094,1,24.0,1.0,0.5,5.0,0.0,0.3,30.8
1714,2,2015-01-20 18:58:24,2015-01-20 19:13:44,5,2.63,-73.97267150878906,40.75360107421875,1,N,-73.94650268554686,40.78115081787109,1,12.0,1.0,0.5,2.76,0.0,0.3,16.56
1715,2,2015-01-20 18:58:24,2015-01-20 19:07:18,1,1.57,-73.9672622680664,40.80366134643555,1,N,-73.9734878540039,40.78464889526367,1,8.5,1.0,0.5,2.06,0.0,0.3,12.36
1716,2,2015-01-24 08:31:35,2015-01-24 08:50:06,1,9.5,-73.9905776977539,40.746185302734375,1,N,-73.87076568603516,40.773975372314446,1,27.5,0.0,0.5,0.0,5.33,0.3,33.63
1717,2,2015-01-24 08:31:36,2015-01-24 08:40:08,1,1.85,-73.95525360107422,40.77381896972656,1,N,-73.98169708251953,40.78033065795898,1,8.5,0.0,0.5,1.86,0.0,0.3,11.16
1718,2,2015-01-24 08:31:37,2015-01-24 08:39:12,5,1.11,-73.96865844726561,40.764347076416016,1,N,-73.96088409423827,40.7723503112793,2,7.0,0.0,0.5,0.0,0.0,0.3,7.8
1719,2,2015-01-24 08:31:38,2015-01-24 08:44:28,1,3.47,-73.97392272949219,40.75482940673828,1,N,-74.00615692138672,40.72333526611328,1,12.5,0.0,0.5,2.5,0.0,0.3,15.8
1720,2,2015-01-24 08:31:38,2015-01-24 08:36:06,1,0.68,-73.95411682128906,40.806190490722656,1,N,-73.94584655761719,40.80709838867188,1,5.0,0.0,0.5,1.0,0.0,0.3,6.8
1721,2,2015-01-24 08:31:39,2015-01-24 08:37:33,1,1.42,0.0,0.0,1,N,0.0,0.0,2,6.5,0.0,0.5,0.0,0.0,0.3,7.3
1722,2,2015-01-24 08:31:40,2015-01-24 08:36:08,1,1.7,0.0,0.0,1,N,0.0,0.0,1,6.5,0.0,0.5,1.46,0.0,0.3,8.76
1723,2,2015-01-24 08:31:40,2015-01-24 08:37:44,5,1.58,-73.98893737792967,40.74372482299805,1,N,-73.9991683959961,40.72643661499024,1,6.5,0.0,0.5,3.0,0.0,0.3,10.3
1724,2,2015-01-24 08:31:41,2015-01-24 08:36:18,1,0.76,-73.99079132080078,40.7506103515625,1,N,-74.00224304199219,40.755958557128906,2,5.0,0.0,0.5,0.0,0.0,0.3,5.8
1725,2,2015-01-24 08:31:42,2015-01-24 08:35:56,6,0.88,-73.97062683105469,40.756206512451165,1,N,-73.97145080566406,40.7652587890625,2,5.5,0.0,0.5,0.0,0.0,0.3,6.3
1726,2,2015-01-24 08:31:43,2015-01-24 08:48:40,1,4.7,-73.98310852050781,40.76664352416992,1,N,-73.94576263427734,40.824413299560554,2,16.5,0.0,0.5,0.0,0.0,0.3,17.3
1727,2,2015-01-24 08:31:44,2015-01-24 09:03:41,1,18.75,-73.80177307128906,40.64697265625,2,N,-73.95854187011719,40.78246688842773,1,52.0,0.0,0.5,13.0,5.33,0.3,71.13
1728,2,2015-01-24 08:31:45,2015-01-24 08:50:20,1,5.46,-74.01006317138672,40.70517349243164,1,N,-73.99202728271484,40.742691040039055,1,19.0,0.0,0.5,3.96,0.0,0.3,23.76
1729,2,2015-01-24 08:31:46,2015-01-24 08:39:36,1,1.26,-74.01187896728516,40.70945358276367,1,N,-73.99751281738281,40.71947860717773,1,7.0,0.0,0.5,0.0,0.0,0.3,7.8
1730,2,2015-01-24 08:31:46,2015-01-24 08:35:44,1,1.09,-73.9402084350586,40.800605773925774,1,N,-73.95114135742188,40.79094314575195,1,5.5,0.0,0.5,1.26,0.0,0.3,7.56
1731,2,2015-01-24 08:31:46,2015-01-24 09:10:26,6,26.08,-73.7822036743164,40.64424514770508,1,N,-73.89768981933594,40.89577102661133,2,68.5,0.0,0.5,0.0,5.33,0.3,74.63
1732,2,2015-01-24 08:31:47,2015-01-24 08:43:38,4,2.18,-73.97718811035155,40.78439712524414,1,N,-73.96973419189453,40.76344299316406,1,10.0,0.0,0.5,2.16,0.0,0.3,12.96
1733,2,2015-01-24 08:31:49,2015-01-24 08:35:40,1,1.1,-73.97850799560547,40.73685836791992,1,N,-73.9720001220703,40.74980163574219,1,5.5,0.0,0.5,1.1,0.0,0.3,7.4
1734,2,2015-01-24 08:31:50,2015-01-24 09:18:09,1,16.12,-73.78234100341797,40.64494323730469,1,N,-73.97938537597656,40.66863250732422,2,50.5,0.0,0.5,0.0,0.0,0.3,51.3
1735,2,2015-01-24 08:31:50,2015-01-24 08:46:19,2,3.19,-73.98521423339844,40.72283172607422,1,N,-73.99063873291014,40.699745178222656,1,13.0,0.0,0.5,2.0,0.0,0.3,15.8
1736,2,2015-01-24 08:31:50,2015-01-24 08:51:18,5,11.04,-74.00474548339844,40.70723724365234,1,N,-73.8855743408203,40.77320861816406,1,31.0,0.0,0.5,6.36,0.0,0.3,38.16
1737,2,2015-01-24 08:31:52,2015-01-24 08:47:44,1,3.5,-73.98063659667967,40.73379135131836,1,N,-73.98252868652342,40.77098083496094,1,14.5,0.0,0.5,2.25,0.0,0.3,17.55
1738,1,2015-01-15 12:09:15,2015-01-15 12:24:25,1,1.5,-73.98931884765625,40.73603057861328,1,N,-73.98506164550781,40.75305938720703,1,10.5,0.0,0.5,2.8,0.0,0.3,14.1
1739,1,2015-01-15 12:09:15,2015-01-15 12:46:14,1,17.0,-73.98258209228516,40.73946762084961,2,N,-73.7770004272461,40.64469909667969,1,52.0,0.0,0.5,15.8,0.0,0.3,68.6
1740,1,2015-01-15 12:09:16,2015-01-15 12:22:54,1,3.5,-74.01188659667967,40.71377944946289,1,N,-74.00259399414062,40.760772705078125,1,13.5,0.0,0.5,2.0,0.0,0.3,16.3
1741,1,2015-01-15 12:09:16,2015-01-15 12:26:07,1,0.9,-73.96848297119139,40.764495849609375,1,N,-73.97989654541014,40.75763320922852,1,11.0,0.0,0.5,2.0,0.0,0.3,13.8
1742,1,2015-01-15 12:09:16,2015-01-15 12:21:53,2,2.1,-73.97838592529298,40.757129669189446,1,N,-73.989990234375,40.734771728515625,1,10.5,0.0,0.5,3.39,0.0,0.3,14.69
1743,1,2015-01-15 12:09:16,2015-01-15 12:19:48,1,1.4,-73.97607421875,40.75993728637695,1,N,-73.96143341064453,40.77157211303711,2,8.5,0.0,0.5,0.0,0.0,0.3,9.3
1744,1,2015-01-15 12:09:16,2015-01-15 12:14:50,1,0.7,-73.99591827392578,40.754104614257805,1,N,-73.98538208007811,40.74870681762695,2,5.5,0.0,0.5,0.0,0.0,0.3,6.3
1745,1,2015-01-15 12:09:16,2015-01-15 12:22:32,1,2.6,-73.98551940917967,40.76311111450195,1,N,-73.95552062988281,40.7767333984375,1,11.5,0.0,0.5,3.65,0.0,0.3,15.95
1746,1,2015-01-15 12:09:16,2015-01-15 12:26:30,1,1.5,-74.00605773925781,40.745338439941406,1,N,-73.98689270019531,40.75108337402344,1,12.0,0.0,0.5,2.55,0.0,0.3,15.35
1747,1,2015-01-15 12:09:17,2015-01-15 12:21:25,1,1.5,-73.97014617919923,40.78909683227539,1,N,-73.95428466796875,40.78998565673828,2,9.5,0.0,0.5,0.0,0.0,0.3,10.3
1748,1,2015-01-15 12:09:17,2015-01-15 12:15:38,1,0.5,0.0,0.0,1,N,-73.99454498291014,40.75057220458984,1,6.0,0.0,0.5,2.0,0.0,0.3,8.8
1749,1,2015-01-15 12:09:18,2015-01-15 12:27:32,1,2.9,-73.97682189941406,40.75079345703125,1,N,-74.0057144165039,40.726459503173835,1,13.5,0.0,0.5,2.85,0.0,0.3,17.15
1750,1,2015-01-15 12:09:18,2015-01-15 12:34:06,1,4.5,-73.94947814941406,40.78125381469727,1,N,-73.9847183227539,40.736194610595696,1,19.0,0.0,0.5,3.95,0.0,0.3,23.75
1751,1,2015-01-15 12:09:19,2015-01-15 12:16:46,1,1.2,-73.9994125366211,40.722110748291016,1,N,-73.99222564697266,40.73061752319336,1,7.0,0.0,0.5,1.55,0.0,0.3,9.35
1752,1,2015-01-15 12:09:19,2015-01-15 12:18:59,1,1.5,-74.0055160522461,40.73760223388672,1,N,-74.00695037841797,40.71791076660156,2,8.0,0.0,0.5,0.0,0.0,0.3,8.8
1753,1,2015-01-15 12:09:19,2015-01-15 12:09:49,1,0.0,-73.97665405273438,40.74756622314453,2,N,-73.97657775878906,40.747894287109375,1,52.0,0.0,0.5,11.6,5.33,0.3,69.73
1754,1,2015-01-15 12:09:19,2015-01-15 12:19:40,1,1.0,-73.96508026123048,40.77230072021485,1,N,-73.96895599365233,40.76291275024414,1,8.0,0.0,0.5,1.0,0.0,0.3,9.8
1755,1,2015-01-15 12:09:19,2015-01-15 12:21:35,1,0.5,-73.9730453491211,40.75561141967773,1,N,-73.97867584228516,40.754859924316406,1,8.5,0.0,0.5,1.85,0.0,0.3,11.15
1756,1,2015-01-15 12:09:20,2015-01-15 12:16:18,1,0.8,-73.96009826660156,40.7620506286621,1,N,-73.95944213867188,40.77100372314453,2,6.5,0.0,0.5,0.0,0.0,0.3,7.3
1757,1,2015-01-15 12:09:20,2015-01-15 12:11:19,1,0.3,-73.98959350585938,40.76280975341797,1,N,-73.99365997314453,40.7597770690918,2,3.5,0.0,0.5,0.0,0.0,0.3,4.3
1758,1,2015-01-15 12:09:21,2015-01-15 12:26:54,1,1.4,-73.98150634765625,40.746707916259766,1,N,-73.97824096679686,40.762794494628906,1,12.0,0.0,0.5,2.56,0.0,0.3,15.36
1759,1,2015-01-15 12:09:21,2015-01-15 12:35:03,1,5.5,-74.01249694824217,40.702613830566406,1,N,-73.98406219482422,40.76308822631836,2,21.5,0.0,0.5,0.0,0.0,0.3,22.3
1760,2,2015-01-27 18:36:06,2015-01-27 18:42:00,1,1.61,-73.95355224609375,40.77574920654297,1,N,-73.96819305419923,40.75524139404297,1,7.0,1.0,0.5,1.6,0.0,0.3,10.4
1761,2,2015-01-27 18:36:06,2015-01-27 18:41:53,1,1.75,-73.97760772705078,40.786933898925774,1,N,-73.96068572998048,40.80661392211913,1,7.0,1.0,0.5,1.76,0.0,0.3,10.56
1762,2,2015-01-27 18:36:07,2015-01-27 18:50:33,1,3.88,-73.98494720458984,40.7688102722168,1,N,-73.9451904296875,40.80802917480469,2,14.0,1.0,0.5,0.0,0.0,0.3,15.8
1763,2,2015-01-27 18:36:07,2015-01-27 18:46:37,1,3.1,-73.97816467285155,40.74526977539063,1,N,-73.95016479492188,40.78369522094727,1,11.5,1.0,0.5,2.66,0.0,0.3,15.96
1764,2,2015-01-27 18:36:07,2015-01-27 18:54:04,3,4.06,-73.96609497070312,40.794143676757805,1,N,-73.94253540039062,40.841411590576165,1,16.0,1.0,0.5,3.56,0.0,0.3,21.36
1765,2,2015-01-27 18:36:07,2015-01-27 18:42:35,6,0.87,-73.98550415039062,40.763145446777344,1,N,-73.98843383789062,40.758445739746094,2,6.0,1.0,0.5,0.0,0.0,0.3,7.8
1766,2,2015-01-27 18:36:07,2015-01-27 18:45:13,1,2.81,-73.96144104003906,40.7696418762207,1,N,-73.94429016113281,40.80225372314453,1,10.0,1.0,0.5,2.36,0.0,0.3,14.16
1767,2,2015-01-27 18:36:08,2015-01-27 18:42:47,3,1.86,-73.97588348388672,40.760059356689446,1,N,-73.99372100830078,40.74021911621094,1,7.5,1.0,0.5,1.0,0.0,0.3,10.3
1768,2,2015-01-27 18:36:08,2015-01-27 18:47:13,1,1.48,-73.96984100341797,40.75801849365234,1,N,-73.98118591308595,40.771087646484375,1,8.5,1.0,0.5,0.0,0.0,0.3,10.3
1769,2,2015-01-27 18:36:08,2015-01-27 18:41:28,1,0.94,-73.973876953125,40.76297378540039,1,N,-73.98516082763672,40.759475708007805,1,5.5,1.0,0.5,1.3,0.0,0.3,8.6
1770,2,2015-01-27 18:36:09,2015-01-27 18:39:46,4,0.56,-73.9822006225586,40.76332092285156,1,N,-73.98624420166014,40.75646209716797,1,4.5,1.0,0.5,1.26,0.0,0.3,7.56
1771,2,2015-01-27 18:36:09,2015-01-27 18:44:44,5,1.71,-73.96555328369139,40.79050827026367,1,N,-73.98332977294923,40.775215148925774,1,8.5,1.0,0.5,2.58,0.0,0.3,12.88
1772,2,2015-01-27 18:36:09,2015-01-27 18:42:03,1,1.47,-73.96089935302734,40.764942169189446,1,N,-73.95175933837889,40.77880859375,1,7.0,1.0,0.5,1.6,0.0,0.3,10.4
1773,2,2015-01-27 18:36:10,2015-01-27 18:42:34,3,1.03,-73.98982238769531,40.7514762878418,1,N,-73.99568176269531,40.76069259643555,2,6.5,1.0,0.5,0.0,0.0,0.3,8.3
1774,2,2015-01-27 18:36:11,2015-01-27 18:41:56,1,1.84,-74.00293731689453,40.73325347900391,1,N,-73.98807525634764,40.748634338378906,2,7.0,1.0,0.5,0.0,0.0,0.3,8.8
1775,2,2015-01-27 18:36:11,2015-01-27 18:50:33,1,3.87,-73.9908676147461,40.73971939086913,1,N,-73.9521484375,40.781131744384766,1,14.0,1.0,0.5,2.5,0.0,0.3,18.3
1776,2,2015-01-27 18:36:12,2015-01-27 18:44:06,5,1.36,-73.98892974853516,40.74538803100586,1,N,-73.99165344238281,40.73160171508789,2,7.5,1.0,0.5,0.0,0.0,0.3,9.3
1777,2,2015-01-27 18:36:12,2015-01-27 18:56:34,1,6.79,-73.98918914794923,40.76036071777344,1,N,-73.94239807128906,40.822090148925774,1,22.5,1.0,0.5,3.0,0.0,0.3,27.3
1778,2,2015-01-27 18:36:12,2015-01-27 18:41:53,1,1.17,-73.97318267822266,40.7650260925293,1,N,-73.97041320800781,40.75400161743164,1,6.0,1.0,0.5,1.95,0.0,0.3,9.75
1779,2,2015-01-27 18:36:12,2015-01-27 18:47:33,1,2.05,-73.9873046875,40.75923538208008,1,N,-73.97977447509764,40.74959182739258,2,9.5,1.0,0.5,0.0,0.0,0.3,11.3
1780,2,2015-01-27 18:36:13,2015-01-27 18:40:02,1,0.6,-73.96707153320312,40.75664520263672,1,N,-73.96680450439453,40.760345458984375,1,4.5,1.0,0.5,1.0,0.0,0.3,7.3
1781,2,2015-01-22 17:38:52,2015-01-22 18:17:11,5,7.36,-73.9601821899414,40.76634216308594,1,N,-73.84923553466798,40.72249603271485,1,28.5,1.0,0.5,3.0,0.0,0.3,33.3
1782,2,2015-01-22 17:38:52,2015-01-22 17:53:32,1,2.61,-73.97064208984375,40.7617073059082,1,N,-73.9803237915039,40.784942626953125,2,12.0,1.0,0.5,0.0,0.0,0.3,13.8
1783,2,2015-01-22 17:38:53,2015-01-22 17:52:06,6,1.58,-73.95962524414062,40.77399063110352,1,N,-73.98140716552734,40.77362823486328,1,9.5,1.0,0.5,2.1,0.0,0.3,13.4
1784,2,2015-01-22 17:38:54,2015-01-22 18:06:38,2,4.29,-73.98008728027342,40.785770416259766,1,N,-73.9831771850586,40.74137878417969,2,19.5,1.0,0.5,0.0,0.0,0.3,21.3
1785,2,2015-01-22 17:38:54,2015-01-22 17:50:41,1,1.7,-73.96742248535155,40.7719612121582,1,N,-73.98942565917967,40.768192291259766,2,9.5,1.0,0.5,0.0,0.0,0.3,11.3
1786,1,2015-01-21 05:45:25,2015-01-21 05:47:14,1,0.6,-73.99363708496092,40.75226211547852,1,N,-74.00397491455078,40.75679397583008,2,4.0,0.5,0.5,0.0,0.0,0.3,5.3
1787,1,2015-01-21 07:42:33,2015-01-21 07:50:30,1,2.2,-73.98307037353516,40.776737213134766,1,N,-74.00274658203125,40.7552604675293,2,8.5,0.0,0.5,0.0,0.0,0.3,9.3
1788,1,2015-01-21 07:42:33,2015-01-21 07:58:31,1,4.2,-73.98490142822266,40.75465774536133,1,N,-74.01461029052734,40.71411895751953,1,15.0,0.0,0.5,3.16,0.0,0.3,18.96
1789,1,2015-01-21 07:42:33,2015-01-21 07:49:45,1,1.2,-73.97362518310547,40.75542449951172,1,N,-73.98731231689453,40.74517440795898,1,7.0,0.0,0.5,1.55,0.0,0.3,9.35
1790,1,2015-01-21 07:42:33,2015-01-21 07:53:24,1,5.0,-73.976318359375,40.751251220703125,1,N,-74.00936889648438,40.70225524902344,1,16.0,0.0,0.5,3.0,0.0,0.3,19.8
1791,1,2015-01-21 07:42:33,2015-01-21 07:59:26,1,3.4,-74.00708770751953,40.73030853271485,1,N,-73.99015045166014,40.77228927612305,1,15.0,0.0,0.5,1.75,0.0,0.3,17.55
1792,1,2015-01-21 07:42:33,2015-01-21 07:50:35,1,1.9,-73.99394226074217,40.74163436889648,1,N,-73.99845123291014,40.724639892578125,1,8.0,0.0,0.5,5.0,0.0,0.3,13.8
1793,1,2015-01-21 07:42:34,2015-01-21 07:54:04,1,2.6,-73.98558044433594,40.77530288696289,1,N,-74.00743103027342,40.74358367919922,1,11.0,0.0,0.5,2.0,0.0,0.3,13.8
1794,1,2015-01-21 07:42:34,2015-01-21 07:50:06,1,0.9,0.0,0.0,1,N,0.0,0.0,2,6.5,0.0,0.5,0.0,0.0,0.3,7.3
1795,1,2015-01-21 07:42:34,2015-01-21 08:15:48,1,5.2,-73.92654418945312,40.76555252075195,1,N,-73.99739837646483,40.764686584472656,1,24.0,0.0,0.5,4.95,0.0,0.3,29.75
1796,1,2015-01-21 07:42:34,2015-01-21 07:55:11,1,1.8,-73.96843719482422,40.799198150634766,1,N,-73.9435806274414,40.80172348022461,2,10.5,0.0,0.5,0.0,0.0,0.3,11.3
1797,1,2015-01-21 07:42:35,2015-01-21 07:56:00,1,2.2,0.0,0.0,1,N,0.0,0.0,1,10.5,0.0,0.5,3.35,0.0,0.3,14.65
1798,1,2015-01-21 07:42:36,2015-01-21 07:49:56,1,1.4,-73.97743225097656,40.73665237426758,1,N,-73.98244476318358,40.75018310546875,2,7.5,0.0,0.5,0.0,0.0,0.3,8.3
1799,1,2015-01-21 07:42:37,2015-01-21 07:54:27,2,2.4,-73.96696472167967,40.80427169799805,1,N,-73.97740936279298,40.77281188964844,1,10.5,0.0,0.5,2.26,0.0,0.3,13.56
1800,1,2015-01-21 07:42:37,2015-01-21 07:58:14,1,3.8,-73.9953384399414,40.759395599365234,1,N,-74.01353454589844,40.715179443359375,1,15.0,0.0,0.5,3.95,0.0,0.3,19.75
1801,1,2015-01-21 07:42:37,2015-01-21 07:52:30,1,1.6,-73.96641540527342,40.76559829711913,1,N,-73.94606018066406,40.77288436889648,2,8.5,0.0,0.5,0.0,0.0,0.3,9.3
1802,1,2015-01-21 07:42:37,2015-01-21 07:51:51,2,1.3,-73.98680114746092,40.77532958984375,1,N,-73.97529602050781,40.79300308227539,1,8.0,0.0,0.5,2.6,0.0,0.3,11.4
1803,1,2015-01-21 07:42:37,2015-01-21 08:15:45,1,7.9,-73.9385986328125,40.8165283203125,1,N,-74.00047302246092,40.74376678466797,1,28.5,0.0,0.5,5.85,0.0,0.3,35.15
1804,1,2015-01-21 05:45:25,2015-01-21 05:52:38,2,1.7,-73.9769287109375,40.79025268554688,1,N,-73.98744201660156,40.76985931396485,2,8.0,0.0,0.5,0.0,0.0,0.3,8.8
1805,1,2015-01-21 05:45:27,2015-01-21 05:45:27,1,0.0,-73.99403381347656,40.75128173828125,1,N,0.0,0.0,2,9.0,0.5,0.5,0.0,0.0,0.3,10.3
1806,1,2015-01-21 05:45:27,2015-01-21 05:51:35,1,1.7,-73.97532653808595,40.73296356201172,1,N,-73.97701263427734,40.751686096191406,1,7.5,0.0,0.5,1.0,0.0,0.3,9.3
1807,1,2015-01-21 05:45:31,2015-01-21 06:05:36,1,10.4,-73.95090484619139,40.77500915527344,1,N,-73.84527587890625,40.849609375,1,30.0,0.5,0.5,6.0,0.0,0.3,37.3
1808,1,2015-01-21 05:45:31,2015-01-21 05:51:48,1,2.2,-73.9695816040039,40.78512954711913,1,N,-73.97675323486328,40.75886154174805,1,8.5,0.5,0.5,1.95,0.0,0.3,11.75
1809,1,2015-01-21 05:45:32,2015-01-21 05:53:18,1,1.3,-73.98992156982422,40.75643539428711,1,N,-73.97380828857422,40.76464080810546,1,7.5,0.5,0.5,2.2,0.0,0.3,11.0
1810,1,2015-01-21 05:45:33,2015-01-21 06:17:01,1,14.1,-73.78197479248048,40.64468002319336,1,N,-73.99929809570312,40.67556381225586,1,40.5,0.5,0.5,10.45,0.0,0.3,52.25
1811,1,2015-01-21 05:45:34,2015-01-21 05:52:44,1,2.5,-73.97531890869139,40.79011154174805,1,N,-73.97423553466798,40.76275253295898,1,9.5,0.0,0.5,2.0,0.0,0.3,12.3
1812,1,2015-01-21 05:45:35,2015-01-21 05:50:32,1,1.1,-73.99508666992188,40.7448616027832,1,N,-74.00825500488281,40.73799514770508,1,6.0,0.5,0.5,2.15,0.0,0.3,9.45
1813,1,2015-01-21 05:45:35,2015-01-21 06:22:12,1,17.0,-73.78231048583984,40.6442985534668,2,N,-73.96250915527342,40.75795364379882,1,52.0,0.0,0.5,7.2,0.0,0.3,60.0
1814,1,2015-01-21 05:45:36,2015-01-21 05:59:53,1,8.1,-73.9467544555664,40.775775909423835,1,N,-73.98706817626953,40.69923782348633,1,23.5,0.5,0.5,5.5,0.0,0.3,30.3
1815,1,2015-01-21 05:45:36,2015-01-21 06:05:48,1,17.0,-73.9924545288086,40.71980667114258,2,N,-73.78373718261719,40.643604278564446,1,52.0,0.0,0.5,10.56,0.0,0.3,63.36
1816,1,2015-01-21 05:45:36,2015-01-21 05:55:29,1,3.0,-73.98247528076173,40.77568054199219,1,N,-73.9808349609375,40.74193954467773,1,11.0,0.5,0.5,2.0,0.0,0.3,14.3
1817,1,2015-01-21 05:45:36,2015-01-21 05:50:22,1,1.4,-73.99002838134764,40.75706481933594,1,N,-73.97177886962889,40.763378143310554,2,6.5,0.5,0.5,0.0,0.0,0.3,7.8
1818,1,2015-01-21 05:45:36,2015-01-21 05:51:47,1,1.2,-73.99024963378906,40.756214141845696,1,N,-73.97422790527344,40.75869369506836,1,6.5,0.5,0.5,1.55,0.0,0.3,9.35
1819,1,2015-01-07 21:41:42,2015-01-07 21:43:48,1,0.8,-73.97215270996092,40.78652191162109,1,N,-73.97666931152342,40.77677917480469,2,4.5,0.5,0.5,0.0,0.0,0.3,5.8
1820,1,2015-01-07 21:41:43,2015-01-07 21:45:25,1,0.8,-73.99519348144531,40.72737121582031,1,N,-73.98501586914062,40.7290267944336,1,5.0,0.5,0.5,1.26,0.0,0.3,7.56
1821,1,2015-01-07 21:41:43,2015-01-07 21:51:59,1,1.5,-74.00198364257811,40.72624969482422,1,N,-73.9904556274414,40.71442031860352,1,9.0,0.5,0.5,2.06,0.0,0.3,12.36
1822,1,2015-01-07 21:41:43,2015-01-07 22:10:58,1,9.0,-73.9657974243164,40.7545166015625,1,Y,-73.98255157470702,40.665863037109375,1,29.5,0.5,0.5,3.0,0.0,0.3,33.8
1823,1,2015-01-07 21:41:44,2015-01-07 21:53:54,3,2.2,-73.9884033203125,40.764434814453125,1,N,-73.99568176269531,40.73875427246094,2,10.0,0.5,0.5,0.0,0.0,0.3,11.3
1824,1,2015-01-07 21:41:44,2015-01-07 21:58:58,2,3.7,-73.9864501953125,40.74003219604492,1,N,-73.98419952392578,40.78059387207031,1,15.0,0.5,0.5,2.5,0.0,0.3,18.8
1825,1,2015-01-07 21:41:44,2015-01-07 21:49:15,1,1.1,-73.98351287841797,40.76595306396485,1,N,-73.96569061279298,40.762691497802734,1,7.0,0.5,0.5,1.65,0.0,0.3,9.95
1826,1,2015-01-07 21:41:44,2015-01-07 21:47:28,1,1.1,-73.94937133789062,40.80778884887695,1,N,-73.96378326416014,40.803131103515625,1,6.5,0.5,0.5,1.5,0.0,0.3,9.3
1827,1,2015-01-07 21:41:44,2015-01-07 21:49:43,1,1.9,-73.97521209716798,40.75572967529297,1,N,-73.96260070800781,40.77824401855469,1,8.5,0.5,0.5,1.5,0.0,0.3,11.3
1828,1,2015-01-07 21:41:45,2015-01-07 21:56:22,1,4.2,-73.99595642089844,40.74383544921875,1,N,-73.98193359375,40.780467987060554,1,15.5,0.5,0.5,2.52,0.0,0.3,19.32
1829,1,2015-01-07 21:41:45,2015-01-07 21:55:15,1,3.2,-73.98118591308595,40.753936767578125,1,N,-73.94738006591797,40.78034973144531,1,12.5,0.5,0.5,2.2,0.0,0.3,16.0
1830,1,2015-01-07 21:41:45,2015-01-07 21:48:58,1,1.1,-73.94915771484375,40.80182647705078,1,N,-73.93053436279298,40.796573638916016,1,7.0,0.5,0.5,1.65,0.0,0.3,9.95
1831,1,2015-01-07 21:41:45,2015-01-07 21:49:01,1,1.5,-73.96686553955078,40.79354095458984,1,N,-73.95551300048828,40.80681228637695,1,7.5,0.5,0.5,2.0,0.0,0.3,10.8
1832,1,2015-01-07 21:41:45,2015-01-07 21:55:43,2,3.5,-74.0086898803711,40.71978759765625,1,N,-73.99048614501953,40.76640319824219,1,13.5,0.5,0.5,1.0,0.0,0.3,15.8
1833,1,2015-01-07 21:41:45,2015-01-07 21:52:43,1,1.3,-73.98552703857422,40.75297164916992,1,N,-73.98577117919923,40.7637825012207,1,9.0,0.5,0.5,2.05,0.0,0.3,12.35
1834,1,2015-01-07 21:41:46,2015-01-07 21:46:34,1,2.0,-73.97068786621094,40.76446533203125,1,N,-73.94999694824217,40.784378051757805,1,7.5,0.5,0.5,1.5,0.0,0.3,10.3
1835,1,2015-01-07 21:41:46,2015-01-07 21:50:02,2,1.0,-73.968505859375,40.679481506347656,1,N,-73.98318481445312,40.67662811279297,2,7.0,0.5,0.5,0.0,0.0,0.3,8.3
1836,1,2015-01-07 21:41:46,2015-01-07 21:58:03,1,4.5,-73.98346710205078,40.74982070922852,1,N,-73.9832763671875,40.695289611816406,1,16.0,0.5,0.5,2.0,0.0,0.3,19.3
1837,1,2015-01-07 21:41:46,2015-01-07 21:49:02,1,1.9,-73.99140167236328,40.75029754638672,1,N,-74.00361633300781,40.72534942626953,1,8.0,0.5,0.5,1.7,0.0,0.3,11.0
1838,1,2015-01-07 21:41:46,2015-01-07 21:45:04,1,0.7,-73.98139190673827,40.73312377929688,1,Y,-73.97473907470702,40.741943359375,2,5.0,0.5,0.5,0.0,0.0,0.3,6.3
1839,1,2015-01-07 21:41:47,2015-01-07 21:48:32,2,1.7,-73.96402740478516,40.75716400146485,1,N,-73.9570083618164,40.775909423828125,2,7.5,0.5,0.5,0.0,0.0,0.3,8.8
1840,1,2015-01-07 21:41:47,2015-01-07 22:06:18,1,15.9,-73.8655014038086,40.771041870117195,1,N,-74.01719665527344,40.70542144775391,1,43.0,0.5,0.5,9.9,5.33,0.3,59.53
1841,1,2015-01-17 23:52:06,2015-01-18 00:01:53,2,1.9,-73.99756622314453,40.76167678833008,1,N,-74.00260162353516,40.73974609375,2,9.0,0.5,0.5,0.0,0.0,0.3,10.3
1842,1,2015-01-17 23:52:07,2015-01-17 23:52:07,1,0.0,-73.98088073730467,40.729862213134766,1,N,0.0,0.0,2,26.5,0.5,0.5,0.0,0.0,0.3,27.8
1843,1,2015-01-17 23:52:07,2015-01-18 00:01:43,1,1.8,-74.00783538818358,40.71695709228516,1,N,-74.00704193115233,40.73941802978516,2,8.5,0.5,0.5,0.0,0.0,0.3,9.8
1844,1,2015-01-17 23:52:07,2015-01-18 00:02:48,3,2.0,-73.98934936523438,40.760379791259766,1,N,-73.99251556396483,40.7410888671875,1,9.5,0.5,0.5,2.15,0.0,0.3,12.95
1845,1,2015-01-17 23:52:07,2015-01-17 23:55:41,1,0.7,-73.99787139892578,40.75643157958984,1,N,-73.99578094482422,40.74979019165039,1,4.5,0.5,0.5,1.0,0.0,0.3,6.8
1846,1,2015-01-17 23:52:08,2015-01-18 00:30:23,1,7.3,-74.00641632080078,40.73926162719727,1,N,-73.99251556396483,40.65993118286133,1,30.0,0.5,0.5,2.0,0.0,0.3,33.3
1847,1,2015-01-17 23:52:09,2015-01-18 00:38:58,2,8.1,-74.00157928466798,40.72622680664063,1,N,-73.96414184570312,40.653335571289055,1,36.5,0.5,0.5,10.75,5.33,0.3,53.88
1848,1,2015-01-17 23:52:10,2015-01-17 23:55:56,1,0.7,-74.00189208984375,40.7404899597168,1,N,-73.99457550048828,40.750450134277344,1,5.0,0.5,0.5,1.57,0.0,0.3,7.87
1849,1,2015-01-17 23:52:11,2015-01-17 23:55:23,1,1.0,-73.95389556884764,40.77459335327149,1,N,-73.96017456054686,40.76290893554688,1,5.0,0.5,0.5,0.0,0.0,0.3,6.3
1850,1,2015-01-17 23:52:11,2015-01-18 00:17:12,1,8.2,-74.00289916992188,40.728214263916016,1,N,-73.95116424560547,40.774444580078125,2,27.0,0.5,0.5,0.0,0.0,0.3,28.3
1851,1,2015-01-17 23:52:11,2015-01-17 23:54:26,2,0.5,0.0,0.0,1,N,0.0,0.0,1,4.0,0.5,0.5,1.55,0.0,0.3,6.85
1852,1,2015-01-17 23:52:11,2015-01-18 00:07:50,1,9.0,-73.9861602783203,40.76240921020508,1,N,-73.93070220947266,40.8607177734375,1,26.0,0.5,0.5,5.45,0.0,0.3,32.75
1853,1,2015-01-17 23:52:12,2015-01-18 00:33:16,2,6.8,-73.99568939208984,40.76068115234375,1,N,-73.95535278320312,40.72003173828125,1,29.0,0.5,0.5,3.0,0.0,0.3,33.3
1854,1,2015-01-17 23:52:12,2015-01-18 00:08:07,1,1.6,-74.00765228271484,40.74295425415039,1,N,-74.00231170654298,40.72808456420898,1,11.5,0.5,0.5,2.55,0.0,0.3,15.35
1855,1,2015-01-17 23:52:12,2015-01-18 00:01:11,1,1.7,0.0,0.0,1,N,0.0,0.0,1,8.5,0.5,0.5,0.0,0.0,0.3,9.8
1856,1,2015-01-17 23:52:14,2015-01-17 23:58:41,2,1.2,-73.97824859619139,40.74578094482422,1,N,-73.96763610839844,40.75532913208008,2,6.5,0.5,0.5,0.0,0.0,0.3,7.8
1857,1,2015-01-17 23:52:14,2015-01-18 00:01:33,1,2.8,-73.99139404296875,40.760417938232415,1,N,-73.97303009033203,40.79513549804688,1,10.5,0.5,0.5,2.35,0.0,0.3,14.15
1858,1,2015-01-17 23:52:14,2015-01-17 23:56:33,2,0.7,0.0,0.0,1,N,-73.98297882080078,40.72687911987305,1,5.0,0.5,0.5,1.0,0.0,0.3,7.3
1859,1,2015-01-17 23:52:15,2015-01-17 23:57:41,1,1.8,-74.0060043334961,40.74848556518555,1,N,-73.98806762695312,40.766380310058594,1,7.0,0.5,0.5,1.5,0.0,0.3,9.8
1860,1,2015-01-17 23:52:16,2015-01-17 23:56:07,1,1.1,-73.9579086303711,40.76969146728516,1,N,-73.96966552734375,40.76197052001953,1,5.5,0.5,0.5,1.0,0.0,0.3,7.8
1861,1,2015-01-17 23:52:16,2015-01-18 00:03:32,1,2.4,-73.97247314453125,40.75456619262695,1,N,-73.99022674560547,40.728759765625,1,10.0,0.5,0.5,1.5,0.0,0.3,12.8
1862,1,2015-01-17 23:52:16,2015-01-18 00:06:14,1,2.6,-74.0158462524414,40.71556091308594,1,N,-73.99305725097656,40.69293212890625,1,11.5,0.5,0.5,2.56,0.0,0.3,15.36
1863,1,2015-01-17 23:52:16,2015-01-18 00:01:14,1,1.6,-73.9921646118164,40.750347137451165,1,N,-73.9801025390625,40.7350959777832,1,8.0,0.5,0.5,1.0,0.0,0.3,10.3
1864,1,2015-01-21 06:31:10,2015-01-21 06:39:53,1,1.4,-73.9893798828125,40.71904754638672,1,N,-74.00990295410156,40.720211029052734,1,8.0,0.0,0.5,1.0,0.0,0.3,9.8
1865,1,2015-01-21 06:31:11,2015-01-21 06:52:01,1,6.1,-73.97827911376953,40.6429443359375,1,N,-73.97827911376953,40.6429443359375,1,20.0,0.0,0.5,4.16,0.0,0.3,24.96
1866,1,2015-01-21 06:31:13,2015-01-21 06:38:31,1,1.5,-73.97411346435547,40.7789306640625,1,N,-73.96356964111328,40.764354705810554,1,8.0,0.0,0.5,0.8,0.0,0.3,9.6
1867,1,2015-01-21 06:31:13,2015-01-21 06:38:56,1,2.0,-73.98111724853516,40.73227310180664,1,N,-73.9754638671875,40.75633239746094,1,8.0,0.0,0.5,1.75,0.0,0.3,10.55
1868,1,2015-01-21 06:31:13,2015-01-21 06:37:22,1,0.6,-73.9898681640625,40.75634765625,1,N,-73.98258209228516,40.75247573852539,2,6.0,0.0,0.5,0.0,0.0,0.3,6.8
1869,1,2015-01-21 06:31:14,2015-01-21 06:34:45,1,1.2,-73.99136352539062,40.74977111816406,1,N,-73.97965240478516,40.76110458374024,1,5.5,0.0,0.5,1.55,0.0,0.3,7.85
1870,1,2015-01-21 06:31:14,2015-01-21 06:41:51,1,2.8,-73.95061492919923,40.77953720092773,1,N,-73.98358917236328,40.76015853881836,1,11.0,0.0,0.5,1.0,0.0,0.3,12.8
1871,1,2015-01-21 06:31:14,2015-01-21 06:41:19,1,1.4,-73.97163391113281,40.75049209594727,1,N,-73.99224090576173,40.74932098388672,1,8.5,0.0,0.5,2.3,0.0,0.3,11.6
1872,1,2015-01-21 06:31:15,2015-01-21 06:47:15,1,5.0,-73.97924041748048,40.74697494506836,1,N,-73.96369171142578,40.80303955078125,1,16.0,0.0,0.5,2.0,0.0,0.3,18.8
1873,1,2015-01-21 06:31:16,2015-01-21 06:38:02,1,1.5,-74.00020599365233,40.726600646972656,1,N,-73.99786376953125,40.737831115722656,2,7.0,0.0,0.5,0.0,0.0,0.3,7.8
1874,1,2015-01-21 06:31:16,2015-01-21 06:54:48,1,9.6,-73.95008087158203,40.827194213867195,1,N,-74.01712036132812,40.705833435058594,1,29.0,0.0,0.5,4.0,0.0,0.3,33.8
1875,1,2015-01-21 06:31:17,2015-01-21 06:37:31,1,1.8,-73.99861907958984,40.73995208740234,1,N,-73.97824859619139,40.75236129760742,2,7.5,0.0,0.5,0.0,0.0,0.3,8.3
1876,1,2015-01-21 06:31:17,2015-01-21 06:44:08,1,3.3,-73.9974136352539,40.72149658203125,1,N,-73.98490142822266,40.759395599365234,1,12.5,0.0,0.5,2.0,0.0,0.3,15.3
1877,1,2015-01-21 06:31:17,2015-01-21 06:42:57,4,2.5,-73.99126434326173,40.75020980834961,1,N,-73.961181640625,40.76064682006836,2,10.5,0.0,0.5,0.0,0.0,0.3,11.3
1878,1,2015-01-21 06:31:18,2015-01-21 06:39:00,1,1.6,-73.97178649902342,40.75667572021485,1,N,-73.99162292480467,40.74998474121094,2,7.5,0.0,0.5,0.0,0.0,0.3,8.3
1879,1,2015-01-21 06:31:18,2015-01-21 06:51:36,1,10.6,-73.95561981201173,40.76814651489258,1,N,-73.84783935546875,40.85744094848633,1,30.5,0.0,0.5,7.3,5.33,0.3,43.93
1880,1,2015-01-21 06:31:19,2015-01-21 07:05:43,1,6.3,-74.00713348388672,40.7053108215332,1,N,-73.97535705566406,40.760536193847656,1,25.5,0.0,0.5,5.26,0.0,0.3,31.56
1881,1,2015-01-21 06:31:19,2015-01-21 06:37:17,1,1.1,-73.9900665283203,40.75667190551758,1,N,-73.97627258300781,40.7612533569336,2,6.0,0.0,0.5,0.0,0.0,0.3,6.8
1882,1,2015-01-21 06:31:19,2015-01-21 06:39:54,2,2.6,-73.97642517089844,40.788188934326165,1,N,-73.9739532470703,40.75986099243164,1,10.0,0.0,0.5,2.15,0.0,0.3,12.95
1883,1,2015-01-21 06:31:19,2015-01-21 06:38:42,1,1.6,-73.963134765625,40.757957458496094,1,N,-73.95655822753906,40.77740478515625,2,7.5,0.0,0.5,0.0,0.0,0.3,8.3
1884,1,2015-01-21 06:31:20,2015-01-21 06:39:26,1,0.9,-73.99411010742188,40.751220703125,1,N,-73.99808502197266,40.7607650756836,2,7.0,0.0,0.5,0.0,0.0,0.3,7.8
1885,1,2015-01-21 06:31:22,2015-01-21 06:38:21,1,1.2,-73.99049377441406,40.750953674316406,1,N,-73.98249816894531,40.762519836425774,2,7.0,0.0,0.5,0.0,0.0,0.3,7.8
1886,1,2015-01-23 18:09:33,2015-01-23 18:17:33,2,0.9,-73.9752655029297,40.75216293334961,1,N,-73.97489166259764,40.75815200805664,2,7.0,1.0,0.5,0.0,0.0,0.3,8.8
1887,1,2015-01-23 18:09:33,2015-01-23 18:34:44,1,5.8,-73.99390411376953,40.7415885925293,1,N,-73.9476547241211,40.78279876708984,1,21.5,1.0,0.5,4.66,0.0,0.3,27.96
1888,1,2015-01-23 18:09:33,2015-01-23 18:22:22,1,1.4,-73.96855926513672,40.758522033691406,1,N,-73.9846420288086,40.76074600219727,1,9.5,1.0,0.5,2.8,0.0,0.3,14.1
1889,1,2015-01-23 18:09:33,2015-01-23 18:25:03,1,2.1,-73.94993591308595,40.78032684326172,1,N,-73.96939849853516,40.75285339355469,1,11.5,1.0,0.5,2.65,0.0,0.3,15.95
1890,1,2015-01-23 18:09:33,2015-01-23 18:23:53,1,2.4,-73.95745086669923,40.77458190917969,1,N,-73.98700714111328,40.76628494262695,2,11.5,1.0,0.5,0.0,0.0,0.3,13.3
1891,1,2015-01-23 18:09:34,2015-01-23 18:12:56,1,0.5,-73.9920425415039,40.74884414672852,1,N,-73.99755096435547,40.74152755737305,2,4.0,1.0,0.5,0.0,0.0,0.3,5.8
1892,1,2015-01-23 18:09:34,2015-01-23 18:32:29,1,3.0,-73.97542572021484,40.74884033203125,1,N,-74.00579071044923,40.74529266357422,1,16.0,1.0,0.5,4.45,0.0,0.3,22.25
1893,1,2015-01-23 18:09:35,2015-01-23 18:20:18,1,1.1,-73.98365020751953,40.74384307861328,1,N,-73.99253845214845,40.745391845703125,1,8.0,1.0,0.5,1.96,0.0,0.3,11.76
1894,1,2015-01-23 18:09:35,2015-01-23 18:25:05,1,2.0,-73.97265625,40.785991668701165,1,N,-73.9866714477539,40.763378143310554,1,11.0,1.0,0.5,2.55,0.0,0.3,15.35
1895,1,2015-01-23 18:09:35,2015-01-23 18:24:30,1,2.1,-73.99417877197266,40.75573348999024,1,N,-73.96562194824217,40.75870895385742,1,11.0,1.0,0.5,1.25,0.0,0.3,14.05
1896,1,2015-01-23 18:09:35,2015-01-23 18:33:04,2,3.5,-73.96194458007811,40.776321411132805,1,N,-73.99085998535155,40.750789642333984,1,17.0,1.0,0.5,3.75,0.0,0.3,22.55
1897,1,2015-01-23 18:09:35,2015-01-23 18:24:00,2,4.2,-74.01457214355469,40.70973587036133,1,N,-73.99461364746092,40.703861236572266,1,15.0,1.0,0.5,3.0,0.0,0.3,19.8
1898,1,2015-01-23 18:09:36,2015-01-23 18:19:05,0,1.3,-73.97456359863281,40.78314971923828,1,N,-73.98159790039062,40.76642990112305,1,8.0,1.0,0.5,1.95,0.0,0.3,11.75
1899,1,2015-01-23 18:09:36,2015-01-23 18:30:01,1,3.5,-74.01607513427734,40.71125793457031,1,Y,-73.9945068359375,40.750518798828125,2,16.0,1.0,0.5,0.0,0.0,0.3,17.8
1900,1,2015-01-23 18:09:36,2015-01-23 18:24:53,1,2.4,-73.98406982421875,40.73131561279297,1,N,-74.0085678100586,40.718936920166016,2,12.0,1.0,0.5,0.0,0.0,0.3,13.8
1901,1,2015-01-23 18:09:37,2015-01-23 18:20:40,2,1.3,-73.96051025390625,40.76958847045898,1,N,-73.96524810791014,40.75518035888672,1,8.5,1.0,0.5,2.55,0.0,0.3,12.85
1902,1,2015-01-23 18:09:37,2015-01-23 18:55:57,1,8.9,-73.86351013183594,40.77000427246094,1,N,-73.95084381103516,40.76975631713867,1,35.5,1.0,0.5,8.5,5.33,0.3,51.13
1903,1,2015-01-23 18:09:38,2015-01-23 18:27:51,1,2.4,-73.97490692138672,40.7613410949707,1,N,-74.00048828125,40.737407684326165,2,13.0,1.0,0.5,0.0,0.0,0.3,14.8
1904,1,2015-01-23 18:09:38,2015-01-23 18:23:52,1,1.3,-73.97502899169923,40.74967193603516,1,N,-73.99056243896483,40.76151657104492,1,10.0,1.0,0.5,2.95,0.0,0.3,14.75
1905,1,2015-01-23 18:09:39,2015-01-23 18:34:52,1,4.0,-73.95487213134764,40.78908157348633,1,N,-73.95426177978516,40.788124084472656,1,18.0,1.0,0.5,3.95,0.0,0.3,23.75
1906,1,2015-01-23 18:09:39,2015-01-23 18:29:36,1,3.3,0.0,0.0,1,N,0.0,0.0,2,15.5,1.0,0.5,0.0,0.0,0.3,17.3
1907,1,2015-01-23 18:09:39,2015-01-23 18:20:00,1,1.5,-73.99040222167967,40.756393432617195,1,N,-74.00628662109375,40.740501403808594,1,9.0,1.0,0.5,2.0,0.0,0.3,12.8
1908,1,2015-01-07 21:49:48,2015-01-07 22:03:46,1,3.4,-73.98760986328125,40.73886489868164,1,N,-73.95468902587889,40.777435302734375,1,13.0,0.5,0.5,2.85,0.0,0.3,17.15
1909,1,2015-01-07 21:49:48,2015-01-07 21:55:49,1,1.3,-73.97602081298828,40.751708984375,1,N,-73.98094177246092,40.74115753173828,1,6.5,0.5,0.5,1.56,0.0,0.3,9.36
1910,1,2015-01-07 21:49:48,2015-01-07 21:55:33,1,0.9,-73.99357604980467,40.734329223632805,1,N,-73.99209594726561,40.743446350097656,1,6.0,0.5,0.5,1.45,0.0,0.3,8.75
1911,1,2015-01-07 21:49:49,2015-01-07 21:59:06,2,1.4,-73.97578430175781,40.681583404541016,1,N,-73.99324798583984,40.687854766845696,2,8.0,0.5,0.5,0.0,0.0,0.3,9.3
1912,1,2015-01-07 21:49:49,2015-01-07 21:54:08,1,0.6,-73.98277282714845,40.75667190551758,1,N,-73.99018096923827,40.751094818115234,2,5.0,0.5,0.5,0.0,0.0,0.3,6.3
1913,1,2015-01-18 00:06:35,2015-01-18 00:30:26,3,5.3,-73.99039459228516,40.718704223632805,1,N,-73.97769165039062,40.779590606689446,1,20.0,0.5,0.5,3.0,0.0,0.3,24.3
1914,1,2015-01-18 00:06:36,2015-01-18 00:28:53,1,10.2,-73.99191284179686,40.7581443786621,1,N,-73.89865112304686,40.85133743286133,2,30.5,0.5,0.5,0.0,0.0,0.3,31.8
1915,1,2015-01-18 00:06:36,2015-01-18 00:42:55,1,4.4,-73.98714447021484,40.72049331665039,1,N,-73.98054504394531,40.74845886230469,1,23.5,0.5,0.5,2.5,0.0,0.3,27.3
1916,1,2015-01-18 00:06:38,2015-01-18 00:28:36,1,4.6,-73.98101043701173,40.7818717956543,1,N,-73.9423828125,40.74895095825195,2,18.5,0.5,0.5,0.0,0.0,0.3,19.8
1917,1,2015-01-18 00:06:38,2015-01-18 00:09:44,2,0.7,-73.98516082763672,40.74802780151367,1,N,-73.98485565185547,40.75425720214844,1,4.5,0.5,0.5,0.8,0.0,0.3,6.6
1918,1,2015-01-18 00:06:38,2015-01-18 00:12:51,1,1.7,-73.98860931396483,40.7742919921875,1,N,-73.9947738647461,40.75544738769531,1,7.5,0.5,0.5,2.2,0.0,0.3,11.0
1919,1,2015-01-18 00:06:38,2015-01-18 00:38:16,1,14.6,-74.00125122070312,40.73114013671875,1,N,-73.7939224243164,40.715156555175774,1,43.0,0.5,0.5,5.0,0.0,0.3,49.3
1920,1,2015-01-18 00:06:38,2015-01-18 00:12:09,1,1.8,-73.99918365478516,40.75446319580078,1,N,-73.98123168945312,40.77165603637695,2,7.0,0.5,0.5,0.0,0.0,0.3,8.3
1921,1,2015-01-18 00:06:39,2015-01-18 00:15:11,1,0.7,-73.98866271972656,40.72149658203125,1,N,-73.9844207763672,40.72729110717773,1,7.0,0.5,0.5,0.0,0.0,0.3,8.3
1922,1,2015-01-18 00:06:39,2015-01-18 00:24:25,2,2.8,-74.00608825683594,40.7403564453125,1,N,-73.98188781738281,40.739154815673835,1,13.5,0.0,0.5,2.86,0.0,0.3,17.16
1923,1,2015-01-18 00:06:39,2015-01-18 00:17:05,1,1.3,-73.98973846435547,40.73435974121094,1,N,-74.0082015991211,40.737831115722656,1,8.5,0.01,0.5,1.86,0.0,0.3,11.17
1924,1,2015-01-18 00:06:40,2015-01-18 00:09:20,1,0.6,-73.97618103027344,40.74452972412109,1,N,-73.9827423095703,40.73869323730469,1,4.0,0.5,0.5,1.05,0.0,0.3,6.35
1925,1,2015-01-18 00:06:40,2015-01-18 00:46:25,1,8.4,-74.00305938720702,40.74416732788086,1,N,-73.89556121826173,40.70350646972656,1,32.0,0.5,0.5,8.3,0.0,0.3,41.6
1926,1,2015-01-18 00:06:40,2015-01-18 00:22:01,2,3.7,-73.95934295654298,40.80141067504882,1,N,-73.98902130126953,40.759315490722656,2,14.0,0.5,0.5,0.0,0.0,0.3,15.3
1927,1,2015-01-18 00:06:40,2015-01-18 00:51:44,1,19.2,-73.78355407714845,40.64837265014648,2,N,-73.95645141601561,40.7773551940918,1,52.0,0.0,0.5,11.6,5.33,0.3,69.73
1928,1,2015-01-18 00:06:40,2015-01-18 00:12:14,1,1.5,-74.00001525878906,40.743118286132805,1,N,-73.98539733886719,40.76310729980469,1,7.0,0.5,0.5,0.0,0.0,0.3,8.3
1929,1,2015-01-18 00:06:41,2015-01-18 00:14:33,2,1.2,-73.98234558105469,40.74014663696289,1,N,-73.99043273925781,40.7308464050293,2,7.0,0.5,0.5,0.0,0.0,0.3,8.3
1930,1,2015-01-18 00:06:41,2015-01-18 00:13:32,1,1.6,-73.98709106445312,40.73308563232422,1,N,-73.9713134765625,40.75108337402344,1,7.5,0.5,0.5,2.0,0.0,0.3,10.8
1931,1,2015-01-18 00:06:42,2015-01-18 00:19:39,2,1.9,-73.98052215576173,40.77490997314453,1,N,-73.96752166748048,40.75758361816406,1,10.5,0.5,0.5,1.8,0.0,0.3,13.6
1932,1,2015-01-18 00:06:42,2015-01-18 00:11:43,1,0.8,-73.98263549804686,40.76184844970703,1,N,-73.97676849365233,40.75424957275391,1,5.5,0.5,0.5,1.3,0.0,0.3,8.1
1933,1,2015-01-18 00:06:42,2015-01-18 00:14:51,1,1.3,-73.98836517333984,40.759033203125,1,N,-73.96942901611328,40.75670623779297,2,7.5,0.5,0.5,0.0,0.0,0.3,8.8
1934,1,2015-01-18 00:06:42,2015-01-18 00:13:00,1,1.3,-73.98552703857422,40.76361083984375,1,N,-73.9770278930664,40.779056549072266,2,6.5,0.5,0.5,0.0,0.0,0.3,7.8
1935,1,2015-01-23 18:19:50,2015-01-23 18:41:14,1,6.9,-74.0118408203125,40.714935302734375,1,N,-73.97225952148438,40.758975982666016,1,22.5,1.0,0.5,4.85,0.0,0.3,29.15
1936,1,2015-01-23 18:19:51,2015-01-23 18:31:23,2,1.9,-73.98388671875,40.75968933105469,1,N,-74.00382995605469,40.74193954467773,2,9.5,1.0,0.5,0.0,0.0,0.3,11.3
1937,1,2015-01-23 18:19:51,2015-01-23 18:22:50,1,0.4,-73.9524688720703,40.772090911865234,1,N,-73.9593734741211,40.771766662597656,2,4.0,1.0,0.5,0.0,0.0,0.3,5.8
1938,1,2015-01-23 18:19:52,2015-01-23 18:32:18,1,2.0,-73.97881317138672,40.78522872924805,1,N,-73.95003509521484,40.7801170349121,1,10.0,1.0,0.5,2.0,0.0,0.3,13.8
1939,1,2015-01-23 18:19:52,2015-01-23 18:26:32,1,0.9,-73.99812316894531,40.751026153564446,1,N,-74.00251770019531,40.75595474243164,2,6.0,1.0,0.5,0.0,0.0,0.3,7.8
1940,1,2015-01-23 18:19:52,2015-01-23 18:27:27,1,1.2,-73.99053192138672,40.7376823425293,1,Y,-73.98551940917967,40.72782897949219,1,6.5,1.0,0.5,1.66,0.0,0.3,9.96
1941,1,2015-01-23 18:19:52,2015-01-23 18:29:00,1,1.8,-73.96721649169923,40.7599983215332,1,N,-73.95538330078125,40.78095245361328,1,8.5,1.0,0.5,2.05,0.0,0.3,12.35
1942,1,2015-01-23 18:19:52,2015-01-23 18:25:45,2,1.1,-73.96064758300781,40.77239990234375,1,N,-73.94994354248048,40.78399658203125,2,6.0,1.0,0.5,0.0,0.0,0.3,7.8
1943,1,2015-01-23 18:19:52,2015-01-23 18:25:44,1,0.8,-73.97742462158203,40.774463653564446,1,N,-73.97767639160156,40.78401565551758,2,5.5,1.0,0.5,0.0,0.0,0.3,7.3
1944,1,2015-01-23 18:19:53,2015-01-23 18:21:29,1,0.7,-74.00230407714845,40.72948455810546,1,N,-73.99665832519531,40.73750686645508,2,4.0,1.0,0.5,0.0,0.0,0.3,5.8
1945,1,2015-01-23 18:19:53,2015-01-23 18:46:40,1,3.9,-73.9939956665039,40.761714935302734,1,N,-73.99179077148438,40.7269401550293,1,18.0,1.0,0.5,3.95,0.0,0.3,23.75
1946,1,2015-01-23 18:19:53,2015-01-23 18:30:47,1,2.3,-73.96568298339844,40.768550872802734,1,N,-73.942626953125,40.79433441162109,1,10.0,1.0,0.5,1.2,0.0,0.3,13.0
1947,1,2015-01-23 18:19:53,2015-01-23 18:30:25,1,1.5,-73.96973419189453,40.763080596923835,1,N,-73.97662353515625,40.74535751342773,2,8.5,1.0,0.5,0.0,0.0,0.3,10.3
1948,1,2015-01-23 18:19:53,2015-01-23 18:25:50,1,0.8,-73.95317840576173,40.779609680175774,1,N,-73.9547348022461,40.788665771484375,1,6.0,1.0,0.5,1.55,0.0,0.3,9.35
1949,1,2015-01-23 18:19:53,2015-01-23 18:24:50,1,0.7,-73.98207092285155,40.73111724853516,1,N,-73.97720336914062,40.7242317199707,2,5.0,1.0,0.5,0.0,0.0,0.3,6.8
1950,1,2015-01-23 18:19:53,2015-01-23 18:30:01,1,1.5,-73.96900177001953,40.763137817382805,1,N,-73.97908020019531,40.77666473388672,1,8.5,1.0,0.5,2.05,0.0,0.3,12.35
1951,1,2015-01-23 18:19:54,2015-01-23 18:31:52,2,1.8,-73.97869110107422,40.736640930175774,1,N,-73.97886657714845,40.755077362060554,2,9.5,1.0,0.5,0.0,0.0,0.3,11.3
1952,1,2015-01-23 18:19:54,2015-01-23 18:31:14,1,1.0,-73.99011993408203,40.74697494506836,1,N,-73.9837188720703,40.73786926269531,1,8.5,1.0,0.5,2.05,0.0,0.3,12.35
1953,1,2015-01-23 18:19:54,2015-01-23 18:31:00,2,2.0,-73.97368621826173,40.76350784301758,1,N,-73.95352935791014,40.77965927124024,2,9.5,1.0,0.5,0.0,0.0,0.3,11.3
1954,1,2015-01-23 18:19:55,2015-01-23 18:29:24,1,1.3,-73.9974594116211,40.74637985229492,1,N,-73.99205780029298,40.73452377319336,1,8.0,1.0,0.5,0.98,0.0,0.3,10.78
1955,1,2015-01-23 18:19:55,2015-01-23 18:24:09,2,0.8,-73.97802734375,40.7862663269043,1,N,-73.97753143310547,40.77881240844727,1,5.0,1.0,0.5,1.35,0.0,0.3,8.15
1956,1,2015-01-23 18:19:55,2015-01-23 18:34:24,1,2.7,-73.98401641845702,40.75457382202149,1,N,-73.94851684570312,40.773822784423835,2,11.5,1.0,0.5,0.0,0.0,0.3,13.3
1957,1,2015-01-07 22:02:05,2015-01-07 22:25:13,1,8.6,-73.99972534179686,40.73789978027344,1,N,-73.94171905517578,40.83829879760742,1,27.5,0.5,0.5,5.76,0.0,0.3,34.56
1958,1,2015-01-07 22:02:05,2015-01-07 22:30:41,1,13.6,-73.98674774169923,40.7502555847168,1,N,-73.85570526123048,40.8375358581543,1,39.5,0.5,0.5,2.0,0.0,0.3,42.8
1959,1,2015-01-07 22:02:05,2015-01-07 22:07:29,1,1.6,-73.9485855102539,40.78240203857422,1,N,-73.93624877929686,40.79890823364258,1,7.0,0.5,0.5,1.0,0.0,0.3,9.3
1960,1,2015-01-07 22:02:06,2015-01-07 22:14:26,1,2.8,-73.98030853271484,40.76148223876953,1,N,-74.00502014160156,40.735382080078125,1,11.5,0.5,0.5,2.2,0.0,0.3,15.0
1961,1,2015-01-07 22:02:06,2015-01-07 22:27:54,2,5.9,-73.99562835693358,40.7440185546875,1,N,-73.95576477050781,40.77926635742188,2,21.5,0.5,0.5,0.0,0.0,0.3,22.8
1962,1,2015-01-07 22:02:06,2015-01-07 22:16:43,1,4.0,-74.00809478759764,40.74854278564453,1,N,-73.97566223144531,40.78030776977539,1,15.0,0.5,0.5,3.25,0.0,0.3,19.55
1963,1,2015-01-07 22:02:07,2015-01-07 22:15:45,2,2.7,-73.98216247558594,40.77516174316406,1,N,-73.9482421875,40.776412963867195,1,12.0,0.5,0.5,1.5,0.0,0.3,14.8
1964,1,2015-01-07 22:02:07,2015-01-07 22:10:48,1,1.1,-73.9920196533203,40.73524475097656,1,N,-73.97830200195312,40.74246597290039,1,7.5,0.5,0.5,1.76,0.0,0.3,10.56
1965,1,2015-01-07 22:02:07,2015-01-07 22:23:16,1,4.7,-73.98596954345702,40.743690490722656,1,N,-73.9183578491211,40.75543975830078,1,18.0,0.5,0.5,3.86,0.0,0.3,23.16
1966,1,2015-01-07 22:02:07,2015-01-07 22:28:09,1,4.7,-73.98857116699219,40.763347625732415,1,N,-73.98711395263672,40.714889526367195,2,19.5,0.5,0.5,0.0,0.0,0.3,20.8
1967,1,2015-01-07 22:02:07,2015-01-07 22:31:39,2,5.6,-73.99197387695312,40.72538375854492,1,N,-73.97373199462889,40.78284454345703,2,22.5,0.5,0.5,0.0,0.0,0.3,23.8
1968,1,2015-01-07 22:02:08,2015-01-07 22:25:45,1,10.0,-74.00763702392578,40.73286819458008,1,N,-73.92853546142578,40.85125350952149,1,30.5,0.5,0.5,6.0,0.0,0.3,37.8
1969,1,2015-01-07 22:02:08,2015-01-07 22:10:17,1,1.4,-73.98533630371094,40.76030731201172,1,N,-73.99708557128906,40.747032165527344,1,7.5,0.5,0.5,1.75,0.0,0.3,10.55
1970,1,2015-01-07 22:02:08,2015-01-07 22:16:20,1,2.5,-73.98701477050781,40.75790023803711,1,N,-73.9957733154297,40.73303985595703,2,11.5,0.5,0.5,0.0,0.0,0.3,12.8
1971,1,2015-01-07 22:02:08,2015-01-07 22:05:47,2,0.5,-73.99298095703125,40.742950439453125,1,N,-73.99815368652342,40.740665435791016,2,4.5,0.5,0.5,0.0,0.0,0.3,5.8
1972,1,2015-01-07 22:02:08,2015-01-07 22:08:03,1,0.8,-73.97145080566406,40.761962890625,1,N,-73.98296356201173,40.769290924072266,1,6.0,0.5,0.5,2.15,0.0,0.3,9.45
1973,1,2015-01-07 22:02:09,2015-01-07 22:11:46,1,2.0,-73.97184753417967,40.75989532470703,1,N,-73.95447540283203,40.784866333007805,1,9.5,0.5,0.5,1.08,0.0,0.3,11.88
1974,1,2015-01-07 22:02:09,2015-01-07 22:04:09,1,0.6,-73.97911071777342,40.782005310058594,1,N,-73.97189331054686,40.78460311889648,2,4.0,0.5,0.5,0.0,0.0,0.3,5.3
1975,1,2015-01-07 22:02:09,2015-01-07 22:16:13,3,2.8,-73.98203277587889,40.75076675415039,1,Y,-73.94091796875,40.74671936035156,1,11.5,0.5,0.5,3.6,5.33,0.3,21.73
1976,1,2015-01-07 22:02:10,2015-01-07 22:16:27,1,7.3,-73.9617691040039,40.75954818725586,1,N,-74.01419067382812,40.715377807617195,1,22.5,0.5,0.5,4.76,0.0,0.3,28.56
1977,1,2015-01-07 22:02:11,2015-01-07 22:04:54,1,0.6,-73.99970245361328,40.74412536621094,1,N,-74.0074462890625,40.741035461425774,1,4.0,0.5,0.5,1.05,0.0,0.3,6.35
1978,1,2015-01-07 22:02:11,2015-01-07 22:13:10,1,1.9,-73.96199035644531,40.759441375732415,1,N,-73.98224639892578,40.75100326538086,1,9.5,0.5,0.5,1.2,0.0,0.3,12.0
1979,2,2015-01-30 19:50:03,2015-01-30 20:04:19,5,3.64,-73.99788665771484,40.756134033203125,1,N,-73.96229553222656,40.77920150756836,1,13.5,1.0,0.5,3.06,0.0,0.3,18.36
1980,2,2015-01-30 19:50:03,2015-01-30 19:57:03,2,0.91,-73.9957275390625,40.7251205444336,1,N,-73.98281860351561,40.72283935546875,1,6.0,1.0,0.5,1.56,0.0,0.3,9.36
1981,2,2015-01-30 19:50:03,2015-01-30 19:59:25,1,1.22,-73.98674011230467,40.72993850708008,1,N,-73.99678039550781,40.71525573730469,2,7.5,1.0,0.5,0.0,0.0,0.3,9.3
1982,2,2015-01-30 19:50:04,2015-01-30 20:01:27,2,1.48,-73.9988784790039,40.72814178466797,1,N,-73.98275756835938,40.739700317382805,2,9.0,1.0,0.5,0.0,0.0,0.3,10.8
1983,2,2015-01-30 19:50:04,2015-01-30 20:07:09,1,4.45,-73.98609924316406,40.72654724121094,1,N,-73.9469223022461,40.77621841430664,1,16.5,1.0,0.5,3.0,0.0,0.3,21.3
1984,2,2015-01-30 19:50:04,2015-01-30 20:07:45,1,3.66,-73.98621368408203,40.74045181274414,1,N,-73.9480972290039,40.7699089050293,2,15.0,1.0,0.5,0.0,0.0,0.3,16.8
1985,2,2015-01-30 19:50:04,2015-01-30 20:00:09,1,2.23,-73.9580535888672,40.784832000732415,1,N,-73.9811019897461,40.770957946777344,2,9.5,1.0,0.5,0.0,0.0,0.3,11.3
1986,2,2015-01-30 19:50:04,2015-01-30 20:08:10,2,2.11,-74.00794982910156,40.74056243896485,1,N,-73.99219512939453,40.72496032714844,1,12.5,1.0,0.5,3.58,0.0,0.3,17.88
1987,2,2015-01-30 19:50:04,2015-01-30 19:57:10,2,1.84,-73.95371246337889,40.76694107055664,1,N,-73.94020080566406,40.78942489624024,2,8.0,1.0,0.5,0.0,0.0,0.3,9.8
1988,2,2015-01-30 19:50:05,2015-01-30 20:15:31,2,4.94,-73.98524475097656,40.722015380859375,1,N,-73.96209716796875,40.66887664794922,1,20.5,1.0,0.5,5.38,0.0,0.3,27.68
1989,2,2015-01-30 19:50:05,2015-01-30 20:15:49,4,4.07,-73.95027923583984,40.77745056152344,1,N,-73.99005126953125,40.75081634521485,2,19.5,1.0,0.5,0.0,0.0,0.3,21.3
1990,2,2015-01-30 19:50:05,2015-01-30 19:53:21,2,0.56,-73.98045349121092,40.73038482666016,1,N,-73.98530578613281,40.723670959472656,1,4.5,1.0,0.5,1.26,0.0,0.3,7.56
1991,2,2015-01-30 19:50:05,2015-01-30 20:01:42,1,1.38,-73.9739532470703,40.747650146484375,1,N,-73.98954772949219,40.739845275878906,2,8.5,1.0,0.5,0.0,0.0,0.3,10.3
1992,2,2015-01-30 19:50:05,2015-01-30 20:01:11,1,1.39,-73.98187255859375,40.77975845336913,1,N,-73.99053192138672,40.76144027709961,2,8.5,1.0,0.5,0.0,0.0,0.3,10.3
1993,2,2015-01-30 19:50:06,2015-01-30 19:59:10,1,2.38,-73.99290466308595,40.75271224975586,1,N,-73.98338317871094,40.777729034423835,2,9.0,1.0,0.5,0.0,0.0,0.3,10.8
1994,2,2015-01-30 19:50:06,2015-01-30 19:57:22,5,0.84,-73.96845245361328,40.762020111083984,1,N,-73.9817886352539,40.76448822021485,1,6.5,1.0,0.5,1.0,0.0,0.3,9.3
1995,2,2015-01-30 19:50:06,2015-01-30 19:52:27,1,0.4,-73.98008728027342,40.735885620117195,1,N,-73.98688507080078,40.73879623413086,1,3.5,1.0,0.5,1.06,0.0,0.3,6.36
1996,2,2015-01-30 19:50:06,2015-01-30 19:57:51,2,1.87,-73.97866821289062,40.77742385864258,1,N,-73.95264434814453,40.772491455078125,1,8.0,1.0,0.5,1.96,0.0,0.3,11.76
1997,2,2015-01-30 19:50:06,2015-01-30 20:00:45,2,1.52,-73.96029663085938,40.76184844970703,1,N,-73.97381591796875,40.756153106689446,2,8.5,1.0,0.5,0.0,0.0,0.3,10.3
1998,2,2015-01-30 19:50:06,2015-01-30 19:58:02,1,1.38,-73.96776580810547,40.759727478027344,1,N,-73.95375061035155,40.771045684814446,1,7.5,1.0,0.5,2.32,0.0,0.3,11.62
1999,2,2015-01-30 19:50:06,2015-01-30 19:55:34,4,0.7,-73.98175811767578,40.775787353515625,1,N,-73.9862289428711,40.76736831665039,1,5.5,1.0,0.5,1.82,0.0,0.3,9.12
2000,2,2015-01-30 19:50:06,2015-01-30 19:57:28,1,1.69,-73.99653625488281,40.737838745117195,1,N,-73.9769058227539,40.74734878540039,1,7.5,1.0,0.5,1.86,0.0,0.3,11.16
2001,1,2015-01-21 07:10:15,2015-01-21 07:17:05,1,1.2,-73.97515869140625,40.76113510131836,1,N,-73.9732894897461,40.747871398925774,2,6.5,0.0,0.5,0.0,0.0,0.3,7.3
2002,1,2015-01-21 07:10:16,2015-01-21 07:19:41,1,2.2,-73.94706726074217,40.77164077758789,1,N,-73.97357940673827,40.75955581665039,1,9.5,0.0,0.5,2.05,0.0,0.3,12.35
2003,1,2015-01-21 07:10:16,2015-01-21 07:31:30,1,6.8,-73.97427368164062,40.731571197509766,1,N,-73.93544006347656,40.800384521484375,1,23.0,0.0,0.5,5.95,0.0,0.3,29.75
2004,1,2015-01-21 07:10:16,2015-01-21 07:19:24,1,2.1,-73.99665832519531,40.742767333984375,1,N,-73.98194122314453,40.76874542236328,1,9.0,0.0,0.5,1.5,0.0,0.3,11.3
2005,1,2015-01-21 07:10:17,2015-01-21 07:32:16,1,5.1,-73.95431518554686,40.784088134765625,1,N,-74.008544921875,40.7334213256836,1,19.0,0.0,0.5,3.95,0.0,0.3,23.75
2006,1,2015-01-21 07:10:17,2015-01-21 07:11:34,1,0.3,-74.0003204345703,40.76161193847656,1,N,-73.9980239868164,40.76496887207031,1,3.0,0.0,0.5,0.75,0.0,0.3,4.55
2007,1,2015-01-21 07:10:19,2015-01-21 07:25:17,1,3.6,-73.96031951904298,40.77064895629882,1,N,-73.9561004638672,40.810577392578125,1,14.0,0.0,0.5,6.0,0.0,0.3,20.8
2008,1,2015-01-21 07:10:19,2015-01-21 07:18:40,1,1.4,-74.00082397460938,40.727447509765625,1,N,-74.01334381103516,40.71587371826172,1,8.0,0.0,0.5,1.76,0.0,0.3,10.56
2009,1,2015-01-21 07:10:19,2015-01-21 07:12:50,1,0.6,-73.97589874267578,40.75469207763672,1,N,-73.9708251953125,40.762725830078125,2,4.0,0.0,0.5,0.0,0.0,0.3,4.8
2010,1,2015-01-21 07:10:19,2015-01-21 07:21:08,1,3.1,-73.94823455810547,40.82975006103516,1,N,-73.9732894897461,40.79439926147461,1,11.5,0.0,0.5,2.5,0.0,0.3,14.8
2011,1,2015-01-21 07:10:20,2015-01-21 07:14:59,1,1.0,-74.0029754638672,40.72361755371094,1,N,-73.9983673095703,40.735176086425774,2,5.5,0.0,0.5,0.0,0.0,0.3,6.3
2012,1,2015-01-21 07:10:20,2015-01-21 07:19:20,1,1.8,-73.98568725585938,40.76800155639648,1,N,-73.97084045410156,40.78333282470703,1,8.5,0.0,0.5,1.0,0.0,0.3,10.3
2013,1,2015-01-21 07:10:20,2015-01-21 07:15:56,1,1.2,-73.98889923095702,40.755706787109375,1,N,-73.98812103271484,40.769962310791016,2,6.0,0.0,0.5,0.0,0.0,0.3,6.8
2014,1,2015-01-21 07:10:21,2015-01-21 07:24:22,1,3.1,-73.94847869873048,40.78260040283203,1,N,-73.98152923583984,40.75505447387695,2,12.0,0.0,0.5,0.0,0.0,0.3,12.8
2015,1,2015-01-21 07:10:21,2015-01-21 07:14:36,1,1.3,-73.99153900146483,40.749961853027344,1,N,-73.98481750488281,40.737064361572266,2,6.0,0.0,0.5,0.0,0.0,0.3,6.8
2016,1,2015-01-21 07:10:22,2015-01-21 07:17:16,1,2.0,-73.96846771240233,40.78681182861328,1,N,-73.98323822021484,40.76307678222656,1,8.0,0.0,0.5,1.75,0.0,0.3,10.55
2017,1,2015-01-21 07:10:23,2015-01-21 07:20:10,1,1.1,-73.96007537841797,40.761985778808594,1,N,-73.97456359863281,40.76121520996094,1,8.0,0.0,0.5,1.0,0.0,0.3,9.8
2018,1,2015-01-21 07:10:23,2015-01-21 07:14:07,1,0.7,-73.9646759033203,40.764205932617195,1,N,-73.97540283203125,40.76360321044922,1,4.5,0.0,0.5,1.32,0.0,0.3,6.62
2019,1,2015-01-21 07:10:23,2015-01-21 07:16:30,1,1.3,-73.98380279541014,40.73760223388672,1,N,-73.97891998291014,40.75285339355469,1,6.5,0.0,0.5,1.45,0.0,0.3,8.75
2020,1,2015-01-21 07:10:23,2015-01-21 07:43:27,1,18.4,-73.95125579833984,40.778995513916016,2,N,-73.7845458984375,40.64574432373047,1,52.0,0.0,0.5,0.0,5.33,0.3,58.13
2021,1,2015-01-21 07:10:23,2015-01-21 07:21:05,1,1.7,-73.95895385742188,40.76380920410156,1,N,-73.98009490966798,40.75455474853516,1,9.0,0.0,0.5,1.95,0.0,0.3,11.75
2022,1,2015-01-21 07:10:24,2015-01-21 07:17:45,1,1.6,-73.96043395996092,40.77886199951172,1,N,-73.97821807861328,40.76321029663086,1,8.0,0.0,0.5,1.76,0.0,0.3,10.56
2023,1,2015-01-07 22:16:42,2015-01-07 22:30:59,2,3.8,-73.95560455322266,40.77250289916992,1,N,-73.99267578125,40.73025894165039,1,14.0,0.5,0.5,2.0,0.0,0.3,17.3
2024,1,2015-01-07 22:16:42,2015-01-07 22:21:08,1,1.1,-73.95797729492188,40.76691055297852,1,Y,-73.9636993408203,40.7570686340332,2,6.0,0.5,0.5,0.0,0.0,0.3,7.3
2025,1,2015-01-07 22:16:42,2015-01-07 22:26:59,1,2.4,-73.97771453857422,40.75637435913086,1,N,-73.98572540283203,40.731151580810554,1,10.0,0.5,0.5,2.8,0.0,0.3,14.1
2026,1,2015-01-07 22:16:42,2015-01-07 22:30:50,1,4.0,-74.01182556152342,40.70945358276367,1,N,-74.00271606445312,40.76054382324219,1,15.0,0.5,0.5,3.25,0.0,0.3,19.55
2027,1,2015-01-07 22:16:42,2015-01-07 22:35:25,1,7.7,-73.98139190673827,40.67982482910156,1,N,-73.96488952636719,40.75315856933594,1,24.0,0.5,0.5,5.0,0.0,0.3,30.3
2028,1,2015-01-07 22:16:42,2015-01-07 22:30:05,1,2.9,-73.98341369628906,40.74702835083008,1,N,-73.95188903808595,40.7735481262207,1,11.5,0.5,0.5,2.56,0.0,0.3,15.36
2029,1,2015-01-07 22:16:43,2015-01-07 22:31:14,2,3.0,-73.99359893798828,40.741748809814446,1,N,-73.96504211425781,40.75821685791016,1,13.0,0.5,0.5,1.0,0.0,0.3,15.3
2030,1,2015-01-07 22:16:44,2015-01-07 22:33:30,1,9.9,-73.99082183837889,40.75084686279297,1,N,-73.92671203613281,40.86706161499024,2,27.5,0.5,0.5,0.0,0.0,0.3,28.8
2031,1,2015-01-07 22:16:44,2015-01-07 22:30:42,1,4.4,-73.9823989868164,40.772499084472656,1,N,-73.93272399902342,40.76583480834961,2,15.0,0.5,0.5,0.0,0.0,0.3,16.3
2032,1,2015-01-07 22:16:44,2015-01-07 22:38:48,1,5.6,-73.99261474609375,40.732234954833984,1,N,-73.96666717529298,40.672889709472656,1,20.0,0.5,0.5,5.3,0.0,0.3,26.6
2033,1,2015-01-07 22:16:45,2015-01-07 22:24:06,1,1.7,-73.98189544677734,40.752071380615234,1,N,-74.0011215209961,40.73920822143555,1,7.5,0.5,0.5,1.0,0.0,0.3,9.8
2034,1,2015-01-07 22:16:45,2015-01-07 22:25:31,1,1.3,-73.98237609863281,40.77269744873047,1,N,-73.96182250976561,40.76514053344727,1,8.0,0.5,0.5,1.85,0.0,0.3,11.15
2035,1,2015-01-07 22:16:45,2015-01-07 22:33:06,1,5.0,-73.99058532714845,40.74602508544922,1,N,-73.9417495727539,40.80412292480469,1,16.0,0.5,0.5,4.3,0.0,0.3,21.6
2036,1,2015-01-07 22:16:45,2015-01-07 22:23:19,1,1.5,-73.98426055908203,40.75995635986328,1,N,-73.96615600585938,40.76520538330078,1,7.0,0.5,0.5,1.66,0.0,0.3,9.96
2037,1,2015-01-07 22:16:46,2015-01-07 22:22:41,1,1.3,-73.98405456542967,40.76495742797852,1,N,-73.982177734375,40.78138732910156,1,6.5,0.5,0.5,1.55,0.0,0.3,9.35
2038,1,2015-01-07 22:16:47,2015-01-07 22:34:10,1,3.1,-73.98461151123048,40.68766021728516,1,N,-73.96216583251953,40.67621612548828,1,14.0,0.5,0.5,3.06,0.0,0.3,18.36
2039,1,2015-01-07 22:16:48,2015-01-07 22:26:06,1,2.5,-73.98851776123048,40.71852111816406,1,N,-73.95072937011719,40.71636581420898,2,10.0,0.5,0.5,0.0,0.0,0.3,11.3
2040,1,2015-01-07 22:16:48,2015-01-07 22:23:02,1,1.5,-73.97198486328125,40.782180786132805,1,N,-73.95148468017578,40.77530670166016,1,7.0,0.5,0.5,1.65,0.0,0.3,9.95
2041,1,2015-01-07 22:16:48,2015-01-07 22:27:41,1,2.5,-73.97760772705078,40.75801467895508,1,N,-73.98641204833984,40.72808837890625,2,10.5,0.5,0.5,0.0,0.0,0.3,11.8
2042,1,2015-01-07 22:16:48,2015-01-07 22:37:56,1,4.9,-73.99076843261719,40.746185302734375,1,N,-73.94938659667967,40.79646301269531,2,19.0,0.5,0.5,0.0,0.0,0.3,20.3
2043,1,2015-01-07 22:16:48,2015-01-07 22:26:47,1,0.9,-73.98568725585938,40.74097442626953,1,N,-73.97303009033203,40.74361038208008,1,8.0,0.5,0.5,1.85,0.0,0.3,11.15
2044,1,2015-01-07 22:16:48,2015-01-07 22:24:45,4,0.8,-73.97031402587889,40.76385116577149,1,N,-73.98258209228516,40.76902770996094,2,7.0,0.5,0.5,0.0,0.0,0.3,8.3
2045,1,2015-01-21 07:26:56,2015-01-21 07:36:35,1,1.4,-73.9846954345703,40.77001953125,1,N,-73.9896240234375,40.75395965576172,1,8.0,0.0,0.5,2.0,0.0,0.3,10.8
2046,1,2015-01-21 07:26:56,2015-01-21 07:38:36,1,1.8,-73.99076080322266,40.74005508422852,1,N,-73.97943878173827,40.76144790649414,1,10.0,0.0,0.5,1.0,0.0,0.3,11.8
2047,1,2015-01-21 07:26:57,2015-01-21 07:32:39,1,1.1,-73.9685821533203,40.79065704345703,1,N,-73.9744415283203,40.790912628173835,1,6.5,0.0,0.5,1.1,0.0,0.3,8.4
2048,1,2015-01-21 07:26:57,2015-01-21 07:49:34,2,4.8,-74.00035858154298,40.73238754272461,1,N,-73.98171997070312,40.78371047973633,1,20.0,0.0,0.5,2.0,0.0,0.3,22.8
2049,1,2015-01-21 07:26:57,2015-01-21 07:34:08,1,2.0,-73.99565887451173,40.73343276977539,1,N,-74.01373291015625,40.71501541137695,1,8.5,0.0,0.5,2.0,0.0,0.3,11.3
2050,1,2015-01-21 07:26:58,2015-01-21 07:35:31,1,2.1,-73.94718933105469,40.77170181274414,1,N,-73.97154235839844,40.75404739379882,1,9.5,0.0,0.5,1.2,0.0,0.3,11.5
2051,1,2015-01-21 07:26:58,2015-01-21 07:48:09,1,5.7,-73.9749984741211,40.790470123291016,1,N,-74.01010131835938,40.7213249206543,1,20.0,0.0,0.5,2.0,0.0,0.3,22.8
2052,1,2015-01-21 07:26:58,2015-01-21 07:33:12,1,1.2,-73.98161315917967,40.74064254760742,1,N,-73.97823333740233,40.72946548461913,2,6.5,0.0,0.5,0.0,0.0,0.3,7.3
2053,1,2015-01-21 07:26:59,2015-01-21 07:46:19,1,4.5,-73.95723724365233,40.78326416015625,1,N,-74.00286865234375,40.7425651550293,2,17.0,0.0,0.5,0.0,0.0,0.3,17.8
2054,1,2015-01-21 07:26:59,2015-01-21 07:36:21,1,1.0,-73.99158477783203,40.76464080810546,1,N,-73.97368621826173,40.756343841552734,1,7.0,0.0,0.5,1.55,0.0,0.3,9.35
2055,1,2015-01-21 07:26:59,2015-01-21 07:35:32,1,1.5,-73.99170684814453,40.74977111816406,1,N,-73.97368621826173,40.752639770507805,1,7.5,0.0,0.5,1.65,0.0,0.3,9.95
2056,1,2015-01-21 07:27:00,2015-01-21 07:32:20,1,1.2,-73.99065399169923,40.74922561645508,1,N,-73.9856185913086,40.76370620727539,2,6.0,0.0,0.5,0.0,0.0,0.3,6.8
2057,1,2015-01-21 07:27:00,2015-01-21 07:41:35,1,1.3,-73.98622131347656,40.76726150512695,1,N,-73.97146606445312,40.7576560974121,2,10.0,0.0,0.5,0.0,0.0,0.3,10.8
2058,1,2015-01-21 07:27:00,2015-01-21 07:31:56,4,1.0,-73.98505401611328,40.735816955566406,1,N,-73.975341796875,40.74791717529297,2,6.0,0.0,0.5,0.0,0.0,0.3,6.8
2059,1,2015-01-21 07:27:00,2015-01-21 07:35:22,1,1.6,-73.95977020263672,40.779541015625,1,N,-73.9698486328125,40.75965881347656,1,7.5,0.0,0.5,1.0,0.0,0.3,9.3
2060,1,2015-01-21 07:27:01,2015-01-21 07:38:17,1,1.4,-73.97676849365233,40.788379669189446,1,N,-73.96282196044923,40.77553939819336,2,8.0,0.0,0.5,0.0,0.0,0.3,8.8
2061,1,2015-01-21 07:27:01,2015-01-21 07:32:35,1,1.1,-73.98889923095702,40.736595153808594,1,N,-73.99765777587889,40.746490478515625,1,6.0,0.0,0.5,1.0,0.0,0.3,7.8
2062,1,2015-01-21 07:27:01,2015-01-21 07:52:18,1,5.6,-73.9612045288086,40.81210708618164,1,N,-73.98199462890625,40.74637985229492,1,21.0,0.0,0.5,2.0,0.0,0.3,23.8
2063,2,2015-01-28 13:15:48,2015-01-28 13:27:28,1,1.42,-73.994873046875,40.750099182128906,1,N,-73.9777603149414,40.75822830200195,2,9.0,0.0,0.5,0.0,0.0,0.3,9.8
2064,2,2015-01-28 13:15:49,2015-01-28 13:44:05,1,7.51,-73.97663879394531,40.763126373291016,1,N,-74.01353454589844,40.714946746826165,1,27.0,0.0,0.5,3.5,0.0,0.3,31.3
2065,2,2015-01-28 13:15:49,2015-01-28 13:23:59,1,1.07,-73.95630645751953,40.77846908569336,1,N,-73.95517730712889,40.76731872558594,2,7.0,0.0,0.5,0.0,0.0,0.3,7.8
2066,2,2015-01-28 13:15:49,2015-01-28 13:34:16,1,8.21,-73.86283874511719,40.76904678344727,1,N,-73.94999694824217,40.7854881286621,1,25.5,0.0,0.5,7.91,5.33,0.3,39.54
2067,2,2015-01-28 13:15:49,2015-01-28 13:38:04,1,4.54,-73.97953033447266,40.759422302246094,1,N,-73.93475341796875,40.794876098632805,2,18.5,0.0,0.5,0.0,0.0,0.3,19.3
2068,2,2015-01-28 13:15:49,2015-01-28 13:24:28,1,0.76,-73.99904632568358,40.71372985839844,1,N,-73.99617004394531,40.723529815673835,1,7.0,0.0,0.5,1.56,0.0,0.3,9.36
2069,2,2015-01-28 13:15:49,2015-01-28 13:28:34,1,4.59,-74.01081848144531,40.71680450439453,1,N,-73.98267364501953,40.719947814941406,1,16.0,0.0,0.5,2.0,0.0,0.3,18.8
2070,2,2015-01-28 13:15:50,2015-01-28 13:18:53,6,0.45,-73.9964599609375,40.72547912597656,1,N,-74.0008087158203,40.720951080322266,2,4.0,0.0,0.5,0.0,0.0,0.3,4.8
2071,2,2015-01-28 13:15:50,2015-01-28 13:21:34,1,1.19,-73.98860931396483,40.74943542480469,1,N,-74.00192260742188,40.74055099487305,1,6.5,0.0,0.5,1.82,0.0,0.3,9.12
2072,2,2015-01-28 13:15:50,2015-01-28 13:22:14,1,1.39,-74.01714324951173,40.70891189575195,1,N,-74.00838470458984,40.722671508789055,2,7.0,0.0,0.5,0.0,0.0,0.3,7.8
2073,2,2015-01-28 13:15:51,2015-01-28 13:54:46,5,14.96,-73.86283874511719,40.768798828125,1,N,-73.9632339477539,40.80873107910156,1,44.5,0.0,0.5,5.0,5.33,0.3,55.63
2074,2,2015-01-28 13:15:51,2015-01-28 13:30:17,3,2.12,-73.95491790771484,40.76925659179688,1,N,-73.98200988769531,40.76945114135742,1,11.0,0.0,0.5,1.0,0.0,0.3,12.8
2075,2,2015-01-28 13:15:51,2015-01-28 13:27:25,6,4.68,-73.97643280029298,40.73762130737305,1,N,-73.94219970703125,40.79059982299805,1,15.5,0.0,0.5,3.1,0.0,0.3,19.4
2076,2,2015-01-28 13:15:51,2015-01-28 13:27:23,1,2.15,-73.95426940917967,40.78670501708984,1,N,-73.97174072265625,40.782005310058594,2,10.5,0.0,0.5,0.0,0.0,0.3,11.3
2077,2,2015-01-28 13:15:51,2015-01-28 13:22:21,5,0.71,-74.0026092529297,40.73948669433594,1,N,-73.9915771484375,40.735233306884766,2,6.0,0.0,0.5,0.0,0.0,0.3,6.8
2078,2,2015-01-28 13:15:52,2015-01-28 13:30:43,1,0.95,-73.98522186279298,40.7413215637207,1,N,-73.97931671142578,40.75252151489258,1,10.0,0.0,0.5,1.0,0.0,0.3,11.8
2079,2,2015-01-28 13:15:53,2015-01-28 13:36:00,1,7.82,-73.9903564453125,40.757568359375,1,N,-73.94268035888672,40.843894958496094,2,24.5,0.0,0.5,0.0,0.0,0.3,25.3
2080,2,2015-01-28 13:15:53,2015-01-28 13:27:21,1,0.48,-73.98113250732422,40.75846099853516,1,N,-73.97653198242188,40.76418685913086,1,8.0,0.0,0.5,1.0,0.0,0.3,9.8
2081,2,2015-01-28 13:15:53,2015-01-28 13:31:30,6,2.23,-73.99046325683594,40.73719024658203,1,N,-73.99160766601561,40.71548080444336,1,11.5,0.0,0.5,2.3,0.0,0.3,14.6
2082,2,2015-01-28 13:15:53,2015-01-28 13:28:05,1,1.27,-73.97781372070312,40.75167083740234,1,N,-73.98458099365233,40.76302337646485,2,9.0,0.0,0.5,0.0,0.0,0.3,9.8
2083,2,2015-01-28 13:15:54,2015-01-28 13:23:48,2,1.1,-74.00051116943358,40.73249053955078,1,N,-73.98338317871094,40.726238250732415,2,7.0,0.0,0.5,0.0,0.0,0.3,7.8
2084,2,2015-01-28 13:15:54,2015-01-28 13:44:14,1,16.03,-73.97247314453125,40.75606155395508,2,N,-73.8043212890625,40.649513244628906,1,52.0,0.0,0.5,14.53,5.33,0.3,72.66
2085,1,2015-01-21 07:27:01,2015-01-21 07:35:49,2,1.3,0.0,0.0,1,N,0.0,0.0,2,7.5,0.0,0.5,0.0,0.0,0.3,8.3
2086,1,2015-01-21 07:27:01,2015-01-21 07:30:44,1,0.7,-73.94959259033203,40.77273178100586,1,N,-73.95578765869139,40.76433944702149,2,5.0,0.0,0.5,0.0,0.0,0.3,5.8
2087,1,2015-01-21 07:27:02,2015-01-21 07:50:28,1,4.4,-73.9242172241211,40.74399566650391,1,N,-73.98368835449217,40.74394226074219,1,18.0,0.0,0.5,4.7,0.0,0.3,23.5
2088,1,2015-01-21 07:27:02,2015-01-21 07:40:48,1,2.5,-73.97663116455078,40.7324447631836,1,N,-73.97510528564453,40.75718688964844,1,11.5,0.0,0.5,2.0,0.0,0.3,14.3
2089,1,2015-01-23 18:44:09,2015-01-23 18:48:42,1,0.8,-73.97273254394531,40.74938583374024,1,N,-73.98226928710938,40.74271774291992,1,5.0,1.0,0.5,1.35,0.0,0.3,8.15
2090,2,2015-01-22 17:38:54,2015-01-22 17:48:23,5,1.14,-73.98778533935547,40.739070892333984,1,N,-73.99463653564453,40.72682571411133,1,8.0,1.0,0.5,2.45,0.0,0.3,12.25
2091,2,2015-01-22 17:38:55,2015-01-22 17:53:17,2,1.73,-73.9727020263672,40.780879974365234,1,N,-73.98514556884764,40.76016616821289,2,10.0,1.0,0.5,0.0,0.0,0.3,11.8
2092,2,2015-01-22 17:38:55,2015-01-22 17:59:27,6,4.7,-74.00838470458984,40.71169662475586,1,N,-73.98260498046875,40.74777603149414,1,18.0,1.0,0.5,3.96,0.0,0.3,23.76
2093,2,2015-01-22 17:38:55,2015-01-22 17:43:19,1,0.92,-73.98265838623048,40.77446746826172,1,N,-73.98154449462889,40.763008117675774,2,5.0,1.0,0.5,0.0,0.0,0.3,6.8
2094,2,2015-01-22 17:38:55,2015-01-22 17:53:53,2,2.24,-73.96629333496092,40.789596557617195,1,N,-73.95015716552734,40.76884078979492,2,11.5,1.0,0.5,0.0,0.0,0.3,13.3
2095,2,2015-01-22 17:38:55,2015-01-22 17:44:08,5,0.86,-73.96343994140625,40.80899810791016,1,N,-73.97107696533203,40.79807662963867,1,5.5,1.0,0.5,1.0,0.0,0.3,8.3
2096,2,2015-01-22 17:38:56,2015-01-22 17:55:35,1,2.08,-73.99111938476561,40.73085021972656,1,N,-73.97488403320312,40.750682830810554,1,12.5,1.0,0.5,2.86,0.0,0.3,17.16
2097,2,2015-01-22 17:38:56,2015-01-22 17:52:36,1,0.86,-73.97987365722656,40.76559066772461,1,N,-73.98889923095702,40.75828170776367,2,9.5,1.0,0.5,0.0,0.0,0.3,11.3
2098,2,2015-01-22 17:38:56,2015-01-22 18:10:02,6,6.54,-73.99973297119139,40.7220115661621,1,N,-73.9484634399414,40.77633285522461,1,24.5,1.0,0.5,5.26,0.0,0.3,31.56
2099,2,2015-01-22 17:38:56,2015-01-22 17:59:57,1,2.66,-73.93291473388672,40.74501800537109,1,N,-73.96598815917967,40.76799774169922,1,14.5,1.0,0.5,2.0,0.0,0.3,18.3
2100,2,2015-01-22 17:38:57,2015-01-22 18:07:55,1,3.43,-73.950439453125,40.77956771850586,1,N,-73.98725891113281,40.75057601928711,1,19.5,1.0,0.5,4.0,0.0,0.3,25.3
2101,2,2015-01-22 17:38:57,2015-01-22 17:46:12,2,1.44,-73.97246551513672,40.74949264526367,1,N,-73.98373413085938,40.73173141479492,1,7.0,1.0,0.5,1.76,0.0,0.3,10.56
2102,2,2015-01-22 17:38:57,2015-01-22 17:52:50,1,1.69,-73.95429992675781,40.78125762939453,1,N,-73.96107482910156,40.76173782348633,2,10.5,1.0,0.5,0.0,0.0,0.3,12.3
2103,2,2015-01-06 11:49:49,2015-01-06 12:02:43,1,2.26,-73.97801971435547,40.762351989746094,1,N,-73.99503326416014,40.73920822143555,2,10.5,0.0,0.5,0.0,0.0,0.3,11.3
2104,2,2015-01-06 11:49:49,2015-01-06 11:59:17,1,0.9,-73.98876953125,40.74583053588867,1,N,-73.97977447509764,40.7521858215332,2,7.5,0.0,0.5,0.0,0.0,0.3,8.3
2105,2,2015-01-06 11:49:50,2015-01-06 11:57:54,6,0.76,-73.98377990722656,40.725540161132805,1,N,-73.99269866943358,40.730098724365234,1,7.0,0.0,0.5,1.0,0.0,0.3,8.8
2106,2,2015-01-06 11:49:50,2015-01-06 11:57:49,1,1.41,-73.96731567382812,40.771881103515625,1,N,-73.97679901123048,40.77924728393555,1,7.5,0.0,0.5,1.5,0.0,0.3,9.8
2107,2,2015-01-06 11:49:50,2015-01-06 12:03:41,3,1.47,-73.9843521118164,40.7321891784668,1,N,-73.97705078125,40.74958801269531,1,10.0,0.0,0.5,1.0,0.0,0.3,11.8
2108,2,2015-01-06 11:49:50,2015-01-06 12:03:18,1,1.19,-73.9935302734375,40.746826171875,1,N,-73.98323822021484,40.757617950439446,1,9.5,0.0,0.5,1.9,0.0,0.3,12.2
2109,2,2015-01-06 11:49:51,2015-01-06 12:09:28,1,6.31,-73.98661804199219,40.75115585327149,1,N,-73.9613037109375,40.81170654296875,1,21.0,0.0,0.5,0.0,0.0,0.3,21.8
2110,2,2015-01-06 11:49:51,2015-01-06 13:03:03,1,41.94,-73.93940734863281,40.75041961669922,5,N,-74.39395141601561,40.53121948242188,1,190.0,0.0,0.0,0.0,14.75,0.3,205.05
2111,2,2015-01-06 11:49:51,2015-01-06 12:16:25,1,4.95,-73.98571014404298,40.758495330810554,1,N,-74.01657104492188,40.704776763916016,2,21.5,0.0,0.5,0.0,0.0,0.3,22.3
2112,2,2015-01-06 11:49:51,2015-01-06 12:03:17,5,1.34,-73.98650360107422,40.761810302734375,1,N,-73.97857666015625,40.75109100341797,1,10.0,0.0,0.5,2.0,0.0,0.3,12.8
2113,2,2015-01-06 11:49:51,2015-01-06 12:14:40,6,2.43,-73.97618103027344,40.765018463134766,1,N,-73.95272827148438,40.78950881958008,2,15.5,0.0,0.5,0.0,0.0,0.3,16.3
2114,2,2015-01-06 11:49:52,2015-01-06 12:04:41,2,1.29,-73.97978973388672,40.761962890625,1,N,-73.9752197265625,40.7496337890625,1,10.0,0.0,0.5,2.0,0.0,0.3,12.8
2115,2,2015-01-06 11:49:52,2015-01-06 11:57:39,1,0.9,-73.97617340087889,40.749794006347656,1,N,-73.97496032714845,40.74183654785156,2,6.5,0.0,0.5,0.0,0.0,0.3,7.3
2116,2,2015-01-06 11:49:53,2015-01-06 12:03:52,6,1.81,-73.94268798828125,40.816890716552734,1,N,-73.9500961303711,40.79563522338867,2,10.5,0.0,0.5,0.0,0.0,0.3,11.3
2117,2,2015-01-06 11:49:54,2015-01-06 12:15:13,5,11.54,-73.95600128173827,40.76380157470703,1,N,-73.98011779785155,40.64973068237305,2,34.0,0.0,0.5,0.0,0.0,0.3,34.8
2118,2,2015-01-06 11:49:55,2015-01-06 12:07:32,1,6.3,-74.01487731933594,40.71443176269531,1,N,-73.97804260253906,40.752220153808594,2,21.0,0.0,0.5,0.0,0.0,0.3,21.8
2119,2,2015-01-06 11:49:55,2015-01-06 11:53:13,1,0.56,-73.97927856445312,40.75103378295898,1,N,-73.98403930664062,40.745731353759766,1,4.5,0.0,0.5,0.9,0.0,0.3,6.2
2120,2,2015-01-06 11:49:55,2015-01-06 11:54:24,5,0.92,-74.00516510009764,40.73717498779297,1,N,-73.99706268310547,40.7471809387207,2,5.5,0.0,0.5,0.0,0.0,0.3,6.3
2121,2,2015-01-06 11:49:56,2015-01-06 11:54:41,1,0.57,-73.96917724609375,40.785400390625,1,N,-73.97559356689453,40.782005310058594,1,5.0,0.0,0.5,1.0,0.0,0.3,6.8
2122,2,2015-01-06 11:49:56,2015-01-06 12:01:34,1,1.61,-73.97679901123048,40.784229278564446,1,N,-73.96262359619139,40.76976013183594,2,8.5,0.0,0.5,0.0,0.0,0.3,9.3
2123,2,2015-01-06 11:49:56,2015-01-06 11:52:19,1,0.28,-73.98551940917967,40.732620239257805,1,N,-73.98887634277344,40.734050750732415,2,3.5,0.0,0.5,0.0,0.0,0.3,4.3
2124,2,2015-01-06 19:24:40,2015-01-06 19:30:17,1,0.65,-73.97124481201173,40.759037017822266,1,N,-73.96189880371094,40.75616836547852,1,5.5,1.0,0.5,1.0,0.0,0.3,8.3
2125,2,2015-01-06 19:24:40,2015-01-06 19:40:20,5,3.64,-74.00009918212889,40.721389770507805,1,N,-73.96753692626953,40.70059967041016,2,14.0,1.0,0.5,0.0,0.0,0.3,15.8
2126,2,2015-01-06 19:24:41,2015-01-06 19:37:17,1,2.08,-74.004150390625,40.70705032348633,1,N,-73.99797058105469,40.72589111328125,1,10.5,1.0,0.5,3.45,0.0,0.3,15.75
2127,2,2015-01-06 19:24:42,2015-01-06 19:37:19,1,2.07,-74.00025177001953,40.7485466003418,1,N,-73.99498748779298,40.726112365722656,1,10.0,1.0,0.5,2.75,0.0,0.3,14.55
2128,1,2015-01-10 23:05:18,2015-01-10 23:21:33,1,3.9,-73.98361206054686,40.74086380004882,1,N,-73.96827697753906,40.78498840332031,1,15.5,0.5,0.5,3.0,0.0,0.3,19.8
2129,1,2015-01-10 23:05:18,2015-01-10 23:16:00,1,2.6,-73.9725112915039,40.75342178344727,1,N,-73.97079467773438,40.78328323364258,1,10.5,0.5,0.5,2.36,0.0,0.3,14.16
2130,1,2015-01-10 23:05:19,2015-01-10 23:26:10,1,3.9,-73.99724578857422,40.68436813354492,1,N,-73.98764038085938,40.73264694213867,2,17.0,0.5,0.5,0.0,0.0,0.3,18.3
2131,1,2015-01-10 23:05:19,2015-01-10 23:23:19,1,5.5,-73.99935150146483,40.72006607055664,1,N,-73.95606994628906,40.74607849121094,2,19.0,0.5,0.5,0.0,0.0,0.3,20.3
2132,1,2015-01-10 23:05:20,2015-01-10 23:12:05,1,1.2,-73.96826171875,40.78680038452149,1,N,-73.95501708984375,40.7759017944336,2,6.5,0.5,0.5,0.0,0.0,0.3,7.8
2133,1,2015-01-10 23:05:20,2015-01-10 23:21:08,2,2.0,-73.98566436767578,40.74113082885742,1,N,-73.9959487915039,40.75904846191406,1,12.0,0.5,0.5,2.65,0.0,0.3,15.95
2134,1,2015-01-10 23:05:20,2015-01-10 23:20:20,1,2.2,-73.98804473876953,40.73184967041016,1,N,-73.9906234741211,40.75613021850586,1,12.0,0.5,0.5,3.0,0.0,0.3,16.3
2135,1,2015-01-10 23:05:20,2015-01-10 23:11:33,3,0.9,-73.98457336425781,40.76403045654297,1,N,-73.99725341796875,40.76287841796875,2,6.0,0.5,0.5,0.0,0.0,0.3,7.3
2136,1,2015-01-10 23:05:21,2015-01-10 23:15:53,1,1.4,-73.98893737792967,40.72175216674805,1,N,-73.9905014038086,40.73692321777344,1,8.5,0.5,0.5,1.95,0.0,0.3,11.75
2137,2,2015-01-25 17:49:35,2015-01-25 17:53:53,5,0.69,-73.9803009033203,40.74274826049805,1,N,-73.97339630126953,40.74911117553711,2,5.0,0.0,0.5,0.0,0.0,0.3,5.8
2138,2,2015-01-25 17:49:35,2015-01-25 17:55:01,1,0.8,-73.9793930053711,40.78955078125,1,N,-73.98191833496092,40.78010940551758,2,5.5,0.0,0.5,0.0,0.0,0.3,6.3
2139,2,2015-01-25 17:49:35,2015-01-25 18:05:52,1,2.62,-73.98867797851561,40.758827209472656,1,N,-73.98375701904298,40.743648529052734,2,13.0,0.0,0.5,0.0,0.0,0.3,13.8
2140,2,2015-01-25 17:49:35,2015-01-25 17:51:48,1,0.54,-73.96111297607422,40.76071548461913,1,N,-73.95597076416014,40.76604843139648,1,4.0,0.0,0.5,1.2,0.0,0.3,6.0
2141,2,2015-01-25 17:49:35,2015-01-25 17:57:07,6,1.07,-74.01168823242188,40.71541595458984,1,N,-74.00381469726561,40.72638320922852,1,7.0,0.0,0.5,1.95,0.0,0.3,9.75
2142,2,2015-01-25 17:49:36,2015-01-25 17:58:35,1,1.48,-73.97666931152342,40.747722625732415,1,N,-73.96333312988281,40.76558303833008,2,8.0,0.0,0.5,0.0,0.0,0.3,8.8
2143,2,2015-01-25 17:49:36,2015-01-25 18:33:24,2,19.82,-73.97148895263672,40.79787063598633,2,N,-73.7898712158203,40.646949768066406,2,52.0,0.0,0.5,0.0,5.33,0.3,58.13
2144,2,2015-01-25 17:49:37,2015-01-25 17:59:40,2,2.02,-73.98335266113281,40.76068115234375,1,N,-74.00209045410156,40.73477554321289,1,9.0,0.0,0.5,2.7,0.0,0.3,12.5
2145,2,2015-01-25 17:49:37,2015-01-25 18:08:55,1,2.79,-74.00591278076173,40.74005126953125,1,N,-73.97338104248048,40.75463104248047,2,14.0,0.0,0.5,0.0,0.0,0.3,14.8
2146,2,2015-01-25 17:49:37,2015-01-25 17:55:01,1,1.2,-74.00636291503906,40.733158111572266,1,N,-73.99234771728516,40.7387809753418,1,6.0,0.0,0.5,1.36,0.0,0.3,8.16
2147,2,2015-01-25 17:49:37,2015-01-25 17:52:02,5,0.54,-73.96382141113281,40.765331268310554,1,N,-73.95867156982422,40.77225112915039,1,4.0,0.0,0.5,0.8,0.0,0.3,5.6
2148,2,2015-01-25 17:49:38,2015-01-25 18:04:20,5,4.61,-73.97570037841797,40.74905014038086,1,N,-74.00602722167967,40.709449768066406,1,16.0,0.0,0.5,3.36,0.0,0.3,20.16
2149,2,2015-01-25 17:49:38,2015-01-25 17:59:10,1,1.94,-73.95849609375,40.78147888183594,1,N,-73.9836654663086,40.78073120117188,1,9.0,0.0,0.5,1.96,0.0,0.3,11.76
2150,2,2015-01-25 17:49:38,2015-01-25 17:54:56,5,0.77,-73.98992919921875,40.756938934326165,1,N,-73.98782348632812,40.76528930664063,1,5.5,0.0,0.5,1.26,0.0,0.3,7.56
2151,2,2015-01-25 17:49:38,2015-01-25 17:55:28,1,0.78,-74.00083923339844,40.757415771484375,1,N,-73.99242401123048,40.75394821166992,1,5.5,0.0,0.5,1.26,0.0,0.3,7.56
2152,2,2015-01-25 17:49:39,2015-01-25 18:16:36,1,3.71,-74.00762176513672,40.74087905883789,1,N,-73.98087310791014,40.774993896484375,1,18.5,0.0,0.5,1.0,0.0,0.3,20.3
2153,2,2015-01-25 17:49:39,2015-01-25 18:05:53,1,2.89,-73.97308349609375,40.78271484375,1,N,-73.99525451660156,40.74976348876953,2,13.0,0.0,0.5,0.0,0.0,0.3,13.8
2154,2,2015-01-25 17:49:39,2015-01-25 18:32:37,1,16.8,-73.78807830810547,40.64150619506836,2,N,-73.97444915771484,40.750801086425774,1,52.0,0.0,0.5,14.53,5.33,0.3,72.66
2155,2,2015-01-25 17:49:40,2015-01-25 17:52:51,3,0.56,-73.94976806640625,40.77711868286133,1,N,-73.9558868408203,40.78160858154297,2,4.5,0.0,0.5,0.0,0.0,0.3,5.3
2156,2,2015-01-25 17:49:40,2015-01-25 17:58:37,1,1.17,-73.99217987060547,40.713809967041016,1,N,-73.9918670654297,40.72615814208984,2,7.5,0.0,0.5,0.0,0.0,0.3,8.3
2157,2,2015-01-25 17:49:40,2015-01-25 18:05:58,5,6.3,-74.00890350341797,40.70423889160156,1,N,-73.97791290283203,40.75962829589844,1,20.0,0.0,0.5,2.0,0.0,0.3,22.8
2158,1,2015-01-10 21:27:46,2015-01-10 21:32:16,2,1.4,-73.94955444335938,40.78125381469727,1,N,-73.96281433105469,40.766693115234375,2,6.0,0.5,0.5,0.0,0.0,0.3,7.3
2159,1,2015-01-10 21:27:46,2015-01-10 21:40:19,3,2.2,-73.99293518066406,40.75362396240234,1,N,-73.98589324951173,40.73119354248047,1,10.0,0.5,0.5,0.56,0.0,0.3,11.86
2160,1,2015-01-10 21:27:46,2015-01-10 21:30:34,2,0.2,-74.00483703613281,40.74163055419922,1,N,-74.0059814453125,40.7399787902832,2,3.5,0.5,0.5,0.0,0.0,0.3,4.8
2161,1,2015-01-10 21:27:47,2015-01-10 21:34:04,1,2.0,-73.96598052978516,40.79499816894531,1,N,-73.98461151123048,40.769546508789055,1,8.0,0.5,0.5,1.7,0.0,0.3,11.0
2162,1,2015-01-10 21:27:47,2015-01-10 21:36:21,1,1.5,-73.98113250732422,40.762310028076165,1,N,-73.98213195800781,40.74654006958008,2,8.0,0.5,0.5,0.0,0.0,0.3,9.3
2163,1,2015-01-10 21:27:47,2015-01-10 21:36:14,2,1.0,-73.98776245117188,40.72420501708984,1,N,-73.99079895019531,40.73394393920898,1,7.0,0.5,0.5,1.0,0.0,0.3,9.3
2164,1,2015-01-10 21:27:48,2015-01-10 21:38:38,1,2.7,-73.92517852783203,40.76852416992188,1,N,-73.90335845947266,40.7728385925293,1,11.0,0.5,0.5,0.0,0.0,0.3,12.3
2165,1,2015-01-10 21:27:48,2015-01-10 21:42:23,2,2.6,-73.9664306640625,40.76179504394531,1,N,-73.99675750732422,40.74455261230469,2,12.0,0.5,0.5,0.0,0.0,0.3,13.3
2166,1,2015-01-10 21:27:48,2015-01-10 21:38:01,1,1.5,-73.98739624023438,40.7291259765625,1,N,-74.00516510009764,40.717315673828125,1,8.5,0.5,0.5,2.45,0.0,0.3,12.25
2167,1,2015-01-10 21:27:48,2015-01-10 21:42:43,3,3.1,-73.97753143310547,40.76387786865234,1,N,-73.95684051513672,40.80230712890625,1,13.5,0.5,0.5,2.95,0.0,0.3,17.75
2168,1,2015-01-10 21:27:48,2015-01-10 21:41:16,1,2.6,-73.98817443847656,40.7236328125,1,N,-73.97296142578125,40.75567626953125,2,11.5,0.5,0.5,0.0,0.0,0.3,12.8
2169,1,2015-01-10 21:27:48,2015-01-10 21:29:54,1,0.5,-73.95273590087889,40.7784309387207,1,N,-73.94557189941406,40.77825927734375,2,4.0,0.5,0.5,0.0,0.0,0.3,5.3
2170,1,2015-01-10 21:27:48,2015-01-10 21:50:34,1,4.5,-73.97078704833984,40.7834587097168,1,N,-73.9859848022461,40.73086929321289,1,18.0,0.5,0.5,4.8,0.0,0.3,24.1
2171,1,2015-01-10 21:27:48,2015-01-10 21:39:24,2,1.7,-74.00897979736328,40.73806381225586,1,N,-74.00611114501953,40.71952438354492,1,9.5,0.5,0.5,1.0,0.0,0.3,11.8
2172,1,2015-01-10 21:27:48,2015-01-10 21:29:52,2,0.3,-73.98189544677734,40.76643753051758,1,N,-73.97669982910156,40.765262603759766,2,3.5,0.5,0.5,0.0,0.0,0.3,4.8
2173,1,2015-01-10 21:27:49,2015-01-10 22:00:17,1,4.7,-73.9931411743164,40.72262954711913,1,N,-73.96492004394531,40.774051666259766,1,22.0,0.5,0.5,2.0,0.0,0.3,25.3
2174,1,2015-01-10 21:27:49,2015-01-10 21:33:27,1,0.8,-73.98146820068358,40.750347137451165,1,N,-73.99018096923827,40.75732421875,2,5.5,0.5,0.5,0.0,0.0,0.3,6.8
2175,1,2015-01-10 21:27:49,2015-01-10 21:36:04,2,1.2,-73.99752044677734,40.72075653076172,1,N,-74.00707244873048,40.732948303222656,2,7.5,0.5,0.5,0.0,0.0,0.3,8.8
2176,1,2015-01-10 21:27:50,2015-01-10 21:36:36,1,1.7,-73.96769714355469,40.76306915283203,1,N,-73.98341369628906,40.741165161132805,2,8.0,0.5,0.5,0.0,0.0,0.3,9.3
2177,1,2015-01-10 21:27:50,2015-01-10 21:53:28,1,4.4,-73.98003387451173,40.784076690673835,1,N,-73.99992370605469,40.73082733154297,1,19.0,0.5,0.5,2.0,0.0,0.3,22.3
2178,1,2015-01-10 21:27:50,2015-01-10 21:35:03,3,1.1,-73.99354553222656,40.745826721191406,1,N,-73.9798355102539,40.73664855957031,1,6.5,0.5,0.5,1.95,0.0,0.3,9.75
2179,1,2015-01-10 21:27:50,2015-01-10 21:34:07,1,0.8,-73.95355224609375,40.717918395996094,1,N,-73.9630126953125,40.710208892822266,1,6.0,0.5,0.5,1.8,0.0,0.3,9.1
2180,2,2015-01-10 21:34:47,2015-01-10 21:41:38,5,1.19,-74.0021743774414,40.73435974121094,1,N,-73.98711395263672,40.74047088623047,1,6.5,0.5,0.5,1.4,0.0,0.3,9.2
2181,2,2015-01-10 21:34:47,2015-01-10 21:42:30,1,1.59,-73.98189544677734,40.778133392333984,1,N,-73.97414398193358,40.76061248779297,1,8.0,0.5,0.5,1.7,0.0,0.3,11.0
2182,2,2015-01-10 21:34:48,2015-01-10 21:39:14,2,0.58,-73.98175048828125,40.73262786865234,1,N,-73.98927307128906,40.73160552978516,1,4.5,0.5,0.5,1.0,0.0,0.0,6.5
2183,2,2015-01-10 21:34:48,2015-01-10 21:43:10,1,1.31,-74.00218200683594,40.73871994018555,1,N,-73.99783325195312,40.75413131713867,1,7.5,0.5,0.5,1.6,0.0,0.3,10.4
2184,2,2015-01-10 21:34:48,2015-01-10 21:38:06,3,0.19,-74.0045166015625,40.74055480957031,1,N,-74.00165557861328,40.73933792114258,2,4.0,0.5,0.5,0.0,0.0,0.3,5.3
2185,2,2015-01-10 21:34:48,2015-01-10 21:48:42,5,1.52,-73.98873901367188,40.739559173583984,1,N,-74.0067367553711,40.73022079467773,1,10.0,0.5,0.5,2.1,0.0,0.3,13.4
2186,2,2015-01-10 21:34:48,2015-01-10 21:44:52,1,2.37,-73.95164489746092,40.77783584594727,1,N,-73.9710464477539,40.79851531982422,1,10.0,0.5,0.5,2.62,0.0,0.3,13.92
2187,2,2015-01-10 21:34:49,2015-01-10 21:57:37,2,2.53,-73.8831329345703,40.74468612670898,1,N,-73.88398742675781,40.74505615234375,2,15.0,0.5,0.5,0.0,0.0,0.3,16.3
2188,2,2015-01-10 21:34:50,2015-01-10 22:07:25,5,15.71,-74.01502227783203,40.71615982055664,1,N,-73.88748168945312,40.771438598632805,2,45.5,0.5,0.5,0.0,5.33,0.3,52.13
2189,2,2015-01-10 21:34:51,2015-01-10 21:49:51,2,2.12,-73.95207977294923,40.77747344970703,1,N,-73.95804595947266,40.76089859008789,1,11.5,0.5,0.5,2.4,0.0,0.3,15.2
2190,2,2015-01-10 21:34:51,2015-01-10 21:42:59,4,1.1,-73.98680877685547,40.7210807800293,1,N,-73.98059844970702,40.73403930664063,2,7.0,0.5,0.5,0.0,0.0,0.3,8.3
2191,2,2015-01-10 21:34:51,2015-01-10 21:41:24,1,0.99,-73.98779296875,40.73821640014648,1,N,-73.9991683959961,40.7315673828125,1,6.0,0.5,0.5,1.3,0.0,0.3,8.6
2192,2,2015-01-10 21:34:52,2015-01-10 21:52:49,2,1.76,-74.00171661376953,40.72787857055664,1,N,-73.98175811767578,40.739139556884766,2,12.5,0.5,0.5,0.0,0.0,0.3,13.8
2193,2,2015-01-10 21:34:52,2015-01-10 21:50:35,1,1.36,-73.98502349853516,40.73152923583984,1,N,-73.98902130126953,40.72029113769531,1,10.5,0.5,0.5,2.2,0.0,0.3,14.0
2194,2,2015-01-10 21:34:52,2015-01-10 21:54:23,1,2.6,-73.9822769165039,40.7517204284668,1,N,-73.98215484619139,40.72383880615234,1,13.5,0.5,0.5,1.0,0.0,0.3,15.8
2195,2,2015-01-10 21:34:53,2015-01-10 21:41:28,1,1.21,-73.98558044433594,40.747116088867195,1,N,-74.00126647949219,40.74665069580078,2,6.5,0.5,0.5,0.0,0.0,0.3,7.8
2196,2,2015-01-10 21:34:53,2015-01-10 21:46:20,2,3.46,-74.00222778320312,40.72649002075195,1,N,-73.98750305175781,40.760356903076165,1,12.0,0.5,0.5,2.5,0.0,0.3,15.8
2197,2,2015-01-10 21:34:53,2015-01-10 22:17:45,1,19.05,-73.78894805908203,40.64358901977539,2,N,-73.98478698730467,40.768421173095696,1,52.0,0.0,0.5,13.0,0.0,0.3,65.8
2198,2,2015-01-10 21:34:53,2015-01-10 21:53:20,2,3.48,-73.9633560180664,40.77466583251953,1,N,-73.98667907714845,40.73689651489258,2,15.0,0.5,0.5,0.0,0.0,0.3,16.3
2199,2,2015-01-10 21:34:54,2015-01-10 21:51:31,6,4.16,-73.97840118408203,40.74525833129882,1,N,-73.94013214111328,40.79383087158203,1,15.0,0.5,0.5,5.0,0.0,0.3,21.3
2200,2,2015-01-10 21:34:54,2015-01-10 21:46:51,3,1.92,-73.99421691894531,40.73881149291992,1,N,-74.00733184814453,40.717811584472656,2,10.0,0.5,0.5,0.0,0.0,0.3,11.3
2201,1,2015-01-10 21:36:46,2015-01-10 21:48:28,1,2.0,-73.98193359375,40.775047302246094,1,N,-73.96641540527342,40.758033752441406,1,10.0,0.5,0.5,2.25,0.0,0.3,13.55
2202,1,2015-01-10 21:36:47,2015-01-10 21:42:23,1,1.1,-73.98154449462889,40.67925262451172,1,N,-73.96295928955078,40.6761474609375,1,5.5,0.5,0.5,1.0,0.0,0.3,7.8
2203,1,2015-01-10 21:36:47,2015-01-10 21:39:36,2,0.6,-73.96248626708984,40.759136199951165,1,N,-73.96282196044923,40.76568222045898,2,4.0,0.5,0.5,0.0,0.0,0.3,5.3
2204,1,2015-01-10 21:36:47,2015-01-10 21:42:27,1,1.2,-73.97850036621094,40.76461410522461,1,N,-73.99076843261719,40.76586532592773,2,6.5,0.5,0.5,0.0,0.0,0.3,7.8
2205,1,2015-01-10 21:36:47,2015-01-10 21:43:23,1,1.5,-73.9651107788086,40.755252838134766,1,N,-73.96505737304686,40.769649505615234,2,7.5,0.5,0.5,0.0,0.0,0.3,8.8
2206,1,2015-01-10 21:36:48,2015-01-10 21:41:08,1,0.9,-73.9847412109375,40.76018905639648,1,N,-73.98935699462889,40.74853515625,1,5.5,0.5,0.5,1.7,0.0,0.3,8.5
2207,1,2015-01-10 21:36:48,2015-01-10 21:45:17,1,1.2,-73.99816131591797,40.72037506103516,1,N,-74.00968170166014,40.71501922607422,1,7.5,0.5,0.5,1.75,0.0,0.3,10.55
2208,1,2015-01-10 21:36:49,2015-01-10 21:50:22,1,3.4,-74.00183868408203,40.73518371582031,1,N,-73.99351501464844,40.70255661010742,1,13.5,0.5,0.5,2.0,0.0,0.3,16.8
2209,1,2015-01-10 21:36:49,2015-01-10 21:39:38,1,0.9,-73.96595764160156,40.7622299194336,1,N,-73.95556640625,40.7693748474121,2,5.0,0.5,0.5,0.0,0.0,0.3,6.3
2210,1,2015-01-10 21:36:49,2015-01-10 21:43:31,2,1.0,-73.98978424072266,40.75900650024414,1,N,-73.97486114501953,40.75815200805664,2,6.0,0.5,0.5,0.0,0.0,0.3,7.3
2211,1,2015-01-10 21:36:50,2015-01-10 21:44:36,1,1.4,-73.9627227783203,40.766895294189446,1,N,-73.982421875,40.77490997314453,1,7.5,0.5,0.5,2.6,0.0,0.3,11.4
2212,1,2015-01-10 21:36:50,2015-01-10 21:54:11,4,2.9,-73.97434234619139,40.76155471801758,1,N,-74.00016021728516,40.728042602539055,2,13.5,0.5,0.5,0.0,0.0,0.3,14.8
2213,1,2015-01-10 21:36:50,2015-01-10 21:50:23,2,2.3,-73.91334533691406,40.765918731689446,1,N,-73.89254760742188,40.74718475341797,1,10.5,0.5,0.5,1.0,0.0,0.3,12.8
2214,1,2015-01-10 21:36:51,2015-01-10 21:50:09,1,4.8,-73.91777038574217,40.77120971679688,1,N,-73.95443725585938,40.80078125,1,16.0,0.5,0.5,4.5,5.33,0.3,27.13
2215,1,2015-01-10 21:36:51,2015-01-10 21:41:33,2,0.6,-73.98625183105469,40.757617950439446,1,N,-73.985595703125,40.76131057739258,2,5.0,0.5,0.5,0.0,0.0,0.3,6.3
2216,1,2015-01-10 21:36:51,2015-01-10 21:49:02,1,2.1,-73.97085571289062,40.75141143798828,1,N,-73.98213195800781,40.77060317993164,1,10.0,0.5,0.5,2.8,0.0,0.3,14.1
2217,1,2015-01-10 21:36:52,2015-01-10 21:46:27,4,1.0,-73.99107360839844,40.749881744384766,1,N,-73.98014068603516,40.74404144287109,2,7.5,0.5,0.5,0.0,0.0,0.3,8.8
2218,1,2015-01-10 21:36:52,2015-01-10 21:44:15,1,1.1,-74.00699615478516,40.735050201416016,1,N,-74.00022888183594,40.747657775878906,2,6.5,0.5,0.5,0.0,0.0,0.3,7.8
2219,1,2015-01-10 21:36:52,2015-01-10 21:44:58,2,1.3,-73.96852111816406,40.754928588867195,1,N,-73.98345184326173,40.744239807128906,1,7.5,0.5,0.5,2.0,0.0,0.3,10.8
2220,1,2015-01-10 21:36:52,2015-01-10 21:42:56,1,0.6,-73.99302673339844,40.74273681640625,1,N,-73.99129486083984,40.749961853027344,2,5.5,0.5,0.5,0.0,0.0,0.3,6.8
2221,1,2015-01-10 21:36:52,2015-01-10 21:41:19,1,1.3,-73.94994354248048,40.78061676025391,1,N,-73.96260070800781,40.76336288452149,1,6.0,0.5,0.5,1.0,0.0,0.3,8.3
2222,1,2015-01-10 21:36:52,2015-01-10 21:47:09,1,1.7,-73.98978424072266,40.75669097900391,1,N,-73.96700286865233,40.75750732421875,1,8.5,0.5,0.5,1.2,0.0,0.3,11.0
2223,2,2015-01-29 21:33:54,2015-01-29 21:42:28,1,1.54,-74.00579833984375,40.740528106689446,1,N,-73.99835968017578,40.72491836547852,1,7.5,0.5,0.5,1.76,0.0,0.3,10.56
2224,2,2015-01-29 21:33:54,2015-01-29 21:49:19,5,3.02,-73.9726333618164,40.75864028930664,1,N,-73.95523834228516,40.745941162109375,1,13.5,0.5,0.5,2.96,0.0,0.3,17.76
2225,2,2015-01-29 21:33:55,2015-01-29 21:38:18,5,0.64,-73.98222351074217,40.77609634399414,1,N,-73.99002838134764,40.776161193847656,1,5.0,0.5,0.5,0.7,0.0,0.3,7.0
2226,2,2015-01-29 21:33:55,2015-01-29 21:38:44,6,1.32,-73.99311065673827,40.759552001953125,1,N,-74.00664520263672,40.748653411865234,2,6.0,0.5,0.5,0.0,0.0,0.3,7.3
2227,2,2015-01-29 21:33:55,2015-01-29 21:39:22,6,0.97,-73.96478271484375,40.767337799072266,1,N,-73.95691680908203,40.77662658691406,2,6.0,0.5,0.5,0.0,0.0,0.3,7.3
2228,2,2015-01-29 21:33:55,2015-01-29 21:58:23,1,7.41,-74.00787353515625,40.71240615844727,1,N,-73.96006774902342,40.71994018554688,1,25.0,0.5,0.5,2.0,0.0,0.3,28.3
2229,2,2015-01-29 21:33:56,2015-01-29 21:44:03,1,1.26,-73.97761535644531,40.75992584228516,1,N,-73.9613265991211,40.76188659667969,2,8.5,0.5,0.5,0.0,0.0,0.3,9.8
2230,2,2015-01-29 21:33:56,2015-01-29 21:38:31,1,0.48,-73.97494506835938,40.7609977722168,1,N,-73.97023010253906,40.761863708496094,1,5.0,0.5,0.5,1.0,0.0,0.3,7.3
2231,2,2015-01-29 21:33:56,2015-01-29 22:07:22,1,6.57,-73.99140930175781,40.72941589355469,1,N,-73.9717254638672,40.792999267578125,1,26.0,0.5,0.5,5.46,0.0,0.3,32.76
2232,2,2015-01-29 21:33:56,2015-01-29 22:05:44,5,5.75,-73.99077606201173,40.73429107666016,1,N,-73.94209289550781,40.683490753173835,1,24.0,0.5,0.5,2.0,0.0,0.3,27.3
2233,2,2015-01-29 21:33:56,2015-01-29 21:50:15,1,2.8,-73.97098541259764,40.798377990722656,1,N,-73.9787826538086,40.76677703857422,2,13.5,0.5,0.5,0.0,0.0,0.3,14.8
2234,2,2015-01-29 21:33:56,2015-01-29 21:44:03,1,2.74,-73.98601531982422,40.76235580444336,1,N,-73.95572662353516,40.78204345703125,2,10.5,0.5,0.5,0.0,0.0,0.3,11.8
2235,2,2015-01-29 21:33:57,2015-01-29 21:47:37,1,3.27,-74.00782012939453,40.71234893798828,1,N,-73.97791290283203,40.687686920166016,1,12.5,0.5,0.5,2.76,0.0,0.3,16.56
2236,2,2015-01-29 21:33:57,2015-01-29 21:39:06,2,1.1,-73.99588775634764,40.738582611083984,1,N,-74.00732421875,40.74810028076172,1,6.0,0.5,0.5,1.46,0.0,0.3,8.76
2237,2,2015-01-29 21:33:57,2015-01-29 21:49:21,2,2.29,-73.98298645019531,40.76267623901367,1,N,-74.00321960449219,40.735057830810554,1,12.0,0.5,0.5,2.0,0.0,0.3,15.3
2238,2,2015-01-29 21:33:58,2015-01-29 22:01:52,2,3.03,-74.00424194335938,40.733448028564446,1,N,-73.99580383300781,40.76450347900391,2,18.5,0.5,0.5,0.0,0.0,0.3,19.8
2239,2,2015-01-29 21:33:58,2015-01-29 21:39:28,1,1.59,-73.96849060058595,40.754749298095696,1,N,-73.95590209960938,40.7719612121582,1,6.5,0.5,0.5,1.56,0.0,0.3,9.36
2240,2,2015-01-29 21:33:58,2015-01-29 21:42:04,1,2.31,-73.97750091552734,40.754348754882805,1,N,-73.95440673828125,40.77902603149414,1,9.0,0.5,0.5,1.0,0.0,0.3,11.3
2241,2,2015-01-29 21:33:58,2015-01-29 21:53:03,1,5.75,-73.99771881103516,40.72063064575195,1,N,-73.95706939697266,40.77259826660156,1,20.0,0.5,0.5,2.5,0.0,0.3,23.8
2242,2,2015-01-29 21:33:58,2015-01-29 21:40:55,2,1.12,-73.98538970947266,40.74146270751953,1,N,-73.97776794433594,40.74967956542969,1,6.5,0.5,0.5,1.2,0.0,0.3,9.0
2243,2,2015-01-29 21:33:58,2015-01-29 22:00:40,2,17.62,-73.78237915039062,40.64477157592773,2,N,-73.9776611328125,40.74240112304688,1,52.0,0.0,0.5,0.0,5.33,0.3,58.13
2244,1,2015-01-10 21:53:10,2015-01-10 21:59:02,1,1.0,-73.9727020263672,40.762451171875,1,N,-73.95915222167967,40.76252746582031,1,6.0,0.5,0.5,1.45,0.0,0.3,8.75
2245,1,2015-01-10 21:53:11,2015-01-10 22:09:29,2,3.1,-74.01014709472656,40.71933364868164,1,N,-73.98072052001953,40.75012969970703,1,13.0,0.5,0.5,2.85,0.0,0.3,17.15
2246,1,2015-01-10 21:53:11,2015-01-10 22:21:39,2,5.8,-73.99190521240233,40.725940704345696,1,N,-73.97846221923827,40.79177474975586,1,23.0,0.5,0.5,1.88,0.0,0.3,26.18
2247,1,2015-01-10 21:53:12,2015-01-10 21:56:24,2,0.7,-73.95880126953125,40.77214431762695,1,N,-73.95706939697266,40.77842712402344,2,4.5,0.5,0.5,0.0,0.0,0.3,5.8
2248,1,2015-01-10 21:53:12,2015-01-10 22:06:45,1,4.3,-74.00596618652342,40.73577499389648,1,N,-73.98114776611328,40.787784576416016,1,15.5,0.5,0.5,3.35,0.0,0.3,20.15
2249,1,2015-01-10 21:53:13,2015-01-10 22:05:48,2,1.7,-74.00271606445312,40.73345947265625,1,N,-73.99158477783203,40.71746826171875,1,9.5,0.5,0.5,2.16,0.0,0.3,12.96
2250,1,2015-01-10 21:53:13,2015-01-10 22:12:23,1,11.7,-73.87085723876953,40.7737693786621,1,N,-73.97583770751953,40.728275299072266,2,32.5,0.5,0.5,0.0,5.33,0.3,39.13
2251,1,2015-01-10 21:53:14,2015-01-10 22:03:35,1,1.7,-73.98905181884764,40.77341842651367,1,N,-73.96486663818358,40.76352310180664,1,9.0,0.5,0.5,1.0,0.0,0.3,11.3
2252,1,2015-01-10 21:53:14,2015-01-10 22:04:22,1,1.6,-73.98593139648438,40.735313415527344,1,N,-73.97692108154298,40.75189208984375,1,9.0,0.5,0.5,2.05,0.0,0.3,12.35
2253,1,2015-01-10 21:53:14,2015-01-10 22:12:48,2,1.6,-74.00598907470702,40.7356834411621,1,N,-73.98194122314453,40.73014068603516,1,12.5,0.5,0.5,2.0,0.0,0.0,15.5
2254,1,2015-01-10 21:53:14,2015-01-10 21:59:19,1,0.9,-73.99771118164062,40.720951080322266,1,N,-74.00472259521484,40.731121063232415,2,6.0,0.5,0.5,0.0,0.0,0.3,7.3
2255,1,2015-01-10 21:53:14,2015-01-10 22:16:47,1,2.9,-73.9781951904297,40.75242233276367,1,N,-73.98717498779298,40.722362518310554,1,15.5,0.5,0.5,3.35,0.0,0.3,20.15
2256,1,2015-01-10 21:53:15,2015-01-10 21:58:43,2,1.1,-73.97855377197266,40.75911331176758,1,N,-73.99058532714845,40.751014709472656,1,6.0,0.5,0.5,1.46,0.0,0.3,8.76
2257,1,2015-01-10 21:53:15,2015-01-10 21:56:50,2,0.8,-73.92376708984375,40.7613410949707,1,N,-73.91412353515625,40.76765441894531,1,5.0,0.5,0.5,1.0,0.0,0.3,7.3
2258,1,2015-01-10 21:53:15,2015-01-10 22:04:00,1,2.0,-73.98709869384764,40.73336410522461,1,N,-73.96848297119139,40.75873947143555,1,9.5,0.5,0.5,2.16,0.0,0.3,12.96
2259,1,2015-01-10 21:53:15,2015-01-10 22:16:23,1,4.5,-73.99019622802734,40.73695373535156,1,N,-73.95116424560547,40.7794075012207,1,19.0,0.5,0.5,3.0,0.0,0.3,23.3
2260,1,2015-01-10 21:53:16,2015-01-10 22:03:34,1,2.4,-74.00131225585938,40.727725982666016,1,N,-74.0146255493164,40.70952606201172,1,10.5,0.5,0.5,2.35,0.0,0.3,14.15
2261,1,2015-01-10 21:53:16,2015-01-10 22:11:20,1,4.0,-73.99138641357422,40.74985504150391,1,N,-73.9487075805664,40.77762985229492,1,15.0,0.5,0.5,3.26,0.0,0.3,19.56
2262,1,2015-01-10 21:53:16,2015-01-10 21:57:15,1,0.8,-73.9781494140625,40.752201080322266,1,N,-73.98509979248048,40.742149353027344,2,5.0,0.5,0.5,0.0,0.0,0.3,6.3
2263,1,2015-01-10 21:53:16,2015-01-10 21:58:59,1,0.9,-73.97063446044923,40.79654312133789,1,N,-73.97982025146483,40.785511016845696,1,6.0,0.5,0.5,1.46,0.0,0.3,8.76
2264,1,2015-01-10 21:53:17,2015-01-10 21:58:34,2,1.3,-74.00048828125,40.74264526367188,1,N,-73.98591613769531,40.752197265625,1,6.0,0.5,0.5,1.46,0.0,0.3,8.76
2265,1,2015-01-10 21:53:17,2015-01-10 21:58:35,1,0.5,-73.98558044433594,40.75625228881836,1,N,-73.9929962158203,40.74799346923828,2,5.5,0.5,0.5,0.0,0.0,0.3,6.8
2266,2,2015-01-10 18:49:53,2015-01-10 18:55:20,2,0.38,-73.99207305908203,40.73370361328125,1,N,-73.98692321777342,40.73139190673828,1,5.0,0.0,0.5,1.25,0.0,0.3,7.05
2267,2,2015-01-10 18:49:53,2015-01-10 18:52:33,1,0.48,-74.00519561767578,40.722820281982415,1,N,-74.00575256347656,40.726428985595696,2,4.0,0.0,0.5,0.0,0.0,0.3,4.8
2268,2,2015-01-10 18:49:53,2015-01-10 18:58:19,1,2.03,-73.95384979248048,40.78181838989258,1,N,-73.97222900390625,40.75642013549805,1,8.5,0.0,0.5,1.0,0.0,0.3,10.3
2269,2,2015-01-10 18:49:53,2015-01-10 18:54:00,1,0.63,-73.9869384765625,40.756309509277344,1,N,-73.97595977783203,40.75146865844727,2,5.0,0.0,0.5,0.0,0.0,0.3,5.8
2270,2,2015-01-10 18:49:54,2015-01-10 19:03:42,1,1.23,-73.98475646972656,40.7530632019043,1,N,-73.9866943359375,40.76089096069336,2,7.0,0.0,0.5,0.0,0.0,0.3,7.8
2271,2,2015-01-10 18:49:54,2015-01-10 18:53:59,3,0.77,-73.96475982666014,40.79154586791992,1,N,-73.97309112548828,40.78555679321289,1,5.0,0.0,0.5,1.0,0.0,0.3,6.8
2272,2,2015-01-10 18:49:54,2015-01-10 18:56:11,1,0.98,-73.96994018554686,40.75267028808594,1,N,-73.97899627685547,40.74047088623047,1,6.5,0.0,0.5,1.3,0.0,0.3,8.6
2273,2,2015-01-10 18:49:54,2015-01-10 18:52:14,1,0.58,-73.99312591552734,40.74222946166992,1,N,-73.98809051513672,40.74947738647461,2,4.0,0.0,0.5,0.0,0.0,0.3,4.8
2274,2,2015-01-10 18:49:54,2015-01-10 18:57:52,1,1.07,-73.98783111572266,40.732940673828125,1,N,-73.98548126220702,40.74502182006836,1,7.0,0.0,0.5,1.0,0.0,0.3,8.8
2275,2,2015-01-10 18:49:54,2015-01-10 18:54:42,1,0.59,-73.98152923583984,40.78078842163086,1,N,-73.97518157958984,40.78437042236328,1,5.0,0.0,0.5,0.0,0.0,0.3,5.8
2276,2,2015-01-10 18:49:54,2015-01-10 18:54:06,2,1.28,-73.95439910888672,40.765769958496094,1,N,-73.94915771484375,40.781211853027344,2,6.0,0.0,0.5,0.0,0.0,0.3,6.8
2277,2,2015-01-10 18:49:54,2015-01-10 18:51:30,1,0.25,-73.98617553710938,40.76204681396485,1,N,-73.983642578125,40.764427185058594,1,3.0,0.0,0.5,0.0,0.0,0.3,3.8
2278,2,2015-01-10 18:49:55,2015-01-10 18:58:39,1,1.7,-73.97422027587889,40.783477783203125,1,N,-73.95991516113281,40.80059051513672,1,9.0,0.0,0.5,1.8,0.0,0.3,11.6
2279,2,2015-01-10 18:49:55,2015-01-10 18:53:11,1,0.58,-73.95647430419923,40.78089141845703,1,N,-73.95475006103516,40.78754425048828,2,4.5,0.0,0.5,0.0,0.0,0.3,5.3
2280,2,2015-01-10 18:49:55,2015-01-10 19:08:04,1,2.4,-73.97948455810547,40.77652740478516,1,N,-73.97238922119139,40.752605438232415,1,13.5,0.0,0.5,1.8,0.0,0.3,16.1
2281,2,2015-01-10 18:49:55,2015-01-10 19:10:21,1,3.33,-73.99025726318358,40.737060546875,1,N,-73.96498107910156,40.755401611328125,2,15.0,0.0,0.5,0.0,0.0,0.3,15.8
2282,2,2015-01-10 18:49:55,2015-01-10 18:55:57,2,0.6,-73.99668121337889,40.73471450805664,1,N,-73.99174499511719,40.73267364501953,1,5.5,0.0,0.5,1.1,0.0,0.3,7.4
2283,2,2015-01-10 18:49:56,2015-01-10 19:07:36,2,1.92,-73.98858642578125,40.737110137939446,1,N,-73.98819732666014,40.722801208496094,2,12.0,0.0,0.5,0.0,0.0,0.3,12.8
2284,2,2015-01-10 18:49:56,2015-01-10 19:06:29,1,4.99,-73.96636199951173,40.761749267578125,1,N,-73.91110229492188,40.7763786315918,1,17.0,0.0,0.5,3.4,0.0,0.3,21.2
2285,2,2015-01-10 18:49:56,2015-01-10 19:01:06,5,0.94,-73.98709106445312,40.74799728393555,1,N,-73.98499298095702,40.75516891479492,2,8.0,0.0,0.5,0.0,0.0,0.3,8.8
2286,2,2015-01-10 18:49:56,2015-01-10 19:22:24,5,6.44,-73.97903442382812,40.76437377929688,1,N,-73.99015808105469,40.68742752075195,1,25.0,0.0,0.5,5.0,0.0,0.3,30.8
2287,2,2015-01-18 11:21:52,2015-01-18 12:04:59,1,16.34,-74.00103759765625,40.74689865112305,2,N,-73.8021469116211,40.661598205566406,1,52.0,0.0,0.5,5.0,5.33,0.3,63.13
2288,2,2015-01-18 11:21:52,2015-01-18 11:24:18,1,0.5,-73.98157501220702,40.768436431884766,1,N,-73.9786376953125,40.77293395996094,1,4.0,0.0,0.5,1.2,0.0,0.3,6.0
2289,2,2015-01-18 11:21:52,2015-01-18 11:41:09,1,5.48,-73.95777130126953,40.76604080200195,1,N,-73.99781036376953,40.72087860107422,1,19.0,0.0,0.5,2.5,0.0,0.3,22.3
2290,2,2015-01-18 11:21:53,2015-01-18 11:35:47,1,2.88,-73.95748138427734,40.7769775390625,1,N,-73.98845672607422,40.75811767578125,1,12.0,0.0,0.5,2.4,0.0,0.3,15.2
2291,2,2015-01-18 11:21:53,2015-01-18 11:30:33,1,1.39,-73.99263000488281,40.743362426757805,1,N,-73.98941040039062,40.76129531860352,1,7.5,0.0,0.5,1.5,0.0,0.3,9.8
2292,2,2015-01-18 11:21:53,2015-01-18 11:24:27,2,0.26,-73.9693832397461,40.75055694580078,1,N,-73.97114562988281,40.75124740600586,2,3.5,0.0,0.5,0.0,0.0,0.3,4.3
2293,2,2015-01-18 11:21:53,2015-01-18 11:37:45,5,2.48,-73.97362518310547,40.7635154724121,1,N,-73.97613525390625,40.75883102416992,2,8.5,0.0,0.5,0.0,0.0,0.3,9.3
2294,2,2015-01-18 11:21:53,2015-01-18 11:32:35,1,1.34,-73.98871612548828,40.736778259277344,1,N,-73.9944076538086,40.750450134277344,1,9.0,0.0,0.5,1.8,0.0,0.3,11.6
2295,2,2015-01-18 11:21:53,2015-01-18 11:31:18,5,1.48,-73.97528839111328,40.75817108154297,1,N,-73.99146270751953,40.74917602539063,1,8.5,0.0,0.5,2.12,0.0,0.3,11.42
2296,2,2015-01-18 11:21:53,2015-01-18 11:28:58,5,1.09,-73.981689453125,40.74079132080078,1,N,-73.98869323730467,40.7510986328125,1,6.5,0.0,0.5,1.46,0.0,0.3,8.76
2297,2,2015-01-18 11:21:53,2015-01-18 11:39:13,1,3.05,-73.98871612548828,40.77413177490234,1,N,-73.95090484619139,40.7857666015625,1,14.0,0.0,0.5,1.5,0.0,0.3,16.3
2298,2,2015-01-18 11:21:54,2015-01-18 11:27:21,1,1.34,-73.990478515625,40.746490478515625,1,N,-73.9783935546875,40.76155090332031,1,6.5,0.0,0.5,1.3,0.0,0.3,8.6
2299,2,2015-01-18 11:21:54,2015-01-18 11:31:11,2,1.41,-73.88693237304686,40.75546646118164,1,N,-73.89018249511719,40.74701690673828,2,8.0,0.0,0.5,0.0,0.0,0.3,8.8
2300,2,2015-01-18 11:21:54,2015-01-18 11:29:47,1,2.17,-74.01107025146483,40.71657180786133,1,N,-74.00592803955078,40.74532318115234,2,9.0,0.0,0.5,0.0,0.0,0.3,9.8
2301,2,2015-01-18 11:21:54,2015-01-18 11:37:17,1,3.39,-73.99231719970702,40.73857879638672,1,N,-73.95523071289062,40.764663696289055,1,14.0,0.0,0.5,1.5,0.0,0.3,16.3
2302,2,2015-01-18 11:21:54,2015-01-18 11:35:24,3,2.97,-73.9778594970703,40.74478912353516,1,N,-74.00852966308595,40.71363067626953,1,11.5,0.0,0.5,3.0,0.0,0.3,15.3
2303,2,2015-01-18 11:21:54,2015-01-18 11:28:11,1,1.47,-73.9759521484375,40.759765625,1,N,-73.9818344116211,40.743839263916016,1,7.0,0.0,0.5,1.0,0.0,0.3,8.8
2304,2,2015-01-18 11:21:54,2015-01-18 11:32:41,4,1.76,-74.00768280029298,40.74095153808594,1,N,-73.9876937866211,40.74993133544922,1,9.0,0.0,0.5,1.0,0.0,0.3,10.8
2305,2,2015-01-18 11:21:54,2015-01-18 11:52:34,4,7.66,-73.98467254638672,40.76830673217773,1,N,-73.9962158203125,40.67788696289063,1,26.5,0.0,0.5,7.95,0.0,0.3,35.25
2306,2,2015-01-18 11:21:54,2015-01-18 11:29:55,5,1.85,-74.0001220703125,40.76152038574219,1,N,-73.9801025390625,40.7737693786621,2,8.5,0.0,0.5,0.0,0.0,0.3,9.3
2307,2,2015-01-18 11:21:55,2015-01-18 11:26:57,1,0.94,-74.00707244873048,40.70489883422852,1,N,-74.00770568847656,40.71511459350586,1,5.5,0.0,0.5,1.1,0.0,0.3,7.4
2308,2,2015-01-23 07:34:24,2015-01-23 07:45:35,1,1.73,-73.97654724121092,40.790809631347656,1,N,-73.9795379638672,40.77204895019531,2,9.0,0.0,0.5,0.0,0.0,0.3,9.8
2309,2,2015-01-23 07:34:24,2015-01-23 07:38:26,5,0.65,-73.99049377441406,40.75672149658203,1,N,-73.98497772216798,40.7636604309082,2,4.5,0.0,0.5,0.0,0.0,0.3,5.3
2310,2,2015-01-23 07:34:25,2015-01-23 07:41:53,1,1.34,-73.95164489746092,40.76973342895508,1,N,-73.94989013671875,40.78422164916992,2,7.0,0.0,0.5,0.0,0.0,0.3,7.8
2311,2,2015-01-23 07:34:25,2015-01-23 07:42:42,1,1.06,-73.9901123046875,40.75653839111328,1,N,-73.9734878540039,40.75226974487305,1,7.0,0.0,0.5,1.0,0.0,0.3,8.8
2312,2,2015-01-23 07:34:25,2015-01-23 08:32:36,1,17.99,-73.78185272216798,40.6446418762207,2,N,-74.00386810302734,40.75328826904297,1,52.0,0.0,0.5,17.44,5.33,0.3,75.57
2313,2,2015-01-23 07:34:25,2015-01-23 07:57:16,1,10.59,-73.97860717773438,40.764842987060554,1,N,-73.87041473388672,40.77358627319336,1,30.5,0.0,0.5,7.33,5.33,0.3,43.96
2314,2,2015-01-23 07:34:26,2015-01-23 07:39:14,1,0.86,-74.00588226318358,40.748401641845696,1,N,-73.99571228027342,40.748401641845696,1,5.5,0.0,0.5,1.26,0.0,0.3,7.56
2315,2,2015-01-23 07:34:26,2015-01-23 07:42:55,5,0.74,-73.98723602294923,40.74639129638672,1,N,-73.97940063476561,40.73992919921875,1,7.0,0.0,0.5,1.4,0.0,0.3,9.2
2316,2,2015-01-23 07:34:26,2015-01-23 07:41:02,1,1.15,-73.95777130126953,40.776233673095696,1,N,-73.95299530029298,40.788822174072266,1,6.5,0.0,0.5,1.2,0.0,0.3,8.5
2317,2,2015-01-23 07:34:27,2015-01-23 07:57:53,1,3.18,-73.95558929443358,40.77623748779297,1,N,-73.98686981201173,40.752265930175774,1,16.5,0.0,0.5,1.0,0.0,0.3,18.3
2318,2,2015-01-23 07:34:27,2015-01-23 07:41:14,1,1.53,-73.97921752929686,40.7358283996582,1,N,-73.97132110595702,40.7535285949707,2,7.5,0.0,0.5,0.0,0.0,0.3,8.3
2319,2,2015-01-23 07:34:27,2015-01-23 07:43:04,5,1.56,-73.9900131225586,40.73501968383789,1,N,-73.97785186767578,40.7541618347168,1,8.0,0.0,0.5,1.76,0.0,0.3,10.56
2320,2,2015-01-23 07:34:27,2015-01-23 07:42:18,1,1.38,-73.94710540771484,40.776145935058594,1,N,-73.95252227783203,40.789642333984375,2,7.5,0.0,0.5,0.0,0.0,0.3,8.3
2321,2,2015-01-23 07:34:27,2015-01-23 07:37:57,2,0.74,-73.96560668945312,40.76901626586913,1,N,-73.97217559814453,40.75968170166016,1,5.0,0.0,0.5,1.45,0.0,0.3,7.25
2322,2,2015-01-23 07:34:27,2015-01-23 07:41:07,1,0.54,-73.96696472167967,40.76128387451172,1,N,-73.96475982666014,40.76702117919922,2,5.5,0.0,0.5,0.0,0.0,0.3,6.3
2323,2,2015-01-23 07:34:27,2015-01-23 07:55:53,2,3.9,-74.00949859619139,40.71520233154297,1,N,-73.97958374023438,40.764278411865234,2,16.5,0.0,0.5,0.0,0.0,0.3,17.3
2324,2,2015-01-23 07:34:28,2015-01-23 07:42:41,1,1.58,-73.9559326171875,40.77608108520508,1,N,-73.9683837890625,40.76210021972656,1,7.5,0.0,0.5,1.66,0.0,0.3,9.96
2325,2,2015-01-23 07:34:28,2015-01-23 07:39:42,1,1.04,-73.97528839111328,40.74512100219727,1,N,-73.9856719970703,40.7350959777832,1,5.5,0.0,0.5,1.26,0.0,0.3,7.56
2326,2,2015-01-23 07:34:29,2015-01-23 07:50:15,2,2.81,-73.98075103759764,40.738140106201165,1,N,-74.0107421875,40.709659576416016,1,12.5,0.0,0.5,2.7,0.0,0.3,16.0
2327,2,2015-01-23 07:34:29,2015-01-23 07:45:41,1,1.9,-73.97637939453125,40.73971557617188,1,N,-73.97264099121092,40.75864028930664,2,9.5,0.0,0.5,0.0,0.0,0.3,10.3
2328,2,2015-01-23 07:34:29,2015-01-23 08:38:17,2,19.87,-73.77783966064453,40.64673614501953,2,N,-73.96691131591797,40.79355239868164,1,52.0,0.0,0.5,11.63,5.33,0.3,69.76
2329,2,2015-01-23 07:34:29,2015-01-23 07:55:02,2,3.17,-73.98233795166014,40.7628288269043,1,N,-73.93891143798828,40.75033950805664,1,14.5,0.0,0.5,2.9,0.0,0.3,18.2
2330,1,2015-01-10 22:14:47,2015-01-10 22:18:21,1,0.6,-73.9718017578125,40.762916564941406,1,N,-73.97461700439453,40.756778717041016,2,5.0,0.5,0.5,0.0,0.0,0.3,6.3
2331,1,2015-01-10 22:14:48,2015-01-10 22:20:39,2,0.6,-74.00141143798828,40.737060546875,1,N,-73.99480438232422,40.73648452758789,1,5.5,0.5,0.5,0.0,0.0,0.3,6.8
2332,1,2015-01-10 22:14:48,2015-01-10 22:31:13,2,3.3,-73.95273590087889,40.783050537109375,1,N,-73.98966217041014,40.76227951049805,1,14.0,0.5,0.5,0.0,0.0,0.3,15.3
2333,1,2015-01-10 22:14:49,2015-01-10 22:24:35,1,3.2,-73.9688720703125,40.75417709350586,1,N,-73.98444366455078,40.721710205078125,1,12.0,0.5,0.5,2.65,0.0,0.3,15.95
2334,1,2015-01-10 22:14:49,2015-01-10 22:26:02,1,2.2,-73.97249603271484,40.74922943115234,1,N,-73.99274444580078,40.72133255004882,1,9.5,0.5,0.5,2.15,0.0,0.3,12.95
2335,1,2015-01-10 22:14:50,2015-01-10 22:25:10,1,1.4,-73.99837493896483,40.74546051025391,1,N,-73.98538970947266,40.763221740722656,1,8.5,0.5,0.5,1.96,0.0,0.3,11.76
2336,1,2015-01-10 22:14:50,2015-01-10 22:22:47,4,2.3,-73.97274780273438,40.7523193359375,1,N,-73.94947052001953,40.77685546875,1,9.0,0.5,0.5,2.05,0.0,0.3,12.35
2337,1,2015-01-10 22:14:50,2015-01-10 22:31:17,1,2.1,-73.98409271240233,40.76067352294922,1,N,-73.98448944091797,40.760833740234375,2,12.0,0.5,0.5,0.0,0.0,0.3,13.3
2338,1,2015-01-10 22:14:50,2015-01-10 22:19:28,1,0.5,-73.97161102294923,40.75531768798828,1,N,-73.98145294189453,40.75955581665039,1,5.0,0.5,0.5,0.0,0.0,0.3,6.3
2339,1,2015-01-10 22:14:50,2015-01-10 22:30:01,3,2.1,-73.99005889892578,40.73922729492188,1,N,-73.9862060546875,40.7623176574707,1,11.5,0.5,0.5,1.0,0.0,0.3,13.8
2340,1,2015-01-10 22:14:50,2015-01-10 22:27:45,2,1.5,-73.98600006103516,40.71796417236328,1,N,-74.0081558227539,40.712188720703125,1,10.0,0.5,0.5,2.26,0.0,0.3,13.56
2341,1,2015-01-10 22:14:50,2015-01-10 22:22:36,1,1.0,-73.98516082763672,40.774356842041016,1,N,-73.97727966308595,40.76438903808594,1,6.5,0.5,0.5,1.55,0.0,0.3,9.35
2342,1,2015-01-10 22:14:50,2015-01-10 22:19:33,4,0.7,-73.9964599609375,40.75978469848633,1,N,-73.98877716064453,40.76430892944336,2,5.5,0.5,0.5,0.0,0.0,0.3,6.8
2343,1,2015-01-10 22:14:51,2015-01-10 22:34:00,1,11.1,-73.8767318725586,40.77291488647461,1,N,-73.99439239501953,40.68534469604492,2,31.5,0.5,0.5,0.0,0.0,0.3,32.8
2344,1,2015-01-10 22:14:51,2015-01-10 22:29:23,1,5.1,-73.95038604736328,40.78386688232422,1,N,-73.98297119140625,40.727386474609375,1,17.0,0.5,0.5,3.65,0.0,0.3,21.95
2345,1,2015-01-10 22:14:51,2015-01-10 22:20:11,4,1.2,-73.96790313720702,40.75613784790039,1,N,-73.95808410644531,40.76289749145508,1,6.0,0.5,0.5,1.5,0.0,0.3,8.8
2346,1,2015-01-10 22:14:51,2015-01-10 22:26:45,1,1.4,-73.98837280273438,40.73346328735352,1,N,-73.99034881591797,40.716346740722656,1,9.0,0.5,0.5,1.88,0.0,0.3,12.18
2347,1,2015-01-10 22:14:51,2015-01-10 22:18:29,1,0.6,-73.98846435546875,40.76422500610352,1,N,-73.99465179443358,40.755474090576165,2,4.5,0.5,0.5,0.0,0.0,0.3,5.8
2348,1,2015-01-10 22:14:52,2015-01-10 22:31:37,1,2.3,-73.9854965209961,40.7470703125,1,N,-73.98590850830078,40.72264862060546,2,12.5,0.5,0.5,0.0,0.0,0.3,13.8
2349,1,2015-01-10 22:14:52,2015-01-10 22:17:03,1,0.3,-73.98641967773438,40.7555046081543,1,N,-73.99285888671875,40.756195068359375,2,3.5,0.5,0.5,0.0,0.0,0.3,4.8
2350,1,2015-01-10 22:14:52,2015-01-10 22:25:04,1,1.6,-73.96863555908203,40.759071350097656,1,N,-73.98765563964845,40.74909210205078,1,8.5,0.5,0.5,1.96,0.0,0.3,11.76
2351,1,2015-01-10 22:14:52,2015-01-10 22:25:39,2,1.4,-74.00589752197266,40.74020767211913,1,N,-73.98558807373048,40.73859786987305,2,8.5,0.5,0.5,0.0,0.0,0.3,9.8
2352,2,2015-01-18 12:20:37,2015-01-18 12:29:30,6,2.29,-73.97209167480467,40.757083892822266,1,N,-73.99266815185547,40.73030090332031,1,9.0,0.0,0.5,1.8,0.0,0.3,11.6
2353,2,2015-01-18 12:20:37,2015-01-18 12:40:19,1,2.77,-73.98419952392578,40.75541305541992,1,N,-73.99122619628906,40.72754669189453,1,14.5,0.0,0.5,2.9,0.0,0.3,18.2
2354,2,2015-01-18 12:20:37,2015-01-18 12:36:00,1,1.59,-73.97409057617188,40.75674057006836,1,N,-73.99365234375,40.746780395507805,2,11.0,0.0,0.5,0.0,0.0,0.3,11.8
2355,2,2015-01-18 12:20:37,2015-01-18 12:30:06,1,2.18,-73.95711517333984,40.76128387451172,1,N,-73.98162078857422,40.74379348754882,1,9.0,0.0,0.5,1.8,0.0,0.3,11.6
2356,2,2015-01-18 12:20:38,2015-01-18 12:28:29,3,1.85,-73.98165130615233,40.78121948242188,1,N,-73.99102020263672,40.76107025146485,1,8.5,0.0,0.5,1.7,0.0,0.3,11.0
2357,2,2015-01-18 12:20:38,2015-01-18 12:33:07,1,2.45,-73.95963287353516,40.77682876586913,1,N,-73.93213653564453,40.79498672485352,2,11.0,0.0,0.5,0.0,0.0,0.3,11.8
2358,2,2015-01-18 12:20:38,2015-01-18 12:26:05,1,0.59,-73.9607925415039,40.76129150390625,1,N,-73.96787261962889,40.762859344482415,1,5.0,0.0,0.5,1.5,0.0,0.3,7.3
2359,2,2015-01-18 12:20:38,2015-01-18 12:30:43,1,3.0,-73.96990966796875,40.78444290161133,1,N,-73.96089172363281,40.81761169433594,1,11.0,0.0,0.5,2.2,0.0,0.3,14.0
2360,2,2015-01-18 12:20:38,2015-01-18 12:25:47,1,0.57,-74.0069580078125,40.73491668701172,1,N,-74.00091552734375,40.73594665527344,1,5.0,0.0,0.5,1.0,0.0,0.3,6.8
2361,2,2015-01-18 12:20:38,2015-01-18 12:23:24,1,0.64,-73.97531890869139,40.765621185302734,1,N,-73.97511291503906,40.757709503173835,2,4.0,0.0,0.5,0.0,0.0,0.3,4.8
2362,2,2015-01-18 12:20:39,2015-01-18 12:34:17,3,1.35,-73.97882080078125,40.76210784912109,1,N,-73.99136352539062,40.750102996826165,2,9.5,0.0,0.5,0.0,0.0,0.3,10.3
2363,2,2015-01-18 12:20:39,2015-01-18 12:33:45,1,2.25,-74.00415802001953,40.72210311889648,1,N,-73.99208068847656,40.749267578125,2,10.5,0.0,0.5,0.0,0.0,0.3,11.3
2364,2,2015-01-18 12:20:39,2015-01-18 12:23:04,1,0.47,-73.95540618896483,40.77943801879882,1,N,-73.96198272705078,40.77962493896485,2,4.0,0.0,0.5,0.0,0.0,0.3,4.8
2365,2,2015-01-18 12:20:39,2015-01-18 12:23:08,5,0.61,-73.94896697998048,40.72257614135742,1,N,-73.95789337158203,40.72188186645508,1,4.0,0.0,0.5,1.0,0.0,0.3,5.8
2366,2,2015-01-18 12:20:39,2015-01-18 12:22:18,2,0.44,-73.98270416259764,40.77913665771485,1,N,-73.98332214355469,40.78362655639648,2,3.5,0.0,0.5,0.0,0.0,0.3,4.3
2367,2,2015-01-18 12:20:39,2015-01-18 12:31:15,1,2.19,-73.98023223876953,40.783645629882805,1,N,-73.99281311035155,40.758148193359375,1,9.5,0.0,0.5,2.0,0.0,0.3,12.3
2368,2,2015-01-18 12:20:40,2015-01-18 12:51:19,2,9.94,-73.9846420288086,40.72181701660156,1,N,-73.8697967529297,40.72294616699219,2,31.5,0.0,0.5,0.0,0.0,0.3,32.3
2369,2,2015-01-18 12:20:40,2015-01-18 12:41:14,5,10.74,-74.00009918212889,40.72046661376953,1,N,-73.86517333984375,40.770633697509766,1,30.5,0.0,0.5,4.0,0.0,0.3,35.3
2370,2,2015-01-18 12:20:41,2015-01-18 12:34:34,1,1.35,-73.97904968261719,40.76171875,1,N,-73.99120330810547,40.75038909912109,2,10.0,0.0,0.5,0.0,0.0,0.3,10.8
2371,2,2015-01-18 12:20:41,2015-01-18 12:25:08,2,0.77,-73.96526336669923,40.790691375732415,1,N,-73.97482299804686,40.787628173828125,1,5.5,0.0,0.5,1.38,0.0,0.3,7.68
2372,2,2015-01-18 12:20:41,2015-01-18 12:32:03,1,2.41,-73.9568634033203,40.78322219848633,1,N,-73.96395111083984,40.80770111083984,2,10.5,0.0,0.5,0.0,0.0,0.3,11.3
2373,2,2015-01-18 12:20:42,2015-01-18 12:26:29,1,1.25,-73.99183654785155,40.73851776123047,1,N,-73.97825622558594,40.74403381347656,1,6.5,0.0,0.5,1.3,0.0,0.3,8.6
2374,2,2015-01-22 19:48:29,2015-01-22 19:58:20,1,1.65,-73.9891586303711,40.73710632324219,1,N,-73.990478515625,40.71913909912109,1,8.5,1.0,0.5,2.06,0.0,0.3,12.36
2375,2,2015-01-22 19:48:29,2015-01-22 20:01:34,1,2.11,-73.97894287109375,40.76292419433594,1,N,-73.95187377929686,40.76944732666016,1,10.5,1.0,0.5,2.46,0.0,0.3,14.76
2376,2,2015-01-22 19:48:29,2015-01-22 20:00:26,5,1.22,-73.98696899414062,40.73915863037109,1,N,-73.99185943603516,40.72663116455078,1,9.5,1.0,0.5,2.26,0.0,0.3,13.56
2377,2,2015-01-22 19:48:29,2015-01-22 20:16:34,5,5.37,-73.99508666992188,40.740116119384766,1,N,-73.98603057861328,40.6772689819336,1,21.0,1.0,0.5,5.7,0.0,0.3,28.5
2378,2,2015-01-22 19:48:30,2015-01-22 19:59:07,6,2.53,-73.99458312988281,40.76032638549805,1,N,-73.97209930419923,40.79205703735352,1,10.0,1.0,0.5,2.36,0.0,0.3,14.16
2379,2,2015-01-22 19:48:30,2015-01-22 19:53:58,5,0.54,-73.98094940185547,40.77435302734375,1,N,-73.98531341552734,40.76862716674805,1,5.5,1.0,0.5,1.5,0.0,0.3,8.8
2380,2,2015-01-22 19:48:31,2015-01-22 19:57:45,1,1.15,-73.96349334716798,40.77530670166016,1,N,-73.97026824951173,40.764381408691406,1,7.5,1.0,0.5,1.86,0.0,0.3,11.16
2381,2,2015-01-22 19:48:32,2015-01-22 20:13:48,1,6.05,-73.98880767822266,40.763633728027344,1,N,-73.91323852539062,40.78131103515625,2,22.5,1.0,0.5,0.0,0.0,0.3,24.3
2382,2,2015-01-22 19:48:32,2015-01-22 19:55:57,5,1.2,-73.98748016357422,40.739421844482415,1,N,-73.99198150634764,40.72613906860352,1,7.0,1.0,0.5,1.76,0.0,0.3,10.56
2383,2,2015-01-22 19:48:32,2015-01-22 20:03:23,5,2.12,-73.98751831054686,40.744083404541016,1,N,-73.9996337890625,40.71936798095703,1,11.0,1.0,0.5,2.56,0.0,0.3,15.36
2384,2,2015-01-22 19:48:33,2015-01-22 20:01:30,5,6.2,-74.01520538330078,40.709716796875,1,N,-73.98046875,40.7540283203125,1,19.0,1.0,0.5,4.16,0.0,0.3,24.96
2385,2,2015-01-22 19:48:33,2015-01-22 20:11:04,2,3.12,-73.98526000976561,40.7590217590332,1,N,-74.00709533691406,40.71676635742188,1,16.0,1.0,0.5,3.56,0.0,0.3,21.36
2386,2,2015-01-22 19:48:33,2015-01-22 19:53:43,5,0.72,-73.99662780761719,40.73244857788086,1,N,-73.98503875732422,40.727935791015625,1,5.0,1.0,0.5,1.36,0.0,0.3,8.16
2387,2,2015-01-22 19:48:33,2015-01-22 20:11:47,1,4.79,-73.97579956054686,40.78921508789063,1,N,-73.99373626708984,40.73445129394531,1,18.5,1.0,0.5,4.06,0.0,0.3,24.36
2388,2,2015-01-22 19:48:33,2015-01-22 20:20:34,4,9.2,-73.87317657470702,40.7739486694336,1,N,-73.99576568603516,40.74391555786133,1,32.0,1.0,0.5,7.83,5.33,0.3,46.96
2389,2,2015-01-22 19:48:33,2015-01-22 19:54:54,2,0.85,-73.95950317382812,40.777656555175774,1,N,-73.95555114746092,40.76930618286133,2,6.0,1.0,0.5,0.0,0.0,0.3,7.8
2390,2,2015-01-22 19:48:33,2015-01-22 19:56:10,1,0.98,-73.97813415527344,40.72929000854492,1,N,-73.98704528808595,40.72092819213867,1,7.0,1.0,0.5,1.76,0.0,0.3,10.56
2391,2,2015-01-22 19:48:33,2015-01-22 19:52:51,4,1.36,-73.96286010742188,40.79926300048828,1,N,-73.97576141357422,40.7855224609375,2,6.0,1.0,0.5,0.0,0.0,0.3,7.8
2392,2,2015-01-22 19:48:34,2015-01-22 19:58:06,1,1.18,-73.97882843017578,40.77711868286133,1,N,-73.9515151977539,40.782878875732415,1,8.5,1.0,0.5,1.9,0.0,0.3,12.2
2393,2,2015-01-22 19:48:34,2015-01-22 19:54:17,1,0.87,-73.98868560791014,40.72267532348633,1,N,-73.97559356689453,40.717262268066406,1,6.0,1.0,0.5,1.0,0.0,0.3,8.8
2394,2,2015-01-06 19:24:42,2015-01-06 19:39:34,1,3.02,-73.9738540649414,40.782691955566406,1,N,-73.98512268066406,40.74838638305664,2,13.0,1.0,0.5,0.0,0.0,0.3,14.8
2395,2,2015-01-06 19:24:42,2015-01-06 19:34:37,4,1.86,-73.98980712890625,40.76736831665039,1,N,-73.97825622558594,40.79161834716797,1,9.0,1.0,0.5,1.5,0.0,0.3,12.3
2396,2,2015-01-06 19:24:42,2015-01-06 19:47:46,5,6.44,-73.9823989868164,40.76150131225586,1,N,-73.96430969238281,40.710445404052734,1,22.5,1.0,0.5,4.7,0.0,0.3,29.0
2397,2,2015-01-06 19:24:42,2015-01-06 19:45:49,1,3.4,-73.95836639404298,40.77577972412109,1,N,-73.99093627929686,40.734649658203125,1,15.0,1.0,0.5,2.0,0.0,0.3,18.8
2398,2,2015-01-06 19:24:43,2015-01-06 19:50:40,1,7.82,-73.98097229003906,40.755615234375,1,N,-73.92798614501953,40.695350646972656,1,26.0,1.0,0.5,6.47,5.33,0.3,39.6
2399,2,2015-01-06 19:24:44,2015-01-06 19:34:41,2,1.93,-74.00759887695312,40.74714660644531,1,N,-73.98909759521484,40.75709915161133,1,9.0,1.0,0.5,2.0,0.0,0.3,12.8
2400,2,2015-01-06 19:24:45,2015-01-06 19:33:46,2,2.75,-73.98236846923827,40.73172378540039,1,N,-73.95712280273438,40.76626586914063,1,10.0,1.0,0.5,2.75,0.0,0.3,14.55
2401,2,2015-01-06 19:24:45,2015-01-06 19:43:57,6,3.69,-73.97471618652342,40.75239944458008,1,N,-73.96333312988281,40.78197479248047,2,15.0,1.0,0.5,0.0,0.0,0.3,16.8
2402,2,2015-01-06 19:24:45,2015-01-06 19:42:13,1,3.28,-73.9822769165039,40.77194213867188,1,N,-74.00630187988281,40.73166275024414,1,13.5,1.0,0.5,2.9,0.0,0.3,18.2
2403,2,2015-01-06 19:24:45,2015-01-06 19:35:51,1,3.31,-73.974365234375,40.741943359375,1,N,-73.99607849121092,40.723587036132805,1,12.5,1.0,0.5,1.0,0.0,0.3,15.3
2404,2,2015-01-06 19:24:45,2015-01-06 19:28:22,1,0.51,-73.9588394165039,40.777923583984375,1,N,-73.95543670654298,40.77364349365234,2,4.5,1.0,0.5,0.0,0.0,0.3,6.3
2405,2,2015-01-06 19:24:45,2015-01-06 19:32:09,2,0.67,-73.96257781982422,40.77658081054688,1,N,-73.96306610107422,40.76929473876953,2,6.0,1.0,0.5,0.0,0.0,0.3,7.8
2406,2,2015-01-06 19:24:47,2015-01-06 19:33:17,2,1.13,-73.97513580322266,40.757205963134766,1,N,-73.96511840820312,40.76266098022461,2,7.5,1.0,0.5,0.0,0.0,0.3,9.3
2407,2,2015-01-06 19:24:47,2015-01-06 19:43:51,1,3.7,-73.98809814453125,40.75478363037109,1,N,-73.945068359375,40.776851654052734,1,15.0,1.0,0.5,4.0,0.0,0.3,20.8
2408,2,2015-01-06 19:24:47,2015-01-06 19:37:57,1,2.8,-73.98160552978516,40.768112182617195,1,N,-73.95947265625,40.80133819580078,1,12.0,1.0,0.5,1.5,0.0,0.3,15.3
2409,2,2015-01-06 19:24:47,2015-01-06 19:29:38,1,1.34,-73.99066925048828,40.760986328125,1,N,-73.97329711914062,40.764358520507805,2,6.0,1.0,0.5,0.0,0.0,0.3,7.8
2410,2,2015-01-06 19:24:47,2015-01-06 19:37:40,1,2.25,-73.96986389160156,40.76218032836913,1,N,-73.97777557373048,40.78281021118164,1,10.5,1.0,0.5,2.3,0.0,0.3,14.6
2411,2,2015-01-06 22:00:30,2015-01-06 22:08:10,1,1.51,-73.9759521484375,40.76048278808594,1,N,-73.97904968261719,40.7724838256836,1,7.5,0.5,0.5,1.0,0.0,0.3,9.8
2412,2,2015-01-06 22:00:31,2015-01-06 22:10:01,3,4.82,-73.87316131591797,40.774120330810554,1,N,-73.8448486328125,40.723480224609375,1,14.5,0.5,0.5,3.0,0.0,0.3,18.8
2413,2,2015-01-06 22:00:31,2015-01-06 22:03:31,1,0.91,-73.96806335449217,40.768310546875,1,N,-73.96025848388672,40.77878189086913,1,5.0,0.5,0.5,1.1,0.0,0.3,7.4
2414,2,2015-01-06 22:00:32,2015-01-06 22:02:38,1,0.52,-73.94706726074217,40.77608871459961,1,N,-73.95549011230467,40.7794189453125,2,4.0,0.5,0.5,0.0,0.0,0.3,5.3
2415,2,2015-01-06 22:00:33,2015-01-06 22:07:44,4,0.92,-73.98387145996092,40.75519943237305,1,N,-73.978271484375,40.74850845336913,1,6.5,0.5,0.5,2.1,0.0,0.3,9.9
2416,2,2015-01-06 22:00:33,2015-01-06 22:23:30,5,5.56,-73.98589324951173,40.75738906860352,1,N,-73.99360656738281,40.69176864624024,2,20.5,0.5,0.5,0.0,0.0,0.3,21.8
2417,2,2015-01-06 22:00:34,2015-01-06 22:05:11,2,0.75,-73.97707366943358,40.75909805297852,1,N,-73.97300720214845,40.75173568725586,1,5.0,0.5,0.5,1.1,0.0,0.3,7.4
2418,2,2015-01-06 22:00:34,2015-01-06 22:10:06,2,2.04,-73.98429107666014,40.759891510009766,1,N,-73.9874496459961,40.73821640014648,1,9.5,0.5,0.5,2.0,0.0,0.3,12.8
2419,2,2015-01-06 22:00:34,2015-01-06 22:17:10,3,3.11,-73.9964141845703,40.72203826904297,1,N,-73.98949432373048,40.75778579711913,2,14.0,0.5,0.5,0.0,0.0,0.3,15.3
2420,2,2015-01-06 22:00:34,2015-01-06 22:03:39,1,0.43,-73.98990631103516,40.73285675048828,1,N,-73.98663330078125,40.73629379272461,1,4.0,0.5,0.5,0.9,0.0,0.3,6.2
2421,2,2015-01-06 22:00:35,2015-01-06 22:06:15,1,1.4,-73.99365997314453,40.741546630859375,1,N,-73.98854064941406,40.75749206542969,2,6.5,0.5,0.5,0.0,0.0,0.3,7.8
2422,2,2015-01-06 22:00:35,2015-01-06 22:16:14,1,10.3,-73.7882308959961,40.641796112060554,1,N,-73.85722351074217,40.75822448730469,2,28.5,0.5,0.5,0.0,0.0,0.3,29.8
2423,2,2015-01-06 22:00:35,2015-01-06 22:05:41,6,1.46,-73.96533203125,40.769325256347656,1,N,-73.97084045410156,40.7831916809082,2,6.5,0.5,0.5,0.0,0.0,0.3,7.8
2424,2,2015-01-06 22:00:35,2015-01-06 22:13:21,1,3.43,-73.97196960449217,40.75725555419922,1,N,-74.00434112548828,40.716400146484375,1,12.5,0.5,0.5,2.6,0.0,0.3,16.4
2425,2,2015-01-06 22:00:35,2015-01-06 22:27:56,1,16.28,-73.79145812988281,40.64540863037109,2,N,-73.95040130615233,40.7613410949707,2,52.0,0.0,0.5,0.0,0.0,0.3,52.8
2426,2,2015-01-06 22:00:35,2015-01-06 22:11:57,6,2.28,-73.98368072509764,40.76129150390625,1,N,-73.98458099365233,40.73683547973633,2,10.0,0.5,0.5,0.0,0.0,0.3,11.3
2427,2,2015-01-06 22:00:36,2015-01-06 22:07:06,1,1.35,-73.96385955810547,40.763771057128906,1,N,-73.9720230102539,40.75015640258789,1,7.0,0.5,0.5,0.0,0.0,0.3,8.3
2428,2,2015-01-06 22:00:36,2015-01-06 22:25:08,1,8.95,-73.97373962402342,40.76276779174805,1,N,-73.85135650634764,40.72637176513672,1,28.5,0.5,0.5,4.0,0.0,0.3,33.8
2429,2,2015-01-06 22:00:36,2015-01-06 22:09:42,1,1.91,-73.9825439453125,40.77238845825195,1,N,-73.95935821533203,40.7714958190918,2,8.5,0.5,0.5,0.0,0.0,0.3,9.8
2430,2,2015-01-06 22:00:36,2015-01-06 22:09:49,3,2.13,-74.0100326538086,40.72061920166016,1,N,-74.00518798828125,40.706809997558594,1,9.0,0.5,0.5,2.38,0.0,0.3,12.68
2431,2,2015-01-06 22:00:36,2015-01-06 22:15:29,6,3.01,-73.97071838378906,40.756343841552734,1,N,-73.99210357666014,40.729106903076165,1,12.5,0.5,0.5,2.0,0.0,0.3,15.8
2432,2,2015-01-06 22:00:36,2015-01-06 22:17:14,1,3.45,-74.00515747070312,40.720020294189446,1,N,-73.97071075439453,40.69210433959961,1,14.5,0.5,0.5,2.0,0.0,0.3,17.8
2433,2,2015-01-28 06:24:57,2015-01-28 06:29:24,1,1.03,-73.95680236816406,40.768260955810554,1,N,-73.96865844726561,40.76148986816406,1,5.5,0.0,0.5,1.26,0.0,0.3,7.56
2434,2,2015-01-28 06:24:58,2015-01-28 06:35:23,1,2.36,-73.95260620117188,40.76612091064453,1,N,-73.97645568847656,40.744136810302734,2,10.0,0.0,0.5,0.0,0.0,0.3,10.8
2435,2,2015-01-28 06:24:58,2015-01-28 06:30:37,1,2.37,-73.9423599243164,40.78636169433594,1,N,-73.92537689208984,40.81362915039063,1,8.5,0.0,0.5,1.0,0.0,0.3,10.3
2436,2,2015-01-28 06:25:00,2015-01-28 06:26:13,1,0.47,-73.97698974609375,40.75650787353516,1,N,-73.97237396240233,40.7618522644043,2,3.5,0.0,0.5,0.0,0.0,0.3,4.3
2437,2,2015-01-28 06:25:01,2015-01-28 06:32:44,1,1.33,-73.99054718017578,40.75613021850586,1,N,-73.97431182861328,40.75904083251953,1,7.0,0.0,0.5,1.75,0.0,0.3,9.55
2438,2,2015-01-28 06:25:01,2015-01-28 06:39:26,1,3.84,-73.94764709472656,40.775146484375,1,N,-73.99066162109375,40.7510986328125,2,14.0,0.0,0.5,0.0,0.0,0.3,14.8
2439,2,2015-01-28 06:25:02,2015-01-28 06:30:56,2,0.82,-73.97337341308594,40.74372863769531,1,N,-73.98554992675781,40.748985290527344,1,6.0,0.0,0.5,1.36,0.0,0.3,8.16
2440,2,2015-01-28 06:25:02,2015-01-28 06:29:25,1,0.89,-73.99057006835938,40.75622177124024,1,N,-73.97846984863281,40.7559928894043,1,5.5,0.0,0.5,1.58,0.0,0.3,7.88
2441,2,2015-01-28 06:25:02,2015-01-28 06:26:31,2,0.55,-73.97966003417967,40.74372863769531,1,N,-73.97456359863281,40.75050735473633,1,3.5,0.0,0.5,1.08,0.0,0.3,5.38
2442,2,2015-01-28 06:25:03,2015-01-28 06:37:34,1,3.26,-73.9754638671875,40.78975296020508,1,N,-73.97798156738281,40.755535125732415,1,12.5,0.0,0.5,2.5,0.0,0.3,15.8
2443,2,2015-01-28 06:25:03,2015-01-28 06:44:49,3,5.6,-73.92333984375,40.743896484375,1,N,-73.99472045898438,40.7296142578125,1,19.0,0.0,0.5,3.0,0.0,0.3,22.8
2444,2,2015-01-28 06:25:04,2015-01-28 06:37:25,6,2.84,-73.98471069335938,40.74249267578125,1,N,-73.96443939208984,40.774707794189446,1,11.5,0.0,0.5,2.46,0.0,0.3,14.76
2445,2,2015-01-28 06:25:04,2015-01-28 06:31:50,4,1.37,-73.991455078125,40.74982833862305,1,N,-73.97624969482422,40.755672454833984,1,7.0,0.0,0.5,1.56,0.0,0.3,9.36
2446,2,2015-01-28 06:25:04,2015-01-28 06:43:45,2,4.89,-73.98064422607422,40.73228454589844,1,N,-73.95252990722656,40.78963851928711,2,17.0,0.0,0.5,0.0,0.0,0.3,17.8
2447,2,2015-01-28 06:25:08,2015-01-28 06:32:58,1,1.6,-73.95436096191406,40.77001190185546,1,N,-73.95339965820312,40.786956787109375,1,7.5,0.0,0.5,1.88,0.0,0.3,10.18
2448,2,2015-01-28 06:25:08,2015-01-28 06:25:14,1,0.03,0.0,0.0,1,N,0.0,0.0,2,2.5,0.0,0.5,0.0,0.0,0.3,3.3
2449,2,2015-01-28 06:25:09,2015-01-28 06:30:08,1,0.91,-73.99009704589844,40.75674057006836,1,N,-73.9784927368164,40.7559814453125,2,5.5,0.0,0.5,0.0,0.0,0.3,6.3
2450,2,2015-01-28 06:25:09,2015-01-28 06:39:18,6,3.06,-73.95072937011719,40.77098846435546,1,N,-73.95738983154298,40.80166244506836,1,12.5,0.0,0.5,1.0,0.0,0.3,14.3
2451,2,2015-01-28 06:25:11,2015-01-28 06:37:21,2,1.9,-73.95983123779298,40.75962829589844,1,N,-73.96994018554686,40.75303649902344,1,10.0,0.0,0.5,2.16,0.0,0.3,12.96
2452,2,2015-01-28 06:25:11,2015-01-28 06:35:06,5,1.56,-73.99156951904298,40.749881744384766,1,N,-73.972900390625,40.741119384765625,2,7.5,0.0,0.5,0.0,0.0,0.3,8.3
2453,2,2015-01-28 06:25:12,2015-01-28 06:31:16,1,1.06,-73.98358154296875,40.72591018676758,1,N,-73.99774169921875,40.72597885131836,1,6.5,0.0,0.5,1.46,0.0,0.3,8.76
2454,2,2015-01-28 06:25:12,2015-01-28 06:43:10,1,4.11,-74.00843048095702,40.720741271972656,1,N,-73.97303771972656,40.76412963867188,1,16.5,0.0,0.5,3.0,0.0,0.3,20.3
2455,2,2015-01-14 07:41:34,2015-01-14 07:55:34,1,5.38,-73.96633148193358,40.75755310058594,1,N,-74.00726318359375,40.705787658691406,1,17.5,0.0,0.5,3.0,0.0,0.3,21.3
2456,2,2015-01-14 07:41:34,2015-01-14 07:50:16,5,1.5,-73.97684478759764,40.77487182617188,1,N,-73.95922088623048,40.77484130859375,2,8.0,0.0,0.5,0.0,0.0,0.3,8.8
2457,2,2015-01-14 07:41:34,2015-01-14 07:57:46,1,2.11,-73.95653533935547,40.76763534545898,1,N,-73.95328521728516,40.79100036621094,2,11.5,0.0,0.5,0.0,0.0,0.3,12.3
2458,2,2015-01-14 07:41:34,2015-01-14 07:46:17,5,0.79,-73.97917938232422,40.744258880615234,1,N,-73.97206115722656,40.7546501159668,2,5.5,0.0,0.5,0.0,0.0,0.3,6.3
2459,2,2015-01-14 07:41:35,2015-01-14 07:51:40,2,1.74,-73.98661804199219,40.73640823364258,1,N,-73.98320770263672,40.71883010864258,1,9.0,0.0,0.5,1.8,0.0,0.3,11.6
2460,2,2015-01-14 07:41:35,2015-01-14 07:55:36,1,3.53,-73.98075103759764,40.76462173461913,1,N,-73.99050903320312,40.72845077514648,1,13.0,0.0,0.5,3.9,0.0,0.3,17.7
2461,2,2015-01-14 07:41:35,2015-01-14 07:51:47,3,1.39,-73.95401763916014,40.77050018310546,1,N,-73.97039794921875,40.7640495300293,2,8.5,0.0,0.5,0.0,0.0,0.3,9.3
2462,2,2015-01-14 07:41:35,2015-01-14 07:54:02,1,2.09,-73.98181915283203,40.72834777832031,1,N,-73.97608947753906,40.7518310546875,1,10.5,0.0,0.5,2.1,0.0,0.3,13.4
2463,2,2015-01-14 07:41:35,2015-01-14 07:44:15,5,0.34,-74.00007629394531,40.76164245605469,1,N,-73.99795532226561,40.76490783691406,1,4.0,0.0,0.5,1.2,0.0,0.3,6.0
2464,2,2015-01-14 07:41:35,2015-01-14 07:51:42,5,1.88,-73.95864868164062,40.77236557006836,1,N,-73.96978759765625,40.75284194946289,2,9.0,0.0,0.5,0.0,0.0,0.3,9.8
2465,2,2015-01-14 07:41:35,2015-01-14 07:56:49,1,4.46,-73.94940948486328,40.77668762207031,1,N,-73.98236083984375,40.73127365112305,2,15.5,0.0,0.5,0.0,0.0,0.3,16.3
2466,2,2015-01-14 07:41:35,2015-01-14 07:48:04,3,2.23,-73.9538803100586,40.76671600341797,1,N,-73.9739990234375,40.74649810791016,2,8.5,0.0,0.5,0.0,0.0,0.3,9.3
2467,2,2015-01-14 07:41:36,2015-01-14 07:43:57,1,0.29,-73.99483489990233,40.68924331665039,1,N,-73.99318695068358,40.692695617675774,2,3.5,0.0,0.5,0.0,0.0,0.3,4.3
2468,2,2015-01-14 07:41:37,2015-01-14 07:46:54,1,1.06,-73.99908447265625,40.73922729492188,1,N,-73.9923324584961,40.74679183959961,2,5.5,0.0,0.5,0.0,0.0,0.3,6.3
2469,2,2015-01-14 07:41:37,2015-01-14 08:14:56,1,6.69,-73.99637603759764,40.6860237121582,1,N,-73.97987365722656,40.76105117797852,1,26.5,0.0,0.5,6.62,0.0,0.3,33.92
2470,2,2015-01-14 07:41:37,2015-01-14 07:50:02,1,2.01,-74.00100708007811,40.73165512084961,1,N,-74.0079574584961,40.7513084411621,1,9.0,0.0,0.5,1.8,0.0,0.3,11.6
2471,2,2015-01-14 07:41:37,2015-01-14 07:56:15,1,2.45,-73.99126434326173,40.749473571777344,1,N,-73.98820495605469,40.77654266357422,2,11.5,0.0,0.5,0.0,0.0,0.3,12.3
2472,2,2015-01-14 07:41:37,2015-01-14 07:49:02,5,1.33,-73.9447250366211,40.779396057128906,1,N,-73.95547485351561,40.76427459716797,1,7.0,0.0,0.5,1.0,0.0,0.3,8.8
2473,2,2015-01-14 07:41:38,2015-01-14 07:57:23,2,2.83,-74.00105285644531,40.72760391235352,1,N,-73.97808837890625,40.76068878173828,1,13.0,0.0,0.5,1.5,0.0,0.3,15.3
2474,2,2015-01-14 07:41:38,2015-01-14 07:48:02,1,1.41,-73.94874572753906,40.78183364868164,1,N,-73.95343780517578,40.766845703125,1,7.0,0.0,0.5,1.4,0.0,0.3,9.2
2475,2,2015-01-14 07:41:38,2015-01-14 07:43:42,1,0.58,-73.9840316772461,40.74412155151367,1,N,-73.99066925048828,40.739700317382805,1,4.0,0.0,0.5,0.8,0.0,0.3,5.6
2476,2,2015-01-30 09:09:06,2015-01-30 09:36:47,1,5.64,-73.99595642089844,40.748847961425774,1,N,-73.956298828125,40.80305099487305,1,23.5,0.0,0.5,4.7,0.0,0.3,29.0
2477,2,2015-01-30 09:09:06,2015-01-30 09:11:14,1,0.37,-73.99679565429686,40.741981506347656,1,N,-73.9988784790039,40.73815155029297,2,3.5,0.0,0.5,0.0,0.0,0.3,4.3
2478,2,2015-01-30 09:09:06,2015-01-30 09:18:04,6,1.06,-73.9959945678711,40.73276138305664,1,N,-74.00050354003906,40.720733642578125,1,7.0,0.0,0.5,1.4,0.0,0.3,9.2
2479,2,2015-01-30 09:09:06,2015-01-30 09:16:02,1,0.71,-73.99138641357422,40.750118255615234,1,N,-73.99004364013672,40.75632858276367,2,6.0,0.0,0.5,0.0,0.0,0.3,6.8
2480,2,2015-01-30 09:09:07,2015-01-30 09:11:51,2,0.26,-74.0078125,40.715179443359375,1,N,-74.01071166992188,40.7147216796875,2,3.5,0.0,0.5,0.0,0.0,0.3,4.3
2481,2,2015-01-30 09:09:07,2015-01-30 09:14:05,6,0.72,-73.98680877685547,40.7561912536621,1,N,-73.98477935791014,40.76426696777344,2,5.0,0.0,0.5,0.0,0.0,0.3,5.8
2482,2,2015-01-30 09:09:07,2015-01-30 09:28:34,1,11.01,-73.97163391113281,40.74943161010742,1,N,-73.86478424072266,40.770313262939446,1,31.0,0.0,0.5,7.0,5.33,0.3,44.13
2483,2,2015-01-30 09:09:08,2015-01-30 09:12:12,5,0.45,-73.98747253417967,40.7442626953125,1,N,-73.99115753173827,40.73941421508789,1,4.0,0.0,0.5,0.8,0.0,0.3,5.6
2484,2,2015-01-30 09:09:08,2015-01-30 09:25:59,2,1.1,-73.96561431884764,40.755348205566406,1,N,-73.98255920410156,40.76350784301758,2,11.0,0.0,0.5,0.0,0.0,0.3,11.8
2485,2,2015-01-30 09:09:08,2015-01-30 09:12:04,1,0.59,-74.0025863647461,40.73960113525391,1,N,-73.9974365234375,40.74684524536133,1,4.5,0.0,0.5,1.06,0.0,0.3,6.36
2486,2,2015-01-30 09:09:08,2015-01-30 09:19:17,5,2.05,-73.97505187988281,40.78274917602539,1,N,-73.99604034423827,40.76417922973633,1,9.0,0.0,0.5,1.8,0.0,0.3,11.6
2487,2,2015-01-30 09:09:08,2015-01-30 09:13:02,1,0.48,-73.95612335205078,40.78463745117188,1,N,-73.95526885986328,40.7798080444336,1,4.5,0.0,0.5,1.32,0.0,0.3,6.62
2488,2,2015-01-30 09:09:08,2015-01-30 09:10:49,1,0.57,-73.9709243774414,40.764190673828125,1,N,-73.96589660644531,40.77117156982422,1,3.5,0.0,0.5,1.0,0.0,0.3,5.3
2489,2,2015-01-30 09:09:08,2015-01-30 09:22:44,6,2.12,-73.96319580078125,40.75794219970703,1,N,-73.95846557617188,40.781635284423835,1,10.5,0.0,0.5,0.5,0.0,0.3,11.8
2490,2,2015-01-30 09:09:09,2015-01-30 09:45:02,1,5.8,-73.98928070068358,40.767799377441406,1,N,-74.00888824462889,40.70433044433594,1,25.5,0.0,0.5,5.26,0.0,0.3,31.56
2491,2,2015-01-30 09:09:09,2015-01-30 09:26:55,1,2.28,-73.9509506225586,40.77203369140625,1,N,-73.98244476318358,40.773681640625,2,13.0,0.0,0.5,0.0,0.0,0.3,13.8
2492,2,2015-01-30 09:09:09,2015-01-30 09:28:45,1,2.89,-74.00390625,40.74795150756836,1,N,-73.96879577636719,40.76275634765625,1,15.0,0.0,0.5,3.95,0.0,0.3,19.75
2493,2,2015-01-30 09:09:10,2015-01-30 09:35:00,1,3.24,-74.01067352294923,40.71885681152344,1,N,-73.98794555664062,40.73923873901367,2,18.0,0.0,0.5,0.0,0.0,0.3,18.8
2494,2,2015-01-30 09:09:10,2015-01-30 09:15:36,1,0.74,-73.97575378417967,40.763916015625,1,N,-73.98206329345702,40.77182388305664,1,6.0,0.0,0.5,1.36,0.0,0.3,8.16
2495,2,2015-01-30 09:09:10,2015-01-30 09:18:41,1,0.68,-73.9766845703125,40.74781799316406,1,N,-73.98125457763672,40.75348663330078,1,7.5,0.0,0.5,1.66,0.0,0.3,9.96
2496,2,2015-01-30 09:09:10,2015-01-30 09:16:25,1,0.48,-73.97441864013672,40.74267959594727,1,N,-73.98063659667967,40.74503707885742,2,6.0,0.0,0.5,0.0,0.0,0.3,6.8
2497,2,2015-01-17 00:26:48,2015-01-17 00:35:41,1,2.35,-73.95552062988281,40.77944564819336,1,N,-73.95255279541014,40.8032341003418,1,9.5,0.5,0.5,2.0,0.0,0.3,12.8
2498,2,2015-01-17 00:26:48,2015-01-17 00:39:12,6,6.24,-73.9397201538086,40.847900390625,1,N,-73.9817886352539,40.77775955200195,2,19.0,0.5,0.5,0.0,0.0,0.3,20.3
2499,2,2015-01-17 00:26:48,2015-01-17 00:42:30,2,9.58,-73.86617279052734,40.77092742919922,1,N,-73.9676742553711,40.68794631958008,2,27.0,0.5,0.5,0.0,0.0,0.3,28.3
2500,2,2015-01-17 00:26:48,2015-01-17 00:33:45,6,1.66,-74.00704193115233,40.734878540039055,1,N,-74.00386047363281,40.75177001953125,1,7.5,0.5,0.5,1.6,0.0,0.3,10.4
2501,2,2015-01-17 00:26:48,2015-01-17 00:31:50,2,1.15,-73.97756958007811,40.74234771728516,1,N,-73.97921752929686,40.73105239868164,1,6.0,0.5,0.5,1.5,0.0,0.3,8.8
2502,2,2015-01-17 00:26:49,2015-01-17 00:33:17,1,0.93,-73.98274993896483,40.72249603271485,1,N,-73.99660491943358,40.72581100463867,1,6.0,0.5,0.5,1.3,0.0,0.3,8.6
2503,2,2015-01-17 00:26:49,2015-01-17 00:37:17,2,3.63,-73.98652648925781,40.76678085327149,1,N,-73.95906829833984,40.81098175048828,1,12.0,0.5,0.5,2.5,0.0,0.3,15.8
2504,2,2015-01-17 00:26:49,2015-01-17 00:32:40,5,1.41,-73.99292755126953,40.75802612304688,1,N,-74.00609588623048,40.7421760559082,1,6.5,0.5,0.5,1.0,0.0,0.3,8.8
2505,2,2015-01-17 00:26:49,2015-01-17 00:55:46,6,7.33,-73.99964904785155,40.72843170166016,1,N,-73.90444946289062,40.745384216308594,2,25.5,0.5,0.5,0.0,0.0,0.3,26.8
2506,2,2015-01-17 00:26:49,2015-01-17 00:33:02,1,1.58,-73.97486877441406,40.78760528564453,1,N,-73.95962524414062,40.77404022216797,1,7.5,0.5,0.5,1.6,0.0,0.3,10.4
2507,2,2015-01-17 00:26:50,2015-01-17 00:34:25,1,1.05,-73.99474334716798,40.74854278564453,1,N,-73.99472045898438,40.74013519287109,2,7.0,0.5,0.5,0.0,0.0,0.3,8.3
2508,2,2015-01-17 00:26:50,2015-01-17 00:49:45,1,4.49,-73.99176025390625,40.76976013183594,1,N,-73.95319366455078,40.74557876586913,1,18.5,0.5,0.5,0.0,0.0,0.3,19.8
2509,2,2015-01-17 00:26:50,2015-01-17 00:40:40,5,2.65,-74.00270080566406,40.72363662719727,1,N,-73.97843933105469,40.7510986328125,2,11.5,0.5,0.5,0.0,0.0,0.3,12.8
2510,2,2015-01-17 00:26:51,2015-01-17 00:58:23,1,4.5,-73.98020172119139,40.765331268310554,1,N,-73.91458129882812,40.76585388183594,2,21.0,0.5,0.5,0.0,0.0,0.3,22.3
2511,2,2015-01-17 00:26:51,2015-01-17 00:32:05,2,1.78,-73.96846771240233,40.75543975830078,1,N,-73.95015716552734,40.77219009399414,1,7.0,0.5,0.5,1.5,0.0,0.3,9.8
2512,2,2015-01-17 00:26:52,2015-01-17 00:27:32,2,0.22,-73.97979736328125,40.78377151489258,1,N,-73.97593688964845,40.7813720703125,2,3.0,0.5,0.5,0.0,0.0,0.3,4.3
2513,2,2015-01-17 00:26:52,2015-01-17 00:33:26,3,1.03,-73.98646545410156,40.756813049316406,1,N,-73.9978256225586,40.76396179199219,1,6.5,0.5,0.5,1.0,0.0,0.3,8.8
2514,2,2015-01-17 00:26:52,2015-01-17 00:38:42,1,3.29,-74.00062561035155,40.727142333984375,1,N,-73.96885681152342,40.75901794433594,1,12.0,0.5,0.5,3.12,0.0,0.3,16.42
2515,2,2015-01-17 00:26:52,2015-01-17 00:44:03,1,2.53,-73.98795318603516,40.72821044921875,1,N,-73.99051666259764,40.75021743774414,1,13.0,0.5,0.5,3.38,0.0,0.3,17.68
2516,2,2015-01-17 00:26:52,2015-01-17 00:53:30,1,8.79,-73.99313354492188,40.741226196289055,1,N,-73.98077392578125,40.66387176513672,1,27.5,0.5,0.5,7.0,0.0,0.3,35.8
2517,2,2015-01-17 00:26:53,2015-01-17 00:32:15,1,1.33,-73.981201171875,40.77496337890625,1,N,-73.96392059326173,40.765323638916016,1,6.5,0.5,0.5,2.1,0.0,0.3,9.9
2518,1,2015-01-15 13:08:41,2015-01-15 13:26:26,1,1.8,-73.99486541748048,40.725074768066406,1,N,-73.99129486083984,40.74486541748047,1,12.5,0.0,0.5,3.32,0.0,0.3,16.62
2519,1,2015-01-15 13:08:42,2015-01-15 13:19:14,1,1.3,-73.97502136230467,40.75313186645508,1,Y,-73.98780059814453,40.739166259765625,1,8.5,0.0,0.5,1.5,0.0,0.3,10.8
2520,1,2015-01-15 13:08:43,2015-01-15 13:17:41,1,0.6,-73.98260498046875,40.734390258789055,1,N,-73.97531127929686,40.74148941040039,1,7.0,0.0,0.5,1.95,0.0,0.3,9.75
2521,1,2015-01-15 13:08:43,2015-01-15 13:19:05,2,1.3,-73.98284912109375,40.73541259765625,1,N,-73.9992446899414,40.72669219970703,2,8.5,0.0,0.5,0.0,0.0,0.3,9.3
2522,1,2015-01-15 13:08:43,2015-01-15 13:34:05,1,3.6,-73.95719146728516,40.782997131347656,1,N,-73.9933090209961,40.749778747558594,2,17.5,0.0,0.5,0.0,0.0,0.3,18.3
2523,1,2015-01-15 13:08:44,2015-01-15 13:14:13,1,0.5,-73.98175811767578,40.75990676879882,1,N,-73.97349548339844,40.75848007202149,1,5.0,0.0,0.5,1.16,0.0,0.3,6.96
2524,1,2015-01-15 13:08:44,2015-01-15 13:17:26,1,1.1,-73.95582580566406,40.78220748901367,1,N,-73.95806884765625,40.76962661743164,1,7.5,0.0,0.5,1.1,0.0,0.3,9.4
2525,1,2015-01-15 13:08:45,2015-01-15 13:19:40,1,1.9,-73.96497344970702,40.75543212890625,1,N,-73.96150207519531,40.776248931884766,1,9.0,0.0,0.5,1.95,0.0,0.3,11.75
2526,1,2015-01-15 13:08:45,2015-01-15 13:23:14,1,2.4,-73.95355987548828,40.77692031860352,1,N,-73.98401641845702,40.770294189453125,2,11.5,0.0,0.5,0.0,0.0,0.3,12.3
2527,1,2015-01-15 13:08:45,2015-01-15 13:17:58,1,0.3,-73.97407531738281,40.76476287841797,1,N,-73.96971893310547,40.76197052001953,1,7.0,0.0,0.5,2.0,0.0,0.3,9.8
2528,1,2015-01-15 13:08:46,2015-01-15 13:26:23,1,1.4,-73.99007415771484,40.735176086425774,1,N,-73.99027252197266,40.74991226196289,1,11.5,0.0,0.5,1.0,0.0,0.3,13.3
2529,1,2015-01-15 13:08:46,2015-01-15 13:13:56,1,0.9,-73.96412658691406,40.79253387451172,1,N,-73.95281982421875,40.78904342651367,1,5.5,0.0,0.5,1.85,0.0,0.3,8.15
2530,1,2015-01-15 13:08:46,2015-01-15 13:15:29,3,1.2,-73.9779052734375,40.75739288330078,1,N,-73.98935699462889,40.742218017578125,2,7.0,0.0,0.5,0.0,0.0,0.3,7.8
2531,1,2015-01-15 13:08:47,2015-01-15 13:26:21,1,1.7,-73.9876251220703,40.74157333374024,1,N,-73.97469329833984,40.76345443725586,1,12.0,0.0,0.5,1.8,0.0,0.3,14.6
2532,1,2015-01-15 13:08:47,2015-01-15 13:21:41,1,0.6,-73.98404693603516,40.749324798583984,1,N,-73.9850082397461,40.75600051879882,1,9.0,0.0,0.5,1.95,0.0,0.3,11.75
2533,1,2015-01-15 13:08:48,2015-01-15 13:23:10,1,1.8,-73.97254943847656,40.76478958129882,1,N,-73.9906005859375,40.74874496459961,1,10.5,0.0,0.5,2.25,0.0,0.3,13.55
2534,1,2015-01-15 13:08:49,2015-01-15 13:13:00,1,0.9,-73.96455383300781,40.77020263671875,1,N,-73.95604705810547,40.78163146972656,1,5.5,0.0,0.5,1.25,0.0,0.3,7.55
2535,1,2015-01-15 13:08:49,2015-01-15 13:23:34,1,0.9,-73.98060607910156,40.734004974365234,1,N,-73.98609924316406,40.743511199951165,1,10.0,0.0,0.5,1.0,0.0,0.3,11.8
2536,1,2015-01-15 13:08:49,2015-01-15 13:30:58,4,2.5,-73.97557067871092,40.76527786254882,1,N,-73.94625854492188,40.78044509887695,2,15.5,0.0,0.5,0.0,0.0,0.3,16.3
2537,1,2015-01-15 13:08:49,2015-01-15 13:13:42,1,1.2,-73.96572875976561,40.79036331176758,1,N,-73.97844696044923,40.77741241455078,1,6.5,0.0,0.5,1.45,0.0,0.3,8.75
2538,1,2015-01-15 13:08:49,2015-01-15 13:29:01,1,1.6,-73.96913146972656,40.760986328125,1,N,-73.98926544189453,40.75290298461913,1,13.0,0.0,0.5,0.0,0.0,0.3,13.8
2539,1,2015-01-15 13:08:50,2015-01-15 13:32:26,2,6.1,-74.01412963867188,40.712135314941406,1,N,-73.97323608398438,40.78503036499024,1,22.0,0.0,0.5,2.0,0.0,0.3,24.8
2540,1,2015-01-15 13:28:31,2015-01-15 13:58:40,1,3.1,-73.99403381347656,40.750930786132805,1,N,-73.99698638916014,40.717811584472656,2,19.5,0.0,0.5,0.0,0.0,0.3,20.3
2541,1,2015-01-15 13:28:32,2015-01-15 13:44:36,1,3.2,-73.94548797607422,40.77409362792969,1,N,-73.98342132568358,40.745365142822266,1,14.5,0.0,0.5,2.0,0.0,0.3,17.3
2542,1,2015-01-15 13:28:32,2015-01-15 13:32:56,1,0.6,-73.9623031616211,40.767593383789055,1,N,-73.96643829345702,40.764442443847656,1,5.0,0.0,0.5,1.15,0.0,0.3,6.95
2543,1,2015-01-15 13:28:33,2015-01-15 13:32:51,1,0.6,-73.96742248535155,40.76902389526367,1,N,-73.9612808227539,40.77759552001953,1,5.0,0.0,0.5,1.15,0.0,0.3,6.95
2544,1,2015-01-15 13:28:33,2015-01-15 13:49:49,1,1.1,-73.9792709350586,40.76162338256836,1,N,-73.97733306884764,40.75179290771485,1,13.0,0.0,0.5,2.76,0.0,0.3,16.56
2545,1,2015-01-15 13:28:33,2015-01-15 13:44:36,1,1.9,-73.98165130615233,40.77998733520508,1,N,-73.9947967529297,40.75537109375,2,11.5,0.0,0.5,0.0,0.0,0.3,12.3
2546,1,2015-01-15 13:28:33,2015-01-15 13:36:41,2,1.2,0.0,0.0,1,N,0.0,0.0,1,7.0,0.0,0.5,1.55,0.0,0.3,9.35
2547,1,2015-01-15 13:28:34,2015-01-15 13:30:29,1,0.4,-73.97513580322266,40.77751541137695,1,N,-73.98141479492188,40.7785530090332,2,3.5,0.0,0.5,0.0,0.0,0.3,4.3
2548,1,2015-01-15 13:28:34,2015-01-15 13:46:03,1,0.6,-73.98650360107422,40.75201797485352,1,N,-73.98056793212889,40.760269165039055,2,11.0,0.0,0.5,0.0,0.0,0.3,11.8
2549,1,2015-01-15 13:28:34,2015-01-15 13:53:30,1,9.1,-73.96624755859375,40.76560974121094,1,N,-73.87232208251953,40.77435302734375,1,29.0,0.0,0.5,4.0,0.0,0.3,33.8
2550,1,2015-01-15 13:28:34,2015-01-15 13:43:58,1,1.7,-73.97924041748048,40.76350784301758,1,N,-73.98809814453125,40.74477005004882,1,11.0,0.0,0.5,2.95,0.0,0.3,14.75
2551,1,2015-01-15 13:28:35,2015-01-15 13:55:10,1,2.6,-74.00570678710938,40.74041748046875,1,N,-73.97388458251953,40.75088882446289,1,17.0,0.0,0.5,2.2,0.0,0.3,20.0
2552,1,2015-01-15 13:28:35,2015-01-15 13:49:57,1,9.2,0.0,0.0,1,N,-73.8727264404297,40.77447891235352,1,28.0,0.0,0.5,6.8,5.33,0.3,40.93
2553,1,2015-01-15 13:28:35,2015-01-15 13:46:07,1,4.9,-74.00881195068358,40.7044677734375,1,N,-73.98458862304686,40.748634338378906,1,18.5,0.0,0.5,3.85,0.0,0.3,23.15
2554,1,2015-01-15 13:28:35,2015-01-15 13:42:22,1,1.3,-73.99788665771484,40.740943908691406,1,N,-73.98456573486328,40.74730682373047,1,10.0,0.0,0.5,2.15,0.0,0.3,12.95
2555,1,2015-01-15 13:28:36,2015-01-15 13:35:23,3,1.1,-73.99003601074217,40.73796463012695,1,N,-73.99784851074217,40.7240104675293,2,6.5,0.0,0.5,0.0,0.0,0.3,7.3
2556,1,2015-01-15 14:48:02,2015-01-15 15:02:15,1,1.7,-73.96941375732422,40.766361236572266,1,N,-73.95368957519531,40.787944793701165,1,10.5,0.0,0.5,2.25,0.0,0.3,13.55
2557,1,2015-01-15 14:48:02,2015-01-15 15:35:10,1,18.7,-73.78253936767578,40.64458465576172,2,N,-73.99058532714845,40.72745132446289,2,52.0,0.0,0.5,0.0,5.33,0.3,58.13
2558,1,2015-01-15 14:48:02,2015-01-15 14:58:13,1,1.7,-73.97823333740233,40.75446319580078,1,N,-73.98209381103516,40.77376556396485,1,9.0,0.0,0.5,1.0,0.0,0.3,10.8
2559,1,2015-01-15 14:48:02,2015-01-15 16:02:16,1,17.9,-73.98632049560547,40.72613143920898,2,N,-73.7830352783203,40.64387893676758,1,52.0,0.0,0.5,5.0,0.0,0.3,57.8
2560,1,2015-01-15 14:48:02,2015-01-15 14:52:03,4,0.7,-73.97944641113281,40.771587371826165,1,N,-73.98216247558594,40.76358795166016,2,4.5,0.0,0.5,0.0,0.0,0.3,5.3
2561,1,2015-01-15 14:48:03,2015-01-15 14:54:40,1,0.7,-73.98408508300781,40.73751831054688,1,N,-73.99031829833984,40.73723983764648,1,6.0,0.0,0.5,1.0,0.0,0.3,7.8
2562,1,2015-01-15 14:48:03,2015-01-15 15:07:23,1,2.1,-74.00341033935547,40.72686767578125,1,N,-73.9846954345703,40.75408172607422,1,13.0,0.0,0.5,1.0,0.0,0.3,14.8
2563,1,2015-01-15 14:48:03,2015-01-15 14:55:14,1,1.1,0.0,0.0,1,N,0.0,0.0,1,6.5,0.0,0.5,1.46,0.0,0.3,8.76
2564,1,2015-01-15 14:48:03,2015-01-15 15:28:40,2,11.6,-73.77835845947266,40.64676284790039,1,N,-73.95575714111328,40.65594100952149,2,39.0,0.0,0.5,0.0,0.0,0.3,39.8
2565,1,2015-01-15 14:48:03,2015-01-15 14:50:48,1,0.7,-73.96367645263672,40.77734756469727,1,N,-73.97085571289062,40.78310394287109,2,4.5,0.0,0.5,0.0,0.0,0.3,5.3
2566,1,2015-01-15 14:48:04,2015-01-15 15:12:15,2,2.7,-73.9622573852539,40.77906799316406,1,N,-73.99147033691406,40.75802993774414,2,16.0,0.0,0.5,0.0,0.0,0.3,16.8
2567,1,2015-01-15 14:48:04,2015-01-15 14:52:41,1,0.6,-73.97543334960938,40.75215911865234,1,N,-73.96953582763672,40.75200653076172,2,5.0,0.0,0.5,0.0,0.0,0.3,5.8
2568,1,2015-01-15 14:48:04,2015-01-15 14:54:52,1,0.8,-73.9754638671875,40.75792694091797,1,N,-73.9764404296875,40.75066375732422,2,6.0,0.0,0.5,0.0,0.0,0.3,6.8
2569,1,2015-01-15 14:48:04,2015-01-15 14:54:11,1,0.7,-73.98100280761719,40.75943374633789,1,N,-73.99040222167967,40.75676727294922,2,5.5,0.0,0.5,0.0,0.0,0.3,6.3
2570,1,2015-01-15 14:48:05,2015-01-15 14:52:33,1,0.8,-73.96006011962889,40.76252746582031,1,N,-73.95191192626953,40.77336502075195,1,5.5,0.0,0.5,1.25,0.0,0.3,7.55
2571,1,2015-01-15 14:48:05,2015-01-15 15:02:12,1,2.6,-73.9539794921875,40.76646423339844,1,N,-73.98020935058595,40.77532958984375,2,11.5,0.0,0.5,0.0,0.0,0.3,12.3
2572,1,2015-01-15 14:48:05,2015-01-15 15:17:12,1,10.2,-73.8722915649414,40.77449798583984,1,N,-73.97235870361328,40.765239715576165,1,32.5,0.0,0.5,11.55,5.33,0.3,50.18
2573,1,2015-01-15 14:48:05,2015-01-15 14:55:07,1,1.0,0.0,0.0,1,N,0.0,0.0,1,6.5,0.0,0.5,1.45,0.0,0.3,8.75
2574,1,2015-01-15 14:48:05,2015-01-15 14:58:51,1,2.9,0.0,0.0,1,N,0.0,0.0,1,11.5,0.0,0.5,0.0,0.0,0.3,12.3
2575,1,2015-01-15 14:48:06,2015-01-15 14:58:55,1,1.3,-73.99183654785155,40.743408203125,1,N,-73.97814178466798,40.75121688842773,1,8.5,0.0,0.5,1.86,0.0,0.3,11.16
2576,1,2015-01-15 14:48:06,2015-01-15 15:03:19,1,2.0,-73.99678802490233,40.76287841796875,1,N,-73.98536682128906,40.743614196777344,1,11.5,0.0,0.5,2.46,0.0,0.3,14.76
2577,1,2015-01-15 14:48:06,2015-01-15 14:56:09,1,0.8,-73.97661590576173,40.78069686889648,1,N,-73.98725128173827,40.77615737915039,1,6.5,0.0,0.5,1.46,0.0,0.3,8.76
2578,1,2015-01-15 13:28:37,2015-01-15 13:39:20,1,1.3,-73.96536254882812,40.765907287597656,1,N,-73.95040130615233,40.7754135131836,1,8.5,0.0,0.5,2.32,0.0,0.3,11.62
2579,1,2015-01-15 13:28:37,2015-01-15 13:37:49,1,2.9,-73.95761871337889,40.76847076416016,1,N,-73.97514343261719,40.73571014404297,1,11.5,0.0,0.5,2.45,0.0,0.3,14.75
2580,1,2015-01-15 13:28:37,2015-01-15 13:52:56,2,2.4,-73.99796295166014,40.75651931762695,1,N,-73.96939849853516,40.76195526123047,1,16.0,0.0,0.5,4.2,0.0,0.3,21.0
2581,1,2015-01-15 13:28:37,2015-01-15 13:57:15,1,3.3,-74.01082611083984,40.7090072631836,1,N,-73.98595428466798,40.750835418701165,1,19.0,0.0,0.5,3.0,0.0,0.3,22.8
2582,1,2015-01-15 13:28:37,2015-01-15 13:33:57,1,0.5,-73.97025299072266,40.75899887084961,1,N,-73.9754867553711,40.752174377441406,2,5.0,0.0,0.5,0.0,0.0,0.3,5.8
2583,1,2015-01-15 13:28:38,2015-01-15 14:13:39,1,10.4,-73.98912048339844,40.756393432617195,1,N,-73.87306213378906,40.77438354492188,1,38.5,0.0,0.5,7.86,0.0,0.3,47.16
2584,1,2015-01-23 18:44:09,2015-01-23 18:58:34,1,1.9,-73.9519805908203,40.777202606201165,1,N,-73.97714233398438,40.7852668762207,1,11.0,1.0,0.5,2.0,0.0,0.3,14.8
2585,1,2015-01-23 18:44:10,2015-01-23 18:58:23,1,3.7,-73.98687744140625,40.75069046020508,1,N,-73.95023345947266,40.792667388916016,1,13.0,1.0,0.5,2.95,0.0,0.3,17.75
2586,1,2015-01-23 18:44:10,2015-01-23 18:57:37,2,1.4,-73.9627227783203,40.767459869384766,1,N,-73.98167419433594,40.77496337890625,1,9.5,1.0,0.5,1.0,0.0,0.3,12.3
2587,1,2015-01-23 18:44:11,2015-01-23 18:58:06,1,4.0,-73.99824523925781,40.74522399902344,1,N,-73.97951507568358,40.79124069213867,1,14.5,1.0,0.5,3.0,0.0,0.3,19.3
2588,1,2015-01-23 18:44:11,2015-01-23 19:09:53,1,9.7,-73.866455078125,40.77123641967773,1,N,-73.98439025878906,40.72034454345703,2,30.0,1.0,0.5,0.0,0.0,0.3,31.8
2589,1,2015-01-23 18:44:11,2015-01-23 18:53:15,1,1.3,-73.99476623535155,40.72628021240234,1,N,-73.98593139648438,40.743408203125,1,8.0,1.0,0.5,1.0,0.0,0.3,10.8
2590,1,2015-01-23 18:44:11,2015-01-23 18:53:48,1,2.2,-73.96942901611328,40.76364135742188,1,N,-73.97708129882812,40.78610229492188,1,9.0,1.0,0.5,2.0,0.0,0.3,12.8
2591,1,2015-01-23 18:44:11,2015-01-23 19:09:58,1,3.2,-73.98697662353516,40.7395133972168,1,N,-73.9813232421875,40.774356842041016,1,18.0,1.0,0.5,2.0,0.0,0.3,21.8
2592,1,2015-01-23 18:44:12,2015-01-23 18:44:12,1,0.0,-74.01535034179686,40.71434020996094,1,N,0.0,0.0,2,7.0,1.0,0.5,0.0,0.0,0.3,8.8
2593,1,2015-01-23 18:44:12,2015-01-23 19:00:58,1,2.9,-74.00016021728516,40.721073150634766,1,N,-73.96456146240233,40.714134216308594,1,14.0,1.0,0.5,4.74,0.0,0.3,20.54
2594,1,2015-01-23 18:44:12,2015-01-23 19:08:43,1,5.8,-73.97666168212889,40.74951934814453,1,N,-73.95146942138672,40.713138580322266,1,21.5,1.0,0.5,6.95,0.0,0.3,30.25
2595,1,2015-01-23 18:44:13,2015-01-23 18:56:59,1,2.3,-73.98683166503906,40.7716178894043,1,N,-73.95524597167967,40.77344512939453,2,10.5,1.0,0.5,0.0,0.0,0.3,12.3
2596,1,2015-01-23 18:44:13,2015-01-23 18:58:16,1,1.9,-73.97274780273438,40.74350738525391,1,N,-73.98063659667967,40.730144500732415,1,11.0,1.0,0.5,1.0,0.0,0.3,13.8
2597,1,2015-01-23 18:44:13,2015-01-23 18:54:53,1,1.1,-73.97941589355469,40.7868766784668,1,N,-73.983642578125,40.773975372314446,1,8.5,1.0,0.5,2.0,0.0,0.3,12.3
2598,1,2015-01-23 18:44:13,2015-01-23 18:52:56,1,1.7,-74.01544952392578,40.714630126953125,1,N,-74.00594329833984,40.7358283996582,1,8.5,1.0,0.5,2.55,0.0,0.3,12.85
2599,1,2015-01-23 18:44:13,2015-01-23 18:50:24,1,1.0,-73.95785522460938,40.77320098876953,1,N,-73.97199249267578,40.78187561035156,1,6.5,1.0,0.5,1.0,0.0,0.3,9.3
2600,1,2015-01-23 18:44:13,2015-01-23 19:03:27,1,1.7,-73.99147033691406,40.750102996826165,1,Y,-73.97919464111328,40.76456069946289,1,13.0,1.0,0.5,3.0,0.0,0.3,17.8
2601,1,2015-01-23 18:44:13,2015-01-23 19:10:53,2,2.4,-73.9490966796875,40.784534454345696,1,N,-73.967529296875,40.75652313232422,1,16.5,1.0,0.5,3.65,0.0,0.3,21.95
2602,1,2015-01-23 18:44:14,2015-01-23 18:48:12,1,0.7,-73.94346618652342,40.776561737060554,1,N,-73.95567321777344,40.77951049804688,1,5.0,1.0,0.5,1.7,0.0,0.3,8.5
2603,1,2015-01-23 18:44:14,2015-01-23 18:44:47,2,0.0,-73.94622039794923,40.74493789672852,1,N,-73.94622039794923,40.74493789672852,2,2.5,1.0,0.5,0.0,0.0,0.3,4.3
2604,1,2015-01-23 18:44:15,2015-01-23 18:52:33,1,1.4,-73.97705078125,40.76424026489258,1,N,-73.9835205078125,40.779422760009766,1,8.0,1.0,0.5,2.0,0.0,0.3,11.8
2605,1,2015-01-21 07:42:31,2015-01-21 07:58:50,1,2.1,-73.9915313720703,40.744571685791016,1,N,-73.98017883300781,40.770862579345696,1,11.5,0.0,0.5,5.0,0.0,0.3,17.3
2606,1,2015-01-21 07:42:31,2015-01-21 07:54:36,1,1.7,-73.97327423095702,40.747383117675774,1,N,-73.98141479492188,40.762306213378906,1,9.5,0.0,0.5,2.05,0.0,0.3,12.35
2607,1,2015-01-21 07:42:31,2015-01-21 07:51:54,1,2.2,-73.98392486572266,40.729583740234375,1,N,-73.96952819824217,40.75567626953125,2,9.5,0.0,0.5,0.0,0.0,0.3,10.3
2608,1,2015-01-21 07:42:31,2015-01-21 07:55:30,1,2.2,-73.9931640625,40.74972152709961,1,N,-74.0056915283203,40.74723052978516,2,10.5,0.0,0.5,0.0,0.0,0.3,11.3
2609,1,2015-01-21 07:42:32,2015-01-21 07:47:54,2,1.0,-73.98294830322266,40.735061645507805,1,N,-73.99488830566406,40.727294921875,2,6.0,0.0,0.5,0.0,0.0,0.3,6.8
2610,1,2015-01-21 07:42:32,2015-01-21 08:10:13,1,13.9,-74.01771545410156,40.70952987670898,1,N,-73.86580657958984,40.7710075378418,2,39.0,0.0,0.5,0.0,0.0,0.3,39.8
2611,1,2015-01-28 08:38:32,2015-01-28 08:58:37,1,1.8,-73.98265838623048,40.77717971801758,1,N,-73.9749755859375,40.755565643310554,2,12.5,0.0,0.5,0.0,0.0,0.3,13.3
2612,1,2015-01-28 08:38:32,2015-01-28 08:52:57,1,3.0,-73.9231719970703,40.74388885498047,1,N,-73.96900177001953,40.76076126098633,1,13.0,0.0,0.5,2.76,0.0,0.3,16.56
2613,1,2015-01-28 08:38:33,2015-01-28 08:42:51,1,0.7,-73.97215270996092,40.794387817382805,1,N,-73.9794692993164,40.78644180297852,1,5.0,0.0,0.5,1.16,0.0,0.3,6.96
2614,1,2015-01-28 08:38:33,2015-01-28 09:00:13,1,2.2,-73.95745849609375,40.782012939453125,1,N,-73.97217559814453,40.75468063354492,2,14.0,0.0,0.5,0.0,0.0,0.3,14.8
2615,1,2015-01-28 08:38:33,2015-01-28 09:13:53,1,6.4,-73.99037170410156,40.74645614624024,1,N,-73.95580291748048,40.681594848632805,2,26.5,0.0,0.5,0.0,0.0,0.3,27.3
2616,1,2015-01-28 08:38:34,2015-01-28 08:41:22,1,0.4,-74.0101089477539,40.7205924987793,1,N,-74.01152801513672,40.714179992675774,2,4.0,0.0,0.5,0.0,0.0,0.3,4.8
2617,1,2015-01-28 08:38:34,2015-01-28 08:44:41,1,1.1,-74.00311279296875,40.72337341308594,1,N,-74.01361846923827,40.71501922607422,1,6.0,0.0,0.5,2.0,0.0,0.3,8.8
2618,1,2015-01-28 08:38:34,2015-01-28 09:26:59,2,5.4,-73.97124481201173,40.79789352416992,1,N,-73.98574829101561,40.74103927612305,1,29.5,0.0,0.5,9.05,0.0,0.3,39.35
2619,1,2015-01-28 08:38:34,2015-01-28 09:14:02,1,2.8,-73.95040130615233,40.78657150268555,1,N,-73.97847747802734,40.76169204711913,2,21.0,0.0,0.5,0.0,0.0,0.3,21.8
2620,1,2015-01-28 08:38:34,2015-01-28 08:59:37,1,2.3,-73.98827362060547,40.73724365234375,1,N,-73.97662353515625,40.76451110839844,2,14.5,0.0,0.5,0.0,0.0,0.3,15.3
2621,1,2015-01-28 08:38:35,2015-01-28 08:48:02,1,1.0,-73.99970245361328,40.73279571533203,1,N,-73.98880004882812,40.73399353027344,1,7.5,0.0,0.5,0.8,0.0,0.3,9.1
2622,2,2015-01-22 19:48:34,2015-01-22 19:58:44,1,1.83,-73.97621154785155,40.748394012451165,1,N,-73.98904418945312,40.730854034423835,1,9.0,1.0,0.5,1.0,0.0,0.3,11.8
2623,1,2015-01-10 22:53:21,2015-01-10 23:10:37,1,4.2,-73.99445343017578,40.75049209594727,1,N,-74.00968933105469,40.708541870117195,1,16.0,0.5,0.5,3.45,0.0,0.3,20.75
2624,1,2015-01-10 22:53:21,2015-01-10 23:00:08,2,1.3,-74.00757598876953,40.70459365844727,1,N,-74.00294494628906,40.71868515014648,1,7.0,0.5,0.5,1.8,0.0,0.3,10.1
2625,1,2015-01-10 22:53:21,2015-01-10 23:05:54,1,1.6,-73.97615051269531,40.75945663452149,1,N,-73.9927978515625,40.74544525146485,1,10.0,0.5,0.5,2.25,0.0,0.3,13.55
2626,1,2015-01-10 22:53:21,2015-01-10 23:11:32,3,4.0,-73.99011993408203,40.71922302246094,1,N,-73.95426940917967,40.7700080871582,1,15.0,0.5,0.5,3.26,0.0,0.3,19.56
2627,1,2015-01-10 22:53:22,2015-01-10 23:05:11,1,2.6,-73.97915649414062,40.72354507446289,1,N,-73.9635009765625,40.75758743286133,1,11.0,0.5,0.5,1.5,0.0,0.3,13.8
2628,1,2015-01-10 22:53:22,2015-01-10 23:07:47,1,1.7,-73.96871185302734,40.76125717163086,1,N,-73.98912048339844,40.75119400024414,2,10.5,0.5,0.5,0.0,0.0,0.3,11.8
2629,1,2015-01-10 22:53:22,2015-01-10 23:05:44,1,4.8,-73.98848724365233,40.722759246826165,1,N,-73.95669555664062,40.770469665527344,2,16.0,0.5,0.5,0.0,0.0,0.3,17.3
2630,1,2015-01-10 22:53:23,2015-01-10 23:01:36,1,1.5,-73.96128845214845,40.77146530151367,1,N,-73.95561218261719,40.7852668762207,1,8.0,0.5,0.5,2.75,0.0,0.3,12.05
2631,1,2015-01-10 22:53:23,2015-01-10 23:14:11,1,4.7,-74.00347900390625,40.72622299194336,1,N,-73.95809936523438,40.7770881652832,2,17.0,0.5,0.5,0.0,0.0,0.3,18.3
2632,1,2015-01-10 22:53:23,2015-01-10 23:08:33,1,2.3,-73.98535919189453,40.7386474609375,1,N,-74.00825500488281,40.71361541748047,2,11.5,0.5,0.5,0.0,0.0,0.3,12.8
2633,1,2015-01-10 22:53:23,2015-01-10 23:03:00,1,1.7,-73.97262573242188,40.748905181884766,1,N,-73.98578643798828,40.727813720703125,1,8.5,0.5,0.5,1.96,0.0,0.3,11.76
2634,2,2015-01-20 16:10:06,2015-01-20 16:14:05,6,0.44,-74.0091781616211,40.70439147949219,1,N,-74.01437377929686,40.70471954345703,1,4.5,1.0,0.5,1.26,0.0,0.3,7.56
2635,2,2015-01-20 16:10:07,2015-01-20 16:20:02,6,1.61,-73.97798156738281,40.78662490844727,1,N,-73.97908020019531,40.766986846923835,1,8.5,1.0,0.5,2.38,0.0,0.3,12.68
2636,2,2015-01-20 16:10:07,2015-01-20 16:18:33,1,1.06,-73.97689819335938,40.75181579589844,1,N,-73.9910888671875,40.7506103515625,2,7.0,1.0,0.5,0.0,0.0,0.3,8.8
2637,2,2015-01-20 16:10:07,2015-01-20 16:33:30,1,3.74,-73.9866943359375,40.722442626953125,1,N,-73.93307495117188,40.70299530029297,1,17.5,1.0,0.5,4.82,0.0,0.3,24.12
2638,2,2015-01-20 16:10:08,2015-01-20 16:30:51,1,1.24,-73.96827697753906,40.750938415527344,1,N,-73.97303009033203,40.76259613037109,2,13.5,1.0,0.5,0.0,0.0,0.3,15.3
2639,2,2015-01-20 16:10:08,2015-01-20 16:18:48,5,1.06,-73.95323181152342,40.7798957824707,1,N,-73.94602203369139,40.77327346801758,2,7.5,1.0,0.5,0.0,0.0,0.3,9.3
2640,2,2015-01-20 16:10:09,2015-01-20 16:31:06,6,3.2,-73.95934295654298,40.775096893310554,1,N,-73.94242095947266,40.80816650390625,1,15.5,1.0,0.5,1.0,0.0,0.3,18.3
2641,2,2015-01-20 16:10:09,2015-01-20 16:13:21,1,0.68,-73.96914672851561,40.76091384887695,1,N,-73.96979522705078,40.75379943847656,2,4.5,1.0,0.5,0.0,0.0,0.3,6.3
2642,2,2015-01-20 16:10:10,2015-01-20 16:18:56,1,1.0,-73.98578643798828,40.74134826660156,1,N,-73.98722839355469,40.75088882446289,1,7.0,1.0,0.5,2.2,0.0,0.3,11.0
2643,2,2015-01-20 16:10:11,2015-01-20 16:16:40,1,1.08,-73.98624420166014,40.76219940185546,1,N,-73.98201751708984,40.77626800537109,1,6.5,1.0,0.5,1.0,0.0,0.3,9.3
2644,2,2015-01-20 16:10:11,2015-01-20 16:26:33,6,7.48,-73.87543487548828,40.77381134033203,1,N,-73.94496154785155,40.77896118164063,1,22.0,1.0,0.5,5.67,5.33,0.3,34.8
2645,2,2015-01-20 16:10:11,2015-01-20 16:23:04,1,1.11,-73.97763061523438,40.74256134033203,1,N,-73.98954772949219,40.7497673034668,2,9.5,1.0,0.5,0.0,0.0,0.3,11.3
2646,2,2015-01-20 16:10:11,2015-01-20 16:19:29,1,1.02,-73.97933959960938,40.755958557128906,1,N,-73.99128723144531,40.750186920166016,2,7.5,1.0,0.5,0.0,0.0,0.3,9.3
2647,2,2015-01-20 16:10:12,2015-01-20 16:20:40,2,1.42,-73.98197937011719,40.73120880126953,1,N,-73.99227905273438,40.71770095825195,1,8.5,1.0,0.5,2.85,0.0,0.3,13.15
2648,2,2015-01-20 16:10:12,2015-01-20 16:14:43,2,0.65,-73.82326507568358,40.76469039916992,1,N,-73.83170318603516,40.762401580810554,2,5.0,1.0,0.5,0.0,0.0,0.3,6.8
2649,2,2015-01-20 16:10:12,2015-01-20 16:19:01,1,1.23,-73.97366333007811,40.75808334350586,1,N,-73.96060180664062,40.7698631286621,1,7.5,1.0,0.5,2.12,0.0,0.3,11.42
2650,2,2015-01-20 16:10:12,2015-01-20 16:20:25,2,1.26,-73.97425842285155,40.74283599853516,1,N,-73.99174499511719,40.744338989257805,1,8.0,1.0,0.5,1.8,0.0,0.3,11.6
2651,2,2015-01-20 16:10:13,2015-01-20 16:14:54,1,0.83,-73.98879241943358,40.743549346923835,1,N,-73.99569702148438,40.73304748535156,2,5.0,1.0,0.5,0.0,0.0,0.3,6.8
2652,2,2015-01-20 16:10:13,2015-01-20 16:17:01,1,1.54,-73.97467803955078,40.78317260742188,1,N,-73.9886474609375,40.764057159423835,1,7.0,1.0,0.5,1.6,0.0,0.3,10.4
2653,2,2015-01-20 16:10:13,2015-01-20 16:15:12,1,0.64,-73.98130798339844,40.733009338378906,1,N,-73.98938751220702,40.73841857910156,1,5.0,1.0,0.5,1.5,0.0,0.3,8.3
2654,2,2015-01-20 16:10:13,2015-01-20 16:29:18,2,2.02,-73.97238922119139,40.7812614440918,1,N,-73.95182037353516,40.76644134521485,2,12.5,1.0,0.5,0.0,0.0,0.3,14.3
2655,1,2015-01-10 23:05:14,2015-01-10 23:11:55,1,1.0,-73.99004364013672,40.73292922973633,1,N,-73.99765014648438,40.721805572509766,1,6.5,0.5,0.5,1.0,0.0,0.3,8.8
2656,2,2015-01-02 19:40:49,2015-01-02 19:48:11,1,1.02,-73.99893951416014,40.73408889770508,1,N,-73.98946380615233,40.726421356201165,2,6.5,1.0,0.5,0.0,0.0,0.3,8.3
2657,2,2015-01-10 21:40:34,2015-01-10 21:55:59,2,3.31,-73.98674774169923,40.75618743896485,1,N,-73.95498657226561,40.78097152709961,1,13.5,0.5,0.5,0.0,0.0,0.3,14.8
2658,2,2015-01-10 21:40:34,2015-01-10 21:52:40,1,2.56,-74.00341796875,40.73270797729492,1,N,-74.00237274169923,40.76068115234375,1,11.5,0.5,0.5,2.4,0.0,0.3,15.2
2659,2,2015-01-10 21:40:34,2015-01-10 21:49:18,1,2.83,-74.00717163085938,40.70702362060546,1,N,-73.98308563232422,40.721866607666016,1,10.5,0.5,0.5,2.2,0.0,0.3,14.0
2660,2,2015-01-10 21:40:34,2015-01-10 21:54:16,6,2.41,-73.98343658447266,40.76137161254882,1,N,-73.97868347167967,40.73667907714844,2,11.0,0.5,0.5,0.0,0.0,0.3,12.3
2661,2,2015-01-10 21:40:35,2015-01-10 21:53:50,1,1.46,-73.98770141601561,40.72938537597656,1,N,-74.00569915771484,40.732398986816406,1,9.5,0.5,0.5,2.0,0.0,0.3,12.8
2662,2,2015-01-10 21:40:35,2015-01-10 22:11:50,2,17.28,-73.98214721679686,40.77147674560546,3,N,-74.18138885498048,40.69206619262695,2,66.0,0.5,0.0,0.0,11.75,0.3,78.55
2663,2,2015-01-10 21:40:35,2015-01-10 21:53:01,1,1.28,-73.98690032958984,40.73382186889648,1,N,-73.98056030273438,40.742408752441406,1,9.5,0.5,0.5,0.0,0.0,0.3,10.8
2664,2,2015-01-10 21:40:35,2015-01-10 21:55:54,1,1.63,-73.98902130126953,40.726856231689446,1,N,-74.00548553466798,40.7401237487793,1,10.5,0.5,0.5,2.2,0.0,0.3,14.0
2665,2,2015-01-02 19:40:49,2015-01-02 20:01:45,5,0.91,-73.98745727539062,40.74728012084961,1,N,-73.98493957519531,40.75799179077149,2,13.0,1.0,0.5,0.0,0.0,0.3,14.8
2666,2,2015-01-02 19:40:49,2015-01-02 19:54:23,1,2.18,-73.98509979248048,40.7686653137207,1,N,-73.99614715576173,40.75016784667969,1,11.0,1.0,0.5,2.4,0.0,0.3,15.2
2667,2,2015-01-02 19:40:49,2015-01-02 20:02:44,2,5.38,-73.97334289550781,40.75783920288086,1,N,-73.94225311279298,40.79886245727539,2,19.0,1.0,0.5,0.0,0.0,0.3,20.8
2668,2,2015-01-02 19:40:49,2015-01-02 19:46:53,1,1.71,-73.93610382080078,40.79920196533203,1,N,-73.94915771484375,40.77840805053711,2,7.5,1.0,0.5,0.0,0.0,0.3,9.3
2669,2,2015-01-02 19:40:49,2015-01-02 19:51:06,1,1.88,-73.99353790283203,40.74700164794922,1,N,-73.99163818359375,40.76504898071289,2,9.0,1.0,0.5,0.0,0.0,0.3,10.8
2670,1,2015-01-02 19:40:50,2015-01-02 19:50:07,1,1.6,-73.97592163085938,40.74468612670898,1,N,-73.98339080810547,40.726268768310554,2,8.0,1.0,0.5,0.0,0.0,0.0,9.8
2671,1,2015-01-02 19:40:50,2015-01-02 19:43:35,2,0.5,-73.96680450439453,40.763633728027344,1,N,-73.97161102294923,40.7568359375,1,4.0,1.0,0.5,0.99,0.0,0.0,6.79
2672,1,2015-01-02 19:40:50,2015-01-02 20:04:00,1,2.6,-73.98261260986328,40.75658416748047,1,N,-74.00028991699219,40.72997283935546,2,15.5,1.0,0.5,0.0,0.0,0.0,17.3
2673,2,2015-01-02 19:40:50,2015-01-02 19:47:40,1,0.93,-74.00264739990233,40.728172302246094,1,N,-73.98691558837889,40.72229766845703,2,6.5,1.0,0.5,0.0,0.0,0.3,8.3
2674,2,2015-01-02 19:40:50,2015-01-02 20:00:01,1,4.26,-73.98316955566406,40.78155899047852,1,N,-73.99601745605469,40.73221969604492,2,16.5,1.0,0.5,0.0,0.0,0.3,18.3
2675,2,2015-01-02 19:40:50,2015-01-02 19:49:21,2,1.28,-73.98367309570312,40.749881744384766,1,N,-73.97711944580078,40.76310348510742,2,7.5,1.0,0.5,0.0,0.0,0.3,9.3
2676,2,2015-01-02 19:40:50,2015-01-02 19:54:13,1,2.24,-73.98855590820312,40.76180267333984,1,N,-74.0082778930664,40.747467041015625,2,11.0,1.0,0.5,0.0,0.0,0.3,12.8
2677,1,2015-01-02 19:40:51,2015-01-02 19:46:13,2,0.5,-73.988525390625,40.74526977539063,1,N,-73.97885131835938,40.74281692504882,2,5.0,1.0,0.5,0.0,0.0,0.0,6.8
2678,1,2015-01-02 19:40:51,2015-01-02 19:50:54,2,0.9,-73.9819107055664,40.75521087646485,1,N,-73.9773712158203,40.76285552978516,2,8.0,1.0,0.5,0.0,0.0,0.0,9.8
2679,1,2015-01-02 19:40:51,2015-01-02 20:04:24,3,3.1,-73.95603942871092,40.77199172973633,1,N,-73.99072265625,40.75023651123047,1,17.0,1.0,0.5,4.7,0.0,0.0,23.5
2680,2,2015-01-02 19:40:51,2015-01-02 19:51:26,1,1.78,-73.99085235595702,40.736377716064446,1,N,-73.97643280029298,40.74812316894531,1,9.0,1.0,0.5,2.0,0.0,0.3,12.8
2681,1,2015-01-02 19:40:52,2015-01-02 19:48:34,1,2.4,-73.97151947021484,40.75429534912109,1,N,-73.95146942138672,40.78364181518555,1,9.0,1.0,0.5,2.15,0.0,0.0,12.95
2682,1,2015-01-02 19:40:52,2015-01-02 19:46:05,4,0.3,-73.9777603149414,40.753936767578125,1,N,-73.98377990722656,40.75569534301758,2,5.0,1.0,0.5,0.0,0.0,0.0,6.8
2683,1,2015-01-02 19:40:52,2015-01-02 19:48:50,2,0.3,-73.98079681396483,40.76315689086913,1,N,-73.97615814208984,40.75990295410156,2,6.5,1.0,0.5,0.0,0.0,0.0,8.3
2684,1,2015-01-02 19:40:52,2015-01-02 20:06:21,2,5.5,-73.99224853515625,40.74831771850586,1,N,-73.95174407958984,40.80046081542969,1,20.5,0.5,0.5,4.35,0.0,0.0,26.15
2685,1,2015-01-02 19:40:52,2015-01-02 19:49:23,1,1.3,-74.00443267822266,40.72362518310546,1,N,-73.9877700805664,40.72554397583008,1,7.5,0.5,0.5,1.58,0.0,0.0,10.38
2686,2,2015-01-10 13:51:55,2015-01-10 14:02:54,1,1.56,-73.97770690917967,40.729888916015625,1,N,-73.9952392578125,40.72175979614258,2,9.0,0.0,0.5,0.0,0.0,0.0,9.5
2687,2,2015-01-10 13:51:55,2015-01-10 14:10:00,1,1.44,-73.9830780029297,40.738887786865234,1,N,-74.00204467773438,40.733745574951165,1,12.5,0.0,0.5,1.0,0.0,0.3,14.3
2688,2,2015-01-10 13:51:55,2015-01-10 14:05:14,1,2.68,-73.98244476318358,40.74540710449219,1,N,-73.96179962158203,40.77809143066406,1,12.0,0.0,0.5,0.5,0.0,0.3,13.3
2689,2,2015-01-10 13:51:55,2015-01-10 14:04:23,1,2.31,-73.98009490966798,40.76172637939453,1,N,-73.9849853515625,40.74781036376953,1,10.5,0.0,0.5,2.25,0.0,0.3,13.55
2690,2,2015-01-10 13:51:55,2015-01-10 14:01:46,2,2.02,-73.94451141357422,40.7795524597168,1,N,-73.96556854248048,40.762786865234375,1,9.0,0.0,0.5,1.2,0.0,0.3,11.0
2691,2,2015-01-10 13:51:55,2015-01-10 14:05:44,1,3.63,-74.01380920410156,40.71156311035156,1,N,-73.9892349243164,40.74234390258789,1,13.5,0.0,0.5,3.38,0.0,0.3,17.68
2692,2,2015-01-10 13:51:55,2015-01-10 13:55:23,1,0.93,-73.97169494628906,40.78711318969727,1,N,-73.96318817138672,40.79364776611328,1,5.0,0.0,0.5,1.0,0.0,0.3,6.8
2693,2,2015-01-10 13:51:55,2015-01-10 13:59:44,1,1.35,-73.97960662841797,40.74367141723633,1,N,-73.98802947998048,40.7564811706543,1,7.5,0.0,0.5,2.25,0.0,0.3,10.55
2694,2,2015-01-10 13:51:55,2015-01-10 14:07:34,2,2.32,-73.95124816894531,40.77867126464844,1,N,-73.98146057128906,40.78083038330078,1,12.0,0.0,0.5,2.4,0.0,0.3,15.2
2695,2,2015-01-10 13:51:56,2015-01-10 13:55:26,5,0.56,-73.95175933837889,40.78179168701172,1,N,-73.9539566040039,40.78711700439453,1,4.5,0.0,0.5,0.9,0.0,0.3,6.2
2696,2,2015-01-10 13:51:56,2015-01-10 14:01:13,1,1.25,-73.9720230102539,40.759559631347656,1,N,-73.98844909667967,40.76930236816406,1,8.0,0.0,0.5,1.6,0.0,0.3,10.4
2697,2,2015-01-10 13:51:56,2015-01-10 14:07:12,2,1.25,-74.0065155029297,40.7406005859375,1,N,-73.989990234375,40.73943710327149,1,10.5,0.0,0.5,2.1,0.0,0.3,13.4
2698,2,2015-01-10 13:51:56,2015-01-10 13:56:10,2,0.63,-73.9876480102539,40.7793197631836,1,N,-73.98230743408203,40.7725715637207,2,4.5,0.0,0.5,0.0,0.0,0.3,5.3
2699,2,2015-01-10 13:51:57,2015-01-10 14:00:30,1,1.21,-73.98392486572266,40.7547607421875,1,N,-73.97147369384764,40.75997161865234,2,7.5,0.0,0.5,0.0,0.0,0.3,8.3
2700,2,2015-01-10 13:51:57,2015-01-10 13:57:10,5,0.86,-74.00172424316406,40.745918273925774,1,N,-74.00823974609375,40.746978759765625,1,5.5,0.0,0.5,1.1,0.0,0.3,7.4
2701,2,2015-01-10 13:51:57,2015-01-10 13:56:22,1,1.06,-73.96156311035155,40.77112579345703,1,N,-73.95700073242188,40.78319549560546,1,5.5,0.0,0.5,1.1,0.0,0.3,7.4
2702,2,2015-01-10 13:51:57,2015-01-10 13:58:56,5,1.42,-74.00005340576173,40.72550964355469,1,N,-74.01328277587889,40.71670150756836,1,7.0,0.0,0.5,2.1,0.0,0.3,9.9
2703,2,2015-01-10 13:51:58,2015-01-10 14:03:48,1,2.08,-73.99394989013672,40.74565887451172,1,N,-73.99829864501953,40.72288513183594,2,9.5,0.0,0.5,0.0,0.0,0.3,10.3
2704,2,2015-01-10 13:51:58,2015-01-10 14:10:24,5,2.99,-73.97789764404298,40.74319839477539,1,N,-74.00944519042967,40.714237213134766,1,13.5,0.0,0.5,2.0,0.0,0.3,16.3
2705,2,2015-01-10 13:51:58,2015-01-10 14:30:15,2,17.92,-73.78887939453125,40.641510009765625,2,N,-73.99231719970702,40.756511688232415,1,52.0,0.0,0.5,11.47,5.33,0.3,69.6
2706,2,2015-01-10 13:51:58,2015-01-10 14:24:22,1,10.23,-73.86261749267578,40.76863479614258,1,N,-73.90644073486328,40.693458557128906,1,32.0,0.0,0.5,1.11,0.0,0.3,33.91
2707,2,2015-01-30 00:35:23,2015-01-30 01:03:28,1,5.93,-73.98007202148438,40.76041030883789,1,N,-73.8812484741211,40.748489379882805,2,22.5,0.5,0.5,0.0,0.0,0.3,23.8
2708,2,2015-01-30 00:35:23,2015-01-30 00:43:28,2,2.09,-73.9883270263672,40.769390106201165,1,N,-73.97289276123048,40.79587173461913,2,8.5,0.5,0.5,0.0,0.0,0.3,9.8
2709,2,2015-01-30 00:35:23,2015-01-30 00:45:22,1,3.33,-73.97966003417967,40.74355316162109,1,N,-73.94717407226561,40.77579879760742,1,11.5,0.5,0.5,1.0,0.0,0.3,13.8
2710,2,2015-01-30 00:35:23,2015-01-30 01:02:46,5,6.19,-73.98120880126953,40.74674987792969,1,N,-73.88323211669923,40.755741119384766,1,22.0,0.5,0.5,4.66,0.0,0.3,27.96
2711,2,2015-01-30 00:35:25,2015-01-30 00:46:44,1,3.44,-73.98483276367188,40.76832962036133,1,N,-73.95857238769531,40.80744934082031,1,12.5,0.5,0.5,2.0,0.0,0.3,15.8
2712,2,2015-01-30 00:35:26,2015-01-30 00:41:32,5,1.53,-73.9871597290039,40.750736236572266,1,N,-73.99849700927734,40.740211486816406,1,7.0,0.5,0.5,1.66,0.0,0.3,9.96
2713,2,2015-01-30 00:35:26,2015-01-30 00:50:41,1,2.68,-73.97396850585938,40.74826049804688,1,N,-74.00051879882812,40.722122192382805,1,12.5,0.5,0.5,2.76,0.0,0.3,16.56
2714,2,2015-01-30 00:35:29,2015-01-30 00:46:05,1,2.31,-73.97314453125,40.79009628295898,1,N,-73.95795440673827,40.811317443847656,1,10.0,0.5,0.5,2.1,0.0,0.3,13.4
2715,2,2015-01-30 00:35:30,2015-01-30 00:39:30,1,0.52,-73.98339080810547,40.72679901123047,1,N,-73.98973846435547,40.72970962524414,1,4.5,0.5,0.5,1.25,0.0,0.3,7.05
2716,2,2015-01-30 00:35:30,2015-01-30 00:50:54,2,3.54,-73.97523498535155,40.75925064086913,1,N,-73.9335708618164,40.76633071899414,1,14.0,0.5,0.5,3.82,0.0,0.3,19.12
2717,2,2015-01-30 00:35:30,2015-01-30 00:42:58,1,1.24,-73.98841857910156,40.76334381103516,1,N,-73.98210906982422,40.776561737060554,2,7.0,0.5,0.5,0.0,0.0,0.3,8.3
2718,2,2015-01-30 00:35:31,2015-01-30 00:41:37,1,1.53,-73.98918151855469,40.74045181274414,1,N,-73.97189331054686,40.75114822387695,1,7.0,0.5,0.5,2.08,0.0,0.3,10.38
2719,2,2015-01-30 00:35:31,2015-01-30 00:39:45,5,1.08,-73.95215606689453,40.77727127075195,1,N,-73.9629364013672,40.766796112060554,1,5.5,0.5,0.5,1.36,0.0,0.3,8.16
2720,2,2015-01-30 00:35:31,2015-01-30 00:48:15,1,2.63,-74.00093841552734,40.731609344482415,1,N,-73.97206115722656,40.747318267822266,1,11.0,0.5,0.5,1.0,0.0,0.3,13.3
2721,2,2015-01-30 00:35:31,2015-01-30 00:50:10,1,4.5,-73.98429870605469,40.74309921264648,1,N,-74.00684356689453,40.70544052124024,1,16.0,0.5,0.5,3.46,0.0,0.3,20.76
2722,2,2015-01-30 00:35:32,2015-01-30 00:42:39,1,1.33,-73.9880599975586,40.743839263916016,1,N,-73.98693084716798,40.72978973388672,2,7.0,0.5,0.5,0.0,0.0,0.3,8.3
2723,2,2015-01-30 00:35:32,2015-01-30 00:42:35,1,1.04,-74.00638580322266,40.74390411376953,1,N,-74.00796508789062,40.73483657836913,1,6.0,0.5,0.5,1.46,0.0,0.3,8.76
2724,2,2015-01-30 00:35:32,2015-01-30 00:41:02,1,0.8,-73.97000122070312,40.755962371826165,1,N,-73.97816467285155,40.76325225830078,2,5.5,0.5,0.5,0.0,0.0,0.3,6.8
2725,2,2015-01-30 00:35:33,2015-01-30 00:40:58,1,1.26,-73.98782348632812,40.7415885925293,1,N,-73.998779296875,40.734081268310554,1,6.5,0.5,0.5,1.56,0.0,0.3,9.36
2726,2,2015-01-30 00:35:33,2015-01-30 00:43:20,1,1.55,-73.99916076660156,40.72500228881836,1,N,-73.98069763183594,40.73374176025391,2,7.5,0.5,0.5,0.0,0.0,0.3,8.8
2727,2,2015-01-30 00:35:33,2015-01-30 00:38:49,1,0.84,-74.0046615600586,40.75201034545898,1,N,-73.99791717529298,40.75650024414063,1,4.5,0.5,0.5,1.74,0.0,0.3,7.54
2728,2,2015-01-10 17:20:08,2015-01-10 17:34:26,5,2.07,-73.95262908935547,40.77265167236328,1,N,-73.97740936279298,40.789409637451165,1,11.0,0.0,0.5,2.2,0.0,0.3,14.0
2729,2,2015-01-10 17:20:09,2015-01-10 17:28:43,3,1.18,-73.9854736328125,40.752220153808594,1,N,-73.99481964111328,40.752151489257805,1,7.5,0.0,0.5,1.5,0.0,0.3,9.8
2730,2,2015-01-10 17:20:09,2015-01-10 17:30:03,1,2.23,-73.95515441894531,40.77713394165039,1,N,-73.93753051757811,40.79182815551758,2,8.5,0.0,0.5,0.0,0.0,0.3,9.3
2731,2,2015-01-10 17:20:09,2015-01-10 17:34:24,2,2.34,-74.00270080566406,40.739452362060554,1,N,-73.9900894165039,40.76710891723633,1,11.5,0.0,0.5,2.3,0.0,0.3,14.6
2732,2,2015-01-10 17:20:09,2015-01-10 17:23:20,1,0.6,-73.97535705566406,40.79004287719727,1,N,-73.98103332519531,40.78247833251953,1,4.5,0.0,0.5,0.9,0.0,0.3,6.2
2733,2,2015-01-10 17:20:10,2015-01-10 18:17:41,2,18.57,-73.7892837524414,40.647136688232415,2,N,-73.9813461303711,40.76470947265625,2,52.0,0.0,0.5,0.0,5.33,0.3,58.13
2734,2,2015-01-10 17:20:10,2015-01-10 17:22:35,4,0.49,-73.96837615966798,40.76179885864258,1,N,-73.9744644165039,40.758670806884766,1,4.0,0.0,0.5,0.8,0.0,0.3,5.6
2735,2,2015-01-10 17:20:10,2015-01-10 17:28:44,5,1.1,-73.98207092285155,40.77066040039063,1,N,-73.97803497314453,40.78478240966797,2,7.5,0.0,0.5,0.0,0.0,0.3,8.3
2736,1,2015-01-28 08:38:35,2015-01-28 08:43:12,1,0.7,-74.00300598144531,40.75981903076172,1,N,-74.0069580078125,40.75153732299805,2,5.5,0.0,0.5,0.0,0.0,0.3,6.3
2737,1,2015-01-28 08:38:35,2015-01-28 08:51:24,1,1.4,-73.9755859375,40.79003143310546,1,N,-73.95758819580078,40.77950286865234,1,9.5,0.0,0.5,1.0,0.0,0.3,11.3
2738,1,2015-01-28 08:38:36,2015-01-28 08:54:03,1,1.5,-73.9607696533203,40.764896392822266,1,N,-73.98094177246092,40.759220123291016,2,10.5,0.0,0.5,0.0,0.0,0.3,11.3
2739,1,2015-01-28 08:38:36,2015-01-28 08:42:34,1,1.3,-74.00871276855469,40.74528884887695,1,N,-74.0078125,40.73121643066406,1,6.0,0.0,0.5,1.7,0.0,0.3,8.5
2740,1,2015-01-28 08:38:36,2015-01-28 08:41:26,1,0.4,-74.0080337524414,40.7318115234375,1,N,-74.00949859619139,40.72604370117188,2,4.0,0.0,0.5,0.0,0.0,0.3,4.8
2741,1,2015-01-28 08:38:36,2015-01-28 08:50:00,1,1.2,-73.97869110107422,40.77751159667969,1,N,-73.96725463867188,40.766849517822266,2,8.5,0.0,0.5,0.0,0.0,0.3,9.3
2742,1,2015-01-28 08:38:37,2015-01-28 09:03:57,1,5.0,-74.00623321533203,40.733619689941406,1,N,-73.95413208007811,40.76408386230469,1,20.5,0.0,0.5,3.0,0.0,0.3,24.3
2743,1,2015-01-28 08:38:37,2015-01-28 08:50:00,1,1.0,-73.9544448852539,40.765670776367195,1,N,-73.96302032470702,40.774375915527344,2,8.5,0.0,0.5,0.0,0.0,0.3,9.3
2744,1,2015-01-28 08:38:37,2015-01-28 08:44:14,1,0.5,-73.96316528320312,40.756832122802734,1,N,-73.96966552734375,40.75333023071289,1,5.5,0.0,0.5,1.85,0.0,0.3,8.15
2745,1,2015-01-28 08:38:38,2015-01-28 08:47:34,1,1.3,-73.98699951171875,40.73343276977539,1,N,-73.97480010986328,40.7503662109375,1,8.0,0.0,0.5,1.2,0.0,0.3,10.0
2746,1,2015-01-28 08:38:39,2015-01-28 08:41:22,1,0.5,-73.94822692871094,40.78274917602539,1,N,-73.9554443359375,40.77977752685546,1,4.0,0.0,0.5,1.2,0.0,0.3,6.0
2747,1,2015-01-28 08:50:25,2015-01-28 08:55:57,1,1.0,-73.98983001708984,40.74168395996094,1,N,-74.00431823730467,40.74953842163086,1,6.0,0.0,0.5,1.36,0.0,0.3,8.16
2748,1,2015-01-28 08:50:25,2015-01-28 08:55:19,1,0.9,-73.994140625,40.746360778808594,1,N,-74.00713348388672,40.752201080322266,1,5.0,0.0,0.5,1.0,0.0,0.3,6.8
2749,1,2015-01-28 08:50:27,2015-01-28 09:02:10,1,1.8,-73.99668121337889,40.76329803466797,1,N,-74.0077896118164,40.74019241333008,1,10.0,0.0,0.5,2.15,0.0,0.3,12.95
2750,1,2015-01-28 08:50:28,2015-01-28 09:02:06,1,1.2,-73.99071502685547,40.75627136230469,1,N,-73.97371673583984,40.75774383544922,1,8.5,0.0,0.5,1.85,0.0,0.3,11.15
2751,1,2015-01-28 08:50:28,2015-01-28 08:57:22,1,1.5,-73.95436096191406,40.769886016845696,1,N,-73.95490264892578,40.78327560424805,2,7.0,0.0,0.5,0.0,0.0,0.3,7.8
2752,1,2015-01-28 08:50:28,2015-01-28 08:57:02,1,0.9,0.0,0.0,1,N,0.0,0.0,1,6.5,0.0,0.5,1.2,0.0,0.3,8.5
2753,1,2015-01-28 08:50:29,2015-01-28 09:16:38,1,8.9,-73.98686981201173,40.73320007324219,1,N,-73.88561248779298,40.7732048034668,1,28.0,0.0,0.5,6.8,5.33,0.3,40.93
2754,1,2015-01-28 08:50:29,2015-01-28 09:00:00,1,1.5,-74.01467895507811,40.71659469604492,1,N,-73.99867248535155,40.726268768310554,1,8.0,0.0,0.5,1.0,0.0,0.3,9.8
2755,1,2015-01-28 08:50:29,2015-01-28 09:21:07,1,3.2,-74.00775146484375,40.73208236694336,1,N,-73.97355651855469,40.76288604736328,1,19.5,0.0,0.5,1.5,0.0,0.3,21.8
2756,1,2015-01-28 08:50:29,2015-01-28 09:08:26,2,7.3,-73.95938873291014,40.76264190673828,1,N,-74.01148223876953,40.71641540527344,2,23.5,0.0,0.5,0.0,0.0,0.3,24.3
2757,1,2015-01-28 08:50:29,2015-01-28 08:59:25,1,1.6,-74.00672912597656,40.73101425170898,1,N,-73.99140167236328,40.74655151367188,1,8.0,0.0,0.5,1.75,0.0,0.3,10.55
2758,1,2015-01-28 08:50:29,2015-01-28 08:56:52,2,0.9,-73.99573516845702,40.72671890258789,1,N,-73.98619842529298,40.734500885009766,2,6.0,0.0,0.5,0.0,0.0,0.3,6.8
2759,1,2015-01-28 08:50:30,2015-01-28 09:21:36,1,2.4,-73.98750305175781,40.749420166015625,1,N,-73.96160888671875,40.76446914672852,1,18.5,0.0,0.5,3.86,0.0,0.3,23.16
2760,1,2015-01-28 08:50:30,2015-01-28 08:59:43,2,1.0,-73.98031616210938,40.75037384033203,1,N,-73.97357940673827,40.762481689453125,1,7.5,0.0,0.5,1.66,0.0,0.3,9.96
2761,1,2015-01-28 08:50:30,2015-01-28 09:06:16,1,1.7,-73.97881317138672,40.76140975952149,1,N,-73.98609161376953,40.743614196777344,1,11.0,0.0,0.5,2.35,0.0,0.3,14.15
2762,1,2015-01-28 08:50:30,2015-01-28 09:01:22,1,1.3,0.0,0.0,1,N,-73.9592514038086,40.767459869384766,1,8.5,0.0,0.5,1.85,0.0,0.3,11.15
2763,1,2015-01-28 08:50:31,2015-01-28 08:56:03,1,0.7,-73.9873504638672,40.73308944702149,1,N,-73.98331451416014,40.74221420288086,1,6.0,0.0,0.5,0.0,0.0,0.3,6.8
2764,1,2015-01-28 08:50:31,2015-01-28 09:05:59,1,1.7,-73.98345184326173,40.744327545166016,1,N,-73.97573852539062,40.76452255249024,1,11.0,0.0,0.5,2.0,0.0,0.3,13.8
2765,1,2015-01-28 08:50:31,2015-01-28 08:58:52,1,1.2,-74.00166320800781,40.751556396484375,1,N,-74.00809478759764,40.738147735595696,1,7.5,0.0,0.5,1.5,0.0,0.3,9.8
2766,1,2015-01-28 08:50:32,2015-01-28 08:56:29,1,0.7,-73.98340606689453,40.738731384277344,1,N,-73.99498748779298,40.742183685302734,1,5.5,0.0,0.5,1.0,0.0,0.3,7.3
2767,1,2015-01-28 08:50:32,2015-01-28 09:24:14,1,3.4,-73.96419525146483,40.77361297607422,1,N,-74.0025634765625,40.748722076416016,1,21.5,0.0,0.5,3.0,0.0,0.3,25.3
2768,1,2015-01-28 08:50:32,2015-01-28 08:58:56,1,1.2,-73.9724884033203,40.75372695922852,1,N,-73.98368835449217,40.743896484375,1,7.5,0.0,0.5,1.65,0.0,0.3,9.95
2769,2,2015-01-17 23:06:27,2015-01-17 23:10:19,1,0.94,-73.99217224121092,40.753360748291016,1,N,-73.97847747802734,40.75239181518555,2,5.0,0.5,0.5,0.0,0.0,0.3,6.3
2770,2,2015-01-17 23:06:28,2015-01-17 23:17:15,1,2.17,-74.00212860107422,40.72956848144531,1,N,-73.981689453125,40.755718231201165,2,9.5,0.5,0.5,0.0,0.0,0.3,10.8
2771,2,2015-01-17 23:06:28,2015-01-17 23:24:53,2,3.64,-73.98544311523438,40.76646423339844,1,N,-74.00616455078125,40.73311614990234,2,15.5,0.5,0.5,0.0,0.0,0.3,16.8
2772,2,2015-01-17 23:06:29,2015-01-17 23:12:10,1,1.34,-73.96350860595702,40.7618408203125,1,N,-73.95081329345702,40.7748908996582,1,6.5,0.5,0.5,0.78,0.0,0.3,8.58
2773,2,2015-01-17 23:06:29,2015-01-17 23:15:45,2,2.53,-73.98146820068358,40.75796508789063,1,N,-73.95270538330078,40.772605895996094,1,9.5,0.5,0.5,1.0,0.0,0.3,11.8
2774,2,2015-01-17 23:06:30,2015-01-17 23:31:12,3,6.08,-73.9610824584961,40.801856994628906,1,N,-73.98927307128906,40.73058319091797,1,21.5,0.5,0.5,4.4,0.0,0.3,27.2
2775,2,2015-01-17 23:06:30,2015-01-17 23:21:25,1,2.05,-73.99546813964845,40.73939514160156,1,N,-73.98572540283203,40.762840270996094,1,11.0,0.5,0.5,2.3,0.0,0.3,14.6
2776,2,2015-01-17 23:06:30,2015-01-17 23:20:14,1,1.1,-73.98262023925781,40.73114013671875,1,N,-73.98857879638672,40.72111892700195,1,9.5,0.5,0.5,1.0,0.0,0.3,11.8
2777,2,2015-01-17 23:06:30,2015-01-17 23:44:56,1,9.13,-73.9930191040039,40.75197982788086,1,N,-73.95874786376953,40.68904876708984,2,32.0,0.5,0.5,0.0,0.0,0.3,33.3
2778,2,2015-01-17 23:06:30,2015-01-17 23:25:59,5,3.47,-73.98829650878906,40.76435089111328,1,N,-73.99211883544923,40.725940704345696,1,15.0,0.5,0.5,3.1,0.0,0.3,19.4
2779,2,2015-01-17 23:06:30,2015-01-17 23:18:43,1,2.39,-73.98204040527344,40.76298522949219,1,N,-73.95616912841797,40.781414031982415,2,11.0,0.5,0.5,0.0,0.0,0.3,12.3
2780,2,2015-01-17 23:06:30,2015-01-17 23:19:31,1,3.26,-73.97177124023438,40.75075149536133,1,N,-74.00437927246092,40.71708679199219,1,12.0,0.5,0.5,1.0,0.0,0.3,14.3
2781,1,2015-01-21 09:01:54,2015-01-21 09:18:41,1,3.0,-73.98552703857422,40.7353744506836,1,N,-74.014892578125,40.71399688720703,1,14.0,0.0,0.5,1.2,0.0,0.3,16.0
2782,1,2015-01-21 09:01:55,2015-01-21 09:32:05,1,3.4,-73.99107360839844,40.76530456542969,1,N,-73.98996734619139,40.74198532104492,1,17.0,0.0,0.5,1.0,0.0,0.3,18.8
2783,1,2015-01-21 09:01:55,2015-01-21 09:10:43,1,0.9,-73.98460388183594,40.75951385498047,1,N,-73.98097991943358,40.750614166259766,1,7.0,0.0,0.5,1.55,0.0,0.3,9.35
2784,1,2015-01-21 09:01:56,2015-01-21 09:11:53,1,1.3,-73.95521545410156,40.7646598815918,1,N,-73.97018432617188,40.75655364990234,2,8.0,0.0,0.5,0.0,0.0,0.3,8.8
2785,1,2015-01-21 09:01:56,2015-01-21 09:17:38,1,1.7,-73.98204040527344,40.74080276489258,1,N,-73.99799346923827,40.75635147094727,2,11.5,0.0,0.5,0.0,0.0,0.3,12.3
2786,1,2015-01-21 09:01:56,2015-01-21 09:37:36,1,16.6,-73.8697967529297,40.77033615112305,1,N,-74.01332092285155,40.71504974365234,1,47.0,0.0,0.5,10.6,5.33,0.3,63.73
2787,1,2015-01-21 09:01:56,2015-01-21 09:09:54,1,1.3,-74.01709747314453,40.70549011230469,1,N,-74.01006317138672,40.72104263305664,1,7.5,0.0,0.5,2.05,0.0,0.3,10.35
2788,1,2015-01-21 09:01:56,2015-01-21 09:26:21,1,2.7,-73.9826889038086,40.73558807373047,1,N,-73.99639129638672,40.76332473754882,1,16.5,0.0,0.5,3.45,0.0,0.3,20.75
2789,1,2015-01-21 09:01:56,2015-01-21 09:18:57,1,2.4,-73.99601745605469,40.738475799560554,1,N,-73.97140502929686,40.761615753173835,1,12.5,0.0,0.5,2.66,0.0,0.3,15.96
2790,1,2015-01-21 09:01:57,2015-01-21 09:07:24,1,0.7,-74.00068664550781,40.73665237426758,1,N,-73.99402618408203,40.73307037353516,1,5.5,0.0,0.5,1.0,0.0,0.3,7.3
2791,1,2015-01-21 09:01:57,2015-01-21 09:12:27,1,1.3,-74.00267028808594,40.739524841308594,1,N,-73.99971008300781,40.754005432128906,2,8.5,0.0,0.5,0.0,0.0,0.3,9.3
2792,1,2015-01-21 09:01:57,2015-01-21 09:07:42,1,0.7,-73.9826889038086,40.77698516845703,1,N,-73.97738647460938,40.78643035888672,1,6.0,0.0,0.5,0.6,0.0,0.3,7.4
2793,1,2015-01-21 09:01:57,2015-01-21 09:47:29,1,18.4,-73.98908233642578,40.7634162902832,2,N,-73.77633666992188,40.64540863037109,1,52.0,0.0,0.5,14.53,5.33,0.3,72.66
2794,1,2015-01-21 09:01:58,2015-01-21 09:09:45,1,1.3,-73.99433135986328,40.74574661254882,1,N,-73.99154663085938,40.7317008972168,1,7.5,0.0,0.5,2.05,0.0,0.3,10.35
2795,1,2015-01-21 09:01:58,2015-01-21 09:07:22,1,3.7,-73.97979736328125,40.73479843139648,1,N,-74.0100326538086,40.70195770263672,1,11.5,0.0,0.5,2.45,0.0,0.3,14.75
2796,1,2015-01-21 09:01:59,2015-01-21 09:09:09,1,0.9,-73.98801422119139,40.71873474121094,1,N,-73.99922943115233,40.72506332397461,2,6.5,0.0,0.5,0.0,0.0,0.3,7.3
2797,1,2015-01-21 09:01:59,2015-01-21 09:08:55,1,1.2,-73.99082183837889,40.75586318969727,1,N,-73.98928070068358,40.76950073242188,2,7.0,0.0,0.5,0.0,0.0,0.3,7.8
2798,1,2015-01-21 09:01:59,2015-01-21 09:11:02,1,0.9,-73.97138977050781,40.75487518310546,1,N,-73.98094177246092,40.76263046264648,1,7.0,0.0,0.5,1.0,0.0,0.3,8.8
2799,1,2015-01-21 09:02:01,2015-01-21 09:05:06,1,0.5,-74.00626373291014,40.73372268676758,1,N,-73.99788665771484,40.73296356201172,2,4.0,0.0,0.5,0.0,0.0,0.3,4.8
2800,1,2015-01-21 09:02:01,2015-01-21 09:29:01,1,1.8,-73.99645233154298,40.73806381225586,1,N,-73.98717498779298,40.75951385498047,1,17.0,0.0,0.5,3.56,0.0,0.3,21.36
2801,1,2015-01-21 09:02:01,2015-01-21 09:42:43,1,11.0,-73.87294006347656,40.774227142333984,1,N,-73.97886657714845,40.76237869262695,1,35.0,0.0,0.5,8.0,5.33,0.3,49.13
2802,1,2015-01-21 09:02:01,2015-01-21 09:11:21,1,0.9,-73.96848297119139,40.76739883422852,1,N,-73.97077178955078,40.75600051879882,1,7.5,0.0,0.5,1.65,0.0,0.3,9.95
2803,2,2015-01-17 23:06:30,2015-01-17 23:23:57,5,2.34,-73.99219512939453,40.71527862548828,1,N,-74.0064697265625,40.73830795288086,1,12.5,0.5,0.5,2.6,0.0,0.3,16.4
2804,2,2015-01-17 23:06:31,2015-01-17 23:17:07,1,1.3,-73.98152923583984,40.7413444519043,1,N,-73.99164581298828,40.72696304321289,2,8.5,0.5,0.5,0.0,0.0,0.3,9.8
2805,2,2015-01-17 23:06:31,2015-01-17 23:17:16,1,0.84,-73.98436737060547,40.74518203735352,1,N,-73.99327850341797,40.741310119628906,2,8.0,0.5,0.5,0.0,0.0,0.3,9.3
2806,2,2015-01-17 23:06:31,2015-01-17 23:13:51,1,1.75,-74.00737762451173,40.72726058959961,1,N,-73.99274444580078,40.74373245239258,1,8.0,0.5,0.5,1.7,0.0,0.3,11.0
2807,2,2015-01-17 23:06:31,2015-01-17 23:12:21,1,0.6,-73.99287414550781,40.76361846923828,1,N,-73.99729919433594,40.760303497314446,2,5.5,0.5,0.5,0.0,0.0,0.3,6.8
2808,2,2015-01-17 23:06:32,2015-01-17 23:17:17,1,1.49,-74.005126953125,40.7185935974121,1,N,-73.98932647705078,40.7293815612793,1,8.5,0.5,0.5,1.0,0.0,0.3,10.8
2809,2,2015-01-17 23:06:32,2015-01-17 23:18:56,2,1.63,-73.99726867675781,40.71937942504882,1,N,-74.00711059570312,40.733001708984375,1,9.5,0.5,0.5,2.0,0.0,0.3,12.8
2810,2,2015-01-17 23:06:32,2015-01-17 23:18:31,2,2.78,-74.0021743774414,40.746883392333984,1,N,-74.00086975097656,40.717967987060554,2,11.0,0.5,0.5,0.0,0.0,0.3,12.3
2811,2,2015-01-17 23:06:33,2015-01-17 23:10:10,6,0.5,-73.95912170410156,40.70920181274414,1,N,-73.951171875,40.71148681640625,1,4.5,0.5,0.5,1.5,0.0,0.3,7.3
2812,2,2015-01-07 21:07:48,2015-01-07 21:12:50,5,1.13,-73.98258209228516,40.76168823242188,1,N,-73.99784851074217,40.756542205810554,1,6.0,0.5,0.5,1.15,0.0,0.3,8.45
2813,2,2015-01-07 21:07:48,2015-01-07 21:28:01,6,4.49,-73.99131011962889,40.73141098022461,1,N,-73.9513168334961,40.68880462646485,2,17.5,0.5,0.5,0.0,0.0,0.3,18.8
2814,2,2015-01-07 21:07:48,2015-01-07 21:22:39,3,3.39,-73.95746612548828,40.71613693237305,1,N,-73.94696044921875,40.6750602722168,2,13.0,0.5,0.5,0.0,0.0,0.3,14.3
2815,2,2015-01-07 21:07:48,2015-01-07 21:13:04,4,1.25,-73.97412872314453,40.75746536254882,1,N,-73.96662139892578,40.76739501953125,1,6.0,0.5,0.5,1.3,0.0,0.3,8.6
2816,2,2015-01-07 21:07:49,2015-01-07 21:18:43,1,1.14,-74.00080108642578,40.72909927368164,1,N,-73.99611663818358,40.72183990478516,1,8.5,0.5,0.5,1.8,0.0,0.3,11.6
2817,2,2015-01-07 21:07:49,2015-01-07 21:14:41,2,0.82,-73.9908905029297,40.75088119506836,1,N,-73.97994995117188,40.74864196777344,2,6.0,0.5,0.5,0.0,0.0,0.3,7.3
2818,2,2015-01-07 21:07:50,2015-01-07 21:24:38,2,2.63,-73.9838638305664,40.72632598876953,1,N,-73.98203277587889,40.747337341308594,1,13.0,0.5,0.5,2.7,0.0,0.3,17.0
2819,2,2015-01-07 21:07:50,2015-01-07 21:12:31,5,1.22,-73.98560333251953,40.76807022094727,1,N,-73.99807739257811,40.75653076171875,1,6.0,0.5,0.5,1.3,0.0,0.3,8.6
2820,2,2015-01-07 21:07:50,2015-01-07 21:11:14,1,0.88,-73.99195861816406,40.749778747558594,1,N,-73.99182891845702,40.7401237487793,2,5.0,0.5,0.5,0.0,0.0,0.3,6.3
2821,2,2015-01-07 21:07:50,2015-01-07 21:12:27,1,0.83,-73.99468231201173,40.74537658691406,1,N,-73.98555755615233,40.7386589050293,1,5.5,0.5,0.5,1.2,0.0,0.3,8.0
2822,2,2015-01-07 21:07:50,2015-01-07 21:31:36,2,4.7,-74.0042266845703,40.73309326171875,1,N,-73.95487213134764,40.76912689208984,2,18.5,0.5,0.5,0.0,0.0,0.3,19.8
2823,2,2015-01-07 21:07:51,2015-01-07 21:28:00,1,6.38,-73.96803283691406,40.80133056640625,1,N,-74.0031967163086,40.73506927490234,1,21.5,0.5,0.5,5.5,0.0,0.3,28.3
2824,2,2015-01-07 21:07:51,2015-01-07 21:12:18,2,0.84,-73.96623229980467,40.75965118408203,1,N,-73.95741271972656,40.76588821411133,1,5.5,0.5,0.5,1.8,0.0,0.3,8.6
2825,2,2015-01-07 21:07:51,2015-01-07 21:20:07,5,5.13,-74.00895690917967,40.7066764831543,1,N,-73.96485137939453,40.75335693359375,1,16.5,0.5,0.5,3.4,0.0,0.3,21.2
2826,2,2015-01-07 21:07:52,2015-01-07 21:14:11,1,2.09,-73.9762191772461,40.7861213684082,1,N,-73.95423126220702,40.8058967590332,2,8.0,0.5,0.5,0.0,0.0,0.3,9.3
2827,2,2015-01-07 21:07:52,2015-01-07 21:25:40,1,4.35,-73.97872924804686,40.76253509521485,1,N,-73.9832534790039,40.72223663330078,1,16.5,0.5,0.5,2.0,0.0,0.3,19.8
2828,2,2015-01-07 21:07:52,2015-01-07 21:14:11,2,1.64,-74.0154800415039,40.71622848510742,1,N,-74.00450897216798,40.73278045654297,1,7.0,0.5,0.5,1.5,0.0,0.3,9.8
2829,2,2015-01-07 21:07:52,2015-01-07 21:11:25,6,0.53,-73.94342041015625,40.80940628051758,1,N,-73.93746185302734,40.81011581420898,2,4.5,0.5,0.5,0.0,0.0,0.3,5.8
2830,2,2015-01-07 21:07:52,2015-01-07 21:12:27,1,0.91,-73.99904632568358,40.734840393066406,1,N,-73.99610900878906,40.726200103759766,1,5.5,0.5,0.5,1.8,0.0,0.3,8.6
2831,2,2015-01-07 21:07:52,2015-01-07 21:21:02,1,2.63,-73.94650268554686,40.77260971069336,1,N,-73.97637939453125,40.79381942749024,1,11.5,0.5,0.5,2.4,0.0,0.3,15.2
2832,2,2015-01-07 21:07:52,2015-01-07 21:16:50,1,2.67,-73.97759246826173,40.766159057617195,1,N,-73.98182678222656,40.736770629882805,1,10.0,0.5,0.5,2.1,0.0,0.3,13.4
2833,2,2015-01-30 20:08:19,2015-01-30 20:16:40,1,1.79,-73.95954132080078,40.75920104980469,1,N,-73.9500961303711,40.77971267700195,1,8.0,0.5,0.5,1.86,0.0,0.3,11.16
2834,2,2015-01-30 20:08:19,2015-01-30 20:21:14,1,2.93,-74.0061798095703,40.749961853027344,1,N,-74.00837707519531,40.71134185791016,2,12.5,0.5,0.5,0.0,0.0,0.3,13.8
2835,2,2015-01-30 20:08:19,2015-01-30 20:28:05,1,9.06,0.0,0.0,1,N,0.0,0.0,2,26.0,0.5,0.5,0.0,5.33,0.3,32.63
2836,2,2015-01-30 20:08:19,2015-01-30 20:21:42,1,4.5,-73.98063659667967,40.750919342041016,1,N,-73.94142150878906,40.8061408996582,2,14.5,0.5,0.5,0.0,0.0,0.3,15.8
2837,2,2015-01-30 20:08:19,2015-01-30 20:12:21,1,0.81,-73.97183990478516,40.79196166992188,1,N,-73.971435546875,40.80036544799805,2,5.0,0.5,0.5,0.0,0.0,0.3,6.3
2838,2,2015-01-30 20:08:19,2015-01-30 20:21:55,2,2.53,-73.99481964111328,40.74018478393555,1,N,-73.96758270263672,40.7602767944336,1,11.0,0.5,0.5,2.46,0.0,0.3,14.76
2839,2,2015-01-30 20:08:19,2015-01-30 20:14:32,1,0.8,-73.99503326416014,40.72507858276367,1,N,-73.9866714477539,40.73376083374024,2,6.0,0.5,0.5,0.0,0.0,0.3,7.3
2840,2,2015-01-30 20:08:20,2015-01-30 20:29:47,1,4.61,-73.9859848022461,40.76755142211913,1,N,-73.92650604248048,40.76249694824219,1,18.0,0.5,0.5,4.0,0.0,0.3,23.3
2841,2,2015-01-30 20:08:20,2015-01-30 20:22:56,1,3.12,-73.95532989501953,40.772998809814446,1,N,-73.97736358642578,40.74285125732422,2,13.5,0.5,0.5,0.0,0.0,0.3,14.8
2842,2,2015-01-30 20:08:21,2015-01-30 20:11:10,1,0.33,-73.96908569335938,40.761245727539055,1,N,-73.97183990478516,40.757118225097656,2,3.5,0.5,0.5,0.0,0.0,0.3,4.8
2843,2,2015-01-30 20:08:21,2015-01-30 20:19:11,1,2.75,-73.97477722167967,40.74210739135742,1,N,-73.94876861572266,40.77406311035156,1,10.5,0.5,0.5,2.0,0.0,0.3,13.8
2844,2,2015-01-30 20:08:21,2015-01-30 20:27:35,1,2.98,-73.98768615722656,40.71854019165039,1,N,-74.0047836303711,40.74627685546875,1,14.0,0.5,0.5,2.0,0.0,0.3,17.3
2845,2,2015-01-30 20:08:21,2015-01-30 20:15:49,1,2.11,-73.98345947265625,40.69375991821289,1,N,-73.99205780029298,40.72125244140625,2,8.5,0.5,0.5,0.0,0.0,0.3,9.8
2846,2,2015-01-30 20:08:21,2015-01-30 20:22:49,1,2.96,-73.96790313720702,40.799701690673835,1,N,-73.93492126464845,40.816593170166016,2,12.5,0.5,0.5,0.0,0.0,0.3,13.8
2847,2,2015-01-30 20:08:21,2015-01-30 20:10:40,1,0.84,-73.97972869873048,40.781341552734375,1,N,-73.97598266601561,40.78916931152344,2,4.5,0.5,0.5,0.0,0.0,0.3,5.8
2848,2,2015-01-30 20:08:21,2015-01-30 20:13:24,5,1.21,-73.99077606201173,40.75440216064453,1,N,-73.99861145019531,40.740142822265625,1,6.0,0.5,0.5,1.0,0.0,0.3,8.3
2849,2,2015-01-30 20:08:21,2015-01-30 20:15:51,1,1.25,-73.9986801147461,40.750221252441406,1,N,-74.00614929199219,40.73455047607422,1,7.0,0.5,0.5,1.66,0.0,0.3,9.96
2850,1,2015-01-26 18:59:02,2015-01-26 19:06:05,1,1.3,-74.00164794921875,40.745849609375,1,N,-73.99568939208984,40.732864379882805,1,7.0,1.0,0.5,1.75,0.0,0.3,10.55
2851,2,2015-01-13 23:07:46,2015-01-13 23:09:51,5,0.48,-73.9531021118164,40.77886199951172,1,N,-73.94705200195312,40.779388427734375,1,3.5,0.5,0.5,1.0,0.0,0.3,5.8
2852,2,2015-01-13 23:07:46,2015-01-13 23:23:28,2,3.18,-73.97241973876953,40.75566864013672,1,N,-73.9568634033203,40.748008728027344,1,14.0,0.5,0.5,2.9,0.0,0.3,18.2
2853,2,2015-01-13 23:07:46,2015-01-13 23:12:20,5,0.75,-73.97929382324217,40.72769546508789,1,N,-73.98633575439453,40.71947860717773,1,5.0,0.5,0.5,1.0,0.0,0.3,7.3
2854,2,2015-01-13 23:07:46,2015-01-13 23:30:57,2,8.86,-73.86553192138672,40.769325256347656,1,N,-73.97030639648438,40.79923629760742,1,27.5,0.5,0.5,6.67,5.33,0.3,40.8
2855,2,2015-01-13 23:07:47,2015-01-13 23:18:55,1,2.65,-73.98195648193358,40.67888641357422,1,N,-73.94747161865233,40.672142028808594,1,11.0,0.5,0.5,2.0,0.0,0.3,14.3
2856,2,2015-01-13 23:07:47,2015-01-13 23:32:58,2,10.07,-73.87290954589844,40.774089813232415,1,N,-73.98851013183594,40.71855163574219,1,31.0,0.5,0.5,7.37,5.33,0.3,45.0
2857,2,2015-01-13 23:07:47,2015-01-13 23:31:14,1,4.03,-73.98124694824217,40.76910018920898,1,N,-74.00804138183594,40.745880126953125,1,18.0,0.5,0.5,3.7,0.0,0.3,23.0
2858,2,2015-01-13 23:07:48,2015-01-13 23:26:39,1,10.8,-73.83130645751953,40.725955963134766,2,N,-73.987548828125,40.75781631469727,1,52.0,0.0,0.5,10.0,5.33,0.3,68.13
2859,2,2015-01-13 23:07:50,2015-01-13 23:11:27,1,0.9,-73.95606231689453,40.71770095825195,1,N,-73.94412231445312,40.7257194519043,2,5.0,0.5,0.5,0.0,0.0,0.3,6.3
2860,2,2015-01-13 23:07:50,2015-01-13 23:13:09,1,1.11,-73.97811889648438,40.74560546875,1,N,-73.990966796875,40.750755310058594,1,6.0,0.5,0.5,1.0,0.0,0.3,8.3
2861,2,2015-01-13 23:07:50,2015-01-13 23:25:05,2,6.1,-73.95907592773438,40.77789306640625,1,N,-74.00996398925781,40.72975158691406,1,20.0,0.5,0.5,2.0,0.0,0.3,23.3
2862,2,2015-01-13 23:07:50,2015-01-13 23:10:35,1,0.71,-73.97732543945312,40.742862701416016,1,N,-73.98539733886719,40.73987579345703,1,4.5,0.5,0.5,1.0,0.0,0.3,6.8
2863,2,2015-01-13 23:07:51,2015-01-13 23:13:37,2,0.95,-74.0003890991211,40.718406677246094,1,N,-73.98601531982422,40.717670440673835,1,6.0,0.5,0.5,0.0,0.0,0.3,7.3
2864,2,2015-01-13 23:07:51,2015-01-13 23:10:48,1,0.7,-73.98793029785155,40.72249603271485,1,N,-73.98316192626953,40.7304801940918,1,4.5,0.5,0.5,1.0,0.0,0.3,6.8
2865,1,2015-01-26 18:59:05,2015-01-26 19:02:10,4,0.5,-73.95905303955078,40.80973815917969,1,N,-73.9637680053711,40.803253173828125,2,4.5,1.0,0.5,0.0,0.0,0.3,6.3
2866,1,2015-01-26 18:59:13,2015-01-26 19:25:01,4,10.0,-73.78199768066406,40.64468383789063,1,N,-73.74140167236328,40.59542083740234,2,29.5,1.0,0.5,0.0,0.0,0.3,31.3
2867,1,2015-01-26 18:59:15,2015-01-26 19:00:56,1,0.5,-73.9611587524414,40.760757446289055,1,N,-73.95573425292967,40.768184661865234,1,3.5,1.0,0.5,1.55,0.0,0.3,6.85
2868,1,2015-01-26 18:59:15,2015-01-26 18:59:41,1,0.0,-73.91310119628906,40.75948333740234,1,N,-73.91310119628906,40.759471893310554,1,2.5,1.0,0.5,2.0,0.0,0.3,6.3
2869,1,2015-01-26 18:59:16,2015-01-26 19:27:08,1,7.3,-73.99816131591797,40.74577713012695,1,N,-73.97617340087889,40.77975845336913,1,25.0,1.0,0.5,8.0,0.0,0.3,34.8
2870,1,2015-01-26 18:59:17,2015-01-26 19:07:01,1,2.5,-73.98589324951173,40.66735076904297,1,N,-73.97450256347656,40.64078521728516,2,9.0,1.0,0.5,0.0,0.0,0.3,10.8
2871,1,2015-01-26 18:59:18,2015-01-26 19:39:59,2,19.9,-73.77739715576173,40.64572143554688,4,N,-73.7213363647461,40.79021453857422,1,59.0,1.0,0.5,9.0,0.0,0.3,69.8
2872,1,2015-01-26 18:59:20,2015-01-26 19:06:29,1,0.9,-73.9940185546875,40.751373291015625,1,N,-73.98536682128906,40.7592887878418,2,6.5,1.0,0.5,0.0,0.0,0.3,8.3
2873,1,2015-01-26 18:59:20,2015-01-26 19:07:09,1,1.6,-73.98072814941406,40.75970077514648,1,N,-73.98950958251953,40.77452087402344,1,7.5,1.0,0.5,1.85,0.0,0.3,11.15
2874,1,2015-01-26 18:59:24,2015-01-26 19:03:21,2,0.8,-73.96866607666014,40.79141616821289,1,N,-73.96997833251953,40.79975128173828,2,5.0,1.0,0.5,0.0,0.0,0.3,6.8
2875,1,2015-01-26 18:59:24,2015-01-26 19:01:36,1,0.5,-73.98190307617188,40.77801132202149,1,N,-73.97908020019531,40.78355407714844,2,4.0,1.0,0.5,0.0,0.0,0.3,5.8
2876,1,2015-01-26 18:59:25,2015-01-26 19:06:05,1,1.1,-73.98107147216798,40.75956726074219,1,N,-73.97864532470702,40.773223876953125,2,6.5,1.0,0.5,0.0,0.0,0.3,8.3
2877,1,2015-01-26 18:59:25,2015-01-26 18:59:25,1,0.0,-73.98777770996092,40.724220275878906,1,N,0.0,0.0,2,6.5,1.0,0.5,0.0,0.0,0.3,8.3
2878,1,2015-01-26 18:59:28,2015-01-26 19:01:59,1,0.5,-73.94596099853516,40.78577423095703,1,N,-73.95191192626953,40.78050994873047,3,4.0,1.0,0.5,0.0,0.0,0.3,5.8
2879,1,2015-01-26 18:59:28,2015-01-26 19:12:04,1,2.1,-73.86109924316406,40.73147201538086,1,N,-73.86283111572266,40.75226974487305,2,10.0,1.0,0.5,0.0,0.0,0.3,11.8
2880,1,2015-01-26 18:59:32,2015-01-26 19:03:55,1,0.6,-73.99010467529298,40.74185943603516,1,N,-74.00144958496092,40.74666595458984,2,5.0,1.0,0.5,0.0,0.0,0.3,6.8
2881,1,2015-01-26 18:59:36,2015-01-26 19:05:37,1,1.2,-73.91390991210938,40.753509521484375,1,N,-73.90586853027342,40.74240112304688,2,6.0,1.0,0.5,0.0,0.0,0.3,7.8
2882,1,2015-01-26 18:59:40,2015-01-26 19:03:51,1,1.0,-73.95863342285155,40.76422882080078,1,N,-73.94759368896483,40.77254104614258,2,5.5,1.0,0.5,0.0,0.0,0.3,7.3
2883,1,2015-01-26 18:59:40,2015-01-26 19:10:11,1,2.0,-73.98860931396483,40.75342178344727,1,N,-73.98596954345702,40.732608795166016,1,9.0,1.0,0.5,2.0,0.0,0.3,12.8
2884,1,2015-01-26 18:59:49,2015-01-26 19:07:48,1,1.3,-73.97602844238281,40.751251220703125,1,N,-73.99646759033203,40.75593185424805,1,7.0,1.0,0.5,1.32,0.0,0.3,10.12
2885,1,2015-01-26 18:59:50,2015-01-26 19:07:41,1,1.7,-73.96926116943358,40.76027297973633,1,N,-73.98049163818358,40.740280151367195,2,7.5,1.0,0.5,0.0,0.0,0.3,9.3
2886,2,2015-01-07 19:06:01,2015-01-07 19:15:29,6,2.07,-74.00794219970702,40.711856842041016,1,N,-73.99380493164062,40.73286056518555,1,9.0,1.0,0.5,2.0,0.0,0.3,12.8
2887,2,2015-01-07 19:06:01,2015-01-07 19:19:53,1,1.79,-73.97042846679686,40.759056091308594,1,N,-73.98835754394531,40.739303588867195,1,10.5,1.0,0.5,3.45,0.0,0.3,15.75
2888,2,2015-01-07 19:06:02,2015-01-07 19:08:33,1,0.64,-73.94463348388672,40.77931594848633,1,N,-73.94850158691406,40.78245162963867,1,4.0,1.0,0.5,0.0,0.0,0.3,5.8
2889,2,2015-01-07 19:06:02,2015-01-07 19:14:44,3,0.97,-73.98634338378906,40.73038101196289,1,N,-73.99097442626953,40.73899841308594,1,7.5,1.0,0.5,1.7,0.0,0.3,11.0
2890,2,2015-01-07 19:06:02,2015-01-07 19:26:51,2,3.71,-73.9924087524414,40.76902389526367,1,N,-73.983154296875,40.731544494628906,2,16.0,1.0,0.5,0.0,0.0,0.3,17.8
2891,2,2015-01-07 19:06:02,2015-01-07 19:18:50,3,2.25,-73.99205017089844,40.73476791381836,1,N,-73.96939086914062,40.75691604614258,2,10.5,1.0,0.5,0.0,0.0,0.3,12.3
2892,2,2015-01-07 19:06:02,2015-01-07 19:42:21,6,12.43,-73.79037475585938,40.64410400390625,1,N,-73.95201873779298,40.69357681274414,2,38.5,1.0,0.5,0.0,0.0,0.3,40.3
2893,2,2015-01-07 19:06:02,2015-01-07 19:17:34,1,1.99,-73.97518157958984,40.78245162963867,1,N,-73.96575164794923,40.76375961303711,1,9.5,1.0,0.5,1.0,0.0,0.3,12.3
2894,2,2015-01-07 19:06:02,2015-01-07 19:14:01,1,1.44,-73.97947692871092,40.776809692382805,1,N,-73.97721099853516,40.79209899902344,2,7.5,1.0,0.5,0.0,0.0,0.3,9.3
2895,2,2015-01-07 19:06:03,2015-01-07 19:14:12,1,1.3,-74.00363922119139,40.74767303466797,1,N,-73.98499298095702,40.73882675170898,2,7.5,1.0,0.5,0.0,0.0,0.3,9.3
2896,2,2015-01-07 19:06:03,2015-01-07 19:16:47,2,1.9,-73.99382019042967,40.75682830810546,1,N,-73.9905014038086,40.73667907714844,2,9.0,1.0,0.5,0.0,0.0,0.3,10.8
2897,2,2015-01-07 19:06:03,2015-01-07 19:14:51,1,1.6,-73.99433135986328,40.75614929199219,1,N,-73.9785614013672,40.765670776367195,1,8.0,1.0,0.5,1.8,0.0,0.3,11.6
2898,2,2015-01-07 19:06:03,2015-01-07 19:21:43,1,2.08,-73.98491668701173,40.76009368896485,1,N,-73.97419738769531,40.74762344360352,1,11.5,1.0,0.5,1.5,0.0,0.3,14.8
2899,2,2015-01-07 19:06:03,2015-01-07 19:11:04,1,0.6,-73.96802520751953,40.76227188110352,1,N,-73.96779632568358,40.75635147094727,1,5.0,1.0,0.5,0.75,0.0,0.3,7.55
2900,2,2015-01-07 19:06:04,2015-01-07 19:24:59,6,3.66,-73.95367431640625,40.76686477661133,1,N,-73.96615600585938,40.803119659423835,1,15.0,1.0,0.5,3.2,0.0,0.3,20.0
2901,2,2015-01-07 19:06:04,2015-01-07 19:41:37,1,4.81,-73.96668243408203,40.766746520996094,1,N,-73.98164367675781,40.77947616577149,1,23.5,1.0,0.5,4.9,0.0,0.3,30.2
2902,2,2015-01-07 19:06:04,2015-01-07 19:12:17,2,1.02,-73.99114227294923,40.77003860473633,1,N,-73.99169921875,40.75981903076172,2,6.0,1.0,0.5,0.0,0.0,0.3,7.8
2903,2,2015-01-07 19:06:05,2015-01-07 19:19:36,5,2.35,-73.98107147216798,40.77819061279297,1,N,-73.96021270751953,40.7579231262207,2,11.0,1.0,0.5,0.0,0.0,0.3,12.8
2904,2,2015-01-07 19:06:05,2015-01-07 19:18:06,1,1.94,-73.95008850097656,40.78410720825195,1,N,-73.97603607177734,40.79228973388672,1,10.0,1.0,0.5,1.0,0.0,0.3,12.8
2905,2,2015-01-07 19:06:05,2015-01-07 19:16:17,2,1.65,-73.98403930664062,40.76151657104492,1,N,-73.98707580566406,40.742897033691406,2,8.5,1.0,0.5,0.0,0.0,0.3,10.3
2906,2,2015-01-07 19:06:06,2015-01-07 19:12:38,1,0.83,-73.99122619628906,40.7342185974121,1,N,-74.00511169433594,40.740028381347656,2,6.0,1.0,0.5,0.0,0.0,0.3,7.8
2907,1,2015-01-26 20:00:39,2015-01-26 20:04:33,4,0.7,-74.0027847290039,40.72825241088867,1,N,-73.99650573730467,40.72219467163086,1,4.5,0.5,0.5,1.15,0.0,0.3,6.95
2908,1,2015-01-26 20:00:42,2015-01-26 20:05:05,1,0.5,-73.99559020996092,40.72536087036133,1,N,-73.99420928955078,40.72011566162109,1,5.0,0.5,0.5,1.25,0.0,0.3,7.55
2909,1,2015-01-26 20:00:43,2015-01-26 20:07:42,2,1.2,-73.98162841796875,40.768104553222656,1,N,-73.97740936279298,40.78102111816406,1,6.5,0.5,0.5,1.5,0.0,0.3,9.3
2910,1,2015-01-26 20:00:45,2015-01-26 20:05:39,1,0.9,-73.99358367919923,40.752052307128906,1,N,-73.97840881347656,40.745826721191406,1,5.5,1.0,0.5,1.0,0.0,0.3,8.3
2911,1,2015-01-26 20:00:45,2015-01-26 20:06:37,1,1.3,-74.00554656982422,40.72582244873047,1,N,-73.98609161376953,40.72239303588867,1,6.5,0.5,0.5,1.0,0.0,0.3,8.8
2912,1,2015-01-26 20:00:46,2015-01-26 20:06:08,1,1.2,-73.99446868896483,40.75081634521485,1,N,-73.98555755615233,40.766212463378906,1,6.0,0.5,0.5,1.45,0.0,0.3,8.75
2913,1,2015-01-26 20:00:50,2015-01-26 20:09:52,2,1.9,-73.97061920166014,40.75479507446289,1,N,-73.98672485351561,40.77173614501953,2,8.5,0.5,0.5,0.0,0.0,0.3,9.8
2914,1,2015-01-26 20:00:51,2015-01-26 20:10:12,1,2.0,-73.98538970947266,40.75764465332031,1,N,-73.9847183227539,40.77952194213867,1,8.5,1.0,0.5,2.55,0.0,0.3,12.85
2915,1,2015-01-26 20:00:52,2015-01-26 20:16:33,1,8.3,-73.95091247558595,40.77111053466797,1,N,-73.99974060058595,40.69327545166016,1,24.0,0.5,0.5,5.05,0.0,0.3,30.35
2916,1,2015-01-26 20:00:53,2015-01-26 20:07:27,1,1.1,-73.9599609375,40.76130676269531,1,N,-73.9750747680664,40.757694244384766,2,6.0,0.5,0.5,0.0,0.0,0.3,7.3
2917,1,2015-01-26 20:00:54,2015-01-26 20:08:35,1,1.9,-73.98341369628906,40.75032043457031,1,N,-74.00003814697266,40.7285385131836,1,8.0,1.0,0.5,1.96,0.0,0.3,11.76
2918,1,2015-01-26 20:01:00,2015-01-26 20:07:02,1,1.7,-73.95382690429686,40.80644226074219,1,N,-73.93826293945312,40.82772445678711,1,7.5,1.0,0.5,0.0,0.0,0.3,9.3
2919,1,2015-01-26 20:01:03,2015-01-26 20:20:32,1,4.5,-73.9559097290039,40.77904510498047,1,N,-74.00176239013672,40.74099349975586,1,16.5,1.0,0.5,3.65,0.0,0.3,21.95
2920,1,2015-01-26 20:01:05,2015-01-26 20:11:17,2,1.6,-73.98460388183594,40.74821853637695,1,N,-73.98197937011719,40.73107147216797,2,8.5,1.0,0.5,0.0,0.0,0.3,10.3
2921,1,2015-01-26 20:01:05,2015-01-26 20:12:27,2,2.4,-73.98786926269531,40.73849868774414,1,N,-74.00993347167967,40.71578598022461,1,10.0,0.5,0.5,1.7,0.0,0.3,13.0
2922,1,2015-01-26 20:01:10,2015-01-26 20:07:44,0,1.2,-73.98751831054686,40.74996566772461,1,N,-73.98560333251953,40.76318740844727,2,6.5,1.0,0.5,0.0,0.0,0.3,8.3
2923,1,2015-01-26 20:01:13,2015-01-26 20:08:23,2,1.4,-73.96255493164062,40.76998901367188,1,N,-73.96601104736328,40.75442123413086,2,7.0,0.5,0.5,0.0,0.0,0.3,8.3
2924,1,2015-01-26 20:01:15,2015-01-26 20:07:04,3,1.0,-73.95858001708984,40.780948638916016,1,N,-73.94453430175781,40.77943801879882,2,6.0,0.5,0.5,0.0,0.0,0.3,7.3
2925,1,2015-01-26 20:01:22,2015-01-26 20:07:34,1,0.7,-73.98072814941406,40.76040649414063,1,N,-73.97125244140625,40.75604248046875,2,5.5,1.0,0.5,0.0,0.0,0.3,7.3
2926,2,2015-01-10 17:20:11,2015-01-10 17:34:43,2,1.8,-73.9930648803711,40.73336410522461,1,N,-74.00228118896483,40.75013732910156,1,10.5,0.0,0.5,2.1,0.0,0.3,13.4
2927,2,2015-01-10 17:20:12,2015-01-10 17:36:56,1,3.54,-73.94837951660156,40.77655029296875,1,N,-73.9832534790039,40.7488670349121,2,15.0,0.0,0.5,0.0,0.0,0.3,15.8
2928,2,2015-01-10 17:20:12,2015-01-10 17:22:02,1,0.49,-73.95986938476561,40.81343460083008,1,N,-73.96404266357422,40.80758285522461,1,3.5,0.0,0.5,0.7,0.0,0.3,5.0
2929,2,2015-01-10 17:20:12,2015-01-10 18:07:01,5,18.28,-73.98342895507811,40.756080627441406,4,N,-73.83106994628906,40.9445686340332,1,60.0,0.0,0.5,15.0,0.0,0.3,75.8
2930,2,2015-01-10 17:20:12,2015-01-10 17:32:21,1,2.8,-73.98271942138672,40.72276306152344,1,N,-73.94973754882812,40.711063385009766,1,12.0,0.0,0.5,2.4,0.0,0.3,15.2
2931,2,2015-01-10 17:20:13,2015-01-10 17:39:21,2,2.84,-73.97455596923827,40.75667190551758,1,N,-73.99980926513672,40.73029708862305,1,14.0,0.0,0.5,2.8,0.0,0.3,17.6
2932,2,2015-01-10 17:20:14,2015-01-10 17:24:38,2,0.68,-73.98814392089844,40.738628387451165,1,N,-73.98684692382812,40.73150634765625,1,5.0,0.0,0.5,1.5,0.0,0.3,7.3
2933,2,2015-01-10 17:20:14,2015-01-10 17:43:40,1,3.89,-73.99140167236328,40.74966049194336,1,N,-73.94913482666014,40.7733268737793,2,17.5,0.0,0.5,0.0,0.0,0.3,18.3
2934,2,2015-01-10 17:20:14,2015-01-10 17:24:27,1,1.1,-73.96583557128906,40.76217651367188,1,N,-73.9559097290039,40.77603530883789,1,5.5,0.0,0.5,1.38,0.0,0.3,7.68
2935,2,2015-01-10 17:20:15,2015-01-10 17:30:46,1,1.13,-74.01110076904298,40.71065902709961,1,N,-73.99952697753906,40.72481918334961,2,8.0,0.0,0.5,0.0,0.0,0.3,8.8
2936,2,2015-01-10 17:20:15,2015-01-10 17:35:00,2,2.72,-73.98848724365233,40.77899932861328,1,N,-73.96331024169923,40.768951416015625,2,12.5,0.0,0.5,0.0,0.0,0.3,13.3
2937,2,2015-01-10 17:20:15,2015-01-10 17:33:59,1,2.11,-73.97518920898438,40.76108169555664,1,N,-73.98137664794923,40.74126815795898,1,11.0,0.0,0.5,2.2,0.0,0.3,14.0
2938,2,2015-01-10 17:20:15,2015-01-10 17:41:13,1,5.79,-73.98374938964845,40.72143173217773,1,N,-73.9397201538086,40.78619003295898,2,20.5,0.0,0.5,0.0,0.0,0.3,21.3
2939,1,2015-01-02 14:15:19,2015-01-02 14:21:06,1,0.9,-73.96591949462889,40.753936767578125,1,N,-73.96794128417967,40.76285171508789,2,6.0,0.0,0.5,0.0,0.0,0.0,6.8
2940,1,2015-01-02 14:15:19,2015-01-02 14:24:01,1,1.4,-73.96720123291014,40.75659942626953,1,N,-73.98155975341797,40.7498893737793,2,7.5,0.0,0.5,0.0,0.0,0.0,8.3
2941,1,2015-01-02 14:15:19,2015-01-02 14:21:00,2,0.7,-73.97775268554686,40.76150131225586,1,N,-73.96615600585938,40.76206970214844,1,5.5,0.0,0.5,1.25,0.0,0.0,7.55
2942,1,2015-01-02 14:15:19,2015-01-02 14:28:16,1,1.3,-73.9881134033203,40.74998474121094,1,Y,-73.97323608398438,40.76277160644531,1,9.5,0.0,0.5,2.55,0.0,0.0,12.85
2943,1,2015-01-02 14:15:19,2015-01-02 14:18:16,1,0.8,-73.96588134765625,40.765323638916016,1,N,-73.9558868408203,40.77282333374024,1,4.5,0.0,0.5,1.05,0.0,0.0,6.35
2944,2,2015-01-02 14:15:19,2015-01-02 14:19:53,2,1.1,-73.97575378417967,40.75779724121094,1,N,-73.96575164794923,40.77128601074219,1,5.5,0.0,0.5,2.0,0.0,0.3,8.3
2945,2,2015-01-02 14:15:19,2015-01-02 14:24:57,2,1.99,-73.97786712646483,40.75773620605469,1,N,-73.99861145019531,40.74063873291016,1,9.0,0.0,0.5,1.8,0.0,0.3,11.6
2946,2,2015-01-02 14:15:19,2015-01-02 14:21:38,2,1.07,-74.00421142578125,40.748580932617195,1,N,-74.00287628173827,40.75953674316406,1,6.0,0.0,0.5,1.2,0.0,0.3,8.0
2947,2,2015-01-02 14:15:19,2015-01-02 14:25:44,2,4.68,-74.00299835205078,40.70790100097656,1,N,-73.97681427001953,40.75153732299805,1,15.0,0.0,0.5,3.75,0.0,0.3,19.55
2948,2,2015-01-02 14:15:19,2015-01-02 14:36:23,3,3.9,-73.97676086425781,40.75921630859375,1,N,-73.97811126708984,40.74849319458008,2,14.0,0.0,0.5,0.0,0.0,0.3,14.8
2949,1,2015-01-02 14:15:20,2015-01-02 14:25:46,1,5.9,-74.01177978515625,40.702823638916016,1,N,-73.96086883544923,40.76116943359375,2,18.0,0.0,0.5,0.0,0.0,0.0,18.8
2950,2,2015-01-02 14:15:20,2015-01-02 14:24:56,4,1.73,-73.97407531738281,40.679447174072266,1,N,-73.94493865966798,40.67659759521485,2,8.5,0.0,0.5,0.0,0.0,0.3,9.3
2951,2,2015-01-02 14:15:20,2015-01-02 14:34:21,5,4.28,-74.00568389892578,40.74550628662109,1,N,-73.96216583251953,40.77921295166016,1,16.5,0.0,0.5,0.0,0.0,0.3,17.3
2952,2,2015-01-02 14:15:20,2015-01-02 14:24:14,3,1.57,-73.95993041992188,40.77978897094727,1,N,-73.96746826171875,40.76103973388672,1,8.5,0.0,0.5,0.75,0.0,0.3,10.05
2953,2,2015-01-02 14:15:20,2015-01-02 14:24:54,2,1.09,-73.97769165039062,40.75796890258789,1,N,-73.99047088623048,40.75098037719727,1,8.0,0.0,0.5,1.6,0.0,0.3,10.4
2954,1,2015-01-02 14:15:21,2015-01-02 14:22:54,1,1.7,-73.99149322509764,40.7499885559082,1,N,-74.00007629394531,40.727733612060554,2,8.0,0.0,0.5,0.0,0.0,0.0,8.8
2955,1,2015-01-02 14:15:21,2015-01-02 14:30:17,1,2.3,-73.98477172851561,40.72892761230469,1,N,-74.00817108154298,40.72216033935546,1,12.0,0.0,0.5,2.55,0.0,0.0,15.35
2956,1,2015-01-02 14:15:21,2015-01-02 14:31:20,3,3.5,-74.0099868774414,40.712299346923835,1,N,-73.98434448242188,40.75778579711913,2,14.0,0.0,0.5,0.0,0.0,0.0,14.8
2957,1,2015-01-02 14:15:21,2015-01-02 14:22:39,1,2.3,-73.9990234375,40.76043319702149,1,N,-73.98049163818358,40.78397750854492,1,9.2,0.0,0.5,0.0,0.0,0.0,10.0
2958,1,2015-01-02 14:15:21,2015-01-02 14:35:59,1,4.9,0.0,0.0,1,N,0.0,0.0,2,19.0,0.0,0.5,0.0,0.0,0.0,19.8
2959,1,2015-01-02 14:15:21,2015-01-02 14:26:02,1,1.4,-73.98969268798828,40.73419570922852,1,N,-73.97766876220702,40.72161865234375,2,8.5,0.0,0.5,0.0,0.0,0.0,9.3
2960,2,2015-01-02 14:15:21,2015-01-02 14:21:12,1,1.64,-73.98189544677734,40.73211288452149,1,N,-73.96720123291014,40.75255584716797,2,7.0,0.0,0.5,0.0,0.0,0.3,7.8
2961,1,2015-01-10 23:48:04,2015-01-11 00:05:56,1,3.3,-73.95782470703125,40.76964569091797,1,N,-73.98697662353516,40.73345184326172,1,14.5,0.5,0.5,2.0,0.0,0.3,17.8
2962,1,2015-01-10 23:48:04,2015-01-10 23:59:00,4,3.2,-73.97447967529298,40.74679183959961,1,N,-73.99031066894531,40.7197265625,1,12.5,0.5,0.5,2.75,0.0,0.3,16.55
2963,1,2015-01-10 23:48:05,2015-01-11 00:00:03,1,3.8,-73.96977996826173,40.75691223144531,1,N,-73.96164703369139,40.79961395263672,3,13.0,0.5,0.5,0.0,0.0,0.3,14.3
2964,1,2015-01-26 20:01:23,2015-01-26 20:06:46,1,1.1,-73.97137451171875,40.7587890625,1,N,-73.9787826538086,40.74552536010742,1,6.0,0.5,0.5,1.45,0.0,0.3,8.75
2965,1,2015-01-26 20:01:29,2015-01-26 20:11:33,1,2.6,-73.9532699584961,40.771785736083984,1,N,-73.93633270263672,40.80060195922852,2,10.0,1.0,0.5,0.0,0.0,0.3,11.8
2966,1,2015-01-26 20:01:33,2015-01-26 20:07:19,1,1.3,-73.98453521728516,40.760787963867195,1,N,-73.99210357666014,40.744976043701165,1,6.0,0.5,0.5,1.0,0.0,0.3,8.3
2967,1,2015-01-26 21:36:16,2015-01-26 21:39:28,1,1.0,-73.96231842041014,40.770366668701165,1,N,-73.96018981933594,40.7814826965332,1,5.0,0.5,0.5,1.89,0.0,0.3,8.19
2968,1,2015-01-26 21:36:16,2015-01-26 21:41:17,1,1.7,-73.9781723022461,40.7452278137207,1,N,-73.96182250976561,40.767860412597656,1,7.0,0.5,0.5,1.65,0.0,0.3,9.95
2969,1,2015-01-26 21:36:17,2015-01-26 21:45:33,1,2.6,-73.99395751953125,40.75128173828125,1,N,-74.00865173339844,40.72007751464844,1,10.0,0.5,0.5,2.25,0.0,0.3,13.55
2970,1,2015-01-26 21:36:21,2015-01-26 21:41:43,1,1.6,-73.98226928710938,40.74271011352539,1,N,-73.96495056152342,40.75569152832031,1,7.0,0.5,0.5,1.65,0.0,0.3,9.95
2971,1,2015-01-26 21:36:23,2015-01-26 21:39:04,1,0.6,-73.98736572265625,40.76526641845703,1,N,-73.99318695068358,40.75749206542969,2,4.5,0.5,0.5,0.0,0.0,0.3,5.8
2972,1,2015-01-26 21:36:39,2015-01-26 21:41:48,1,1.0,-73.9759750366211,40.77646255493164,1,N,-73.96952056884764,40.766956329345696,1,6.0,0.5,0.5,1.45,0.0,0.3,8.75
2973,1,2015-01-26 21:36:44,2015-01-26 21:44:05,1,1.6,-73.96553802490233,40.759376525878906,1,N,-73.95003509521484,40.771194458007805,2,7.5,0.5,0.5,0.0,0.0,0.3,8.8
2974,1,2015-01-26 21:36:45,2015-01-26 21:40:53,2,1.2,-73.97921752929686,40.752140045166016,1,N,-73.96242523193358,40.758819580078125,1,5.5,0.5,0.5,0.01,0.0,0.3,6.81
2975,1,2015-01-26 21:36:48,2015-01-26 21:42:29,1,1.5,-73.93455505371094,40.80147933959961,1,N,-73.9505386352539,40.78645706176758,1,6.5,0.5,0.5,1.55,0.0,0.3,9.35
2976,1,2015-01-26 21:36:50,2015-01-26 21:45:08,2,1.6,-73.95260620117188,40.81858825683594,1,N,-73.9377212524414,40.804443359375,2,8.0,0.5,0.5,0.0,0.0,0.3,9.3
2977,1,2015-01-26 21:36:53,2015-01-26 21:46:10,1,3.4,-73.95594787597656,40.77195358276367,1,N,-73.98938751220702,40.734272003173835,2,11.5,0.5,0.5,0.0,0.0,0.3,12.8
2978,1,2015-01-26 21:37:03,2015-01-26 21:43:08,1,1.8,-73.96240234375,40.77025985717773,1,N,-73.97869873046875,40.74749374389648,2,7.5,0.5,0.5,0.0,0.0,0.3,8.8
2979,1,2015-01-26 21:37:03,2015-01-26 21:39:12,1,0.2,-74.00847625732422,40.73412322998047,1,N,-74.00685119628906,40.73556137084961,1,3.5,0.5,0.5,1.0,0.0,0.3,5.8
2980,1,2015-01-26 21:37:06,2015-01-26 21:42:47,1,0.7,-74.00375366210938,40.7079963684082,1,N,-74.01304626464844,40.70387268066406,2,5.5,0.5,0.5,0.0,0.0,0.3,6.8
2981,1,2015-01-26 21:37:07,2015-01-26 21:57:11,1,4.6,-74.00904083251953,40.704456329345696,1,N,-74.01213836669923,40.7071647644043,2,17.5,0.5,0.5,0.0,0.0,0.3,18.8
2982,1,2015-01-26 21:37:08,2015-01-26 21:47:19,1,3.1,-73.97554779052734,40.760986328125,1,N,-73.9927978515625,40.7238883972168,1,11.5,0.5,0.5,2.0,0.0,0.3,14.8
2983,1,2015-01-26 21:37:14,2015-01-26 21:48:23,1,2.8,-73.95307159423827,40.785282135009766,1,N,-73.97571563720702,40.75140380859375,2,11.0,0.5,0.5,0.0,0.0,0.3,12.3
2984,1,2015-01-26 21:37:17,2015-01-26 21:41:02,1,0.6,-73.97364044189453,40.759037017822266,1,N,-73.98468780517578,40.764114379882805,1,4.5,0.5,0.5,3.0,0.0,0.3,8.8
2985,1,2015-01-26 21:37:18,2015-01-26 21:43:03,1,2.0,-73.96912384033203,40.757183074951165,1,N,-73.95298767089844,40.7826042175293,2,8.0,0.5,0.5,0.0,0.0,0.3,9.3
2986,1,2015-01-26 21:37:23,2015-01-26 21:40:24,1,0.6,-73.98233032226561,40.73147964477539,1,N,-73.97649383544923,40.73954391479492,1,4.5,0.5,0.5,2.5,0.0,0.3,8.3
2987,1,2015-01-26 21:37:24,2015-01-26 21:43:15,1,1.4,-74.00267028808594,40.733753204345696,1,N,-74.01070404052734,40.71704864501953,1,6.5,0.5,0.5,2.0,0.0,0.3,9.8
2988,1,2015-01-26 21:37:27,2015-01-26 21:42:24,1,1.2,-73.96198272705078,40.7703971862793,1,N,-73.97515106201173,40.76094436645508,2,6.0,0.5,0.5,0.0,0.0,0.3,7.3
2989,2,2015-01-15 11:08:27,2015-01-15 11:13:04,1,0.57,-73.99191284179686,40.73366165161133,1,N,-73.99928283691406,40.73590087890625,1,5.0,0.0,0.5,1.0,0.0,0.3,6.8
2990,2,2015-01-15 11:08:27,2015-01-15 11:17:22,5,1.36,-73.97545623779298,40.782108306884766,1,N,-73.98251342773438,40.76395034790039,2,8.0,0.0,0.5,0.0,0.0,0.3,8.8
2991,1,2015-01-15 15:47:38,2015-01-15 16:13:56,2,3.4,-73.98490142822266,40.769092559814446,1,N,-73.95078277587889,40.78242874145508,1,18.5,0.0,0.5,3.85,0.0,0.3,23.15
2992,1,2015-01-15 15:47:38,2015-01-15 16:11:28,1,4.9,-73.98446655273438,40.75934600830078,1,Y,-73.94443511962889,40.81307220458984,1,19.5,0.0,0.5,4.05,0.0,0.3,24.35
2993,1,2015-01-15 15:47:38,2015-01-15 15:56:08,1,1.1,-73.95365905761719,40.766788482666016,1,N,-73.96862030029298,40.76480484008789,1,7.5,1.0,0.5,1.85,0.0,0.3,11.15
2994,1,2015-01-15 15:47:39,2015-01-15 16:01:53,4,1.6,-74.00598907470702,40.74010848999024,1,N,-74.0037612915039,40.759136199951165,2,10.5,0.0,0.5,0.0,0.0,0.3,11.3
2995,1,2015-01-15 15:47:39,2015-01-15 16:06:25,1,2.5,-73.98991394042967,40.74086380004882,1,N,-73.96156311035155,40.75641632080078,1,13.5,0.0,0.5,2.85,0.0,0.3,17.15
2996,1,2015-01-15 15:47:40,2015-01-15 15:54:36,1,0.6,-73.98043060302734,40.76034927368164,1,Y,-73.97067260742188,40.758594512939446,2,6.0,0.0,0.5,0.0,0.0,0.3,6.8
2997,1,2015-01-15 15:47:40,2015-01-15 15:57:34,1,1.2,-73.98097991943358,40.73818588256836,1,N,-73.98110961914062,40.750614166259766,2,8.0,0.0,0.5,0.0,0.0,0.3,8.8
2998,1,2015-01-15 15:47:40,2015-01-15 15:56:19,1,1.4,-73.98873138427734,40.754070281982415,1,N,-74.00460052490233,40.73969268798828,1,7.5,0.0,0.5,1.66,0.0,0.3,9.96
2999,1,2015-01-15 15:47:41,2015-01-15 16:00:53,1,1.4,-73.99161529541014,40.750099182128906,1,N,-73.99889373779298,40.76108169555664,2,9.5,0.0,0.5,0.0,0.0,0.3,10.3
3000,1,2015-01-15 15:47:41,2015-01-15 15:57:32,1,1.3,-73.99288940429686,40.75384521484375,1,N,-73.9776840209961,40.764472961425774,1,8.0,0.0,0.5,1.75,0.0,0.3,10.55
3001,1,2015-01-15 15:47:41,2015-01-15 16:02:12,2,2.1,-73.98785400390625,40.75493621826172,1,N,-73.99325561523438,40.73668670654297,1,11.0,0.0,0.5,2.35,0.0,0.3,14.15
3002,1,2015-01-15 15:47:41,2015-01-15 17:08:39,1,8.8,-73.9890899658203,40.75322723388672,1,N,-73.87079620361328,40.77392578125,1,50.0,0.0,0.5,11.2,5.33,0.3,67.33
3003,1,2015-01-15 15:47:41,2015-01-15 15:54:06,1,1.5,-73.98497009277344,40.763702392578125,1,N,-73.97200775146483,40.7822151184082,2,7.0,0.0,0.5,0.0,0.0,0.3,7.8
3004,1,2015-01-15 15:47:42,2015-01-15 16:17:48,1,9.2,-73.8709259033203,40.77367401123047,1,N,-73.95968627929686,40.76604080200195,1,31.5,0.0,0.5,7.5,5.33,0.3,45.13
3005,1,2015-01-15 15:47:42,2015-01-15 15:53:42,2,0.7,-73.95475006103516,40.773658752441406,1,N,-73.9623031616211,40.77204895019531,1,5.5,0.0,0.5,1.26,0.0,0.3,7.56
3006,1,2015-01-15 15:47:42,2015-01-15 15:52:40,1,0.6,-73.96900177001953,40.76102828979492,1,N,-73.97166442871092,40.75520324707031,1,5.0,0.0,0.5,1.16,0.0,0.3,6.96
3007,1,2015-01-15 15:47:43,2015-01-15 16:02:21,1,2.0,-73.98990631103516,40.775840759277344,1,N,-73.97659301757811,40.75817489624024,2,11.0,0.0,0.5,0.0,0.0,0.3,11.8
3008,1,2015-01-15 15:47:43,2015-01-15 17:12:21,1,17.2,-73.97954559326173,40.7493896484375,2,N,-73.77823638916014,40.64494323730469,1,52.0,0.0,0.5,10.0,5.33,0.3,68.13
3009,1,2015-01-15 15:47:43,2015-01-15 15:52:40,1,0.7,-73.96670532226561,40.8043212890625,1,N,-73.97161102294923,40.79508209228516,2,5.5,0.0,0.5,0.0,0.0,0.3,6.3
3010,1,2015-01-15 15:47:43,2015-01-15 16:01:34,1,1.6,-73.97691345214844,40.75243377685546,1,N,-73.96184539794923,40.76618576049805,2,10.5,0.0,0.5,0.0,0.0,0.3,11.3
3011,1,2015-01-15 15:47:43,2015-01-15 16:05:15,1,5.6,-73.97419738769531,40.75210952758789,1,N,-74.01583099365233,40.70493316650391,1,19.0,0.0,0.5,1.5,0.0,0.3,21.3
3012,1,2015-01-15 15:47:44,2015-01-15 15:51:25,3,0.6,-73.98048400878906,40.73053741455078,1,N,-73.99012756347656,40.73469543457031,2,4.5,0.0,0.5,0.0,0.0,0.3,5.3
3013,2,2015-01-15 11:08:28,2015-01-15 11:22:08,5,1.02,-73.96199035644531,40.76301956176758,1,N,-73.97537231445312,40.760250091552734,1,9.5,0.0,0.5,1.2,0.0,0.3,11.5
3014,2,2015-01-15 11:08:28,2015-01-15 11:12:03,2,0.71,-73.96024322509764,40.81326675415039,1,N,-73.9622802734375,40.80551528930664,2,5.0,0.0,0.5,0.0,0.0,0.3,5.8
3015,2,2015-01-15 11:08:28,2015-01-15 11:45:14,4,3.29,-73.99386596679686,40.72647857666016,1,N,-73.97525024414062,40.76517868041992,2,22.5,0.0,0.5,0.0,0.0,0.3,23.3
3016,2,2015-01-15 11:08:28,2015-01-15 11:16:27,6,1.69,-73.9703369140625,40.76505661010742,1,N,-73.9583740234375,40.78314971923828,2,7.5,0.0,0.5,0.0,0.0,0.3,8.3
3017,2,2015-01-15 11:08:29,2015-01-15 11:31:28,1,3.45,-73.973876953125,40.76417922973633,1,N,-73.99996185302734,40.724220275878906,1,16.5,0.0,0.5,4.12,0.0,0.3,21.42
3018,2,2015-01-15 11:08:29,2015-01-15 11:19:43,1,1.91,-73.9875259399414,40.73250579833984,1,N,-74.0052490234375,40.71485137939453,1,9.5,0.0,0.5,1.9,0.0,0.3,12.2
3019,2,2015-01-15 11:08:30,2015-01-15 11:20:15,1,1.71,-73.99472045898438,40.75059509277344,1,N,-73.9768829345703,40.76406478881836,1,9.5,0.0,0.5,0.0,0.0,0.3,10.3
3020,2,2015-01-15 11:08:30,2015-01-15 11:23:16,1,1.92,-73.97637176513672,40.763431549072266,1,N,-73.99304962158203,40.745399475097656,2,11.0,0.0,0.5,0.0,0.0,0.3,11.8
3021,2,2015-01-15 11:08:30,2015-01-15 11:10:32,5,0.27,-73.95477294921875,40.76545715332031,1,N,-73.95536804199219,40.768413543701165,2,3.5,0.0,0.5,0.0,0.0,0.3,4.3
3022,2,2015-01-15 11:08:30,2015-01-15 11:22:21,1,1.44,-73.95503234863281,40.77841567993164,1,N,-73.9767074584961,40.789283752441406,2,10.0,0.0,0.5,0.0,0.0,0.3,10.8
3023,2,2015-01-15 11:08:31,2015-01-15 11:17:10,1,2.17,-73.95035552978516,40.771278381347656,1,N,-73.96971893310547,40.75237655639648,1,9.0,0.0,0.5,2.0,0.0,0.3,11.8
3024,2,2015-01-15 11:08:31,2015-01-15 11:22:19,1,2.13,-73.95650482177734,40.770702362060554,1,N,-73.9798583984375,40.75445556640625,1,10.5,0.0,0.5,1.0,0.0,0.3,12.3
3025,2,2015-01-15 11:08:31,2015-01-15 12:07:41,1,18.23,-73.78193664550781,40.64471054077149,2,N,-73.99067687988281,40.72071075439453,1,52.0,0.0,0.5,0.0,0.0,0.3,52.8
3026,2,2015-01-15 11:08:31,2015-01-15 11:24:35,1,1.01,-73.97892761230467,40.7503776550293,1,N,-73.99127197265625,40.75544738769531,2,10.5,0.0,0.5,0.0,0.0,0.3,11.3
3027,2,2015-01-15 11:08:31,2015-01-15 11:14:02,5,0.88,-73.9934844970703,40.735164642333984,1,N,-73.99437713623048,40.74361038208008,1,5.5,0.0,0.5,1.1,0.0,0.3,7.4
3028,2,2015-01-15 11:08:33,2015-01-15 11:16:14,5,1.51,-73.97502899169923,40.760990142822266,1,N,-73.98868560791014,40.74270248413086,1,7.5,0.0,0.5,2.25,0.0,0.3,10.55
3029,2,2015-01-15 11:08:33,2015-01-15 11:52:22,1,8.14,-73.95440673828125,40.76395797729492,1,N,-73.85628509521484,40.75259017944336,2,33.5,0.0,0.5,0.0,0.0,0.3,34.3
3030,2,2015-01-15 11:08:33,2015-01-15 11:48:04,5,15.13,-73.95636749267578,40.783199310302734,1,N,-73.98403930664062,40.632488250732415,1,46.0,0.0,0.5,2.0,0.0,0.3,48.8
3031,2,2015-01-15 11:08:34,2015-01-15 11:30:55,1,2.47,-74.00182342529298,40.75087738037109,1,N,-73.9638442993164,40.770706176757805,1,15.5,0.0,0.5,3.1,0.0,0.3,19.4
3032,2,2015-01-15 11:08:34,2015-01-15 11:15:45,1,1.27,-73.97843933105469,40.74962615966797,1,N,-73.99088287353516,40.73462677001953,1,7.0,0.0,0.5,1.4,0.0,0.3,9.2
3033,1,2015-01-27 10:50:26,2015-01-27 10:56:40,1,1.3,-73.98442840576173,40.76451110839844,1,N,-73.9666748046875,40.767135620117195,2,7.0,0.0,0.5,0.0,0.0,0.3,7.8
3034,1,2015-01-27 10:50:32,2015-01-27 10:54:55,1,1.1,-73.96245574951173,40.76686096191406,1,N,-73.95046997070312,40.77305603027344,1,6.0,0.0,0.5,1.0,0.0,0.3,7.8
3035,1,2015-01-27 10:50:40,2015-01-27 10:54:45,3,0.7,-73.96611785888672,40.764625549316406,1,N,-73.96688079833984,40.772369384765625,2,5.0,0.0,0.5,0.0,0.0,0.3,5.8
3036,1,2015-01-27 10:50:40,2015-01-27 11:00:23,1,2.0,-73.98619079589844,40.74349212646485,1,N,-74.00540161132812,40.72710800170898,1,9.0,0.0,0.5,1.96,0.0,0.3,11.76
3037,1,2015-01-27 10:50:47,2015-01-27 11:04:48,1,2.7,-73.94861602783203,40.778621673583984,1,N,-73.97663879394531,40.75899887084961,2,12.0,0.0,0.5,0.0,0.0,0.3,12.8
3038,1,2015-01-27 10:50:48,2015-01-27 10:59:22,1,1.1,-73.9825668334961,40.77325439453125,1,N,-73.96332550048828,40.76505661010742,2,7.5,0.0,0.5,0.0,0.0,0.3,8.3
3039,1,2015-01-27 10:50:49,2015-01-27 10:57:21,1,0.9,-73.9927978515625,40.74290466308594,1,N,-74.00202941894531,40.75079345703125,1,6.5,0.0,0.5,1.45,0.0,0.3,8.75
3040,1,2015-01-27 10:50:51,2015-01-27 10:57:46,1,2.3,-73.95308685302734,40.77174758911133,1,N,-73.97135162353516,40.75074005126953,1,9.0,0.0,0.5,0.0,0.0,0.3,9.8
3041,1,2015-01-27 10:50:53,2015-01-27 10:58:34,1,1.9,0.0,0.0,1,N,0.0,0.0,1,8.0,0.0,0.5,1.76,0.0,0.3,10.56
3042,1,2015-01-27 10:50:55,2015-01-27 10:53:28,2,0.3,-73.98154449462889,40.77997589111328,1,N,-73.97896575927734,40.78499603271485,2,3.5,0.0,0.5,0.0,0.0,0.3,4.3
3043,1,2015-01-27 10:50:57,2015-01-27 11:01:52,1,1.9,-73.9764175415039,40.78800964355469,1,N,-73.94924926757811,40.77708053588867,3,9.5,0.0,0.5,0.0,0.0,0.3,10.3
3044,1,2015-01-27 10:51:00,2015-01-27 10:59:46,2,1.4,-73.95413970947266,40.78703689575195,1,N,-73.96685028076173,40.77233123779297,1,8.0,0.0,0.5,1.75,0.0,0.3,10.55
3045,1,2015-01-27 10:51:01,2015-01-27 10:54:42,1,1.3,-73.9958724975586,40.759368896484375,1,N,-73.97911071777342,40.7636833190918,1,5.5,0.0,0.5,1.0,0.0,0.3,7.3
3046,1,2015-01-27 10:51:01,2015-01-27 10:57:19,1,1.8,0.0,0.0,1,N,-73.9703826904297,40.79918670654297,2,7.5,0.0,0.5,0.0,0.0,0.3,8.3
3047,1,2015-01-27 10:51:05,2015-01-27 10:58:42,1,1.7,-73.99382019042967,40.75685501098633,1,N,-73.98915100097656,40.73905563354492,1,8.0,0.0,0.5,5.5,0.0,0.3,14.3
3048,1,2015-01-27 10:51:06,2015-01-27 11:02:13,3,2.6,-73.97917938232422,40.78219604492188,1,N,-73.94951629638672,40.80215835571289,1,10.5,0.0,0.5,2.25,0.0,0.3,13.55
3049,1,2015-01-27 10:51:10,2015-01-27 10:58:41,1,1.8,-73.98442840576173,40.736915588378906,1,N,-73.9838638305664,40.75491714477539,2,8.0,0.0,0.5,0.0,0.0,0.3,8.8
3050,1,2015-01-27 10:51:14,2015-01-27 10:59:55,1,1.6,-73.99462890625,40.74486541748047,1,N,-73.99459838867188,40.72600555419922,1,8.0,0.0,0.5,2.6,0.0,0.3,11.4
3051,1,2015-01-27 10:51:15,2015-01-27 10:51:15,1,0.0,0.0,0.0,1,N,0.0,0.0,2,2.5,0.0,0.5,0.0,0.0,0.3,3.3
3052,1,2015-01-27 10:51:15,2015-01-27 10:54:58,1,1.2,0.0,0.0,1,N,0.0,0.0,1,5.5,0.0,0.5,1.0,0.0,0.3,7.3
3053,1,2015-01-27 10:51:15,2015-01-27 11:01:04,1,1.8,-73.99845123291014,40.72450256347656,1,N,-74.01356506347656,40.71531677246094,1,9.0,0.0,0.5,1.95,0.0,0.3,11.75
3054,1,2015-01-27 10:51:16,2015-01-27 11:02:47,1,3.3,-74.00285339355469,40.73334884643555,1,N,-73.97303771972656,40.76431655883789,1,12.0,0.0,0.5,2.55,0.0,0.3,15.35
3055,1,2015-01-27 10:51:17,2015-01-27 11:01:51,3,2.2,-73.98252868652342,40.74852752685546,1,N,-73.96376037597656,40.776870727539055,1,9.5,0.0,0.5,1.5,0.0,0.3,11.8
3056,1,2015-01-15 14:19:58,2015-01-15 14:30:43,3,1.9,-73.97196960449217,40.782085418701165,1,N,-73.94627380371094,40.78117752075195,2,9.5,0.0,0.5,0.0,0.0,0.3,10.3
3057,1,2015-01-15 14:19:59,2015-01-15 14:26:18,1,1.4,-73.96221160888672,40.759063720703125,1,N,-73.95623016357422,40.77560424804688,1,6.5,0.0,0.5,1.46,0.0,0.3,8.76
3058,1,2015-01-15 14:20:00,2015-01-15 14:29:24,1,1.0,-73.98879241943358,40.740280151367195,1,N,-73.99024963378906,40.7288932800293,2,7.5,0.0,0.5,0.0,0.0,0.3,8.3
3059,1,2015-01-15 14:20:00,2015-01-15 14:24:37,1,0.7,-73.96638488769531,40.8047103881836,1,N,-73.97330474853516,40.79518508911133,1,5.0,0.0,0.5,1.15,0.0,0.3,6.95
3060,1,2015-01-15 14:20:00,2015-01-15 14:25:07,1,0.6,-73.9824676513672,40.77352142333984,1,N,-73.98928070068358,40.76781463623047,1,5.5,0.0,0.5,1.25,0.0,0.3,7.55
3061,1,2015-01-15 14:20:00,2015-01-15 15:08:06,1,20.8,-73.9719467163086,40.75946807861328,2,N,-73.78960418701173,40.64704132080078,1,52.0,0.0,0.5,7.2,0.0,0.3,60.0
3062,1,2015-01-15 14:20:01,2015-01-15 14:30:10,1,1.5,-73.97073364257811,40.76262283325195,1,N,-73.95559692382812,40.77930450439453,1,8.5,0.0,0.5,1.85,0.0,0.3,11.15
3063,1,2015-01-15 14:20:02,2015-01-15 14:44:57,1,4.9,-73.95665740966798,40.76708221435546,1,N,-73.960693359375,40.81632614135742,1,20.5,0.0,0.5,4.26,0.0,0.3,25.56
3064,1,2015-01-15 14:20:02,2015-01-15 14:25:28,1,1.5,-73.97408294677734,40.778926849365234,1,N,-73.95641326904298,40.78405380249024,1,6.5,0.0,0.5,1.45,0.0,0.3,8.75
3065,1,2015-01-15 14:20:02,2015-01-15 14:32:12,1,1.6,0.0,0.0,1,N,0.0,0.0,2,10.0,0.0,0.5,0.0,0.0,0.3,10.8
3066,1,2015-01-15 14:20:02,2015-01-15 15:05:17,1,16.2,-73.97773742675781,40.764354705810554,2,N,-73.79027557373048,40.64681243896485,2,52.0,0.0,0.5,0.0,0.0,0.3,52.8
3067,1,2015-01-15 14:20:04,2015-01-15 14:30:20,1,0.9,-73.96961975097656,40.759380340576165,1,N,-73.98217010498048,40.76047134399414,1,7.5,0.0,0.5,1.0,0.0,0.3,9.3
3068,1,2015-01-15 14:20:04,2015-01-15 14:25:51,1,0.9,-73.98236083984375,40.7712516784668,1,N,-73.97484588623048,40.76139068603516,1,5.5,0.0,0.5,1.25,0.0,0.3,7.55
3069,1,2015-01-15 14:20:05,2015-01-15 14:31:49,1,1.7,-73.97057342529298,40.76781845092773,1,N,-73.98056030273438,40.78123092651367,1,9.5,0.0,0.5,2.57,0.0,0.3,12.87
3070,1,2015-01-15 14:20:05,2015-01-15 14:36:20,1,2.4,-73.98538208007811,40.75714111328125,1,N,-73.96221160888672,40.767871856689446,1,12.5,0.0,0.5,2.65,0.0,0.3,15.95
3071,1,2015-01-15 14:20:05,2015-01-15 14:29:47,1,1.1,-73.98197174072266,40.765674591064446,1,N,-73.98991394042967,40.7502326965332,2,8.0,0.0,0.5,0.0,0.0,0.3,8.8
3072,1,2015-01-15 14:20:06,2015-01-15 14:23:11,1,0.2,-73.97293090820312,40.79558563232422,1,N,-73.97042846679686,40.79651641845703,2,4.0,0.0,0.5,0.0,0.0,0.3,4.8
3073,1,2015-01-15 14:20:06,2015-01-15 14:25:16,1,0.7,-73.74542999267578,40.58639144897461,1,N,-73.7452392578125,40.5861930847168,1,5.5,0.0,0.5,1.26,0.0,0.3,7.56
3074,1,2015-01-15 14:20:06,2015-01-15 14:25:32,1,0.7,-73.98985290527344,40.734405517578125,1,N,-73.99806976318358,40.737979888916016,1,5.5,0.0,0.5,1.26,0.0,0.3,7.56
3075,1,2015-01-15 14:20:07,2015-01-15 14:31:34,1,1.2,-73.96231842041014,40.77913665771485,1,N,-73.97308349609375,40.76346206665039,1,9.0,0.0,0.5,2.94,0.0,0.3,12.74
3076,1,2015-01-15 14:20:08,2015-01-15 14:43:34,1,4.3,-73.9722900390625,40.746543884277344,1,N,-74.00812530517578,40.71973419189453,1,19.0,0.0,0.5,4.95,0.0,0.3,24.75
3077,1,2015-01-15 14:20:08,2015-01-15 14:23:44,1,0.9,-74.00809478759764,40.73937225341797,1,Y,-74.00430297851561,40.7297477722168,2,5.0,0.0,0.5,0.0,0.0,0.3,5.8
3078,2,2015-01-07 12:45:57,2015-01-07 12:49:39,1,0.74,-73.98750305175781,40.760639190673835,1,N,-73.97907257080078,40.765430450439446,1,5.0,0.0,0.5,1.0,0.0,0.3,6.8
3079,2,2015-01-07 12:45:58,2015-01-07 12:53:10,1,0.64,-73.97223663330078,40.75341033935546,1,N,-73.96633911132812,40.76177978515625,1,6.0,0.0,0.5,1.0,0.0,0.3,7.8
3080,2,2015-01-07 12:45:58,2015-01-07 13:11:09,5,2.79,-74.0039520263672,40.72584915161133,1,N,-73.97673034667967,40.75511169433594,1,16.5,0.0,0.5,4.12,0.0,0.3,21.42
3081,2,2015-01-07 12:45:58,2015-01-07 13:00:56,1,3.08,-73.97801971435547,40.77734375,1,N,-74.0069580078125,40.74966049194336,2,13.5,0.0,0.5,0.0,0.0,0.3,14.3
3082,2,2015-01-07 12:45:58,2015-01-07 12:58:02,1,1.41,-73.96302795410156,40.766616821289055,1,N,-73.97869873046875,40.7565803527832,1,9.0,0.0,0.5,2.25,0.0,0.3,12.05
3083,2,2015-01-07 12:45:58,2015-01-07 12:58:30,1,1.31,-73.97035217285155,40.75141525268555,1,N,-73.9622573852539,40.76525115966797,1,9.0,0.0,0.5,0.5,0.0,0.3,10.3
3084,2,2015-01-07 12:45:59,2015-01-07 13:05:46,1,2.85,-73.97210693359375,40.76568222045898,1,N,-73.97087860107422,40.7968978881836,1,14.5,0.0,0.5,1.0,0.0,0.3,16.3
3085,2,2015-01-07 12:45:59,2015-01-07 13:05:40,1,2.82,-73.96627807617188,40.79459381103516,1,N,-73.97377014160156,40.76298141479492,1,14.5,0.0,0.5,2.9,0.0,0.3,18.2
3086,2,2015-01-07 12:46:00,2015-01-07 12:55:33,1,1.24,-73.9774398803711,40.738319396972656,1,N,-73.9775390625,40.75215911865234,2,8.0,0.0,0.5,0.0,0.0,0.3,8.8
3087,2,2015-01-07 12:46:00,2015-01-07 13:38:41,2,6.99,-73.9910659790039,40.75043487548828,1,N,-73.9192886352539,40.71383666992188,1,36.0,0.0,0.5,12.4,5.33,0.3,54.53
3088,2,2015-01-07 12:46:00,2015-01-07 12:53:03,2,0.87,-73.96258544921875,40.7729377746582,1,N,-73.96736145019531,40.76348114013672,2,6.5,0.0,0.5,0.0,0.0,0.3,7.3
3089,2,2015-01-07 12:46:02,2015-01-07 13:10:03,1,5.56,-73.97843170166014,40.75250625610352,1,N,-74.01663208007811,40.70480728149414,2,21.5,0.0,0.5,0.0,0.0,0.3,22.3
3090,2,2015-01-07 12:46:02,2015-01-07 12:59:13,5,1.72,-73.98612976074217,40.726428985595696,1,N,-73.99342346191406,40.743179321289055,1,10.0,0.0,0.5,0.0,0.0,0.3,10.8
3091,2,2015-01-07 12:46:03,2015-01-07 12:46:06,6,0.0,0.0,0.0,2,N,0.0,0.0,2,52.0,0.0,0.5,0.0,0.0,0.3,52.8
3092,2,2015-01-07 12:46:03,2015-01-07 13:01:35,1,1.07,-73.9912567138672,40.75066757202149,1,N,-73.98272705078125,40.75615692138672,1,10.5,0.0,0.5,2.1,0.0,0.3,13.4
3093,2,2015-01-07 12:46:04,2015-01-07 12:56:29,5,1.75,-73.98614501953125,40.74057388305664,1,N,-73.97158813476561,40.76188659667969,1,9.0,0.0,0.5,2.25,0.0,0.3,12.05
3094,2,2015-01-07 12:46:04,2015-01-07 12:52:06,1,0.81,-73.97530364990233,40.75624084472656,1,N,-73.96949768066406,40.766021728515625,2,6.0,0.0,0.5,0.0,0.0,0.3,6.8
3095,2,2015-01-07 12:46:04,2015-01-07 12:52:17,1,1.04,-73.9679946899414,40.769752502441406,1,N,-73.95841979980467,40.781448364257805,1,6.0,0.0,0.5,1.2,0.0,0.3,8.0
3096,2,2015-01-07 12:46:04,2015-01-07 12:52:34,1,1.31,-73.96689605712889,40.79323196411133,1,N,-73.97782897949219,40.77701187133789,2,6.5,0.0,0.5,0.0,0.0,0.3,7.3
3097,2,2015-01-07 12:46:05,2015-01-07 13:00:47,1,1.86,-73.99723815917967,40.717971801757805,1,N,-73.99488067626953,40.73648834228516,2,10.5,0.0,0.5,0.0,0.0,0.3,11.3
3098,2,2015-01-07 12:46:06,2015-01-07 12:58:36,1,2.34,-74.00630950927734,40.751121520996094,1,N,-73.97868347167967,40.76568984985352,1,10.5,0.0,0.5,2.1,0.0,0.3,13.4
3099,2,2015-01-07 12:46:06,2015-01-07 12:57:40,2,1.07,-73.97447204589844,40.75112915039063,1,N,-73.96943664550781,40.76367950439453,1,8.5,0.0,0.5,2.12,0.0,0.3,11.42
3100,1,2015-01-27 13:24:21,2015-01-27 13:42:52,3,4.1,-73.98948669433594,40.75695037841797,1,N,-73.99129486083984,40.713966369628906,2,16.0,0.0,0.5,0.0,0.0,0.3,16.8
3101,1,2015-01-27 13:24:25,2015-01-27 13:34:54,1,5.3,-74.00853729248048,40.7039909362793,1,N,-73.96395874023438,40.75697708129882,2,16.5,0.0,0.5,0.0,0.0,0.3,17.3
3102,1,2015-01-27 13:24:27,2015-01-27 13:28:39,1,0.8,-73.99815368652342,40.761077880859375,1,N,-73.98899841308595,40.766719818115234,1,5.0,0.0,0.5,1.16,0.0,0.3,6.96
3103,1,2015-01-27 13:24:28,2015-01-27 13:29:59,1,1.2,0.0,0.0,1,N,-73.96951293945312,40.76092529296875,1,6.5,0.0,0.5,1.0,0.0,0.3,8.3
3104,1,2015-01-27 13:24:30,2015-01-27 13:32:13,1,1.5,-73.9807891845703,40.74494934082031,1,N,-73.99955749511719,40.73859786987305,2,7.5,0.0,0.5,0.0,0.0,0.3,8.3
3105,1,2015-01-27 13:24:33,2015-01-27 13:32:48,1,2.3,-73.98740386962889,40.77595138549805,1,N,-73.99118041992188,40.7501335144043,2,9.0,0.0,0.5,0.0,0.0,0.3,9.8
3106,1,2015-01-27 13:24:33,2015-01-27 13:34:56,1,2.8,-73.97348022460938,40.75787353515625,1,N,-73.9979476928711,40.72390365600586,1,11.0,0.0,0.5,2.36,0.0,0.3,14.16
3107,1,2015-01-27 13:24:35,2015-01-27 13:34:35,1,3.6,-73.96208953857422,40.77603530883789,1,N,-73.99625396728516,40.73255920410156,1,12.5,0.0,0.5,3.3,0.0,0.3,16.6
3108,1,2015-01-27 13:24:37,2015-01-27 13:39:54,1,3.5,-74.01038360595702,40.71921157836913,1,N,-73.97035217285155,40.690208435058594,2,14.5,0.0,0.5,0.0,0.0,0.3,15.3
3109,1,2015-01-27 13:24:38,2015-01-27 13:28:59,1,0.6,-73.9637451171875,40.7769889831543,1,N,-73.95711517333984,40.78001403808594,2,5.0,0.0,0.5,0.0,0.0,0.3,5.8
3110,1,2015-01-27 13:24:39,2015-01-27 13:31:31,1,1.7,-73.9681167602539,40.792091369628906,1,Y,-73.98824310302734,40.779251098632805,2,7.5,0.0,0.5,0.0,0.0,0.3,8.3
3111,1,2015-01-27 13:24:43,2015-01-27 13:28:02,1,1.0,-73.9886245727539,40.731258392333984,1,N,-73.99280548095702,40.72621154785156,2,5.0,0.0,0.5,0.0,0.0,0.3,5.8
3112,1,2015-01-27 13:24:43,2015-01-27 13:40:48,2,3.0,-73.95596313476561,40.77608489990234,1,N,-73.98910522460938,40.75457763671875,1,13.0,0.0,0.5,2.76,0.0,0.3,16.56
3113,1,2015-01-27 13:24:43,2015-01-27 13:31:11,1,1.2,-73.98167419433594,40.76409149169922,1,N,-73.99269104003906,40.75304412841797,2,6.5,0.0,0.5,0.0,0.0,0.3,7.3
3114,1,2015-01-27 13:24:44,2015-01-27 13:28:51,1,0.8,-74.0050277709961,40.73750686645508,1,N,-74.00582885742188,40.74540710449219,2,5.0,0.0,0.5,0.0,0.0,0.3,5.8
3115,1,2015-01-27 13:24:44,2015-01-27 13:30:50,2,1.4,-73.96678924560547,40.77287292480469,1,N,-73.96702575683594,40.7567253112793,2,7.0,0.0,0.5,0.0,0.0,0.3,7.8
3116,1,2015-01-27 13:24:45,2015-01-27 13:27:47,1,0.6,-73.94499206542967,40.774856567382805,1,N,-73.95257568359375,40.77261352539063,1,4.5,0.0,0.5,1.06,0.0,0.3,6.36
3117,1,2015-01-27 13:24:46,2015-01-27 13:27:00,1,0.6,-73.9644775390625,40.7672233581543,1,N,-73.96784973144531,40.76013946533203,2,4.0,0.0,0.5,0.0,0.0,0.3,4.8
3118,1,2015-01-27 13:24:46,2015-01-27 13:31:55,1,2.8,-74.00531005859375,40.719993591308594,1,N,-73.98310852050781,40.756324768066406,1,9.5,0.0,0.5,2.05,0.0,0.3,12.35
3119,1,2015-01-27 13:24:47,2015-01-27 13:35:44,1,2.1,-73.98025512695312,40.73038864135742,1,N,-73.98020935058595,40.753463745117195,2,10.0,0.0,0.5,0.0,0.0,0.3,10.8
3120,1,2015-01-27 13:24:47,2015-01-27 13:32:08,1,0.1,-74.01426696777344,40.717041015625,1,N,-73.99716186523438,40.7197380065918,1,7.5,0.0,0.5,1.65,0.0,0.3,9.95
3121,1,2015-01-27 13:24:48,2015-01-27 13:36:52,1,3.7,-74.0056915283203,40.70877456665039,1,N,-73.98416137695312,40.73204803466797,2,13.5,0.0,0.5,0.0,0.0,0.3,14.3
3122,2,2015-01-24 18:38:58,2015-01-24 18:46:00,5,1.62,-73.97332000732422,40.74773788452149,1,N,-73.98797607421875,40.72771835327149,1,7.5,0.0,0.5,1.5,0.0,0.3,9.8
3123,2,2015-01-24 18:38:58,2015-01-24 18:52:48,2,1.92,-73.98220825195312,40.770214080810554,1,N,-73.96571350097656,40.75701141357422,1,10.5,0.0,0.5,1.0,0.0,0.3,12.3
3124,2,2015-01-24 18:38:59,2015-01-24 18:50:35,2,2.0,-74.00205993652342,40.74552154541016,1,N,-73.98845672607422,40.72779083251953,2,9.5,0.0,0.5,0.0,0.0,0.3,10.3
3125,2,2015-01-24 18:38:59,2015-01-24 18:52:03,1,2.57,-73.95509338378906,40.7857780456543,1,N,-73.98252868652342,40.7696533203125,1,11.0,0.0,0.5,1.0,0.0,0.3,12.8
3126,2,2015-01-24 18:38:59,2015-01-24 18:47:20,1,1.3,-73.9822540283203,40.75582885742188,1,N,-73.97858428955078,40.74486541748047,2,7.0,0.0,0.5,0.0,0.0,0.3,7.8
3127,2,2015-01-24 18:38:59,2015-01-24 18:48:06,2,1.82,-73.95187377929686,40.77265167236328,1,N,-73.95832061767578,40.779888153076165,2,8.5,0.0,0.5,0.0,0.0,0.3,9.3
3128,2,2015-01-24 18:38:59,2015-01-24 18:42:54,4,0.62,-73.95510101318358,40.76876068115234,1,N,-73.95842742919923,40.774761199951165,2,4.5,0.0,0.5,0.0,0.0,0.3,5.3
3129,2,2015-01-24 18:38:59,2015-01-24 18:49:41,1,2.28,-73.9678955078125,40.80055618286133,1,N,-73.9530029296875,40.780376434326165,2,10.0,0.0,0.5,0.0,0.0,0.3,10.8
3130,2,2015-01-24 18:38:59,2015-01-24 18:50:12,1,2.0,-73.9918670654297,40.74937438964844,1,N,-73.98799133300781,40.72875595092773,2,9.5,0.0,0.5,0.0,0.0,0.3,10.3
3131,2,2015-01-24 18:38:59,2015-01-24 19:04:00,4,16.88,-73.97078704833984,40.75468063354492,2,N,-73.78219604492188,40.648712158203125,1,52.0,0.0,0.5,11.63,5.33,0.3,69.76
3132,2,2015-01-24 18:38:59,2015-01-24 18:45:32,1,0.64,-73.99131011962889,40.72975158691406,1,N,-73.99585723876953,40.73614883422852,1,6.0,0.0,0.5,1.7,0.0,0.3,8.5
3133,2,2015-01-24 18:39:00,2015-01-24 19:14:41,1,6.81,-73.96216583251953,40.77889633178711,1,N,-73.96533203125,40.71053695678711,1,27.0,0.0,0.5,5.0,0.0,0.3,32.8
3134,2,2015-01-24 18:39:00,2015-01-24 18:42:50,1,0.44,-73.96990203857422,40.76851272583008,1,N,-73.96521759033203,40.76913070678711,1,4.5,0.0,0.5,1.06,0.0,0.3,6.36
3135,2,2015-01-24 18:39:00,2015-01-24 18:49:43,1,1.65,-73.98808288574217,40.71876907348633,1,N,-74.00135803222656,40.7336311340332,2,9.0,0.0,0.5,0.0,0.0,0.3,9.8
3136,2,2015-01-24 18:39:00,2015-01-24 18:47:44,2,1.98,-73.97669982910156,40.78996658325195,1,N,-73.96019744873048,40.81403350830078,1,9.0,0.0,0.5,1.96,0.0,0.3,11.76
3137,2,2015-01-24 18:39:00,2015-01-24 18:43:01,1,0.51,-73.95883178710938,40.76892852783203,1,N,-73.95381164550781,40.769569396972656,2,4.5,0.0,0.5,0.0,0.0,0.3,5.3
3138,2,2015-01-24 18:39:00,2015-01-24 18:46:49,1,0.67,-74.00556182861328,40.740478515625,1,N,-73.9969024658203,40.74225616455078,1,6.5,0.0,0.5,1.46,0.0,0.3,8.76
3139,2,2015-01-24 18:39:00,2015-01-24 18:48:03,1,1.33,0.0,0.0,1,N,0.0,0.0,1,7.5,0.0,0.5,2.08,0.0,0.3,10.38
3140,2,2015-01-24 18:39:01,2015-01-24 18:56:18,2,5.37,-73.98300933837889,40.76322555541992,1,N,-73.96218872070312,40.81058883666992,1,18.5,0.0,0.5,3.86,0.0,0.3,23.16
3141,2,2015-01-24 18:39:01,2015-01-24 18:52:06,1,2.34,-74.00344848632812,40.732025146484375,1,N,-74.00344848632812,40.75634765625,1,10.5,0.0,0.5,1.0,0.0,0.3,12.3
3142,2,2015-01-24 18:39:01,2015-01-24 18:49:03,1,2.67,-73.97756958007811,40.74652099609375,1,N,-73.95301055908203,40.78004837036133,1,10.0,0.0,0.5,1.5,0.0,0.3,12.3
3143,2,2015-01-24 18:39:01,2015-01-24 18:48:51,2,1.96,-73.91792297363281,40.743350982666016,1,N,-73.92549133300781,40.761768341064446,2,9.5,0.0,0.5,0.0,0.0,0.3,10.3
3144,2,2015-01-30 10:42:36,2015-01-30 10:53:16,1,1.05,-73.95964050292967,40.77606964111328,1,N,-73.96932983398438,40.762710571289055,2,8.0,0.0,0.5,0.0,0.0,0.3,8.8
3145,2,2015-01-13 17:55:37,2015-01-13 18:08:09,3,2.2,-73.96154022216798,40.77130126953125,1,N,-73.99005889892578,40.766998291015625,1,10.5,1.0,0.5,2.3,0.0,0.3,14.6
3146,2,2015-01-13 17:55:38,2015-01-13 18:19:29,1,4.27,-73.99141693115233,40.75480270385742,1,N,-73.94532012939453,40.746829986572266,1,18.5,1.0,0.5,4.88,0.0,0.3,25.18
3147,2,2015-01-13 17:55:38,2015-01-13 18:06:00,1,1.04,-73.9777603149414,40.75200653076172,1,N,-73.99069213867188,40.75114440917969,1,7.5,1.0,0.5,2.12,0.0,0.3,11.42
3148,2,2015-01-13 17:55:38,2015-01-13 17:57:44,1,0.23,-73.9860076904297,40.741077423095696,1,N,-73.98523712158203,40.7388916015625,2,3.5,1.0,0.5,0.0,0.0,0.3,5.3
3149,2,2015-01-13 17:55:38,2015-01-13 18:05:52,1,1.96,-74.0101089477539,40.72085571289063,1,N,-74.00016021728516,40.73705673217773,1,9.5,1.0,0.5,2.1,0.0,0.3,13.4
3150,2,2015-01-13 17:55:38,2015-01-13 18:06:23,1,1.51,-73.95690155029298,40.78096389770508,1,N,-73.9700698852539,40.76247787475586,2,9.0,1.0,0.5,0.0,0.0,0.3,10.8
3151,2,2015-01-13 17:55:39,2015-01-13 18:03:11,3,0.78,-73.97543334960938,40.78215026855469,1,N,-73.98667907714845,40.77587127685546,2,6.5,1.0,0.5,0.0,0.0,0.3,8.3
3152,2,2015-01-13 17:55:39,2015-01-13 18:04:28,1,2.28,-73.99282836914062,40.74836730957031,1,N,-74.00614929199219,40.71937561035156,1,9.5,1.0,0.5,2.62,0.0,0.3,13.92
3153,2,2015-01-13 17:55:39,2015-01-13 18:09:46,1,1.85,-73.99730682373048,40.75216674804688,1,N,-73.97984313964845,40.736595153808594,1,10.5,1.0,0.5,2.3,0.0,0.3,14.6
3154,2,2015-01-13 17:55:41,2015-01-13 18:08:42,1,3.16,-73.99922943115233,40.72499847412109,1,N,-73.97225952148438,40.69561767578125,1,12.5,1.0,0.5,3.38,0.0,0.3,17.68
3155,2,2015-01-13 17:55:41,2015-01-13 17:58:21,1,0.72,-73.96492767333984,40.77252197265625,1,N,-73.96012115478516,40.780620574951165,2,4.5,1.0,0.5,0.0,0.0,0.3,6.3
3156,2,2015-01-13 17:55:42,2015-01-13 18:13:35,1,6.99,-73.87091827392578,40.77379608154297,1,N,-73.95565795898438,40.71749114990234,1,21.5,1.0,0.5,3.0,0.0,0.3,26.3
3157,2,2015-01-13 17:55:42,2015-01-13 18:03:04,1,1.21,-73.98224639892578,40.74549865722656,1,N,-73.96750640869139,40.752288818359375,1,7.0,1.0,0.5,1.6,0.0,0.3,10.4
3158,2,2015-01-13 17:55:42,2015-01-13 18:14:16,6,2.22,-74.00628662109375,40.73391342163086,1,N,-73.98387145996092,40.75481033325195,1,13.0,1.0,0.5,2.0,0.0,0.3,16.8
3159,2,2015-01-13 17:55:42,2015-01-13 18:05:24,1,1.17,-73.97396087646483,40.7600212097168,1,N,-73.96366119384764,40.77421569824219,2,8.0,1.0,0.5,0.0,0.0,0.3,9.8
3160,2,2015-01-13 17:55:42,2015-01-14 00:00:00,5,11.8,-73.7767105102539,40.64545822143555,1,N,-73.88094329833984,40.727237701416016,2,36.5,1.0,0.5,0.0,0.0,0.3,38.3
3161,2,2015-01-13 17:55:42,2015-01-13 18:00:49,5,0.7,-73.97779846191406,40.75212097167969,1,N,-73.98433685302734,40.744361877441406,1,5.0,1.0,0.5,1.2,0.0,0.3,8.0
3162,2,2015-01-13 17:55:43,2015-01-13 18:14:47,1,2.29,-73.96060180664062,40.77853012084961,1,N,-73.98465728759764,40.757930755615234,2,13.0,1.0,0.5,0.0,0.0,0.3,14.8
3163,2,2015-01-30 10:42:37,2015-01-30 10:54:41,1,5.98,-73.96202087402342,40.759441375732415,1,N,-74.01032257080078,40.70195007324219,1,18.5,0.0,0.5,5.0,0.0,0.3,24.3
3164,2,2015-01-30 10:42:37,2015-01-30 11:07:46,1,3.2,-73.95504760742188,40.78338241577149,1,N,-73.98917388916014,40.753684997558594,2,17.0,0.0,0.5,0.0,0.0,0.3,17.8
3165,2,2015-01-30 10:42:37,2015-01-30 11:00:01,5,1.31,-73.99142456054686,40.76029586791992,1,N,-73.99064636230467,40.746192932128906,2,11.5,0.0,0.5,0.0,0.0,0.3,12.3
3166,2,2015-01-30 10:42:38,2015-01-30 11:00:31,2,1.64,-74.0076675415039,40.725040435791016,1,N,-73.9935073852539,40.74208068847656,1,12.0,0.0,0.5,3.6,0.0,0.3,16.4
3167,2,2015-01-30 10:42:38,2015-01-30 10:48:19,1,0.85,-73.99236297607422,40.74254989624024,1,N,-73.99597930908203,40.732864379882805,2,5.5,0.0,0.5,0.0,0.0,0.3,6.3
3168,2,2015-01-30 10:42:38,2015-01-30 11:22:27,1,9.39,-73.96959686279298,40.760906219482415,1,N,-73.92552947998048,40.86800384521485,2,37.0,0.0,0.5,0.0,0.0,0.3,37.8
3169,2,2015-01-30 10:42:38,2015-01-30 11:13:57,1,2.45,-73.99500274658203,40.74478149414063,1,N,-73.98760986328125,40.766971588134766,2,19.0,0.0,0.5,0.0,0.0,0.3,19.8
3170,2,2015-01-30 10:42:39,2015-01-30 10:54:58,5,4.61,-73.9669418334961,40.7939567565918,1,N,-73.94281768798828,40.84059143066406,2,15.5,0.0,0.5,0.0,0.0,0.3,16.3
3171,2,2015-01-30 10:42:39,2015-01-30 10:56:13,1,1.85,-73.98173522949219,40.768096923828125,1,N,-73.96022033691406,40.77464294433594,1,10.5,0.0,0.5,2.26,0.0,0.3,13.56
3172,2,2015-01-30 10:42:39,2015-01-30 10:52:21,6,1.03,-73.9808120727539,40.77426528930664,1,N,-73.97314453125,40.76460647583008,1,7.5,0.0,0.5,1.66,0.0,0.3,9.96
3173,2,2015-01-30 10:42:41,2015-01-30 10:50:01,1,0.53,-73.9559097290039,40.77862930297852,1,N,-73.95924377441406,40.77241897583008,1,6.0,0.0,0.5,1.36,0.0,0.3,8.16
3174,2,2015-01-30 10:42:41,2015-01-30 11:08:08,1,2.55,-74.00442504882812,40.74148178100586,1,N,-73.97897338867188,40.752723693847656,1,16.5,0.0,0.5,3.3,0.0,0.3,20.6
3175,2,2015-01-30 10:42:41,2015-01-30 11:12:27,1,3.12,-73.9976806640625,40.75648880004882,1,N,-73.9994125366211,40.72233963012695,1,19.0,0.0,0.5,2.25,0.0,0.3,22.05
3176,2,2015-01-30 10:42:41,2015-01-30 10:53:41,1,1.65,-73.9617919921875,40.7673225402832,1,N,-73.9816665649414,40.76758575439453,2,9.0,0.0,0.5,0.0,0.0,0.3,9.8
3177,2,2015-01-30 10:42:41,2015-01-30 10:49:17,6,1.11,-73.980712890625,40.730667114257805,1,N,-73.99318695068358,40.72955703735352,1,6.5,0.0,0.5,1.0,0.0,0.3,8.3
3178,2,2015-01-30 10:42:41,2015-01-30 11:06:37,1,3.0,-73.98787689208984,40.76055145263672,1,N,-74.00725555419923,40.72751235961913,1,16.0,0.0,0.5,2.0,0.0,0.3,18.8
3179,2,2015-01-30 10:42:42,2015-01-30 10:56:35,5,2.44,-73.95516967773438,40.76905059814453,1,N,-73.9744415283203,40.748268127441406,2,12.0,0.0,0.5,0.0,0.0,0.3,12.8
3180,2,2015-01-30 10:42:42,2015-01-30 10:53:13,2,0.67,-73.99226379394531,40.75441360473633,1,N,-73.99402618408203,40.7479362487793,2,7.5,0.0,0.5,0.0,0.0,0.3,8.3
3181,2,2015-01-30 10:42:42,2015-01-30 10:47:26,1,0.8,-73.95911407470702,40.7720832824707,1,N,-73.96182250976561,40.76343536376953,1,5.0,0.0,0.5,1.16,0.0,0.3,6.96
3182,2,2015-01-30 10:42:42,2015-01-30 10:56:50,1,1.41,-74.0082778930664,40.7144775390625,1,N,-73.99320220947266,40.72625350952149,1,10.0,0.0,0.5,1.0,0.0,0.3,11.8
3183,2,2015-01-30 10:42:42,2015-01-30 10:48:57,1,0.85,-73.95469665527342,40.78406524658203,1,N,-73.96162414550781,40.77435302734375,1,6.0,0.0,0.5,0.75,0.0,0.3,7.55
3184,2,2015-01-15 11:09:27,2015-01-15 11:18:50,2,0.82,-73.9842071533203,40.74626922607422,1,N,-73.97663116455078,40.75596618652344,2,7.0,0.0,0.5,0.0,0.0,0.3,7.8
3185,2,2015-01-15 11:09:28,2015-01-15 11:21:16,5,1.48,-73.98043060302734,40.74560546875,1,N,-73.98104858398438,40.72947692871094,1,9.0,0.0,0.5,0.0,0.0,0.3,9.8
3186,2,2015-01-15 11:09:28,2015-01-15 11:17:09,1,0.85,-73.98188781738281,40.74059677124024,1,N,-73.9811019897461,40.74951171875,1,6.5,0.0,0.5,1.62,0.0,0.3,8.92
3187,2,2015-01-15 11:09:28,2015-01-15 11:12:01,1,0.39,-73.9621353149414,40.768081665039055,1,N,-73.96128845214845,40.76436233520508,1,3.5,0.0,0.5,0.7,0.0,0.3,5.0
3188,2,2015-01-15 11:09:28,2015-01-15 11:16:34,4,1.08,-73.98171997070312,40.75831985473633,1,N,-73.9677505493164,40.760059356689446,1,6.5,0.0,0.5,1.3,0.0,0.3,8.6
3189,2,2015-01-15 11:09:29,2015-01-15 11:17:06,1,0.79,-73.98336791992188,40.74129867553711,1,N,-73.99423980712889,40.7404899597168,1,6.5,0.0,0.5,1.0,0.0,0.3,8.3
3190,2,2015-01-15 11:09:30,2015-01-15 11:20:08,1,1.28,-74.00498199462889,40.75168991088867,1,N,-73.99573516845702,40.73998260498047,1,8.5,0.0,0.5,1.0,0.0,0.3,10.3
3191,2,2015-01-15 11:09:30,2015-01-15 11:16:53,1,0.71,-73.95946502685547,40.779346466064446,1,N,-73.96456909179686,40.772274017333984,1,6.0,0.0,0.5,0.75,0.0,0.3,7.55
3192,2,2015-01-15 11:09:31,2015-01-15 11:19:21,1,1.36,-73.98235321044923,40.77674865722656,1,N,-73.9720687866211,40.76554489135742,1,8.0,0.0,0.5,2.0,0.0,0.3,10.8
3193,2,2015-01-15 11:09:31,2015-01-15 11:14:40,5,0.56,-73.98011016845702,40.76206207275391,1,N,-73.98907470703125,40.76606369018555,2,5.0,0.0,0.5,0.0,0.0,0.3,5.8
3194,2,2015-01-15 11:09:31,2015-01-15 11:33:46,1,5.65,-73.9763946533203,40.73962020874024,1,N,-73.95027923583984,40.80226516723633,1,22.0,0.0,0.5,4.4,0.0,0.3,27.2
3195,2,2015-01-15 11:09:31,2015-01-15 11:18:35,1,1.88,-73.9940414428711,40.72753143310546,1,N,-74.01319122314453,40.71659851074219,1,9.0,0.0,0.5,2.0,0.0,0.3,11.8
3196,2,2015-01-15 11:09:31,2015-01-15 11:15:47,1,0.93,-73.98117065429686,40.75939178466797,1,N,-73.98113250732422,40.75320816040039,1,6.0,0.0,0.5,1.0,0.0,0.3,7.8
3197,2,2015-01-15 11:09:32,2015-01-15 11:21:42,2,1.47,-73.98143768310547,40.759441375732415,1,N,-73.96560668945312,40.75933837890625,2,9.5,0.0,0.5,0.0,0.0,0.3,10.3
3198,2,2015-01-15 11:09:32,2015-01-15 11:45:33,1,4.35,-73.92948913574217,40.7565803527832,1,N,-73.99256134033203,40.75829315185546,2,23.0,0.0,0.5,0.0,0.0,0.3,23.8
3199,2,2015-01-15 11:09:32,2015-01-15 11:27:44,1,0.87,-73.9764175415039,40.74801635742188,1,N,-73.97517395019531,40.74153518676758,1,11.5,0.0,0.5,2.3,0.0,0.3,14.6
3200,2,2015-01-15 11:09:32,2015-01-15 11:16:36,1,0.96,-73.96311950683594,40.765045166015625,1,N,-73.95355224609375,40.77010726928711,2,6.5,0.0,0.5,0.0,0.0,0.3,7.3
3201,2,2015-01-15 11:09:34,2015-01-15 11:28:22,1,1.2,-73.99105834960938,40.749526977539055,1,N,-73.97509002685547,40.74176025390625,1,12.0,0.0,0.5,3.0,0.0,0.3,15.8
3202,2,2015-01-15 11:09:34,2015-01-15 11:39:55,1,7.47,-74.01488494873048,40.71375274658203,1,N,-73.97367858886719,40.76446533203125,1,28.0,0.0,0.5,7.0,0.0,0.3,35.8
3203,2,2015-01-15 11:09:35,2015-01-15 11:24:14,2,1.63,-73.95938873291014,40.782909393310554,1,N,-73.97457885742188,40.76213836669922,1,10.5,0.0,0.5,2.62,0.0,0.3,13.92
3204,2,2015-01-15 11:09:35,2015-01-15 11:18:53,1,1.95,-74.00210571289062,40.71515274047852,1,N,-73.99404907226561,40.69514083862305,1,9.0,0.0,0.5,1.8,0.0,0.3,11.6
3205,2,2015-01-22 14:47:42,2015-01-22 15:01:25,1,1.26,-73.97073364257811,40.75710678100586,1,N,-73.9801025390625,40.74602508544922,2,9.5,0.0,0.5,0.0,0.0,0.3,10.3
3206,2,2015-01-22 14:47:43,2015-01-22 14:55:26,1,0.63,-74.00727081298828,40.72782516479492,1,N,-73.99925994873048,40.72311782836913,1,6.5,0.0,0.5,1.82,0.0,0.3,9.12
3207,2,2015-01-22 14:47:43,2015-01-22 15:17:35,6,15.96,-73.9951171875,40.739837646484375,3,N,-74.17758178710938,40.690425872802734,2,62.0,0.0,0.0,0.0,16.75,0.3,79.05
3208,2,2015-01-22 14:47:44,2015-01-22 15:11:23,1,16.56,-73.99436950683594,40.75096893310546,3,N,-74.1816864013672,40.68768310546875,1,62.0,0.0,0.0,15.81,16.75,0.3,94.86
3209,2,2015-01-22 14:47:44,2015-01-22 14:54:31,2,0.98,-73.98419189453125,40.754486083984375,1,N,-73.98396301269531,40.7559700012207,2,6.5,0.0,0.5,0.0,0.0,0.3,7.3
3210,2,2015-01-22 14:47:44,2015-01-22 14:59:21,1,1.25,-73.97950744628906,40.766300201416016,1,N,-73.98687744140625,40.75138092041016,2,9.0,0.0,0.5,0.0,0.0,0.3,9.8
3211,2,2015-01-22 14:47:44,2015-01-22 14:52:09,1,0.9,-73.96129608154298,40.79649353027344,1,N,-73.97164916992188,40.7923583984375,1,5.0,0.0,0.5,1.0,0.0,0.3,6.8
3212,2,2015-01-22 14:47:45,2015-01-22 14:50:56,5,0.5,-73.94943237304686,40.78135681152344,1,N,-73.95663452148438,40.780155181884766,2,4.5,0.0,0.5,0.0,0.0,0.3,5.3
3213,2,2015-01-22 14:47:45,2015-01-22 14:55:12,1,1.01,-73.99171447753906,40.75040054321289,1,N,-73.98229217529298,40.751651763916016,1,6.5,0.0,0.5,1.82,0.0,0.3,9.12
3214,2,2015-01-22 14:47:45,2015-01-22 15:01:41,1,1.87,-73.96566009521484,40.77439880371094,1,N,-73.98561096191406,40.75817108154297,2,10.5,0.0,0.5,0.0,0.0,0.3,11.3
3215,2,2015-01-22 14:47:45,2015-01-22 14:57:50,1,1.97,-73.98905944824217,40.76924896240234,1,N,-73.99433135986328,40.747440338134766,1,9.0,0.0,0.5,2.45,0.0,0.3,12.25
3216,2,2015-01-22 14:47:46,2015-01-22 14:55:00,1,0.9,-73.97392272949219,40.75733184814453,1,N,-73.96470642089844,40.76806640625,1,6.5,0.0,0.5,1.82,0.0,0.3,9.12
3217,2,2015-01-22 14:47:46,2015-01-22 15:27:16,1,17.25,-73.79002380371094,40.64674377441406,2,N,-73.98554229736328,40.75051498413086,2,52.0,0.0,0.5,0.0,5.33,0.3,58.13
3218,2,2015-01-22 14:47:46,2015-01-22 15:03:36,1,1.86,-73.9836196899414,40.77083206176758,1,N,-73.97517395019531,40.75252532958984,1,11.0,0.0,0.5,2.36,0.0,0.3,14.16
3219,2,2015-01-22 14:47:46,2015-01-22 15:04:01,1,2.31,-74.00569915771484,40.726428985595696,1,N,-73.98930358886719,40.74209976196289,1,12.0,0.0,0.5,2.56,0.0,0.3,15.36
3220,2,2015-01-22 14:47:47,2015-01-22 14:53:37,2,0.75,-74.0022964477539,40.7187614440918,1,N,-74.00960540771484,40.7105598449707,2,5.5,0.0,0.5,0.0,0.0,0.3,6.3
3221,2,2015-01-22 14:47:47,2015-01-22 15:04:04,1,1.87,-73.98062896728516,40.76028060913086,1,N,-73.95625305175781,40.76335525512695,1,11.5,0.0,0.5,2.46,0.0,0.3,14.76
3222,2,2015-01-22 14:47:48,2015-01-22 15:20:15,1,10.14,-73.98369598388672,40.78593063354492,1,N,-73.89549255371094,40.86553955078125,1,31.5,0.0,0.5,0.0,0.0,0.3,32.3
3223,2,2015-01-22 14:47:48,2015-01-22 14:55:29,6,1.46,-73.96351623535155,40.7744369506836,1,N,-73.97682189941406,40.785171508789055,1,7.5,0.0,0.5,1.66,0.0,0.3,9.96
3224,2,2015-01-22 14:47:48,2015-01-22 14:55:53,1,2.17,-74.0157699584961,40.714630126953125,1,N,-73.99761199951173,40.732791900634766,1,8.5,0.0,0.5,2.12,0.0,0.3,11.42
3225,2,2015-01-22 14:47:48,2015-01-22 14:54:36,1,1.14,-73.98375701904298,40.72682189941406,1,N,-73.98209381103516,40.714550018310554,1,6.5,0.0,0.5,1.5,0.0,0.3,8.8
3226,2,2015-01-22 14:47:48,2015-01-22 14:56:37,5,1.1,-73.98343658447266,40.7470932006836,1,N,-73.99407196044923,40.74302673339844,2,7.5,0.0,0.5,0.0,0.0,0.3,8.3
3227,2,2015-01-13 23:07:43,2015-01-13 23:10:33,1,0.51,-73.98757934570312,40.747268676757805,1,N,-73.98551177978516,40.75336837768555,2,4.0,0.5,0.5,0.0,0.0,0.3,5.3
3228,2,2015-01-13 23:07:44,2015-01-13 23:23:49,6,8.03,-73.87318420410156,40.7741813659668,1,N,-73.95465850830078,40.78246688842773,1,24.0,0.5,0.5,5.97,5.33,0.3,36.6
3229,2,2015-01-13 23:07:45,2015-01-13 23:19:10,4,2.81,-74.0076904296875,40.71777725219727,1,N,-73.98246002197266,40.74959945678711,1,11.0,0.5,0.5,2.3,0.0,0.3,14.6
3230,2,2015-01-13 23:07:45,2015-01-13 23:26:29,5,8.05,-73.9876937866211,40.721378326416016,1,N,-73.86470794677734,40.7366600036621,2,24.5,0.5,0.5,0.0,0.0,0.3,25.8
3231,2,2015-01-13 23:07:45,2015-01-13 23:17:05,1,1.75,-73.95263671875,40.78910446166992,1,N,-73.95175933837889,40.771099090576165,1,9.0,0.5,0.5,1.8,0.0,0.3,12.1
3232,2,2015-01-13 23:07:45,2015-01-13 23:15:11,1,1.21,-73.98574829101561,40.75048065185546,1,N,-73.99927520751953,40.75560760498047,2,7.0,0.5,0.5,0.0,0.0,0.3,8.3
3233,2,2015-01-13 23:07:45,2015-01-13 23:12:31,2,0.77,-73.9764404296875,40.76032638549805,1,N,-73.96855163574217,40.76493453979492,1,5.5,0.5,0.5,0.2,0.0,0.3,7.0
3234,2,2015-01-24 08:46:37,2015-01-24 08:53:13,1,1.06,-73.95577239990233,40.76827621459961,1,N,-73.96868133544923,40.765716552734375,1,6.5,0.0,0.5,1.0,0.0,0.3,8.3
3235,2,2015-01-24 08:46:38,2015-01-24 08:50:21,6,1.16,-73.9725112915039,40.74824905395508,1,N,-73.95987701416014,40.75870895385742,1,5.5,0.0,0.5,2.0,0.0,0.3,8.3
3236,2,2015-01-24 08:46:38,2015-01-24 08:54:30,1,1.76,-73.95566558837889,40.77961349487305,1,N,-73.98049926757811,40.78338623046875,2,8.0,0.0,0.5,0.0,0.0,0.3,8.8
3237,2,2015-01-24 08:46:38,2015-01-24 08:57:14,1,1.87,-74.00595855712889,40.735801696777344,1,N,-73.98343658447266,40.744453430175774,1,9.5,0.0,0.5,1.0,0.0,0.3,11.3
3238,2,2015-01-24 08:46:38,2015-01-24 08:55:09,1,1.72,-73.99305725097656,40.73705673217773,1,N,-73.97392272949219,40.74325942993164,1,8.5,0.0,0.5,1.86,0.0,0.3,11.16
3239,2,2015-01-24 08:46:39,2015-01-24 08:58:17,1,2.74,-74.00321197509764,40.72770690917969,1,N,-73.9765396118164,40.75851821899414,1,11.0,0.0,0.5,1.0,0.0,0.3,12.8
3240,2,2015-01-24 08:46:39,2015-01-24 08:54:00,6,0.88,-73.95695495605469,40.77082824707031,1,N,-73.96485900878906,40.759719848632805,2,7.0,0.0,0.5,0.0,0.0,0.3,7.8
3241,2,2015-01-24 08:46:39,2015-01-24 09:00:37,1,2.59,-73.95211791992188,40.773971557617195,1,N,-73.98268127441406,40.761531829833984,1,12.0,0.0,0.5,2.56,0.0,0.3,15.36
3242,2,2015-01-24 08:46:39,2015-01-24 08:53:40,1,1.64,-73.95242309570312,40.803199768066406,1,N,-73.95113372802734,40.78683090209961,2,7.5,0.0,0.5,0.0,0.0,0.3,8.3
3243,2,2015-01-24 08:46:40,2015-01-24 08:51:03,2,0.74,-73.97147369384764,40.76459884643555,1,N,-73.98235321044923,40.76917266845703,1,5.0,0.0,0.5,1.16,0.0,0.3,6.96
3244,2,2015-01-24 08:46:40,2015-01-24 08:56:11,1,2.17,-73.98242950439453,40.77692413330078,1,N,-73.98055267333984,40.75195693969727,1,9.0,0.0,0.5,1.96,0.0,0.3,11.76
3245,2,2015-01-24 08:46:40,2015-01-24 08:58:35,4,1.75,-73.97075653076173,40.7986717224121,1,N,-73.98229217529298,40.77463150024414,2,8.5,0.0,0.5,0.0,0.0,0.3,9.3
3246,2,2015-01-24 08:46:41,2015-01-24 08:52:02,1,1.37,-73.9586410522461,40.76451110839844,1,N,-73.97276306152342,40.75067138671875,2,6.5,0.0,0.5,0.0,0.0,0.3,7.3
3247,2,2015-01-24 08:46:42,2015-01-24 08:59:49,2,2.71,-73.96304321289062,40.79397201538086,1,N,-73.9550552368164,40.767391204833984,1,11.5,0.0,0.5,3.08,0.0,0.3,15.38
3248,2,2015-01-24 08:46:42,2015-01-24 08:50:08,1,0.52,-74.00202941894531,40.745162963867195,1,N,-73.99716186523438,40.74703598022461,2,4.5,0.0,0.5,0.0,0.0,0.3,5.3
3249,2,2015-01-24 08:46:42,2015-01-24 08:53:09,1,1.36,-73.96133422851561,40.760417938232415,1,N,-73.96334075927734,40.774578094482415,1,6.5,0.0,0.5,1.0,0.0,0.3,8.3
3250,2,2015-01-24 08:46:42,2015-01-24 09:01:30,2,2.34,-73.9775390625,40.78280258178711,1,N,-73.96952056884764,40.76047134399414,1,11.0,0.0,0.5,3.2,0.0,0.3,15.0
3251,2,2015-01-24 08:46:42,2015-01-24 08:53:05,1,2.06,-73.97344207763672,40.76377868652344,1,N,-73.99214935302734,40.73810958862305,1,8.0,0.0,0.5,1.76,0.0,0.3,10.56
3252,2,2015-01-24 08:46:42,2015-01-24 08:51:22,1,1.11,-73.9589614868164,40.768230438232415,1,N,-73.97148132324217,40.760250091552734,1,6.0,0.0,0.5,1.36,0.0,0.3,8.16
3253,2,2015-01-24 08:46:42,2015-01-24 08:54:42,2,1.44,0.0,0.0,1,N,0.0,0.0,1,7.5,0.0,0.5,2.08,0.0,0.3,10.38
3254,2,2015-01-24 08:46:42,2015-01-24 08:54:36,6,1.43,-73.98383331298828,40.73813629150391,1,N,-73.98997497558594,40.75170516967773,1,7.5,0.0,0.5,1.66,0.0,0.3,9.96
3255,2,2015-01-24 08:46:43,2015-01-24 08:57:02,1,1.87,-73.99137878417967,40.74977111816406,1,N,-73.983642578125,40.76092147827149,2,9.0,0.0,0.5,0.0,0.0,0.3,9.8
3256,1,2015-01-27 16:21:54,2015-01-27 16:29:40,1,2.2,-73.97964477539062,40.76126480102539,1,N,-73.95633697509764,40.77958679199219,1,8.5,1.0,0.5,2.05,0.0,0.3,12.35
3257,1,2015-01-27 16:21:54,2015-01-27 16:32:07,1,2.0,-73.97476959228516,40.777935028076165,1,Y,-73.9933090209961,40.75531005859375,1,9.5,1.0,0.5,2.25,0.0,0.3,13.55
3258,1,2015-01-27 16:22:01,2015-01-27 16:27:35,1,1.3,-73.98756408691406,40.73332977294922,1,N,-73.97496795654298,40.75031661987305,2,6.5,1.0,0.5,0.0,0.0,0.3,8.3
3259,1,2015-01-27 16:22:01,2015-01-27 16:29:15,1,1.8,-73.98831939697266,40.74309921264648,1,N,-73.97080993652342,40.763309478759766,1,8.0,1.0,0.5,1.95,0.0,0.3,11.75
3260,1,2015-01-27 16:22:02,2015-01-27 16:30:17,1,1.8,-73.99922180175781,40.753604888916016,1,N,-73.97936248779298,40.766986846923835,1,8.5,1.0,0.5,2.05,0.0,0.3,12.35
3261,1,2015-01-27 16:22:02,2015-01-27 16:27:19,1,1.1,-73.9656524658203,40.77418518066406,1,N,-73.96923828125,40.7633171081543,2,6.0,1.0,0.5,0.0,0.0,0.3,7.8
3262,1,2015-01-27 16:22:03,2015-01-27 16:31:02,1,1.6,-73.92687225341797,40.74016952514648,1,N,-73.95183563232422,40.74523162841797,1,8.0,1.0,0.5,0.0,0.0,0.3,9.8
3263,1,2015-01-27 16:22:04,2015-01-27 16:32:13,1,1.7,-73.97955322265625,40.74969482421875,1,N,-73.98370361328125,40.73006439208984,1,9.0,1.0,0.5,2.15,0.0,0.3,12.95
3264,1,2015-01-27 16:22:04,2015-01-27 16:24:23,1,1.4,-73.95962524414062,40.71138381958008,1,N,-73.98555755615233,40.717750549316406,1,6.0,1.0,0.5,1.56,0.0,0.3,9.36
3265,1,2015-01-27 16:22:06,2015-01-27 16:28:42,4,1.1,-73.99406433105469,40.73207473754882,1,N,-73.9997787475586,40.7418098449707,2,6.5,1.0,0.5,0.0,0.0,0.3,8.3
3266,1,2015-01-27 16:22:09,2015-01-27 16:31:20,1,1.7,-74.00615692138672,40.735210418701165,1,N,-73.99394226074217,40.720806121826165,1,8.5,0.0,0.5,1.85,0.0,0.3,11.15
3267,1,2015-01-27 16:22:10,2015-01-27 16:27:14,1,0.9,-74.00101470947266,40.74857711791992,1,N,-73.99308013916014,40.74118041992188,1,5.5,1.0,0.5,1.45,0.0,0.3,8.75
3268,1,2015-01-10 23:48:05,2015-01-11 00:04:27,1,2.2,-73.98716735839844,40.72071075439453,1,N,-73.99208068847656,40.74365615844727,1,12.0,0.5,0.5,3.3,0.0,0.3,16.6
3269,1,2015-01-10 23:48:05,2015-01-11 00:19:31,2,11.0,-73.87444305419923,40.77399444580078,1,N,-74.01538848876953,40.7160530090332,2,35.0,0.5,0.5,0.0,0.0,0.3,36.3
3270,1,2015-01-10 23:48:05,2015-01-11 00:07:02,3,2.1,-73.98371124267578,40.74547576904297,1,N,-73.98902130126953,40.72301483154297,2,13.0,0.5,0.5,0.0,0.0,0.3,14.3
3271,1,2015-01-10 23:48:05,2015-01-11 00:01:37,2,2.7,-73.95596313476561,40.772171020507805,1,N,-73.9854736328125,40.75468063354492,1,11.5,0.5,0.5,2.0,0.0,0.3,14.8
3272,1,2015-01-10 23:48:06,2015-01-11 00:03:21,1,7.9,-73.78962707519531,40.6469612121582,1,N,-73.8577880859375,40.73312377929688,2,23.5,0.5,0.5,0.0,0.0,0.3,24.8
3273,1,2015-01-10 23:48:06,2015-01-10 23:49:44,1,0.6,-73.96031188964844,40.78158950805664,1,N,-73.96910095214845,40.78558349609375,1,4.0,0.5,0.5,1.3,0.0,0.3,6.6
3274,1,2015-01-10 23:48:07,2015-01-11 00:05:13,1,3.9,-73.9676055908203,40.762203216552734,1,N,-73.9103012084961,40.76553726196289,1,15.5,0.5,0.5,1.0,0.0,0.3,17.8
3275,1,2015-01-10 23:48:07,2015-01-10 23:59:37,3,3.6,0.0,0.0,1,N,-73.97267150878906,40.7932014465332,1,13.0,0.5,0.5,2.0,0.0,0.3,16.3
3276,1,2015-01-10 23:48:07,2015-01-11 00:04:18,2,3.5,-73.99716186523438,40.72585678100586,1,N,-73.98355102539062,40.76692581176758,1,14.0,0.5,0.5,3.05,0.0,0.3,18.35
3277,1,2015-01-10 23:48:08,2015-01-11 00:00:16,1,1.9,-73.97254180908203,40.75365829467773,1,N,-73.98825073242188,40.73878860473633,1,10.0,0.5,0.5,2.25,0.0,0.3,13.55
3278,1,2015-01-10 23:48:08,2015-01-11 00:02:29,1,3.8,-74.00704193115233,40.715923309326165,1,N,-73.97812652587889,40.74577331542969,1,14.0,0.5,0.5,3.06,0.0,0.3,18.36
3279,1,2015-01-10 23:48:08,2015-01-10 23:54:48,1,1.0,-73.97843933105469,40.761428833007805,1,N,-73.97559356689453,40.752338409423835,2,6.5,0.5,0.5,0.0,0.0,0.3,7.8
3280,1,2015-01-10 23:48:08,2015-01-10 23:54:52,1,1.0,-73.95211029052734,40.77718353271485,1,N,-73.95023345947266,40.78881454467773,1,6.5,0.5,0.5,1.2,0.0,0.3,9.0
3281,1,2015-01-10 23:48:09,2015-01-10 23:54:11,1,0.6,-73.99329376220702,40.751495361328125,1,N,-73.986328125,40.753814697265625,1,5.5,0.5,0.5,1.35,0.0,0.3,8.15
3282,1,2015-01-10 23:48:09,2015-01-10 23:53:04,1,1.1,0.0,0.0,1,N,0.0,0.0,1,6.0,0.5,0.5,0.0,0.0,0.3,7.3
3283,1,2015-01-10 23:48:09,2015-01-10 23:55:05,1,1.1,-73.97132110595702,40.76028060913086,1,N,-73.98719787597656,40.76847457885742,1,6.5,0.5,0.5,1.55,0.0,0.3,9.35
3284,1,2015-01-10 23:48:09,2015-01-11 00:02:04,1,3.5,-73.9473876953125,40.753463745117195,1,Y,-73.98594665527344,40.772830963134766,2,13.0,0.5,0.5,0.0,0.0,0.3,14.3
3285,1,2015-01-10 23:48:09,2015-01-10 23:55:36,5,0.6,-73.97786712646483,40.75794982910156,1,N,-73.9862289428711,40.75710678100586,2,5.0,0.5,0.5,0.0,0.0,0.3,6.3
3286,1,2015-01-10 23:48:09,2015-01-10 23:50:55,1,0.7,-73.9798126220703,40.74348831176758,1,N,-73.97245025634764,40.75161743164063,1,4.5,0.5,0.5,1.0,0.0,0.3,6.8
3287,2,2015-01-31 20:48:52,2015-01-31 21:17:51,2,5.93,-73.97567749023438,40.789581298828125,1,N,-73.99308013916014,40.722930908203125,2,23.5,0.5,0.5,0.0,0.0,0.3,24.8
3288,2,2015-01-31 20:48:53,2015-01-31 20:55:44,1,1.13,-73.9914321899414,40.74956893920898,1,N,-74.003662109375,40.74192810058594,1,6.0,0.5,0.5,1.82,0.0,0.3,9.12
3289,2,2015-01-31 20:48:53,2015-01-31 20:52:23,5,0.65,-73.9556884765625,40.7793083190918,1,N,-73.95008850097656,40.77383041381836,1,4.5,0.5,0.5,1.16,0.0,0.3,6.96
3290,2,2015-01-31 20:48:53,2015-01-31 21:06:02,1,2.76,-73.99177551269531,40.759647369384766,1,N,-73.9852066040039,40.7320556640625,1,13.0,0.5,0.5,3.58,0.0,0.3,17.88
3291,2,2015-01-31 20:48:54,2015-01-31 20:52:45,6,0.53,-73.98072814941406,40.742069244384766,1,N,-73.97573852539062,40.748680114746094,1,4.5,0.5,0.5,1.0,0.0,0.3,6.8
3292,2,2015-01-31 20:48:54,2015-01-31 20:59:28,1,1.03,0.0,0.0,1,N,0.0,0.0,1,8.0,0.5,0.5,2.32,0.0,0.3,11.62
3293,2,2015-01-31 20:48:54,2015-01-31 20:55:46,1,0.45,-73.98468017578125,40.739688873291016,1,N,-73.99032592773438,40.739456176757805,2,6.0,0.5,0.5,0.0,0.0,0.3,7.3
3294,2,2015-01-31 20:48:54,2015-01-31 21:01:06,5,1.08,-73.98473358154298,40.743358612060554,1,N,-73.98553466796875,40.73158645629882,2,9.0,0.5,0.5,0.0,0.0,0.3,10.3
3295,2,2015-01-31 20:48:54,2015-01-31 20:53:59,2,0.83,-73.9911117553711,40.745643615722656,1,N,-74.00267791748048,40.7499885559082,1,5.5,0.5,0.5,1.7,0.0,0.3,8.5
3296,2,2015-01-31 20:48:55,2015-01-31 20:50:52,2,0.62,-73.95079040527342,40.779205322265625,1,N,-73.95635986328125,40.771514892578125,2,4.0,0.5,0.5,0.0,0.0,0.3,5.3
3297,2,2015-01-31 20:48:55,2015-01-31 20:55:41,2,1.9,-73.9503402709961,40.779815673828125,1,N,-73.96749877929686,40.755962371826165,1,7.5,0.5,0.5,1.76,0.0,0.3,10.56
3298,2,2015-01-31 20:48:55,2015-01-31 21:07:57,1,7.55,-73.96967315673827,40.76594543457031,1,N,-73.9942855834961,40.70295715332031,2,23.5,0.5,0.5,0.0,0.0,0.3,24.8
3299,2,2015-01-31 20:48:55,2015-01-31 20:59:01,6,2.31,-73.98017883300781,40.75967025756836,1,N,-73.97286224365233,40.78573226928711,1,10.0,0.5,0.5,2.1,0.0,0.3,13.4
3300,2,2015-01-31 20:48:56,2015-01-31 21:09:30,1,1.97,-73.9896469116211,40.72055435180664,1,N,-73.99773406982422,40.740352630615234,2,13.5,0.5,0.5,0.0,0.0,0.3,14.8
3301,2,2015-01-31 20:48:56,2015-01-31 21:01:49,1,1.82,-74.00674438476561,40.70673370361328,1,N,-73.98760223388672,40.71959686279297,2,9.0,0.5,0.5,0.0,0.0,0.3,10.3
3302,2,2015-01-31 20:48:56,2015-01-31 20:55:15,1,0.75,-73.99797058105469,40.7137107849121,1,N,-73.98951721191406,40.71884536743164,2,6.0,0.5,0.5,0.0,0.0,0.3,7.3
3303,2,2015-01-31 20:48:57,2015-01-31 20:58:17,1,5.84,-73.99132537841797,40.77035903930664,1,N,-73.94535064697266,40.83838653564453,1,17.5,0.5,0.5,3.76,0.0,0.3,22.56
3304,2,2015-01-31 20:48:57,2015-01-31 21:03:11,2,2.41,-73.96394348144531,40.808231353759766,1,N,-73.95110321044923,40.78572082519531,1,12.0,0.5,0.5,2.0,0.0,0.3,15.3
3305,2,2015-01-31 20:48:57,2015-01-31 21:05:21,5,4.01,-73.9758529663086,40.75163650512695,1,N,-73.95600128173827,40.73761367797852,1,15.0,0.5,0.5,4.33,5.33,0.3,25.96
3306,2,2015-01-31 20:48:58,2015-01-31 20:50:29,2,0.19,-74.00180053710938,40.724708557128906,1,N,-74.00254058837889,40.72180938720703,2,3.0,0.5,0.5,0.0,0.0,0.3,4.3
3307,2,2015-01-31 20:48:58,2015-01-31 20:53:58,2,1.11,-74.00994110107422,40.71454620361328,1,N,-73.99845123291014,40.71988677978516,1,5.5,0.5,0.5,1.0,0.0,0.3,7.8
3308,2,2015-01-31 20:48:58,2015-01-31 21:00:48,1,1.95,-74.00436401367188,40.742286682128906,1,N,-73.98320007324217,40.75641632080078,2,9.5,0.5,0.5,0.0,0.0,0.3,10.8
3309,1,2015-01-10 23:58:44,2015-01-11 00:14:47,2,2.5,-73.98809051513672,40.72047805786133,1,N,-74.00392150878906,40.74211883544922,1,12.0,0.5,0.5,3.3,0.0,0.3,16.6
3310,1,2015-01-10 23:58:44,2015-01-11 00:09:45,1,2.6,-73.98445892333984,40.76973342895508,1,N,-73.95182037353516,40.773624420166016,2,10.5,0.5,0.5,0.0,0.0,0.3,11.8
3311,1,2015-01-10 23:58:44,2015-01-11 00:18:04,2,3.8,-73.99555969238281,40.68305587768555,1,N,-73.96067047119139,40.67285919189453,1,16.0,0.5,0.5,1.5,0.0,0.3,18.8
3312,1,2015-01-10 23:58:45,2015-01-11 00:31:23,2,5.3,-74.0052490234375,40.74006271362305,1,Y,-73.96389007568358,40.71934509277344,2,24.0,0.5,0.5,0.0,0.0,0.3,25.3
3313,1,2015-01-10 23:58:45,2015-01-11 00:15:12,2,1.1,-73.99584197998048,40.73283767700195,1,N,-73.9970474243164,40.72053909301758,1,11.0,0.5,0.5,1.0,0.0,0.3,13.3
3314,1,2015-01-10 23:58:45,2015-01-11 00:16:23,1,1.8,-73.98028564453125,40.7459831237793,1,N,-73.9918212890625,40.72231674194336,1,12.0,0.5,0.5,2.65,0.0,0.3,15.95
3315,1,2015-01-10 23:58:45,2015-01-11 00:12:37,1,2.4,-73.9896240234375,40.745620727539055,1,N,-74.00552368164062,40.720359802246094,1,11.0,0.5,0.5,2.0,0.0,0.3,14.3
3316,1,2015-01-10 23:58:45,2015-01-11 00:03:38,1,1.0,-73.97710418701173,40.74301910400391,1,N,-73.98654174804686,40.7321662902832,1,5.5,0.5,0.5,1.36,0.0,0.3,8.16
3317,1,2015-01-10 23:58:45,2015-01-11 00:07:50,1,2.0,-73.98308563232422,40.74949264526367,1,N,-73.98446655273438,40.76971054077149,1,9.0,0.5,0.5,2.57,0.0,0.3,12.87
3318,1,2015-01-10 23:58:46,2015-01-11 00:03:03,2,1.4,-73.97435760498048,40.76495361328125,1,N,-73.95851135253906,40.77576446533203,2,6.0,0.5,0.5,0.0,0.0,0.3,7.3
3319,1,2015-01-10 23:58:46,2015-01-11 00:17:26,3,3.7,-73.97361755371094,40.78456878662109,1,N,-74.00601196289062,40.7436637878418,1,16.0,0.5,0.5,2.0,0.0,0.3,19.3
3320,1,2015-01-10 23:58:47,2015-01-11 00:04:03,1,1.3,-73.9793930053711,40.77678680419922,1,N,-73.97950744628906,40.79108047485352,1,6.0,0.5,0.5,1.0,0.0,0.3,8.3
3321,1,2015-01-10 23:58:47,2015-01-11 00:07:32,1,1.8,-73.97373962402342,40.76470184326172,1,N,-73.98340606689453,40.78418350219727,1,8.5,0.5,0.5,1.96,0.0,0.3,11.76
3322,1,2015-01-10 23:58:47,2015-01-11 00:28:12,1,5.8,-74.00308227539062,40.727569580078125,1,N,-73.95059967041014,40.6685791015625,1,23.5,0.5,0.5,4.96,0.0,0.3,29.76
3323,1,2015-01-10 23:58:47,2015-01-11 00:24:21,1,12.9,-73.99154663085938,40.76618576049805,1,N,-73.84402465820312,40.856292724609375,1,36.5,0.5,0.5,9.45,0.0,0.3,47.25
3324,1,2015-01-10 23:58:47,2015-01-11 00:07:53,1,2.7,-73.98101806640625,40.74166870117188,1,N,-73.95587158203125,40.77024459838867,1,10.0,0.5,0.5,2.8,0.0,0.3,14.1
3325,1,2015-01-10 23:58:48,2015-01-11 00:12:50,2,6.2,-73.96177673339844,40.71586227416992,1,N,-73.9886474609375,40.66632461547852,2,19.5,0.5,0.5,0.0,0.0,0.3,20.8
3326,1,2015-01-10 23:58:48,2015-01-11 00:16:11,1,6.1,-73.95567321777344,40.77930068969727,1,N,-73.9442138671875,40.83483123779297,2,20.5,0.5,0.5,0.0,0.0,0.3,21.8
3327,1,2015-01-10 23:58:48,2015-01-11 00:14:00,1,4.0,-73.98339080810547,40.72618865966797,1,N,-73.95609283447266,40.770217895507805,1,15.0,0.5,0.5,3.25,0.0,0.3,19.55
3328,1,2015-01-10 23:58:48,2015-01-11 00:04:03,1,1.1,-73.97367858886719,40.76467514038086,1,N,-73.97742462158203,40.77688980102539,1,6.5,0.5,0.5,2.0,0.0,0.3,9.8
3329,1,2015-01-10 23:58:48,2015-01-11 00:10:40,2,2.8,-74.00131225585938,40.761680603027344,1,N,-74.00131225585938,40.761680603027344,1,11.0,0.5,0.5,2.46,0.0,0.3,14.76
3330,1,2015-01-10 23:58:49,2015-01-11 00:06:15,3,1.2,-74.00214385986328,40.75569534301758,1,N,-73.9906234741211,40.75600051879882,2,7.0,0.5,0.5,0.0,0.0,0.3,8.3
3331,2,2015-01-10 16:13:53,2015-01-10 16:25:01,1,1.46,-73.98802947998048,40.74877548217773,1,N,-73.98876953125,40.76399612426758,2,9.0,0.0,0.5,0.0,0.0,0.3,9.8
3332,2,2015-01-10 16:13:53,2015-01-10 16:31:47,6,4.9,-73.99324798583984,40.74808120727539,1,N,-74.00831604003906,40.70438766479492,1,18.0,0.0,0.5,3.6,0.0,0.3,22.4
3333,2,2015-01-10 16:13:53,2015-01-10 16:21:12,1,1.05,-73.9915542602539,40.73868179321289,1,N,-73.98067474365233,40.74664688110352,1,7.0,0.0,0.5,1.4,0.0,0.3,9.2
3334,2,2015-01-10 16:13:54,2015-01-10 16:22:01,2,0.82,-73.9864730834961,40.73018646240234,1,N,-73.98724365234375,40.72232818603516,1,7.0,0.0,0.5,1.0,0.0,0.3,8.8
3335,2,2015-01-10 16:13:54,2015-01-10 16:44:11,2,5.25,-73.99416351318358,40.72653579711913,1,N,-73.95521545410156,40.67672729492188,1,22.5,0.0,0.5,5.62,0.0,0.3,28.92
3336,2,2015-01-10 16:13:54,2015-01-10 16:32:22,1,2.53,-73.96368408203125,40.7684326171875,1,N,-73.9934310913086,40.749881744384766,2,13.0,0.0,0.5,0.0,0.0,0.3,13.8
3337,2,2015-01-10 16:13:54,2015-01-10 16:46:46,2,1.62,-73.96368408203125,40.7684326171875,1,N,-73.9724349975586,40.74908447265625,1,10.0,0.0,0.5,1.5,0.0,0.0,12.0
3338,2,2015-01-10 16:13:55,2015-01-10 16:29:55,1,9.2,-73.96488952636719,40.75558853149414,1,N,-73.9598388671875,40.7620964050293,1,25.5,0.0,0.5,4.5,5.33,0.3,36.13
3339,2,2015-01-10 16:13:55,2015-01-10 16:19:06,1,0.83,-73.947998046875,40.77434158325195,1,N,-73.95658111572266,40.77122116088867,1,5.5,0.0,0.5,1.1,0.0,0.3,7.4
3340,2,2015-01-10 16:13:55,2015-01-10 16:19:53,1,0.92,-74.01631164550781,40.715156555175774,1,N,-74.00748443603516,40.71275329589844,2,6.0,0.0,0.5,0.0,0.0,0.3,6.8
3341,2,2015-01-10 16:13:55,2015-01-10 16:16:58,1,0.66,-73.9806900024414,40.78269958496094,1,N,-73.97469329833984,40.79058837890625,1,4.5,0.0,0.5,1.0,0.0,0.3,6.3
3342,2,2015-01-10 16:13:56,2015-01-10 16:24:31,5,1.94,-74.00448608398438,40.72212600708008,1,N,-74.00758361816406,40.7409553527832,1,9.5,0.0,0.5,0.0,0.0,0.3,10.3
3343,2,2015-01-10 16:13:56,2015-01-10 16:25:38,1,2.28,-73.98616790771484,40.758197784423835,1,N,-74.0050277709961,40.735794067382805,2,10.0,0.0,0.5,0.0,0.0,0.3,10.8
3344,2,2015-01-10 16:13:57,2015-01-10 16:16:49,1,0.5,-73.98537445068358,40.752098083496094,1,N,-73.97911071777342,40.754581451416016,2,4.0,0.0,0.5,0.0,0.0,0.3,4.8
3345,2,2015-01-10 16:13:57,2015-01-10 16:23:00,1,2.42,-73.96233367919923,40.779029846191406,1,N,-73.98721313476561,40.764381408691406,1,9.5,0.0,0.5,1.9,0.0,0.3,12.2
3346,2,2015-01-10 16:13:57,2015-01-10 16:39:19,1,5.59,-73.99342346191406,40.74136734008789,1,N,-73.96945953369139,40.80196762084961,2,22.0,0.0,0.5,0.0,0.0,0.3,22.8
3347,2,2015-01-10 16:13:57,2015-01-10 17:07:50,1,20.65,-73.78995513916014,40.64379119873047,1,N,-73.8824462890625,40.85115051269531,1,60.0,0.0,0.5,16.33,5.33,0.3,82.46
3348,2,2015-01-10 16:13:57,2015-01-10 16:27:36,1,1.99,-73.9774398803711,40.77691268920898,1,N,-73.95020294189453,40.771705627441406,2,10.5,0.0,0.5,0.0,0.0,0.3,11.3
3349,2,2015-01-10 16:13:57,2015-01-10 16:24:23,6,1.44,-74.0033950805664,40.73352813720703,1,N,-73.98847961425781,40.73426055908203,1,8.0,0.0,0.5,2.0,0.0,0.3,10.8
3350,2,2015-01-10 16:13:57,2015-01-10 16:22:11,1,1.0,-73.99187469482422,40.74992370605469,1,N,-73.98788452148438,40.75982666015625,2,7.0,0.0,0.5,0.0,0.0,0.3,7.8
3351,2,2015-01-10 16:13:57,2015-01-10 16:30:59,6,3.75,-73.97577667236328,40.75686264038086,1,N,-73.94083404541014,40.793304443359375,1,14.5,0.0,0.5,0.0,0.0,0.3,15.3
3352,1,2015-01-11 00:12:19,2015-01-11 00:26:34,1,5.5,-73.9931640625,40.75609970092773,1,N,-73.95806884765625,40.82127380371094,2,17.5,0.5,0.5,0.0,0.0,0.3,18.8
3353,1,2015-01-11 00:12:19,2015-01-11 00:15:00,1,0.5,-74.00962829589844,40.7147216796875,1,N,-74.00624084472656,40.71169662475586,1,4.0,0.5,0.5,1.05,0.0,0.3,6.35
3354,1,2015-01-11 00:12:20,2015-01-11 00:15:42,1,0.6,-73.97795867919923,40.7645263671875,1,N,-73.96907806396483,40.76382446289063,2,4.5,0.5,0.5,0.0,0.0,0.3,5.8
3355,1,2015-01-11 00:12:20,2015-01-11 00:24:07,1,1.3,-73.99005889892578,40.71942138671875,1,N,-73.99966430664062,40.72837829589844,1,9.0,0.5,0.5,2.05,0.0,0.3,12.35
3356,1,2015-01-11 00:12:20,2015-01-11 00:22:09,1,2.2,-73.9774398803711,40.73822784423828,1,N,-73.98597717285155,40.75994110107422,2,9.5,0.5,0.5,0.0,0.0,0.3,10.8
3357,1,2015-01-11 00:12:20,2015-01-11 00:16:03,3,0.9,-73.98410034179686,40.74418258666992,1,N,-73.9798126220703,40.75521087646485,2,5.0,0.5,0.5,0.0,0.0,0.3,6.3
3358,1,2015-01-11 00:12:21,2015-01-11 00:42:20,2,7.1,-73.96778106689453,40.80282974243164,1,N,-73.91808319091797,40.76285552978516,1,25.0,0.5,0.5,5.26,0.0,0.3,31.56
3359,1,2015-01-11 00:12:21,2015-01-11 00:24:29,1,5.0,-73.98642730712889,40.76172256469727,1,N,-73.95966339111328,40.81419372558594,1,17.0,0.5,0.5,0.0,0.0,0.3,18.3
3360,1,2015-01-11 00:12:22,2015-01-11 00:25:39,2,3.8,-73.9832763671875,40.743701934814446,1,N,-73.94448852539062,40.77951431274414,1,13.5,0.5,0.5,2.95,0.0,0.3,17.75
3361,1,2015-01-11 00:12:23,2015-01-11 00:26:36,1,1.8,-73.99100494384764,40.71850204467773,1,N,-73.99958801269531,40.73358917236328,1,10.5,0.5,0.5,2.36,0.0,0.3,14.16
3362,1,2015-01-11 00:12:23,2015-01-11 00:16:56,1,0.7,-73.98938751220702,40.749542236328125,1,N,-73.9830780029297,40.74949645996094,1,5.0,0.5,0.5,1.55,0.0,0.3,7.85
3363,1,2015-01-11 00:12:23,2015-01-11 00:33:13,1,4.2,-73.98284149169923,40.75678634643555,1,N,-73.9399185180664,40.76546478271485,1,17.5,0.5,0.5,3.75,0.0,0.3,22.55
3364,1,2015-01-11 00:12:23,2015-01-11 00:21:15,1,1.2,-74.00196838378906,40.73516845703125,1,N,-73.98658752441406,40.73785781860352,1,7.5,0.5,0.5,1.76,0.0,0.3,10.56
3365,1,2015-01-11 00:12:23,2015-01-11 00:22:33,1,2.6,-73.97810363769531,40.75233459472656,1,N,-73.98389434814453,40.779388427734375,2,11.0,0.5,0.5,0.0,0.0,0.3,12.3
3366,1,2015-01-11 00:12:24,2015-01-11 00:24:02,1,2.2,-73.97676086425781,40.75157928466797,1,N,-73.95474243164062,40.76942443847656,1,10.0,0.5,0.5,2.26,0.0,0.3,13.56
3367,1,2015-01-11 00:12:24,2015-01-11 00:27:04,1,4.2,-73.98650360107422,40.761478424072266,1,N,-73.95322418212889,40.81437301635742,1,15.0,0.5,0.5,3.0,0.0,0.3,19.3
3368,1,2015-01-11 00:12:24,2015-01-11 00:38:04,2,2.5,-73.99685668945312,40.732547760009766,1,N,-73.98947143554686,40.72126388549805,1,16.5,0.5,0.5,1.0,0.0,0.3,18.8
3369,1,2015-01-11 00:12:24,2015-01-11 00:22:38,1,2.8,-74.0070571899414,40.740581512451165,1,N,-74.01671600341797,40.70796585083008,1,10.5,0.5,0.5,2.35,0.0,0.3,14.15
3370,1,2015-01-11 00:12:24,2015-01-11 00:34:03,1,5.4,-74.00409698486328,40.725399017333984,1,N,-73.95036315917967,40.77642059326172,1,19.5,0.5,0.5,4.15,0.0,0.3,24.95
3371,1,2015-01-11 00:12:24,2015-01-11 00:18:37,1,0.5,-73.9930419921875,40.71959686279297,1,N,-73.99158477783203,40.72677612304688,1,5.5,0.5,0.5,1.35,0.0,0.3,8.15
3372,1,2015-01-11 00:12:25,2015-01-11 00:16:00,1,1.0,-73.97381591796875,40.79192352294922,1,N,-73.96607971191406,40.80482482910156,1,5.5,0.5,0.5,1.35,0.0,0.3,8.15
3373,1,2015-01-11 00:12:25,2015-01-11 00:19:28,1,1.4,-74.01024627685547,40.72001647949219,1,N,-74.01563262939453,40.70660400390625,1,7.0,0.5,0.5,2.45,0.0,0.3,10.75
3374,2,2015-01-20 08:43:24,2015-01-20 08:46:48,1,0.49,-73.9750747680664,40.756778717041016,1,N,-73.97061920166014,40.76214599609375,1,4.5,0.0,0.5,1.0,0.0,0.3,6.3
3375,2,2015-01-20 08:43:24,2015-01-20 08:53:58,1,1.14,-73.9957733154297,40.75897979736328,1,N,-73.9760513305664,40.75310134887695,1,8.5,0.0,0.5,1.86,0.0,0.3,11.16
3376,2,2015-01-20 08:43:24,2015-01-20 08:51:53,1,1.58,-73.97627258300781,40.76547622680664,1,N,-73.97067260742188,40.7834358215332,2,8.0,0.0,0.5,0.0,0.0,0.3,8.8
3377,2,2015-01-20 08:43:24,2015-01-20 08:59:19,1,1.43,-73.9719467163086,40.74983215332031,1,N,-73.96964263916014,40.763008117675774,1,11.0,0.0,0.5,2.75,0.0,0.3,14.55
3378,2,2015-01-20 08:43:24,2015-01-20 09:39:48,1,11.84,-73.86282348632812,40.76902770996094,1,N,-73.98037719726561,40.7514877319336,2,44.5,0.0,0.5,0.0,5.33,0.3,50.63
3379,2,2015-01-20 08:43:24,2015-01-20 08:51:41,1,0.97,-74.00384521484375,40.74747848510742,1,N,-73.98731994628906,40.740432739257805,2,7.0,0.0,0.5,0.0,0.0,0.3,7.8
3380,2,2015-01-20 08:43:25,2015-01-20 08:56:47,5,2.38,-73.99817657470702,40.75580978393555,1,N,-73.99688720703125,40.72978210449219,2,11.0,0.0,0.5,0.0,0.0,0.3,11.8
3381,2,2015-01-20 08:43:25,2015-01-20 08:49:41,1,0.71,-73.94499969482422,40.78030014038086,1,N,-73.95208740234375,40.775611877441406,1,6.0,0.0,0.5,1.2,0.0,0.3,8.0
3382,2,2015-01-20 08:43:25,2015-01-20 08:54:27,1,1.08,-73.98981475830078,40.76151657104492,1,N,-73.99102020263672,40.75066757202149,1,8.5,0.0,0.5,2.55,0.0,0.3,11.85
3383,2,2015-01-20 08:43:25,2015-01-20 08:56:02,1,1.93,-74.00077056884764,40.74731063842773,1,N,-73.98949432373048,40.73023223876953,1,10.5,0.0,0.5,2.1,0.0,0.3,13.4
3384,2,2015-01-20 08:43:26,2015-01-20 08:55:52,1,1.7,-73.95864868164062,40.76887130737305,1,N,-73.97710418701173,40.75494003295898,1,9.5,0.0,0.5,1.9,0.0,0.3,12.2
3385,2,2015-01-20 08:43:26,2015-01-20 09:08:23,1,4.31,-73.95078277587889,40.7710189819336,1,N,-73.99714660644531,40.74156951904297,1,19.5,0.0,0.5,3.0,0.0,0.3,23.3
3386,2,2015-01-20 08:43:26,2015-01-20 09:06:57,1,8.5,-74.00102996826173,40.746337890625,1,N,-73.9422149658203,40.85162353515625,1,26.0,0.0,0.5,7.8,0.0,0.3,34.6
3387,2,2015-01-20 08:43:26,2015-01-20 08:47:29,1,0.35,-73.9760513305664,40.75486373901367,1,N,-73.97219848632812,40.75844955444336,2,4.5,0.0,0.5,0.0,0.0,0.3,5.3
3388,2,2015-01-20 08:43:26,2015-01-20 08:57:51,5,1.89,-73.95641326904298,40.77400588989258,1,N,-73.97380828857422,40.75463485717773,1,10.5,0.0,0.5,2.1,0.0,0.3,13.4
3389,2,2015-01-20 08:43:27,2015-01-20 08:49:48,1,1.04,-73.97833251953125,40.75195693969727,1,N,-73.98930358886719,40.74199676513672,1,6.0,0.0,0.5,1.2,0.0,0.3,8.0
3390,2,2015-01-20 08:43:27,2015-01-20 08:55:26,3,1.54,-73.95407104492188,40.767402648925774,1,N,-73.97517395019531,40.77720642089844,1,9.0,0.0,0.5,1.0,0.0,0.3,10.8
3391,2,2015-01-20 08:43:27,2015-01-20 08:50:53,1,1.35,-74.0016098022461,40.74731063842773,1,N,-73.99449157714845,40.734966278076165,1,7.0,0.0,0.5,1.4,0.0,0.3,9.2
3392,2,2015-01-20 08:43:28,2015-01-20 09:00:55,5,1.93,-73.98049926757811,40.74261093139648,1,N,-73.97606658935547,40.76380157470703,1,12.0,0.0,0.5,1.5,0.0,0.3,14.3
3393,2,2015-01-20 08:43:28,2015-01-20 09:01:44,1,3.56,-73.9923324584961,40.743358612060554,1,N,-74.01493835449219,40.713970184326165,1,15.5,0.0,0.5,2.0,0.0,0.3,18.3
3394,2,2015-01-20 08:43:28,2015-01-20 08:57:05,5,1.32,-73.9622573852539,40.763450622558594,1,N,-73.97561645507811,40.74946975708008,2,9.5,0.0,0.5,0.0,0.0,0.3,10.3
3395,2,2015-01-31 19:13:05,2015-01-31 19:30:45,2,4.21,-73.9773178100586,40.684181213378906,1,N,-74.004150390625,40.73810958862305,1,16.0,0.0,0.5,3.36,0.0,0.3,20.16
3396,2,2015-01-31 19:13:05,2015-01-31 19:16:50,1,0.72,-73.9895782470703,40.7353515625,1,N,-73.98372650146483,40.74322128295898,1,5.0,0.0,0.5,1.16,0.0,0.3,6.96
3397,2,2015-01-31 19:13:05,2015-01-31 19:31:41,1,2.96,-73.99993133544923,40.728816986083984,1,N,-73.97586059570312,40.756927490234375,1,14.5,0.0,0.5,3.62,0.0,0.3,18.92
3398,2,2015-01-31 19:13:06,2015-01-31 19:40:42,1,5.5,-73.98236083984375,40.768211364746094,1,N,-74.01468658447266,40.70993423461913,2,22.0,0.0,0.5,0.0,0.0,0.3,22.8
3399,2,2015-01-31 19:13:06,2015-01-31 19:17:52,2,0.68,-73.94967651367188,40.78093719482422,1,N,-73.957275390625,40.77682113647461,1,5.0,0.0,0.5,1.16,0.0,0.3,6.96
3400,2,2015-01-31 19:13:06,2015-01-31 19:22:37,1,2.16,-73.95240020751953,40.79248046875,1,N,-73.96470642089844,40.766998291015625,2,9.0,0.0,0.5,0.0,0.0,0.3,9.8
3401,2,2015-01-31 19:13:06,2015-01-31 19:19:05,3,0.86,-73.98737335205078,40.77098083496094,1,N,-73.98621368408203,40.762115478515625,2,6.0,0.0,0.5,0.0,0.0,0.3,6.8
3402,2,2015-01-31 19:13:07,2015-01-31 19:19:10,1,0.92,-73.98869323730467,40.762638092041016,1,N,-73.98501586914062,40.77054214477539,1,6.0,0.0,0.5,1.2,0.0,0.3,8.0
3403,2,2015-01-31 19:13:07,2015-01-31 19:15:29,2,0.49,-73.98892974853516,40.75436019897461,1,N,-73.98236846923827,40.75767517089844,2,4.0,0.0,0.5,0.0,0.0,0.3,4.8
3404,2,2015-01-31 19:13:07,2015-01-31 19:28:42,1,1.72,-73.99140167236328,40.74308013916016,1,N,-73.98975372314453,40.75752639770508,1,11.0,0.0,0.5,2.0,0.0,0.3,13.8
3405,2,2015-01-31 19:13:07,2015-01-31 19:22:29,1,1.89,-73.96842956542967,40.76792144775391,1,N,-73.97776794433594,40.78670883178711,1,8.5,0.0,0.5,2.32,0.0,0.3,11.62
3406,2,2015-01-31 19:13:07,2015-01-31 19:29:07,1,3.26,-73.9574203491211,40.78570175170898,1,N,-73.98116302490233,40.74713516235352,1,13.5,0.0,0.5,1.0,0.0,0.3,15.3
3407,2,2015-01-31 19:13:08,2015-01-31 19:27:06,1,2.61,-74.01945495605469,40.700714111328125,1,N,-74.0095977783203,40.738868713378906,1,11.5,0.0,0.5,1.0,0.0,0.3,13.3
3408,2,2015-01-31 19:13:08,2015-01-31 20:00:32,1,17.93,-73.7864532470703,40.65263366699219,2,N,-73.99327087402342,40.75246810913086,2,52.0,0.0,0.5,0.0,5.33,0.3,58.13
3409,2,2015-01-31 19:13:08,2015-01-31 19:20:51,1,1.66,-73.94474029541014,40.8031005859375,1,N,-73.96727752685547,40.80364227294922,2,7.5,0.0,0.5,0.0,0.0,0.3,8.3
3410,2,2015-01-31 19:13:08,2015-01-31 19:23:53,1,1.94,-74.00257873535155,40.7480583190918,1,N,-73.97763824462889,40.75360870361328,1,9.0,0.0,0.5,1.96,0.0,0.3,11.76
3411,2,2015-01-31 19:13:08,2015-01-31 19:19:22,1,0.69,-73.99400329589844,40.75661849975586,1,N,-73.98886871337889,40.75058364868164,2,6.0,0.0,0.5,0.0,0.0,0.3,6.8
3412,2,2015-01-31 19:13:08,2015-01-31 19:16:45,1,0.72,-73.979248046875,40.765403747558594,1,N,-73.98532104492188,40.75937271118164,1,4.5,0.0,0.5,1.59,0.0,0.3,6.89
3413,2,2015-01-31 19:13:09,2015-01-31 19:23:50,3,1.13,-74.00122833251953,40.73107147216797,1,N,-74.00382232666014,40.74292755126953,1,8.0,0.0,0.5,0.0,0.0,0.3,8.8
3414,2,2015-01-31 19:13:09,2015-01-31 19:23:56,2,1.6,-73.9887466430664,40.748920440673835,1,N,-73.99736785888672,40.73859024047852,1,9.0,0.0,0.5,1.96,0.0,0.3,11.76
3415,2,2015-01-31 19:13:09,2015-01-31 19:20:03,2,1.68,-74.0154037475586,40.7098045349121,1,N,-74.00508117675781,40.7295036315918,1,7.5,0.0,0.5,1.66,0.0,0.3,9.96
3416,2,2015-01-26 07:02:18,2015-01-26 07:16:08,1,2.74,-73.9941177368164,40.72654342651367,1,N,-73.9747314453125,40.76036071777344,2,12.0,0.0,0.5,0.0,0.0,0.3,12.8
3417,2,2015-01-26 07:02:18,2015-01-26 07:06:55,2,0.87,-73.99774932861328,40.736305236816406,1,N,-73.98731231689453,40.74072647094727,2,5.0,0.0,0.5,0.0,0.0,0.3,5.8
3418,2,2015-01-26 07:02:19,2015-01-26 07:08:04,1,1.44,-73.99143981933594,40.72991180419922,1,N,-73.97722625732422,40.74686813354492,1,6.5,0.0,0.5,1.82,0.0,0.3,9.12
3419,2,2015-01-26 07:02:19,2015-01-26 07:07:26,2,0.83,-73.98047637939453,40.73443603515625,1,N,-73.99414825439453,40.740482330322266,2,5.5,0.0,0.5,0.0,0.0,0.3,6.3
3420,2,2015-01-26 07:02:20,2015-01-26 07:09:34,1,1.29,-73.99147033691406,40.74983596801758,1,N,-73.97783660888672,40.73912048339844,2,7.0,0.0,0.5,0.0,0.0,0.3,7.8
3421,2,2015-01-26 07:02:22,2015-01-26 07:12:20,5,2.8,-73.99152374267578,40.77024841308594,1,N,-73.95563507080078,40.777862548828125,2,10.0,0.0,0.5,0.0,0.0,0.3,10.8
3422,2,2015-01-26 07:02:22,2015-01-26 07:09:41,1,1.31,-73.99398040771484,40.75175094604492,1,N,-73.97431945800781,40.747703552246094,2,7.0,0.0,0.5,0.0,0.0,0.3,7.8
3423,2,2015-01-26 07:02:23,2015-01-26 07:12:08,2,2.75,-73.98705291748048,40.72489547729492,1,N,-73.96932983398438,40.75726318359375,1,10.5,0.0,0.5,2.0,0.0,0.3,13.3
3424,2,2015-01-26 07:02:23,2015-01-26 07:09:00,1,1.42,-73.99480438232422,40.75049209594727,1,N,-73.97625732421875,40.7549934387207,2,7.0,0.0,0.5,0.0,0.0,0.3,7.8
3425,2,2015-01-26 07:02:23,2015-01-26 07:14:35,1,2.81,-73.95917510986328,40.771785736083984,1,N,-73.99620056152342,40.76570510864258,2,11.5,0.0,0.5,0.0,0.0,0.3,12.3
3426,2,2015-01-26 07:02:24,2015-01-26 07:08:20,1,1.42,-73.99485015869139,40.750675201416016,1,N,-73.97956085205078,40.76000213623047,1,6.5,0.0,0.5,1.0,0.0,0.3,8.3
3427,2,2015-01-26 07:02:24,2015-01-26 07:08:43,1,1.48,-73.9832763671875,40.74104690551758,1,N,-73.99920654296875,40.73004531860352,1,7.0,0.0,0.5,1.0,0.0,0.3,8.8
3428,2,2015-01-26 07:02:24,2015-01-26 07:08:30,1,1.21,-73.97604370117188,40.74394989013672,1,N,-73.99169158935547,40.740989685058594,1,6.5,0.0,0.5,1.0,0.0,0.3,8.3
3429,2,2015-01-26 07:02:24,2015-01-26 07:15:18,5,4.41,-73.99063873291014,40.77180099487305,1,N,-74.01329803466798,40.715553283691406,1,15.0,0.0,0.5,1.5,0.0,0.3,17.3
3430,2,2015-01-26 07:02:25,2015-01-26 07:11:37,1,2.22,-74.00213623046875,40.70915603637695,1,N,-74.0127410888672,40.71477508544922,1,10.0,0.0,0.5,2.7,0.0,0.3,13.5
3431,2,2015-01-26 07:02:27,2015-01-26 07:38:08,1,18.79,-73.95723724365233,40.8003158569336,2,N,-73.77691650390625,40.64467239379882,1,52.0,0.0,0.5,11.63,5.33,0.3,69.76
3432,2,2015-01-26 07:02:28,2015-01-26 07:16:07,1,2.8,-74.00762939453125,40.73238754272461,1,N,-73.97843933105469,40.753616333007805,1,11.5,0.0,0.5,1.5,0.0,0.3,13.8
3433,2,2015-01-26 07:02:29,2015-01-26 07:12:37,2,2.77,-73.9459228515625,40.78074264526367,1,N,-73.97059631347656,40.758060455322266,1,11.0,0.0,0.5,2.0,0.0,0.3,13.8
3434,2,2015-01-26 07:02:29,2015-01-26 07:04:48,1,0.36,-73.95664978027344,40.76822280883789,1,N,-73.95293426513672,40.76667404174805,1,3.5,0.0,0.5,1.29,0.0,0.3,5.59
3435,2,2015-01-26 07:02:29,2015-01-26 07:07:27,1,0.56,-73.98932647705078,40.72104644775391,1,N,-73.9947967529297,40.72574615478516,1,5.0,0.0,0.5,0.5,0.0,0.3,6.3
3436,2,2015-01-26 07:02:30,2015-01-26 07:14:16,1,2.42,-73.97299194335938,40.79276657104492,1,N,-73.99205017089844,40.76483154296875,2,10.5,0.0,0.5,0.0,0.0,0.3,11.3
3437,2,2015-01-10 21:40:30,2015-01-10 21:55:00,1,2.21,-73.9910888671875,40.73038101196289,1,N,-74.01107025146483,40.71344757080078,2,11.5,0.5,0.5,0.0,0.0,0.3,12.8
3438,2,2015-01-10 21:40:30,2015-01-10 21:53:11,1,3.93,-73.94941711425781,40.7811279296875,1,N,-73.98052978515625,40.742721557617195,1,14.0,0.5,0.5,1.0,0.0,0.3,16.3
3439,2,2015-01-10 21:40:30,2015-01-10 22:05:58,1,6.67,-73.99551391601561,40.74928665161133,1,N,-73.94019317626953,40.82217788696289,2,22.5,0.5,0.5,0.0,0.0,0.3,23.8
3440,2,2015-01-10 21:40:31,2015-01-10 21:44:38,5,0.4,-73.98809051513672,40.7449951171875,1,N,-73.98130798339844,40.74222183227539,1,4.5,0.5,0.5,1.0,0.0,0.3,6.8
3441,2,2015-01-10 21:40:31,2015-01-10 21:50:28,1,1.36,-73.98381042480467,40.729583740234375,1,N,-73.98058319091797,40.744327545166016,1,8.5,0.5,0.5,1.8,0.0,0.3,11.6
3442,2,2015-01-10 21:40:32,2015-01-10 21:47:31,1,2.1,-73.95263671875,40.78365707397461,1,N,-73.97632598876953,40.77595138549805,1,8.5,0.5,0.5,2.25,0.0,0.3,12.05
3443,2,2015-01-17 14:24:52,2015-01-17 14:30:57,1,1.01,-73.9925079345703,40.75811004638672,1,N,-74.00401306152342,40.7427978515625,2,6.0,0.0,0.5,0.0,0.0,0.3,6.8
3444,2,2015-01-17 14:24:53,2015-01-17 14:46:23,1,3.19,-73.9822540283203,40.751007080078125,1,N,-73.99684143066406,40.725345611572266,1,15.5,0.0,0.5,3.1,0.0,0.3,19.4
3445,2,2015-01-17 14:24:53,2015-01-17 14:32:11,1,0.87,-73.99488067626953,40.73999786376953,1,N,-73.99647521972656,40.73196029663086,2,6.5,0.0,0.5,0.0,0.0,0.3,7.3
3446,2,2015-01-17 14:24:53,2015-01-17 14:35:22,2,2.07,-73.97299194335938,40.789981842041016,1,N,-73.98393249511719,40.76586151123047,2,9.0,0.0,0.5,0.0,0.0,0.3,9.8
3447,2,2015-01-17 14:24:54,2015-01-17 14:49:11,2,4.5,-73.99642944335938,40.751079559326165,1,N,-73.96656799316406,40.80443572998047,1,19.0,0.0,0.5,3.8,0.0,0.3,23.6
3448,2,2015-01-17 14:24:54,2015-01-17 14:27:08,5,0.76,-73.96503448486328,40.76375579833984,1,N,-73.95894622802734,40.77335357666016,1,4.0,0.0,0.5,0.8,0.0,0.3,5.6
3449,2,2015-01-17 14:24:54,2015-01-17 14:39:47,1,3.23,-73.99313354492188,40.74232864379882,1,N,-73.98883819580078,40.77764129638672,1,13.0,0.0,0.5,2.0,0.0,0.3,15.8
3450,2,2015-01-17 14:24:54,2015-01-17 14:33:42,1,1.66,-74.01566314697266,40.715190887451165,1,N,-74.00391387939453,40.7327537536621,2,8.0,0.0,0.5,0.0,0.0,0.3,8.8
3451,2,2015-01-17 14:24:54,2015-01-17 14:32:16,1,0.93,-73.98007202148438,40.754390716552734,1,N,-73.99224853515625,40.748828887939446,2,6.5,0.0,0.5,0.0,0.0,0.3,7.3
3452,2,2015-01-17 14:24:55,2015-01-17 14:35:35,1,1.07,-73.99304962158203,40.75802993774414,1,N,-73.98754119873048,40.7476806640625,2,8.0,0.0,0.5,0.0,0.0,0.3,8.8
3453,2,2015-01-17 14:24:55,2015-01-17 14:36:16,1,2.0,-73.97240447998048,40.75946807861328,1,N,-73.99143981933594,40.73515319824219,1,10.0,0.0,0.5,1.0,0.0,0.3,11.8
3454,2,2015-01-17 14:24:55,2015-01-17 14:41:50,1,2.53,-73.99085235595702,40.7560920715332,1,N,-73.95940399169923,40.763126373291016,2,13.0,0.0,0.5,0.0,0.0,0.3,13.8
3455,2,2015-01-17 14:24:55,2015-01-17 14:40:13,1,2.13,-73.99566650390625,40.744022369384766,1,N,-73.99209594726561,40.72170639038086,2,11.0,0.0,0.5,0.0,0.0,0.3,11.8
3456,2,2015-01-17 14:24:55,2015-01-17 14:39:28,1,2.15,-73.9957275390625,40.75310516357422,1,N,-73.97196960449217,40.7628173828125,1,11.5,0.0,0.5,1.0,0.0,0.3,13.3
3457,2,2015-01-17 14:24:56,2015-01-17 14:32:03,1,0.98,-73.9784164428711,40.76283264160156,1,N,-73.97891998291014,40.75285339355469,2,6.0,0.0,0.5,0.0,0.0,0.3,6.8
3458,2,2015-01-17 14:24:56,2015-01-17 14:44:20,5,2.04,-74.0029296875,40.74398040771485,1,N,-73.99427032470702,40.7199592590332,2,13.0,0.0,0.5,0.0,0.0,0.3,13.8
3459,2,2015-01-17 14:24:56,2015-01-17 14:30:25,1,0.83,-73.9923324584961,40.759071350097656,1,N,-73.99496459960938,40.750038146972656,2,5.5,0.0,0.5,0.0,0.0,0.3,6.3
3460,2,2015-01-17 14:24:56,2015-01-17 14:37:43,1,2.28,-73.98311614990233,40.78158950805664,1,N,-73.9537353515625,40.7792854309082,1,11.0,0.0,0.5,2.75,0.0,0.3,14.55
3461,2,2015-01-17 14:24:56,2015-01-17 14:35:15,2,1.3,-73.9830780029297,40.73162460327149,1,N,-74.00449371337889,40.74052047729492,1,8.5,0.0,0.5,1.0,0.0,0.3,10.3
3462,2,2015-01-17 14:24:57,2015-01-17 14:40:35,1,2.97,-73.98616790771484,40.751663208007805,1,N,-74.00755310058594,40.726089477539055,1,13.0,0.0,0.5,2.6,0.0,0.3,16.4
3463,2,2015-01-17 14:24:57,2015-01-17 14:31:53,1,1.41,-74.0002212524414,40.732807159423835,1,N,-74.00785064697266,40.718647003173835,1,7.0,0.0,0.5,0.5,0.0,0.3,8.3
3464,2,2015-01-17 14:24:57,2015-01-17 14:31:00,1,1.55,-73.97275543212889,40.78084182739258,1,N,-73.97075653076173,40.79513168334961,2,7.0,0.0,0.5,0.0,0.0,0.3,7.8
3465,2,2015-01-10 21:40:32,2015-01-10 21:55:16,5,1.2,-73.9854736328125,40.732585906982415,1,N,-74.00099945068358,40.72941589355469,1,10.5,0.5,0.5,2.2,0.0,0.3,14.0
3466,2,2015-01-10 21:40:32,2015-01-10 21:50:33,5,3.24,-73.99764251708984,40.71392059326172,1,N,-73.95999908447266,40.6924934387207,1,11.0,0.5,0.5,2.3,0.0,0.3,14.6
3467,2,2015-01-10 21:40:32,2015-01-10 21:59:45,1,3.46,-73.98391723632812,40.75724029541016,1,N,-73.95130157470702,40.77433776855469,2,15.0,0.5,0.5,0.0,0.0,0.3,16.3
3468,2,2015-01-10 21:40:33,2015-01-10 21:51:42,5,1.34,-74.00182342529298,40.730281829833984,1,N,-73.98391723632812,40.725563049316406,1,9.0,0.5,0.5,0.0,0.0,0.3,10.3
3469,2,2015-01-10 21:40:33,2015-01-10 21:51:00,1,1.16,-73.99971771240233,40.73410034179688,1,N,-73.99047088623048,40.72338104248047,1,8.0,0.5,0.5,1.7,0.0,0.3,11.0
3470,2,2015-01-10 21:40:33,2015-01-10 21:45:29,1,1.41,-73.95352172851561,40.78239822387695,1,N,-73.96627807617188,40.765018463134766,1,6.5,0.5,0.5,1.0,0.0,0.3,8.8
3471,2,2015-01-10 21:40:33,2015-01-10 21:52:07,1,1.69,-74.00804138183594,40.71711730957031,1,N,-73.99333953857422,40.7309684753418,1,9.0,0.5,0.5,1.9,0.0,0.3,12.2
3472,1,2015-01-11 00:38:06,2015-01-11 00:40:04,1,0.7,-73.94784545898438,40.783302307128906,1,N,-73.9539566040039,40.77467346191406,1,4.0,0.5,0.5,1.05,0.0,0.3,6.35
3473,1,2015-01-11 00:38:06,2015-01-11 00:51:44,3,1.9,-73.98746490478516,40.733055114746094,1,N,-73.97144317626953,40.74850082397461,1,11.0,0.5,0.5,2.0,0.0,0.3,14.3
3474,1,2015-01-11 00:38:06,2015-01-11 00:40:34,2,0.6,-73.98631286621094,40.74583435058594,1,N,-73.9783477783203,40.74909591674805,2,4.0,0.5,0.5,0.0,0.0,0.3,5.3
3475,1,2015-01-11 00:38:07,2015-01-11 00:47:36,2,2.4,-73.98788452148438,40.72124481201172,1,N,-73.96846771240233,40.708641052246094,1,10.0,0.5,0.5,2.8,0.0,0.3,14.1
3476,1,2015-01-11 00:38:07,2015-01-11 00:41:13,1,0.5,-73.9871826171875,40.760196685791016,1,N,-73.99259185791014,40.75652313232422,1,4.5,0.5,0.5,1.15,0.0,0.3,6.95
3477,1,2015-01-11 00:38:08,2015-01-11 00:41:29,1,1.5,-73.96073150634764,40.76144027709961,1,N,-73.94662475585938,40.78067779541016,2,6.0,0.5,0.5,0.0,0.0,0.3,7.3
3478,1,2015-01-11 00:38:09,2015-01-11 00:48:22,1,1.7,-73.98497772216798,40.757858276367195,1,N,-73.99710845947266,40.741825103759766,2,8.5,0.5,0.5,0.0,0.0,0.3,9.8
3479,1,2015-01-11 00:38:10,2015-01-11 00:43:01,1,0.7,-73.9836196899414,40.76042556762695,1,N,-73.99385070800781,40.761425018310554,2,5.0,0.5,0.5,0.0,0.0,0.3,6.3
3480,1,2015-01-11 00:38:11,2015-01-11 00:43:59,1,0.6,-74.0056381225586,40.74045181274414,1,N,-73.99768829345702,40.73860549926758,1,5.5,0.5,0.5,1.35,0.0,0.3,8.15
3481,1,2015-01-11 00:38:11,2015-01-11 00:45:15,1,0.8,-74.01020050048828,40.71883010864258,1,N,-74.00885772705078,40.70986557006836,2,6.0,0.5,0.5,0.0,0.0,0.3,7.3
3482,1,2015-01-11 00:38:11,2015-01-11 00:51:04,3,2.6,-73.98886871337889,40.721466064453125,1,N,-73.99166107177734,40.75006866455078,2,11.0,0.5,0.5,0.0,0.0,0.3,12.3
3483,1,2015-01-11 00:38:12,2015-01-11 01:10:02,1,6.5,-74.002685546875,40.73379898071289,1,N,-73.9524154663086,40.78071975708008,2,25.5,0.5,0.5,0.0,0.0,0.3,26.8
3484,1,2015-01-11 00:38:13,2015-01-11 00:48:04,2,1.7,-73.97499084472656,40.777793884277344,1,N,-73.98702239990233,40.76023483276367,1,9.0,0.5,0.5,2.05,0.0,0.3,12.35
3485,1,2015-01-11 00:38:13,2015-01-11 00:43:43,1,1.2,-73.98492431640625,40.75868225097656,1,N,-73.98999786376953,40.74406051635742,2,6.0,0.5,0.5,0.0,0.0,0.3,7.3
3486,1,2015-01-11 00:38:14,2015-01-11 00:44:13,2,1.3,-73.98279571533203,40.763458251953125,1,N,-73.97718048095702,40.77927017211913,2,7.0,0.5,0.5,0.0,0.0,0.3,8.3
3487,1,2015-01-11 00:38:14,2015-01-11 00:42:20,1,1.1,-73.95641326904298,40.77825546264648,1,N,-73.97174835205078,40.7822265625,2,6.0,0.5,0.5,0.0,0.0,0.3,7.3
3488,1,2015-01-11 00:38:14,2015-01-11 00:55:13,1,2.0,-73.98052215576173,40.744232177734375,1,N,-73.98812866210938,40.720550537109375,1,12.0,0.5,0.5,3.32,0.0,0.3,16.62
3489,1,2015-01-11 00:38:15,2015-01-11 00:48:17,1,2.8,0.0,0.0,1,N,0.0,0.0,1,10.5,0.5,0.5,2.36,0.0,0.3,14.16
3490,1,2015-01-11 00:38:15,2015-01-11 01:11:20,1,12.7,-73.99707794189453,40.73638153076172,1,N,-73.8938980102539,40.85716247558594,1,38.5,0.5,0.5,5.2,0.0,0.3,45.0
3491,1,2015-01-11 00:38:15,2015-01-11 00:46:33,4,1.3,-73.98635864257811,40.73995590209961,1,N,-74.00547790527344,40.74198532104492,2,7.5,0.5,0.5,0.0,0.0,0.3,8.8
3492,1,2015-01-11 00:38:16,2015-01-11 00:58:56,1,4.5,-74.00387573242188,40.732872009277344,1,N,-73.96250915527342,40.778274536132805,1,17.0,0.5,0.5,2.0,0.0,0.3,20.3
3493,1,2015-01-11 00:38:16,2015-01-11 00:48:36,1,2.4,-73.98728942871094,40.759464263916016,1,N,-73.95781707763672,40.769725799560554,2,10.0,0.5,0.5,0.0,0.0,0.3,11.3
3494,1,2015-01-11 00:53:54,2015-01-11 01:02:38,3,1.5,-73.92472076416014,40.76171875,1,N,-73.91450500488281,40.77668380737305,2,8.0,0.5,0.5,0.0,0.0,0.3,9.3
3495,1,2015-01-11 00:53:54,2015-01-11 01:00:57,2,1.8,0.0,0.0,1,N,0.0,0.0,2,8.0,0.5,0.5,0.0,0.0,0.3,9.3
3496,1,2015-01-11 00:53:55,2015-01-11 01:06:55,1,3.0,-73.99569702148438,40.724571228027344,1,N,-73.96723937988281,40.757709503173835,1,12.0,0.5,0.5,2.66,0.0,0.3,15.96
3497,1,2015-01-11 00:53:55,2015-01-11 00:55:52,1,0.0,-73.98201751708984,40.73994827270508,1,N,-73.981201171875,40.74046325683594,3,3.0,0.5,0.5,0.0,0.0,0.3,4.3
3498,1,2015-01-11 00:53:56,2015-01-11 01:01:51,4,0.8,-73.97831726074217,40.72483825683594,1,N,-73.98747253417967,40.71976852416992,1,6.5,0.5,0.5,1.55,0.0,0.3,9.35
3499,1,2015-01-11 00:53:57,2015-01-11 01:05:27,2,1.7,-73.98111724853516,40.733394622802734,1,N,-74.0052490234375,40.740604400634766,2,9.5,0.5,0.5,0.0,0.0,0.3,10.8
3500,1,2015-01-11 00:53:57,2015-01-11 00:59:04,2,0.5,-73.98185729980467,40.72837829589844,1,N,-73.98677062988281,40.721240997314446,2,5.0,0.5,0.5,0.0,0.0,0.3,6.3
3501,1,2015-01-11 00:53:57,2015-01-11 00:59:33,1,0.6,-73.99388122558594,40.75113296508789,1,N,-73.98330688476561,40.74799728393555,2,5.5,0.5,0.5,0.0,0.0,0.3,6.8
3502,1,2015-01-11 00:53:57,2015-01-11 00:55:39,1,0.3,-73.95406341552734,40.784576416015625,1,N,-73.9482421875,40.78313827514648,1,3.5,0.5,0.5,0.95,0.0,0.3,5.75
3503,1,2015-01-11 00:53:57,2015-01-11 01:18:44,1,7.2,-74.00588989257811,40.740188598632805,1,N,-73.9300079345703,40.77299118041992,2,24.0,0.5,0.5,0.0,0.0,0.3,25.3
3504,1,2015-01-11 00:53:58,2015-01-11 00:59:40,3,0.6,-74.00393676757811,40.741947174072266,1,N,-74.00605010986328,40.74000930786133,1,5.0,0.5,0.5,1.55,0.0,0.3,7.85
3505,1,2015-01-11 00:53:58,2015-01-11 01:15:14,1,5.9,-73.9583969116211,40.72195816040039,1,N,-74.00933837890625,40.70370101928711,1,21.5,0.5,0.5,3.0,0.0,0.3,25.8
3506,1,2015-01-11 00:53:58,2015-01-11 00:58:33,1,0.4,-73.98778533935547,40.76002883911133,1,N,-73.98508453369139,40.75956726074219,1,5.0,0.5,0.5,1.85,0.0,0.3,8.15
3507,1,2015-01-11 00:53:58,2015-01-11 01:08:00,3,4.0,-73.98575592041014,40.73126220703125,1,N,-74.00809478759764,40.704959869384766,1,15.5,0.5,0.5,3.0,0.0,0.3,19.8
3508,1,2015-01-11 00:53:59,2015-01-11 01:01:52,2,1.8,-73.97791290283203,40.788612365722656,1,N,-73.98053741455078,40.76747131347656,1,8.0,0.5,0.5,2.0,0.0,0.3,11.3
3509,1,2015-01-11 00:53:59,2015-01-11 01:10:29,1,4.8,-73.95780944824217,40.77619552612305,1,N,-74.00450897216798,40.72135925292969,1,16.5,0.5,0.5,5.0,0.0,0.3,22.8
3510,1,2015-01-11 00:54:00,2015-01-11 00:58:08,1,0.9,-73.99785614013672,40.75629425048828,1,N,-73.9965591430664,40.76504898071289,1,5.0,0.5,0.5,1.85,0.0,0.3,8.15
3511,1,2015-01-11 00:54:00,2015-01-11 01:03:10,1,0.2,-73.99272918701173,40.72552490234375,1,N,-73.99048614501953,40.723499298095696,1,7.0,0.5,0.5,1.66,0.0,0.3,9.96
3512,1,2015-01-11 00:54:00,2015-01-11 00:57:12,3,0.9,-73.99507141113281,40.76019287109375,1,N,-74.00408172607422,40.75178146362305,1,5.0,0.5,0.5,2.0,0.0,0.3,8.3
3513,1,2015-01-11 00:54:00,2015-01-11 01:01:54,1,1.1,-73.98297119140625,40.73479080200195,1,N,-73.98307037353516,40.72272491455078,1,7.0,0.5,0.5,1.66,0.0,0.3,9.96
3514,1,2015-01-11 00:54:01,2015-01-11 00:59:29,2,0.8,-73.95692443847656,40.72109222412109,1,N,-73.96125030517578,40.7130126953125,2,5.5,0.5,0.5,0.0,0.0,0.3,6.8
3515,1,2015-01-11 00:54:01,2015-01-11 01:05:04,3,2.1,-73.9876480102539,40.71986770629882,1,N,-73.97862243652342,40.7449607849121,1,10.0,0.5,0.5,2.8,0.0,0.3,14.1
3516,1,2015-01-11 01:03:42,2015-01-11 01:30:37,2,6.2,-73.98188781738281,40.77902221679688,1,N,-73.91988372802734,40.77331161499024,1,23.0,0.5,0.5,4.85,0.0,0.3,29.15
3517,1,2015-01-11 01:03:42,2015-01-11 01:17:15,2,2.5,-73.9889144897461,40.72695159912109,1,N,-74.01573944091797,40.71566009521485,2,11.5,0.5,0.5,0.0,0.0,0.3,12.8
3518,1,2015-01-11 01:03:42,2015-01-11 01:15:56,1,3.2,-73.99020385742188,40.73989868164063,1,N,-73.9804458618164,40.777103424072266,1,12.5,0.5,0.5,0.0,0.0,0.3,13.8
3519,1,2015-01-11 01:03:42,2015-01-11 01:13:31,1,5.7,-73.95269012451173,40.77637100219727,1,N,-73.98776245117188,40.710613250732415,1,17.0,0.5,0.5,3.65,0.0,0.3,21.95
3520,1,2015-01-11 01:03:42,2015-01-11 01:05:14,1,0.4,-73.98672485351561,40.733840942382805,1,N,-73.98157501220702,40.73706817626953,1,3.5,0.5,0.5,0.96,0.0,0.3,5.76
3521,1,2015-01-11 01:03:43,2015-01-11 01:09:57,1,1.0,-73.9943618774414,40.746047973632805,1,N,-74.00678253173827,40.741695404052734,1,6.0,0.5,0.5,1.45,0.0,0.3,8.75
3522,1,2015-01-11 01:03:43,2015-01-11 01:18:47,1,3.7,-73.96540069580078,40.76110458374024,1,N,-73.92707061767578,40.773414611816406,2,14.0,0.5,0.5,0.0,0.0,0.3,15.3
3523,1,2015-01-11 01:03:43,2015-01-11 01:08:53,1,1.4,0.0,0.0,1,N,0.0,0.0,1,6.5,0.5,0.5,1.2,0.0,0.3,9.0
3524,1,2015-01-11 01:03:43,2015-01-11 01:08:54,4,0.8,-73.98008728027342,40.74622344970703,1,N,-73.98949432373048,40.74016952514648,1,5.5,0.5,0.5,1.35,0.0,0.3,8.15
3525,1,2015-01-11 01:03:44,2015-01-11 01:12:12,1,0.8,-74.002197265625,40.72952651977539,1,N,-73.98786926269531,40.724098205566406,1,7.0,0.5,0.5,1.0,0.0,0.3,9.3
3526,1,2015-01-11 01:03:44,2015-01-11 01:27:05,1,6.5,-73.98579406738281,40.75241470336913,1,N,-73.98513793945312,40.67477416992188,1,22.5,0.5,0.5,3.0,0.0,0.3,26.8
3527,1,2015-01-11 01:03:44,2015-01-11 01:29:05,1,5.1,-73.98960876464844,40.71886444091797,1,N,-73.9916000366211,40.76799011230469,1,20.0,0.5,0.5,4.26,0.0,0.3,25.56
3528,1,2015-01-11 01:03:44,2015-01-11 01:08:02,1,0.9,-73.99097442626953,40.76087188720703,1,N,-73.99488067626953,40.75014114379882,2,5.5,0.5,0.5,0.0,0.0,0.3,6.8
3529,1,2015-01-11 01:03:44,2015-01-11 01:12:35,1,1.9,-73.98836517333984,40.731712341308594,1,N,-73.97338104248048,40.74821853637695,2,9.0,0.5,0.5,0.0,0.0,0.3,10.3
3530,1,2015-01-11 01:03:45,2015-01-11 01:14:19,2,1.9,-73.97914123535155,40.740379333496094,1,N,-73.9850311279297,40.72403335571289,2,8.5,0.5,0.5,0.0,0.0,0.3,9.8
3531,1,2015-01-11 01:03:45,2015-01-11 01:11:29,1,1.6,-73.98230743408203,40.767574310302734,1,N,-73.98878479003906,40.74866485595703,1,7.5,0.5,0.5,1.5,0.0,0.3,10.3
3532,1,2015-01-11 01:03:45,2015-01-11 01:45:23,1,12.8,-74.00455474853516,40.73412704467773,1,N,-73.94017791748048,40.613258361816406,1,41.5,0.5,0.5,8.56,0.0,0.3,51.36
3533,1,2015-01-11 01:03:46,2015-01-11 01:17:50,1,4.0,-73.98102569580078,40.72499847412109,1,N,-73.95679473876953,40.74578094482422,1,14.0,0.5,0.5,7.0,0.0,0.3,22.3
3534,1,2015-01-11 01:03:46,2015-01-11 01:07:17,2,1.2,-74.01292419433594,40.716739654541016,1,N,-74.00992584228516,40.73466491699219,2,5.5,0.5,0.5,0.0,0.0,0.3,6.8
3535,1,2015-01-11 01:03:46,2015-01-11 01:14:51,1,3.4,-73.97199249267578,40.75431442260742,1,N,-73.92308807373048,40.744773864746094,2,12.5,0.5,0.5,0.0,0.0,0.3,13.8
3536,1,2015-01-11 01:03:46,2015-01-11 01:19:55,1,5.2,-74.00523376464844,40.740589141845696,1,N,-73.95136260986328,40.786014556884766,1,17.0,0.5,0.5,1.5,0.0,0.3,19.8
3537,1,2015-01-11 01:03:46,2015-01-11 01:14:14,1,2.4,-73.99912261962889,40.742435455322266,1,N,-73.97339630126953,40.75586318969727,2,10.5,0.5,0.5,0.0,0.0,0.3,11.8
3538,1,2015-01-11 01:18:47,2015-01-11 01:44:42,1,11.9,-73.94880676269531,40.77366638183594,5,N,-74.03382110595702,40.74027633666992,2,75.0,0.0,0.0,0.0,9.75,0.3,85.05
3539,1,2015-01-11 01:18:47,2015-01-11 01:28:31,1,1.8,-73.95814514160156,40.721675872802734,1,N,-73.94464874267578,40.71085357666016,2,8.0,0.5,0.5,0.0,0.0,0.3,9.3
3540,1,2015-01-11 01:18:47,2015-01-11 01:38:30,1,3.4,-73.99500274658203,40.76018524169922,1,N,-74.0029296875,40.72698593139648,1,15.5,0.5,0.5,2.0,0.0,0.3,18.8
3541,1,2015-01-11 01:18:47,2015-01-11 01:28:19,1,2.0,-73.96696472167967,40.75732421875,1,N,-73.99217987060547,40.749305725097656,1,9.5,0.5,0.5,2.15,0.0,0.3,12.95
3542,1,2015-01-11 01:18:47,2015-01-11 01:28:48,1,2.9,-73.99002838134764,40.73447036743164,1,N,-73.9671173095703,40.771671295166016,1,11.0,0.5,0.5,2.0,0.0,0.3,14.3
3543,1,2015-01-11 01:18:47,2015-01-11 01:29:58,1,3.0,-73.99137115478516,40.74461364746094,1,N,-73.98342132568358,40.7794303894043,1,12.0,0.5,0.5,1.0,0.0,0.3,14.3
3544,1,2015-01-11 01:18:47,2015-01-11 01:27:33,1,1.9,-73.9886245727539,40.74538040161133,1,N,-73.96599578857422,40.75986099243164,1,9.0,0.5,0.5,2.06,0.0,0.3,12.36
3545,1,2015-01-11 01:18:48,2015-01-11 01:24:30,1,0.8,-73.99755859375,40.72110366821289,1,N,-74.00743865966798,40.71484375,2,6.0,0.5,0.5,0.0,0.0,0.3,7.3
3546,1,2015-01-11 01:18:48,2015-01-11 01:30:28,2,1.5,-73.98943328857422,40.72613143920898,1,N,-73.99462127685547,40.73057556152344,1,9.0,0.5,0.5,2.0,0.0,0.3,12.3
3547,1,2015-01-11 01:18:48,2015-01-11 01:26:56,2,1.5,-74.0049285888672,40.74074935913086,1,N,-73.98711395263672,40.75079727172852,1,7.5,0.5,0.5,2.0,0.0,0.3,10.8
3548,1,2015-01-11 01:18:48,2015-01-11 01:44:24,1,6.9,-73.99517822265625,40.744678497314446,1,N,-73.91324615478516,40.78133773803711,1,24.0,0.5,0.5,6.32,0.0,0.3,31.62
3549,1,2015-01-11 01:18:48,2015-01-11 01:35:47,1,5.3,-73.98407745361328,40.74331665039063,1,N,-73.92119598388672,40.7568359375,2,18.0,0.5,0.5,0.0,0.0,0.3,19.3
3550,1,2015-01-11 01:18:49,2015-01-11 01:31:34,2,3.2,-73.99248504638672,40.743125915527344,1,N,-73.9773178100586,40.78463745117188,1,12.5,0.5,0.5,1.0,0.0,0.3,14.8
3551,1,2015-01-11 01:18:50,2015-01-11 01:21:44,1,1.0,-74.00421905517578,40.75179290771485,1,N,-73.99375915527344,40.7618522644043,1,5.0,0.5,0.5,0.0,0.0,0.3,6.3
3552,2,2015-01-31 20:00:21,2015-01-31 20:12:03,1,1.35,-73.99141693115233,40.750347137451165,1,N,-73.9733123779297,40.74368667602539,1,9.0,0.0,0.5,1.96,0.0,0.3,11.76
3553,2,2015-01-31 20:00:21,2015-01-31 20:26:48,1,4.11,-74.00563049316406,40.73674011230469,1,N,-73.95999908447266,40.7705192565918,1,19.0,0.5,0.5,4.06,0.0,0.3,24.36
3554,2,2015-01-31 20:00:21,2015-01-31 20:19:45,2,3.22,-73.9558868408203,40.77544403076172,1,N,-73.98770141601561,40.7391014099121,1,15.0,0.5,0.5,1.0,0.0,0.3,17.3
3555,2,2015-01-31 20:00:21,2015-01-31 20:10:17,1,1.34,-73.99137115478516,40.68533706665039,1,N,-73.97370910644531,40.6789665222168,2,8.0,0.5,0.5,0.0,0.0,0.3,9.3
3556,2,2015-01-31 20:00:21,2015-01-31 20:07:35,5,0.81,-73.97816467285155,40.7485580444336,1,N,-73.97308349609375,40.75545120239258,1,6.0,0.5,0.5,2.19,0.0,0.3,9.49
3557,2,2015-01-31 20:00:21,2015-01-31 20:25:01,5,6.94,-73.97754669189453,40.74631881713867,1,N,-73.9728012084961,40.68806838989258,2,23.5,0.5,0.5,0.0,0.0,0.3,24.8
3558,2,2015-01-31 20:00:22,2015-01-31 20:05:25,1,0.44,-73.9821014404297,40.7402572631836,1,N,-73.98768615722656,40.74421691894531,1,5.0,0.0,0.5,1.16,0.0,0.3,6.96
3559,2,2015-01-31 20:00:22,2015-01-31 20:08:08,1,1.49,-73.97782135009764,40.74212646484375,1,N,-73.98172760009764,40.7564811706543,1,7.5,0.5,0.5,2.0,0.0,0.3,10.8
3560,2,2015-01-31 20:00:22,2015-01-31 20:09:23,5,1.35,-73.98226165771484,40.7753791809082,1,N,-73.97003936767578,40.76176071166992,1,8.0,0.5,0.5,2.0,0.0,0.3,11.3
3561,2,2015-01-31 20:00:22,2015-01-31 20:07:15,3,0.82,-73.97803497314453,40.753231048583984,1,N,-73.96841430664062,40.756511688232415,2,6.0,0.5,0.5,0.0,0.0,0.3,7.3
3562,2,2015-01-31 20:00:22,2015-01-31 20:04:35,2,0.77,-73.9543228149414,40.7782096862793,1,N,-73.96150970458984,40.771461486816406,1,5.0,0.5,0.5,1.26,0.0,0.3,7.56
3563,2,2015-01-31 20:00:22,2015-01-31 20:11:09,1,2.7,-73.98470306396483,40.748291015625,1,N,-73.9565200805664,40.77138519287109,1,10.0,0.5,0.5,2.1,0.0,0.3,13.4
3564,2,2015-01-31 20:00:22,2015-01-31 20:15:52,2,1.85,-74.00539398193358,40.72860336303711,1,N,-73.99356842041014,40.745731353759766,1,11.0,0.5,0.5,3.08,0.0,0.3,15.38
3565,2,2015-01-31 20:00:22,2015-01-31 20:16:36,2,3.0,-73.97187042236328,40.79193115234375,1,N,-73.99393463134764,40.75670623779297,2,13.0,0.5,0.5,0.0,0.0,0.3,14.3
3566,2,2015-01-31 20:00:23,2015-01-31 20:13:32,1,1.39,-73.99288177490233,40.73726272583008,1,N,-74.00364685058594,40.72258758544922,1,9.5,0.0,0.5,1.0,0.0,0.3,11.3
3567,2,2015-01-31 20:00:23,2015-01-31 20:14:47,4,1.64,-73.97626495361328,40.744407653808594,1,N,-73.98410797119139,40.72540283203125,1,10.0,0.5,0.5,2.26,0.0,0.3,13.56
3568,2,2015-01-31 20:00:23,2015-01-31 20:07:39,1,0.86,-73.9916000366211,40.75006866455078,1,N,-73.9826889038086,40.74243927001953,1,6.5,0.5,0.5,1.56,0.0,0.3,9.36
3569,2,2015-01-31 20:00:23,2015-01-31 20:16:29,1,1.57,-73.9900665283203,40.72945785522461,1,N,-74.0042495727539,40.74258804321289,1,11.0,0.5,0.5,3.08,0.0,0.3,15.38
3570,2,2015-01-31 20:00:23,2015-01-31 20:14:51,2,1.08,-73.992431640625,40.731491088867195,1,N,-73.99336242675781,40.74193572998047,1,10.0,0.5,0.5,2.82,0.0,0.3,14.12
3571,2,2015-01-31 20:00:24,2015-01-31 20:10:51,1,2.8,-73.98745727539062,40.755619049072266,1,N,-73.98107147216798,40.78197479248047,1,10.5,0.0,0.5,2.82,0.0,0.3,14.12
3572,1,2015-01-27 16:22:11,2015-01-27 16:25:08,1,0.9,-73.97882843017578,40.74966430664063,1,N,-73.96971893310547,40.75869369506836,1,4.5,1.0,0.5,1.0,0.0,0.3,7.3
3573,1,2015-01-27 16:22:11,2015-01-27 16:26:42,1,0.9,-73.9794921875,40.75471496582031,1,N,-73.969482421875,40.76233673095703,2,5.5,1.0,0.5,0.0,0.0,0.3,7.3
3574,1,2015-01-27 16:22:11,2015-01-27 16:25:45,1,0.9,-74.00335693359375,40.738746643066406,1,N,-73.99541473388672,40.75056457519531,2,5.5,1.0,0.5,0.0,0.0,0.3,7.3
3575,1,2015-01-27 16:22:12,2015-01-27 16:51:00,1,17.7,-74.0123291015625,40.70745849609375,1,N,-73.80931854248048,40.79244995117188,2,48.5,1.0,0.5,0.0,0.0,0.3,50.3
3576,1,2015-01-27 16:22:12,2015-01-27 16:25:37,1,0.5,-74.00355529785155,40.74037170410156,1,N,-73.9957504272461,40.73887634277344,1,4.0,1.0,0.5,1.15,0.0,0.3,6.95
3577,1,2015-01-27 16:22:13,2015-01-27 16:31:07,2,1.4,-74.00116729736328,40.72930908203125,1,N,-73.9900665283203,40.71718597412109,2,8.0,1.0,0.5,0.0,0.0,0.3,9.8
3578,1,2015-01-27 16:22:15,2015-01-27 16:26:35,1,0.8,-73.9715118408203,40.76081085205078,1,N,-73.96527862548828,40.76887512207031,2,5.0,1.0,0.5,0.0,0.0,0.3,6.8
3579,1,2015-01-27 16:22:15,2015-01-27 16:28:27,5,1.1,-73.97301483154298,40.76463317871094,1,N,-73.96017456054686,40.773452758789055,2,6.5,1.0,0.5,0.0,0.0,0.3,8.3
3580,1,2015-01-27 16:22:17,2015-01-27 16:27:18,1,0.7,-73.9659423828125,40.79401397705078,1,N,-73.97496032714845,40.7926025390625,1,5.0,1.0,0.5,1.0,0.0,0.3,7.8
3581,1,2015-01-27 16:22:22,2015-01-27 16:31:12,1,1.5,-73.98408508300781,40.729148864746094,1,N,-74.00068664550781,40.741409301757805,1,8.0,1.0,0.5,1.95,0.0,0.3,11.75
3582,2,2015-01-30 07:55:58,2015-01-30 08:05:30,3,1.4,-74.00117492675781,40.74652862548828,1,N,-73.9814453125,40.74117660522461,2,8.0,0.0,0.5,0.0,0.0,0.3,8.8
3583,2,2015-01-30 07:55:58,2015-01-30 08:10:13,3,2.15,-73.97099304199217,40.75846099853516,1,N,-73.95671844482422,40.783645629882805,1,11.0,0.0,0.5,2.36,0.0,0.3,14.16
3584,2,2015-01-30 07:55:59,2015-01-30 08:11:54,1,1.87,-74.00351715087889,40.708126068115234,1,N,-73.99016571044923,40.730293273925774,1,11.5,0.0,0.5,0.7,0.0,0.3,13.0
3585,2,2015-01-30 07:56:00,2015-01-30 07:56:00,1,0.0,0.0,0.0,5,N,0.0,0.0,1,54.44,0.0,0.0,0.0,0.0,0.0,54.44
3586,2,2015-01-30 07:56:00,2015-01-30 08:09:10,1,1.69,-73.95243835449219,40.78711318969727,1,N,-73.97145080566406,40.78195571899414,2,10.0,0.0,0.5,0.0,0.0,0.3,10.8
3587,2,2015-01-30 07:56:00,2015-01-30 07:59:54,3,0.65,-73.9783935546875,40.75606536865234,1,N,-73.97922515869139,40.76081466674805,1,4.5,0.0,0.5,0.5,0.0,0.3,5.8
3588,2,2015-01-30 07:56:00,2015-01-30 08:05:14,1,1.73,-73.97868347167967,40.68368148803711,1,N,-73.9657974243164,40.68264389038086,1,8.5,0.0,0.5,1.86,0.0,0.3,11.16
3589,2,2015-01-30 07:56:01,2015-01-30 08:02:03,3,1.3,-74.00988006591797,40.72575759887695,1,N,-74.00772094726561,40.74275588989258,1,7.0,0.0,0.5,1.56,0.0,0.3,9.36
3590,2,2015-01-30 07:56:01,2015-01-30 08:12:16,1,2.09,-73.96810913085938,40.76287841796875,1,N,-73.98837280273438,40.757083892822266,2,10.5,0.0,0.5,0.0,0.0,0.3,11.3
3591,2,2015-01-30 07:56:02,2015-01-30 08:12:57,1,6.39,-73.94499206542967,40.78080368041992,1,N,-73.99542236328125,40.70940780639648,2,19.0,0.0,0.5,0.0,0.0,0.3,19.8
3592,2,2015-01-30 07:56:02,2015-01-30 08:07:55,6,1.71,-73.97723388671875,40.77975082397461,1,N,-73.98320770263672,40.76247024536133,1,10.0,0.0,0.5,2.16,0.0,0.3,12.96
3593,2,2015-01-30 07:56:02,2015-01-30 08:12:02,1,4.05,-73.95104217529298,40.77894592285156,1,N,-73.9750747680664,40.741504669189446,1,14.5,0.0,0.5,3.62,0.0,0.3,18.92
3594,2,2015-01-30 07:56:03,2015-01-30 08:07:01,5,2.22,-74.01094818115233,40.71389389038086,1,N,-73.98920440673827,40.6912956237793,1,9.5,0.0,0.5,0.0,0.0,0.3,10.3
3595,2,2015-01-30 07:56:03,2015-01-30 08:00:05,5,0.55,-73.97574615478516,40.75191879272461,1,N,-73.97256469726561,40.746803283691406,1,4.5,0.0,0.5,0.5,0.0,0.3,5.8
3596,2,2015-01-30 07:56:03,2015-01-30 07:59:52,1,0.76,-73.89099884033203,40.76887893676758,1,N,-73.90129089355469,40.77135848999024,2,5.0,0.0,0.5,0.0,0.0,0.3,5.8
3597,2,2015-01-30 07:56:03,2015-01-30 08:22:45,1,4.73,-74.01396179199219,40.71764373779297,1,N,-73.97006225585938,40.76241302490234,1,20.0,0.0,0.5,2.0,0.0,0.3,22.8
3598,2,2015-01-30 07:56:03,2015-01-30 08:13:31,5,3.48,-73.9705581665039,40.79898834228516,1,N,-73.97209167480467,40.763538360595696,1,14.5,0.0,0.5,3.06,0.0,0.3,18.36
3599,2,2015-01-30 07:56:03,2015-01-30 08:00:15,1,0.95,-74.00067901611328,40.747108459472656,1,N,-73.98658752441406,40.74615097045898,1,5.5,0.0,0.5,1.89,0.0,0.3,8.19
3600,2,2015-01-30 07:56:04,2015-01-30 08:06:10,1,0.7,-73.9615707397461,40.774948120117195,1,N,-73.95225524902342,40.76969146728516,2,7.5,0.0,0.5,0.0,0.0,0.3,8.3
3601,2,2015-01-30 07:56:04,2015-01-30 08:21:28,1,7.33,-73.94524383544923,40.778541564941406,1,N,-74.01058959960938,40.71324157714844,1,25.0,0.0,0.5,5.0,0.0,0.3,30.8
3602,2,2015-01-30 07:56:04,2015-01-30 08:06:25,1,1.55,-73.97994232177734,40.734859466552734,1,N,-73.97848510742188,40.75095748901367,1,8.5,0.0,0.5,1.86,0.0,0.3,11.16
3603,2,2015-01-30 07:56:04,2015-01-30 08:08:34,1,2.0,-74.00074005126953,40.73163604736328,1,N,-73.98853302001953,40.71345138549805,2,10.5,0.0,0.5,0.0,0.0,0.3,11.3
3604,1,2015-01-27 16:41:17,2015-01-27 16:47:36,1,1.1,-73.95770263671875,40.76949691772461,1,N,-73.97111511230467,40.7642707824707,2,6.5,1.0,0.5,0.0,0.0,0.3,8.3
3605,2,2015-01-22 09:09:19,2015-01-22 09:17:23,1,0.61,-73.96060943603516,40.772735595703125,1,N,-73.96678924560547,40.76714706420898,2,6.5,0.0,0.5,0.0,0.0,0.3,7.3
3606,2,2015-01-22 09:09:19,2015-01-22 09:33:20,1,12.59,-73.86450958251953,40.76995468139648,5,N,-73.73097229003906,40.78484344482422,1,70.0,0.0,0.5,7.0,0.0,0.3,77.8
3607,2,2015-01-22 09:09:19,2015-01-22 09:47:43,1,5.06,-73.9697265625,40.797698974609375,1,N,-73.98921203613281,40.75167846679688,1,25.5,0.0,0.5,3.0,0.0,0.3,29.3
3608,2,2015-01-22 09:09:19,2015-01-22 09:15:35,1,0.73,-73.96820831298828,40.7652702331543,1,N,-73.9743881225586,40.756778717041016,1,6.0,0.0,0.5,1.36,0.0,0.3,8.16
3609,2,2015-01-22 09:09:19,2015-01-22 09:41:52,1,4.44,-73.98126983642578,40.72352600097656,1,N,-73.96233367919923,40.77473831176758,1,22.0,0.0,0.5,4.56,0.0,0.3,27.36
3610,2,2015-01-31 20:00:24,2015-01-31 20:11:33,6,1.89,-73.96183013916014,40.759780883789055,1,N,-73.9814453125,40.749675750732415,2,9.5,0.0,0.5,0.0,0.0,0.3,10.3
3611,1,2015-01-11 01:18:50,2015-01-11 01:40:11,1,3.8,-73.97947692871092,40.776161193847656,1,N,-74.00045776367188,40.73560333251953,1,16.0,0.5,0.5,3.46,0.0,0.3,20.76
3612,1,2015-01-11 01:18:50,2015-01-11 01:34:47,1,3.8,-74.00316619873048,40.652645111083984,1,N,-73.953125,40.67599868774414,1,15.0,0.5,0.5,2.0,0.0,0.3,18.3
3613,1,2015-01-11 01:18:51,2015-01-11 01:25:01,1,1.7,-73.9734649658203,40.75216674804688,1,N,-73.9908905029297,40.76582717895508,1,7.5,0.5,0.5,1.75,0.0,0.3,10.55
3614,1,2015-01-11 01:18:51,2015-01-11 01:18:51,1,0.0,-74.00215148925781,40.73960113525391,1,N,0.0,0.0,2,4.0,0.5,0.5,0.0,0.0,0.3,5.3
3615,1,2015-01-11 01:18:51,2015-01-11 01:38:59,2,9.4,-73.99739837646483,40.72128677368164,1,N,-73.91914367675781,40.759124755859375,1,28.5,0.5,0.5,0.0,0.0,0.3,29.8
3616,1,2015-01-11 01:18:52,2015-01-11 01:35:20,1,5.1,-73.98899078369139,40.75752639770508,1,N,-73.94193267822266,40.807971954345696,2,16.5,0.5,0.5,0.0,0.0,0.3,17.8
3617,1,2015-01-11 01:18:52,2015-01-11 02:09:48,4,14.3,-73.99298858642578,40.75394821166992,1,N,-73.94229125976561,40.81203079223633,2,48.5,0.5,0.5,0.0,0.0,0.3,49.8
3618,1,2015-01-11 01:18:52,2015-01-11 01:30:27,2,2.5,-73.9889144897461,40.73404693603516,1,N,-73.99563598632812,40.759159088134766,2,11.0,0.5,0.5,0.0,0.0,0.3,12.3
3619,2,2015-01-20 15:51:26,2015-01-20 15:58:50,6,1.11,-73.9631118774414,40.769145965576165,1,N,-73.9631118774414,40.769145965576165,1,7.0,0.0,0.5,1.4,0.0,0.3,9.2
3620,2,2015-01-20 15:51:26,2015-01-20 16:00:27,1,1.0,-73.9896240234375,40.73178863525391,1,N,-73.99364471435547,40.7225456237793,1,7.5,0.0,0.5,2.08,0.0,0.3,10.38
3621,2,2015-01-20 15:51:26,2015-01-20 15:51:29,2,0.0,0.0,0.0,5,N,0.0,0.0,1,40.0,0.0,0.5,0.0,0.0,0.3,40.8
3622,2,2015-01-20 15:51:26,2015-01-20 15:58:41,1,1.51,-73.98623657226561,40.76230239868164,1,N,-73.97097778320312,40.765899658203125,2,7.5,0.0,0.5,0.0,0.0,0.3,8.3
3623,2,2015-01-20 15:51:26,2015-01-20 16:35:27,1,18.4,-73.7820587158203,40.64470672607422,2,N,-73.99140930175781,40.73199844360352,1,52.0,0.0,0.5,11.47,5.33,0.3,69.6
3624,2,2015-01-20 15:51:27,2015-01-20 16:26:27,2,7.34,-73.97786712646483,40.75701522827149,1,N,-73.99839782714845,40.68617630004882,1,27.5,0.0,0.5,8.25,0.0,0.3,36.55
3625,2,2015-01-20 15:51:27,2015-01-20 16:06:02,5,1.51,-73.94817352294923,40.77878189086913,1,N,-73.9627685546875,40.76262664794922,2,10.5,0.0,0.5,0.0,0.0,0.3,11.3
3626,2,2015-01-20 15:51:27,2015-01-20 15:56:01,6,0.5,-73.99917602539062,40.75435256958008,1,N,-73.99474334716798,40.76066207885742,1,5.0,0.0,0.5,1.25,0.0,0.3,7.05
3627,2,2015-01-20 15:51:27,2015-01-20 15:59:26,6,0.96,-73.9905014038086,40.746360778808594,1,N,-73.9827423095703,40.7572135925293,1,7.0,0.0,0.5,1.4,0.0,0.3,9.2
3628,2,2015-01-20 15:51:28,2015-01-20 16:06:03,3,1.84,-73.9941864013672,40.71987533569336,1,N,-73.98529815673827,40.743072509765625,2,11.0,0.0,0.5,0.0,0.0,0.3,11.8
3629,2,2015-01-20 15:51:28,2015-01-20 15:57:29,6,0.78,-73.9719009399414,40.763477325439446,1,N,-73.962890625,40.76747894287109,1,5.5,0.0,0.5,1.38,0.0,0.3,7.68
3630,2,2015-01-20 15:51:28,2015-01-20 16:13:29,1,3.14,-73.97966766357422,40.73929977416992,1,N,-73.99122619628906,40.77027893066406,1,16.0,0.0,0.5,2.0,0.0,0.3,18.8
3631,2,2015-01-20 15:51:28,2015-01-20 15:59:01,1,0.68,-73.98488616943358,40.74798583984375,1,N,-73.98357391357422,40.74108505249024,2,6.5,0.0,0.5,0.0,0.0,0.3,7.3
3632,2,2015-01-20 15:51:29,2015-01-20 15:59:44,4,1.12,-73.98635864257811,40.777191162109375,1,N,-73.98210906982422,40.76904678344727,2,6.5,0.0,0.5,0.0,0.0,0.3,7.3
3633,2,2015-01-20 15:51:30,2015-01-20 15:59:21,3,0.89,-74.0052032470703,40.7067985534668,1,N,-73.99539184570312,40.717151641845696,1,6.5,0.0,0.5,1.46,0.0,0.3,8.76
3634,2,2015-01-20 15:51:30,2015-01-20 16:02:26,1,1.21,-73.95390319824217,40.76689910888672,1,N,-73.96968078613281,40.76325988769531,2,8.5,0.0,0.5,0.0,0.0,0.3,9.3
3635,2,2015-01-20 15:51:30,2015-01-20 15:58:19,2,1.27,-73.97998046875,40.717430114746094,1,N,-73.98187255859375,40.73110961914063,1,6.5,0.0,0.5,0.0,0.0,0.3,7.3
3636,2,2015-01-20 15:51:31,2015-01-20 16:03:12,1,0.75,-73.97845458984375,40.76222610473633,1,N,-73.96807861328125,40.76231384277344,2,8.5,0.0,0.5,0.0,0.0,0.3,9.3
3637,2,2015-01-20 15:51:31,2015-01-20 16:01:33,5,2.77,-73.98213958740233,40.77846145629882,1,N,-73.96163940429686,40.81203079223633,1,10.5,0.0,0.5,2.1,0.0,0.3,13.4
3638,2,2015-01-20 15:51:31,2015-01-20 16:05:05,3,2.38,-73.98892974853516,40.741241455078125,1,N,-73.98448944091797,40.76177597045898,1,11.0,0.0,0.5,2.2,0.0,0.3,14.0
3639,2,2015-01-20 15:51:32,2015-01-20 16:02:20,1,1.99,-73.99413299560547,40.7656135559082,1,N,-73.97330474853516,40.785274505615234,1,10.0,0.0,0.5,2.0,0.0,0.3,12.8
3640,2,2015-01-20 15:51:32,2015-01-20 16:00:19,1,1.71,-73.99409484863281,40.75107192993164,1,N,-74.00270080566406,40.73762130737305,1,8.5,0.0,0.5,1.86,0.0,0.3,11.16
3641,1,2015-01-11 01:30:01,2015-01-11 01:39:50,1,2.4,-73.9992446899414,40.73423767089844,1,N,-73.97437286376953,40.7550163269043,2,10.0,0.5,0.5,0.0,0.0,0.3,11.3
3642,1,2015-01-11 01:30:01,2015-01-11 01:31:47,1,0.4,-73.97671508789062,40.77517318725586,1,N,-73.97513580322266,40.78021240234375,2,3.5,0.5,0.5,0.0,0.0,0.3,4.8
3643,1,2015-01-11 01:30:01,2015-01-11 01:43:18,1,1.3,-74.00435638427734,40.73802185058594,1,N,-73.99016571044923,40.726524353027344,1,9.5,0.5,0.5,2.0,0.0,0.3,12.8
3644,1,2015-01-11 01:30:01,2015-01-11 01:43:35,1,5.5,-73.98677825927734,40.722270965576165,1,N,-73.95331573486328,40.77780532836913,1,18.0,0.5,0.5,3.85,0.0,0.3,23.15
3645,1,2015-01-11 01:30:02,2015-01-11 01:34:53,2,2.0,-73.968505859375,40.75077438354492,1,N,-73.94875335693358,40.77499771118164,1,7.5,0.5,0.5,2.2,0.0,0.3,11.0
3646,1,2015-01-11 01:30:02,2015-01-11 01:37:27,2,1.9,-73.98186492919923,40.77325439453125,1,N,-73.97560882568358,40.752689361572266,1,8.5,0.5,0.5,1.95,0.0,0.3,11.75
3647,1,2015-01-11 01:30:02,2015-01-11 01:32:50,2,0.5,-73.98702239990233,40.76097106933594,1,N,-73.98162078857422,40.76497650146485,2,4.0,0.5,0.5,0.0,0.0,0.3,5.3
3648,2,2015-01-22 09:09:20,2015-01-22 10:00:09,1,10.66,-73.87288665771484,40.774028778076165,1,N,-74.00509643554686,40.71556091308594,1,38.0,0.0,0.5,8.83,5.33,0.3,52.96
3649,2,2015-01-22 09:09:20,2015-01-22 09:18:07,1,0.98,-73.99777221679686,40.713748931884766,1,N,-73.99152374267578,40.726829528808594,1,7.5,0.0,0.5,1.88,0.0,0.3,10.18
3650,2,2015-01-22 09:09:20,2015-01-22 09:14:25,6,0.81,-73.99201202392578,40.7293701171875,1,N,-74.00282287597656,40.72332000732422,2,5.5,0.0,0.5,0.0,0.0,0.3,6.3
3651,2,2015-01-22 09:09:20,2015-01-22 09:26:42,2,1.51,-73.99134826660156,40.750370025634766,1,N,-73.97553253173827,40.75804138183594,2,11.5,0.0,0.5,0.0,0.0,0.3,12.3
3652,2,2015-01-22 09:09:20,2015-01-22 09:38:49,4,5.64,-73.99412536621094,40.7515983581543,1,N,-74.0068817138672,40.70553588867188,1,23.5,0.0,0.5,4.86,0.0,0.3,29.16
3653,2,2015-01-22 09:09:21,2015-01-22 09:25:31,1,3.41,-73.96995544433594,40.797073364257805,1,N,-73.97084045410156,40.76180267333984,1,14.0,0.0,0.5,2.0,0.0,0.3,16.8
3654,1,2015-01-27 16:41:17,2015-01-27 16:47:51,1,1.2,-74.00591278076173,40.736152648925774,1,N,-73.99352264404298,40.752323150634766,2,7.0,1.0,0.5,0.0,0.0,0.3,8.8
3655,1,2015-01-27 16:41:18,2015-01-27 16:47:47,1,1.0,-73.95328521728516,40.77932357788086,1,N,-73.96890258789062,40.785831451416016,1,6.5,1.0,0.5,2.07,0.0,0.3,10.37
3656,1,2015-01-27 16:41:18,2015-01-27 16:51:43,1,3.6,-73.97113037109375,40.78816986083984,1,N,-74.00449371337889,40.746700286865234,2,12.0,1.0,0.5,0.0,0.0,0.3,13.8
3657,1,2015-01-27 16:41:18,2015-01-27 16:47:35,1,2.0,-73.98109436035155,40.779571533203125,1,N,-73.96619415283203,40.80411529541016,1,8.0,1.0,0.5,1.96,0.0,0.3,11.76
3658,1,2015-01-27 16:41:18,2015-01-27 16:45:20,2,0.6,-73.99889373779298,40.76093292236328,1,N,-73.98967742919923,40.757190704345696,1,5.0,1.0,0.5,1.36,0.0,0.3,8.16
3659,1,2015-01-27 16:41:19,2015-01-27 16:46:39,4,0.9,-73.99077606201173,40.76100540161133,1,N,-73.99026489257811,40.75183868408203,2,5.5,1.0,0.5,0.0,0.0,0.3,7.3
3660,1,2015-01-27 16:41:19,2015-01-27 16:46:12,2,0.8,-73.98148345947266,40.753379821777344,1,N,-73.99618530273438,40.759780883789055,2,5.5,1.0,0.5,0.0,0.0,0.3,7.3
3661,1,2015-01-27 16:41:20,2015-01-27 16:45:24,1,0.7,-73.96623992919923,40.76178741455078,1,N,-73.9620361328125,40.76527404785156,2,5.0,1.0,0.5,0.0,0.0,0.3,6.8
3662,1,2015-01-27 16:41:21,2015-01-27 16:51:52,1,2.0,-73.9614028930664,40.78019332885742,1,N,-73.98259735107422,40.76177978515625,2,9.5,1.0,0.5,0.0,0.0,0.3,11.3
3663,1,2015-01-27 16:41:21,2015-01-27 17:00:33,1,7.2,-73.97382354736328,40.76033782958984,1,N,-74.01549530029298,40.71794891357422,1,23.0,1.0,0.5,3.72,0.0,0.3,28.52
3664,1,2015-01-27 16:41:22,2015-01-27 16:50:05,3,1.0,-73.96836090087889,40.786956787109375,1,N,-73.96836090087889,40.786956787109375,2,7.0,1.0,0.5,0.0,0.0,0.3,8.8
3665,1,2015-01-27 16:41:23,2015-01-27 16:49:15,4,1.1,-74.00352478027342,40.732540130615234,1,N,-73.98882293701173,40.72756576538086,2,7.0,1.0,0.5,0.0,0.0,0.3,8.8
3666,1,2015-01-27 16:41:24,2015-01-27 16:47:07,1,1.5,-73.9911880493164,40.7580451965332,1,N,-73.99375152587889,40.73920822143555,2,7.0,1.0,0.5,0.0,0.0,0.3,8.8
3667,1,2015-01-27 16:41:24,2015-01-27 16:45:36,1,1.2,-73.96348571777344,40.76185989379882,1,N,-73.97283172607422,40.74718475341797,2,6.0,1.0,0.5,0.0,0.0,0.3,7.8
3668,1,2015-01-27 16:41:26,2015-01-27 16:46:54,1,0.6,-73.98179626464844,40.75229644775391,1,N,-73.97183227539062,40.74908065795898,1,5.5,1.0,0.5,1.0,0.0,0.3,8.3
3669,1,2015-01-27 16:41:27,2015-01-27 16:53:08,1,1.7,-73.96004486083984,40.76956558227539,1,N,-73.96092224121092,40.76946258544922,2,9.5,1.0,0.5,0.0,0.0,0.3,11.3
3670,1,2015-01-27 16:41:28,2015-01-27 16:56:39,1,3.9,-74.00163269042967,40.71978378295898,1,N,-73.9926528930664,40.75675582885742,2,15.0,1.0,0.5,0.0,0.0,0.3,16.8
3671,1,2015-01-27 16:41:29,2015-01-27 16:47:12,2,1.4,-73.95980834960938,40.762325286865234,1,N,-73.97303009033203,40.75539016723633,1,7.0,1.0,0.5,1.75,0.0,0.3,10.55
3672,1,2015-01-27 16:41:30,2015-01-27 16:53:23,1,2.9,-73.99156951904298,40.74786758422852,1,N,-73.98416137695312,40.77780151367188,2,11.0,1.0,0.5,0.0,0.0,0.3,12.8
3673,1,2015-01-27 16:41:31,2015-01-27 16:43:43,1,0.2,-74.00734710693358,40.72785949707031,1,N,-74.00603485107422,40.73095703125,2,3.5,1.0,0.5,0.0,0.0,0.3,5.3
3674,1,2015-01-27 16:41:33,2015-01-27 16:47:04,1,0.9,-73.99906158447266,40.673152923583984,1,N,-73.99061584472656,40.668163299560554,2,6.0,1.0,0.5,0.0,0.0,0.3,7.8
3675,1,2015-01-27 17:17:50,2015-01-27 17:28:18,2,2.2,-74.003662109375,40.74826431274414,1,N,-73.97226715087889,40.746746063232415,1,9.5,1.0,0.5,2.25,0.0,0.3,13.55
3676,1,2015-01-27 17:17:50,2015-01-27 17:24:43,1,1.1,-73.9734115600586,40.76373291015625,1,N,-73.96515655517578,40.753536224365234,1,6.5,1.0,0.5,1.65,0.0,0.3,9.95
3677,1,2015-01-27 17:17:51,2015-01-27 17:22:09,1,0.7,-73.95955657958984,40.78000259399414,1,N,-73.96649169921875,40.77315521240234,2,5.0,1.0,0.5,0.0,0.0,0.3,6.8
3678,1,2015-01-27 17:17:51,2015-01-27 17:20:27,1,0.3,-73.97965240478516,40.78472518920898,1,N,-73.98155975341797,40.780521392822266,1,4.0,1.0,0.5,2.2,0.0,0.3,8.0
3679,1,2015-01-27 17:17:54,2015-01-27 17:24:24,1,1.4,-73.95390319824217,40.78197479248047,1,N,-73.9589614868164,40.765892028808594,1,7.0,1.0,0.5,2.2,0.0,0.3,11.0
3680,1,2015-01-27 17:17:54,2015-01-27 17:21:59,1,0.8,-73.99375152587889,40.732704162597656,1,N,-73.99854278564453,40.72695541381836,1,5.0,1.0,0.5,1.35,0.0,0.3,8.15
3681,1,2015-01-27 17:17:55,2015-01-27 17:27:35,1,1.7,-73.96390533447266,40.77686309814453,1,N,-73.96299743652342,40.75910568237305,1,9.0,1.0,0.5,2.15,0.0,0.3,12.95
3682,1,2015-01-27 17:17:55,2015-01-27 17:26:40,1,0.0,-73.98859405517578,40.7485580444336,1,N,-73.99942016601561,40.76193237304688,1,6.5,1.0,0.5,1.66,0.0,0.3,9.96
3683,1,2015-01-27 17:17:55,2015-01-27 17:30:24,1,2.7,-73.94668579101561,40.7849235534668,1,N,-73.9742431640625,40.756641387939446,1,11.5,1.0,0.5,1.0,0.0,0.3,14.3
3684,1,2015-01-27 17:17:56,2015-01-27 17:23:53,1,1.0,-74.00273132324217,40.723880767822266,1,N,-73.98848724365233,40.72331619262695,1,6.0,1.0,0.5,1.95,0.0,0.3,9.75
3685,1,2015-01-27 17:17:56,2015-01-27 17:23:48,1,1.4,-73.98455810546875,40.76853942871094,1,N,-73.99002838134764,40.75182723999024,3,6.5,1.0,0.5,0.0,0.0,0.3,8.3
3686,2,2015-01-30 20:08:21,2015-01-30 20:24:51,5,2.32,-74.00618743896483,40.740398406982415,1,N,-73.98000335693358,40.74649810791016,1,12.0,0.5,0.5,2.66,0.0,0.3,15.96
3687,2,2015-01-30 20:08:22,2015-01-30 20:16:26,2,1.23,-73.97653198242188,40.739761352539055,1,N,-73.99015045166014,40.73525619506836,2,7.0,0.5,0.5,0.0,0.0,0.3,8.3
3688,2,2015-01-30 20:08:22,2015-01-30 20:28:04,6,4.89,-74.0025863647461,40.73413848876953,1,N,-73.95316314697266,40.780059814453125,2,17.5,0.5,0.5,0.0,0.0,0.3,18.8
3689,2,2015-01-30 20:08:22,2015-01-30 20:13:48,1,1.14,-74.00690460205078,40.712566375732415,1,N,-74.00336456298828,40.726993560791016,1,6.0,0.5,0.5,1.0,0.0,0.3,8.3
3690,2,2015-01-30 20:08:23,2015-01-30 20:21:55,3,2.69,-73.98328399658203,40.7664909362793,1,N,-73.949951171875,40.771190643310554,2,11.5,1.0,0.5,0.0,0.0,0.3,13.3
3691,1,2015-01-21 08:10:28,2015-01-21 08:17:29,1,0.8,-73.96401977539062,40.75733184814453,1,N,-73.97611999511719,40.758419036865234,2,6.0,0.0,0.5,0.0,0.0,0.3,6.8
3692,2,2015-01-17 20:27:31,2015-01-17 20:42:02,2,3.53,-73.99619293212889,40.76261901855469,1,N,-73.9947967529297,40.72492980957031,1,13.5,0.5,0.5,2.1,0.0,0.3,16.9
3693,2,2015-01-17 20:27:31,2015-01-17 20:57:04,2,5.73,-73.99459075927734,40.72489547729492,1,N,-73.96614837646483,40.7898063659668,2,23.0,0.5,0.5,0.0,0.0,0.3,24.3
3694,2,2015-01-17 20:27:31,2015-01-17 20:34:44,4,1.73,-73.94178009033203,40.71188735961913,1,N,-73.94284057617188,40.72322463989258,1,7.5,0.5,0.5,1.6,0.0,0.3,10.4
3695,2,2015-01-17 20:27:31,2015-01-17 20:43:05,1,1.82,-74.00789642333984,40.74021530151367,1,N,-73.98926544189453,40.75800323486328,1,11.5,0.5,0.5,3.0,0.0,0.3,15.8
3696,2,2015-01-17 20:27:31,2015-01-17 20:35:02,1,1.96,-73.98231506347656,40.753520965576165,1,N,-73.97803497314453,40.7341423034668,1,8.0,0.5,0.5,0.7,0.0,0.3,10.0
3697,2,2015-01-17 20:27:31,2015-01-17 20:36:14,1,1.42,-74.00379943847656,40.7381591796875,1,N,-74.01068115234375,40.723529815673835,1,7.5,0.5,0.5,1.6,0.0,0.3,10.4
3698,2,2015-01-17 20:27:32,2015-01-17 20:48:03,2,2.81,-73.99092102050781,40.74541473388672,1,N,-73.9906234741211,40.71750259399414,1,14.0,0.5,0.5,1.5,0.0,0.3,16.8
3699,2,2015-01-17 20:27:32,2015-01-17 20:30:07,1,0.45,-73.9612045288086,40.802112579345696,1,N,-73.96292877197266,40.79669570922852,2,4.0,0.5,0.5,0.0,0.0,0.3,5.3
3700,2,2015-01-17 20:27:32,2015-01-17 20:35:33,5,2.42,-74.01564025878906,40.70838928222656,1,N,-74.0084228515625,40.74332046508789,1,9.5,0.5,0.5,2.0,0.0,0.3,12.8
3701,2,2015-01-17 20:27:32,2015-01-17 20:47:04,1,4.62,-73.98228454589844,40.77892303466797,1,N,-74.008056640625,40.7309455871582,1,18.0,0.5,0.5,2.0,0.0,0.3,21.3
3702,2,2015-01-17 20:27:32,2015-01-17 20:36:28,6,1.83,-73.97631072998048,40.78591537475586,1,N,-73.97676849365233,40.76596832275391,1,8.5,0.5,0.5,2.25,0.0,0.3,12.05
3703,2,2015-01-17 20:27:33,2015-01-17 20:42:54,1,2.94,-73.9881820678711,40.74862289428711,1,N,-73.95843505859375,40.77855682373047,1,13.0,0.5,0.5,2.7,0.0,0.3,17.0
3704,1,2015-01-21 08:10:28,2015-01-21 08:18:28,1,1.0,-73.9752426147461,40.75273132324219,1,N,-73.97512054443358,40.74155044555664,1,7.0,0.0,0.5,1.55,0.0,0.3,9.35
3705,1,2015-01-21 08:10:28,2015-01-21 08:17:43,1,0.9,-73.977294921875,40.751270294189446,1,N,-73.97879028320312,40.759292602539055,1,6.5,0.0,0.5,1.46,0.0,0.3,8.76
3706,1,2015-01-21 08:10:28,2015-01-21 08:20:38,1,0.9,-73.97344970703125,40.78493118286133,1,N,-73.9681625366211,40.79323196411133,1,8.0,0.0,0.5,1.76,0.0,0.3,10.56
3707,1,2015-01-21 08:10:29,2015-01-21 08:16:56,2,0.9,-73.99396514892578,40.741336822509766,1,N,-74.00313568115233,40.74916076660156,1,6.0,0.0,0.5,1.0,0.0,0.3,7.8
3708,1,2015-01-21 08:10:29,2015-01-21 08:17:53,1,0.9,-73.97813415527344,40.7524299621582,1,N,-73.97824096679686,40.763477325439446,2,6.5,0.0,0.5,0.0,0.0,0.3,7.3
3709,1,2015-01-21 08:10:30,2015-01-21 08:15:34,1,0.4,-73.95311737060547,40.771797180175774,1,N,-73.94679260253906,40.77248001098633,1,5.0,0.0,0.5,0.5,0.0,0.3,6.3
3710,1,2015-01-21 08:10:30,2015-01-21 08:29:48,1,3.5,-74.00750732421875,40.71571350097656,1,N,-73.97936248779298,40.761672973632805,1,15.0,0.0,0.5,1.5,0.0,0.3,17.3
3711,1,2015-01-21 08:10:30,2015-01-21 08:15:11,1,0.8,-73.97335052490233,40.74386978149414,1,N,-73.976806640625,40.75167465209961,1,5.5,0.0,0.5,1.0,0.0,0.3,7.3
3712,1,2015-01-21 08:10:31,2015-01-21 08:13:22,1,0.4,-73.9900131225586,40.75678253173828,1,N,-73.98567962646483,40.761821746826165,2,4.0,0.0,0.5,0.0,0.0,0.3,4.8
3713,1,2015-01-21 08:10:32,2015-01-21 08:19:05,1,1.1,-74.00157165527344,40.74094772338867,1,N,-74.00852203369139,40.73378753662109,1,7.0,0.0,0.5,1.0,0.0,0.3,8.8
3714,1,2015-01-21 08:10:32,2015-01-21 08:24:28,1,1.4,-73.962158203125,40.77627182006836,1,N,-73.96501922607422,40.76008605957031,2,10.0,0.0,0.5,0.0,0.0,0.3,10.8
3715,1,2015-01-21 08:10:33,2015-01-21 08:45:09,1,3.2,-73.9695587158203,40.797969818115234,1,N,-73.98511505126953,40.7580451965332,2,22.0,0.0,0.5,0.0,0.0,0.3,22.8
3716,1,2015-01-21 08:10:33,2015-01-21 08:20:55,1,1.8,-73.96297454833984,40.766212463378906,1,N,-73.9534912109375,40.788185119628906,1,9.0,0.0,0.5,1.0,0.0,0.3,10.8
3717,1,2015-01-21 08:10:33,2015-01-21 08:29:52,1,2.0,-73.95315551757811,40.76765823364258,1,N,-73.97557067871092,40.75857925415039,1,13.5,0.0,0.5,1.0,0.0,0.3,15.3
3718,1,2015-01-21 08:10:33,2015-01-21 08:22:26,1,0.8,-73.99114990234375,40.75553894042969,1,N,-73.97774505615233,40.75419235229492,1,8.5,0.0,0.5,1.0,0.0,0.3,10.3
3719,1,2015-01-21 08:10:33,2015-01-21 08:17:10,1,0.6,-73.98975372314453,40.747257232666016,1,N,-73.97887420654298,40.74298477172852,1,6.0,0.0,0.5,1.35,0.0,0.3,8.15
3720,1,2015-01-21 08:10:34,2015-01-21 08:17:31,1,1.3,-74.00794982910156,40.7402229309082,1,N,-74.00300598144531,40.74945068359375,2,6.5,0.0,0.5,0.0,0.0,0.3,7.3
3721,1,2015-01-21 08:10:34,2015-01-21 08:25:33,1,2.0,-73.98287963867188,40.76781845092773,1,N,-73.99827575683594,40.74777221679688,1,11.5,0.0,0.5,2.45,0.0,0.3,14.75
3722,1,2015-01-21 08:10:34,2015-01-21 08:33:09,1,3.4,-73.9504623413086,40.77091979980469,1,N,-73.98995971679686,40.755569458007805,1,17.0,0.0,0.5,2.0,0.0,0.3,19.8
3723,1,2015-01-21 08:10:34,2015-01-21 08:20:04,2,2.4,-73.9827651977539,40.782493591308594,1,N,-73.97066497802734,40.79416275024414,1,10.5,0.0,0.5,3.0,0.0,0.3,14.3
3724,1,2015-01-21 08:10:35,2015-01-21 08:24:13,1,1.0,-74.01524353027342,40.70906066894531,1,N,-74.0072021484375,40.70515823364258,2,9.5,0.0,0.5,0.0,0.0,0.3,10.3
3725,2,2015-01-01 22:47:45,2015-01-01 22:53:53,5,1.4,-73.99462890625,40.734519958496094,1,N,-74.00472259521484,40.7228889465332,1,7.0,0.5,0.5,1.5,0.0,0.3,9.8
3726,2,2015-01-01 22:47:45,2015-01-01 22:59:12,5,2.62,-73.9943618774414,40.76118850708008,1,N,-73.9581298828125,40.76293182373047,1,11.0,0.5,0.5,2.0,0.0,0.3,14.3
3727,1,2015-01-01 22:47:46,2015-01-01 23:05:47,2,3.9,-73.9835433959961,40.721946716308594,1,N,-73.98126983642578,40.76417922973633,2,15.5,0.5,0.5,0.0,0.0,0.0,16.8
3728,1,2015-01-01 22:47:46,2015-01-01 22:50:55,1,0.7,-73.91363525390625,40.754615783691406,1,N,-73.92353820800781,40.754669189453125,2,4.5,0.5,0.5,0.0,0.0,0.0,5.8
3729,1,2015-01-01 22:47:46,2015-01-01 23:01:13,1,3.6,-74.01002502441406,40.73436737060546,1,N,-73.98097991943358,40.76378631591797,1,13.5,0.5,0.5,2.95,0.0,0.0,17.75
3730,1,2015-01-01 22:47:46,2015-01-01 22:56:44,1,0.7,-73.97911071777342,40.75894165039063,1,N,-73.98595428466798,40.758094787597656,2,7.0,0.5,0.5,0.0,0.0,0.0,8.3
3731,1,2015-01-01 22:47:46,2015-01-01 22:54:41,1,1.2,-73.98746490478516,40.74399566650391,1,N,-73.98548889160156,40.7564582824707,2,7.0,0.5,0.5,0.0,0.0,0.0,8.3
3732,1,2015-01-01 22:47:46,2015-01-01 23:00:38,1,4.1,-73.97695922851561,40.75196075439453,1,N,-73.92352294921875,40.74225234985352,1,14.0,0.5,0.5,3.05,0.0,0.0,18.35
3733,1,2015-01-01 22:47:46,2015-01-01 23:02:18,1,3.7,-73.99327850341797,40.75662612915039,1,N,-73.94989776611328,40.77605819702149,2,14.0,0.5,0.5,0.0,0.0,0.0,15.3
3734,2,2015-01-01 22:47:46,2015-01-01 22:52:57,6,1.32,-73.96683502197266,40.78873062133789,1,N,-73.95610809326173,40.78305816650391,2,6.5,0.5,0.5,0.0,0.0,0.3,7.8
3735,2,2015-01-01 22:47:47,2015-01-01 22:47:58,1,0.02,-73.77674102783203,40.645416259765625,1,N,0.0,0.0,2,2.5,0.5,0.5,0.0,0.0,0.3,3.8
3736,2,2015-01-01 22:47:47,2015-01-01 22:51:29,1,0.69,-73.99679565429686,40.742618560791016,1,N,-74.00379180908203,40.737300872802734,1,4.5,0.5,0.5,1.25,0.0,0.3,7.05
3737,2,2015-01-01 22:47:47,2015-01-01 22:53:39,1,1.54,-73.99198913574217,40.7647705078125,1,N,-73.98424530029298,40.75008010864258,1,7.0,0.5,0.5,2.25,0.0,0.3,10.55
3738,2,2015-01-01 22:47:47,2015-01-01 23:01:21,1,2.42,-73.92479705810547,40.744083404541016,1,N,-73.895751953125,40.75062561035156,1,11.5,0.5,0.5,2.0,0.0,0.3,14.8
3739,1,2015-01-01 22:47:48,2015-01-01 22:53:41,1,1.1,-73.98155212402342,40.72460174560546,1,N,-73.99873352050781,40.72964859008789,2,6.0,0.5,0.5,0.0,0.0,0.0,7.3
3740,2,2015-01-01 22:47:48,2015-01-01 22:53:11,1,1.05,-73.990234375,40.754154205322266,1,N,-73.9853286743164,40.76442337036133,2,5.5,0.5,0.5,0.0,0.0,0.3,6.8
3741,2,2015-01-01 22:47:48,2015-01-01 22:53:20,1,0.83,-73.99130249023438,40.75065612792969,1,N,-73.97879028320312,40.74489212036133,1,5.5,0.5,0.5,1.0,0.0,0.3,7.8
3742,2,2015-01-01 22:47:48,2015-01-01 22:54:48,6,1.51,-73.9558868408203,40.803619384765625,1,N,-73.93808746337889,40.81283950805664,1,7.5,0.5,0.5,2.0,0.0,0.3,10.8
3743,1,2015-01-01 22:47:49,2015-01-01 22:56:37,1,4.2,-73.91065979003906,40.76948165893555,1,N,-73.94637298583984,40.80672073364258,2,13.5,0.5,0.5,0.0,5.33,0.0,20.13
3744,1,2015-01-01 22:47:49,2015-01-01 22:54:14,1,1.4,-73.98153686523438,40.77526092529297,1,N,-73.97626495361328,40.7907829284668,1,7.0,0.5,0.5,1.65,0.0,0.0,9.95
3745,2,2015-01-01 22:47:49,2015-01-01 23:01:26,5,3.06,-73.98990631103516,40.7352409362793,1,N,-73.98257446289062,40.76919555664063,2,13.0,0.5,0.5,0.0,0.0,0.3,14.3
3746,2,2015-01-01 22:47:49,2015-01-01 22:55:36,2,2.19,-73.96587371826173,40.789772033691406,1,N,-73.9873046875,40.76568984985352,1,9.0,0.5,0.5,1.9,0.0,0.3,12.2
3747,1,2015-01-23 19:12:14,2015-01-23 19:24:47,1,1.5,-73.99739837646483,40.74242401123047,1,N,-73.99314880371094,40.725601196289055,1,9.0,1.0,0.5,1.5,0.0,0.3,12.3
3748,1,2015-01-23 19:12:14,2015-01-23 19:32:46,1,3.9,-73.98812866210938,40.73819732666016,1,N,-73.94615173339844,40.77323532104492,1,16.5,1.0,0.5,3.65,0.0,0.3,21.95
3749,1,2015-01-23 19:12:15,2015-01-23 19:23:10,2,1.6,-73.97922515869139,40.75000762939453,1,N,-73.98017120361328,40.76730728149414,2,9.0,1.0,0.5,0.0,0.0,0.3,10.8
3750,1,2015-01-23 19:12:15,2015-01-23 19:29:11,1,3.9,-74.00283813476561,40.76046371459961,1,N,-74.00593566894531,40.71040725708008,1,16.0,1.0,0.5,2.0,0.0,0.3,19.8
3751,1,2015-01-23 19:12:16,2015-01-23 19:30:10,1,3.7,-73.98554229736328,40.74140167236328,1,N,-73.97515869140625,40.782611846923835,1,16.0,1.0,0.5,2.5,0.0,0.3,20.3
3752,1,2015-01-23 19:12:16,2015-01-23 19:21:23,2,1.5,-73.99202728271484,40.729103088378906,1,N,-74.00666046142578,40.71372985839844,2,8.0,1.0,0.5,0.0,0.0,0.3,9.8
3753,1,2015-01-23 19:12:16,2015-01-23 19:36:16,1,2.6,-73.95575714111328,40.778762817382805,1,N,-73.98006439208984,40.747417449951165,1,16.0,1.0,0.5,1.0,0.0,0.3,18.8
3754,1,2015-01-23 19:12:16,2015-01-23 19:21:28,1,2.7,-74.00880432128906,40.71886444091797,1,N,-73.9918670654297,40.69070816040039,1,10.0,1.0,0.5,2.35,0.0,0.3,14.15
3755,1,2015-01-23 19:12:17,2015-01-23 19:16:21,1,1.1,-73.99429321289062,40.75580596923828,1,N,-74.00507354736328,40.74118041992188,1,5.5,1.0,0.5,1.0,0.0,0.3,8.3
3756,1,2015-01-23 19:12:17,2015-01-23 19:17:16,1,1.0,-74.00562286376953,40.75094223022461,1,N,-73.99295806884764,40.74293518066406,1,5.5,1.0,0.5,1.45,0.0,0.3,8.75
3757,1,2015-01-23 19:12:18,2015-01-23 19:18:09,2,0.6,-73.98223876953125,40.731353759765625,1,N,-73.9919662475586,40.734493255615234,1,5.5,1.0,0.5,1.45,0.0,0.3,8.75
3758,1,2015-01-23 19:12:18,2015-01-23 19:23:46,3,1.3,-73.97747039794923,40.76395797729492,1,N,-73.99537658691406,40.764869689941406,1,9.0,1.0,0.5,2.16,0.0,0.3,12.96
3759,1,2015-01-23 19:12:18,2015-01-23 19:17:59,1,0.5,-73.98100280761719,40.73797607421875,1,N,-73.98475646972656,40.743106842041016,1,5.5,1.0,0.5,1.0,0.0,0.3,8.3
3760,1,2015-01-23 19:12:18,2015-01-23 19:33:59,2,12.3,-73.782470703125,40.644561767578125,1,N,-73.81979370117188,40.77663803100586,2,34.5,1.0,0.5,0.0,0.0,0.3,36.3
3761,1,2015-01-23 19:12:18,2015-01-23 19:47:50,2,10.6,-73.97624969482422,40.74842071533203,1,N,-74.013916015625,40.65464019775391,2,34.5,1.0,0.5,0.0,0.0,0.3,36.3
3762,1,2015-01-23 19:12:18,2015-01-23 19:24:47,1,1.9,-73.9676742553711,40.79278945922852,1,N,-73.95561981201173,40.773712158203125,1,10.0,1.0,0.5,2.2,0.0,0.3,14.0
3763,1,2015-01-23 19:12:18,2015-01-23 19:19:34,1,0.9,-73.99392700195312,40.73561096191406,1,N,-73.98877716064453,40.72692489624024,2,6.5,1.0,0.5,0.0,0.0,0.3,8.3
3764,1,2015-01-23 19:12:18,2015-01-23 19:16:51,1,1.1,-73.9607162475586,40.79716491699219,1,N,-73.9745864868164,40.790142059326165,1,5.5,1.0,0.5,1.0,0.0,0.3,8.3
3765,1,2015-01-23 19:12:19,2015-01-23 19:20:40,1,1.5,-73.98490905761719,40.76029586791992,1,N,-73.96205139160156,40.759464263916016,1,7.5,1.0,0.5,1.85,0.0,0.3,11.15
3766,1,2015-01-23 19:12:19,2015-01-23 19:27:26,2,2.3,-73.98252868652342,40.757183074951165,1,N,-73.9998550415039,40.73067092895508,1,11.5,1.0,0.5,2.65,0.0,0.3,15.95
3767,1,2015-01-23 19:12:19,2015-01-23 19:17:12,1,0.6,-73.98223876953125,40.73982238769531,1,N,-73.9764633178711,40.7480697631836,1,5.0,1.0,0.5,1.0,0.0,0.3,7.8
3768,1,2015-01-23 19:12:19,2015-01-23 19:20:38,1,1.0,-73.978515625,40.74505615234375,1,N,-73.99059295654298,40.73697662353516,1,7.0,1.0,0.5,1.0,0.0,0.3,9.8
3769,1,2015-01-28 09:03:13,2015-01-28 09:13:01,1,1.8,-74.01522064208984,40.716205596923835,1,N,-74.00759887695312,40.705177307128906,1,9.0,0.0,0.5,1.0,0.0,0.3,10.8
3770,1,2015-01-28 09:03:13,2015-01-28 09:08:12,1,1.0,-74.01180267333984,40.70735168457031,1,N,-74.01327514648438,40.715137481689446,1,5.5,0.0,0.5,1.0,0.0,0.3,7.3
3771,1,2015-01-28 09:03:13,2015-01-28 09:30:49,1,2.9,-73.96031188964844,40.77024841308594,1,N,-73.99697875976561,40.75629425048828,1,18.0,0.0,0.5,1.0,0.0,0.3,19.8
3772,1,2015-01-28 09:03:14,2015-01-28 09:11:25,1,1.3,-73.92543029785155,40.752265930175774,1,N,-73.94719696044923,40.74507522583008,2,7.5,0.0,0.5,0.0,0.0,0.3,8.3
3773,1,2015-01-28 09:03:14,2015-01-28 09:15:15,1,1.5,-74.00890350341797,40.72603988647461,1,N,-73.98809814453125,40.73038482666016,1,9.5,0.0,0.5,1.0,0.0,0.3,11.3
3774,1,2015-01-28 09:03:14,2015-01-28 09:12:55,1,1.0,-73.97740936279298,40.78443908691406,1,N,-73.96460723876953,40.775672912597656,1,7.5,0.0,0.5,1.5,0.0,0.3,9.8
3775,1,2015-01-28 09:03:15,2015-01-28 09:10:25,1,0.7,-73.9759750366211,40.76123046875,1,N,-73.97977447509764,40.75293731689453,1,6.0,0.0,0.5,1.7,0.0,0.3,8.5
3776,1,2015-01-28 09:03:15,2015-01-28 09:36:12,1,2.7,-73.95774078369139,40.765323638916016,1,N,-73.9798583984375,40.77133560180664,1,19.5,0.0,0.5,3.0,0.0,0.3,23.3
3777,1,2015-01-28 09:03:15,2015-01-28 09:15:13,1,1.7,-74.00550079345702,40.70793151855469,1,N,-73.98780059814453,40.72127532958984,1,9.5,0.0,0.5,1.0,0.0,0.3,11.3
3778,1,2015-01-28 09:03:16,2015-01-28 09:11:05,1,0.9,-73.99848937988281,40.739910125732415,1,N,-73.9886245727539,40.74859237670898,1,6.5,0.0,0.5,1.0,0.0,0.3,8.3
3779,1,2015-01-28 09:03:16,2015-01-28 09:18:35,1,1.5,-73.96015930175781,40.77336120605469,1,N,-73.97447204589844,40.75632858276367,2,10.5,0.0,0.5,0.0,0.0,0.3,11.3
3780,1,2015-01-28 09:03:16,2015-01-28 09:09:05,1,1.2,-73.96961975097656,40.76367568969727,1,N,-73.95556640625,40.76753616333008,1,6.0,0.0,0.5,1.7,0.0,0.3,8.5
3781,1,2015-01-28 09:03:16,2015-01-28 09:26:55,1,3.0,-73.96001434326173,40.798206329345696,1,N,-73.97129058837889,40.7639274597168,1,16.0,0.0,0.5,3.35,0.0,0.3,20.15
3782,1,2015-01-28 09:03:17,2015-01-28 09:11:00,1,1.1,-73.97183227539062,40.79697036743164,1,N,-73.96244812011719,40.80986022949219,1,7.0,0.0,0.5,1.6,0.0,0.3,9.4
3783,1,2015-01-28 09:03:17,2015-01-28 09:14:00,1,1.3,-73.9893798828125,40.74059677124024,1,N,-73.97562408447266,40.75388717651367,1,8.5,0.0,0.5,1.85,0.0,0.3,11.15
3784,1,2015-01-28 09:03:17,2015-01-28 09:12:09,1,0.3,-73.9837875366211,40.74663543701172,1,N,-73.98068237304686,40.75086975097656,2,6.5,0.0,0.5,0.0,0.0,0.3,7.3
3785,1,2015-01-28 09:03:17,2015-01-28 09:14:35,1,1.0,-73.97332000732422,40.74741363525391,1,N,-73.97722625732422,40.73655319213867,1,8.5,0.0,0.5,2.75,0.0,0.3,12.05
3786,1,2015-01-28 09:03:18,2015-01-28 09:08:02,1,0.9,-73.9777603149414,40.76652145385742,1,N,-73.98651123046875,40.75590133666992,1,5.5,0.0,0.5,1.55,0.0,0.3,7.85
3787,1,2015-01-28 09:03:18,2015-01-28 09:29:29,1,1.8,-73.9969711303711,40.76270294189453,1,N,-73.97529602050781,40.74877548217773,2,15.5,0.0,0.5,0.0,0.0,0.3,16.3
3788,1,2015-01-28 09:03:18,2015-01-28 09:17:09,1,1.4,-73.96526336669923,40.8051872253418,1,N,-73.97026824951173,40.78927612304688,1,9.5,0.0,0.5,2.05,0.0,0.3,12.35
3789,1,2015-01-28 09:03:18,2015-01-28 09:17:19,1,2.0,-73.99380493164062,40.74658203125,1,N,-74.00382232666014,40.7525520324707,2,11.0,0.0,0.5,0.0,0.0,0.3,11.8
3790,1,2015-01-28 09:03:19,2015-01-28 09:16:08,1,1.0,-73.97655487060547,40.753520965576165,1,N,-73.9762191772461,40.76357269287109,2,9.0,0.0,0.5,0.0,0.0,0.3,9.8
3791,2,2015-01-09 08:28:24,2015-01-09 08:40:09,1,1.38,-73.96466827392578,40.792572021484375,1,N,-73.96670532226561,40.80577087402344,1,8.5,0.0,0.5,1.0,0.0,0.3,10.3
3792,2,2015-01-09 08:28:25,2015-01-09 08:32:37,1,0.55,-73.9821014404297,40.7580451965332,1,N,-73.97434234619139,40.75715255737305,1,4.5,0.0,0.5,1.0,0.0,0.3,6.3
3793,2,2015-01-09 08:28:26,2015-01-09 08:35:32,3,0.96,-73.97727203369139,40.75204849243164,1,N,-73.98570251464844,40.750675201416016,1,6.0,0.0,0.5,2.2,0.0,0.3,9.0
3794,2,2015-01-09 08:28:26,2015-01-09 08:55:27,1,3.04,-73.98544311523438,40.76805877685546,1,N,-73.96453857421875,40.7999267578125,1,17.0,0.0,0.5,3.4,0.0,0.3,21.2
3795,2,2015-01-09 08:28:27,2015-01-09 09:13:08,1,3.51,-73.92961883544923,40.76217269897461,1,N,-73.95567321777344,40.76422500610352,1,25.5,0.0,0.5,0.0,0.0,0.3,26.3
3796,2,2015-01-09 08:28:27,2015-01-09 08:36:17,1,1.01,-74.00328826904298,40.727027893066406,1,N,-73.99202728271484,40.73046112060546,1,6.5,0.0,0.5,1.3,0.0,0.3,8.6
3797,2,2015-01-09 08:28:29,2015-01-09 09:16:02,2,4.34,-73.95099639892578,40.72405624389648,1,N,-73.98394775390625,40.73189926147461,2,27.5,0.0,0.5,0.0,0.0,0.3,28.3
3798,2,2015-01-09 08:28:29,2015-01-09 08:39:46,1,1.53,-73.96540069580078,40.764190673828125,1,N,-73.984619140625,40.76039123535156,1,8.5,0.0,0.5,1.7,0.0,0.3,11.0
3799,2,2015-01-09 08:28:29,2015-01-09 08:59:00,1,3.73,-73.90406799316406,40.85200119018555,1,N,-73.926513671875,40.80643081665039,2,18.0,0.0,0.5,0.0,0.0,0.3,18.8
3800,2,2015-01-09 08:28:30,2015-01-09 08:43:04,1,1.4,-73.96196746826173,40.762073516845696,1,N,-73.97915649414062,40.75523376464844,1,10.0,0.0,0.5,1.5,0.0,0.3,12.3
3801,2,2015-01-09 08:28:30,2015-01-09 08:47:13,1,1.53,-73.98582458496092,40.741077423095696,1,N,-73.9847183227539,40.757591247558594,1,12.0,0.0,0.5,1.22,0.0,0.3,14.02
3802,2,2015-01-09 08:28:31,2015-01-09 08:48:38,1,1.18,-73.96541595458984,40.77200698852539,1,N,-73.97602844238281,40.759857177734375,2,12.5,0.0,0.5,0.0,0.0,0.3,13.3
3803,2,2015-01-09 08:28:31,2015-01-09 08:36:14,2,0.92,-74.00088500976561,40.73091506958008,1,N,-74.00740051269531,40.727725982666016,1,6.0,0.0,0.5,0.0,0.0,0.3,6.8
3804,2,2015-01-09 08:28:31,2015-01-09 08:48:17,1,2.03,-73.97821807861328,40.75215530395508,1,N,-73.95508575439453,40.76454162597656,2,13.0,0.0,0.5,0.0,0.0,0.3,13.8
3805,2,2015-01-09 08:28:31,2015-01-09 08:35:49,6,0.85,-74.00839996337889,40.73040390014648,1,N,-74.00989532470702,40.72144317626953,2,6.0,0.0,0.5,0.0,0.0,0.3,6.8
3806,2,2015-01-09 08:28:32,2015-01-09 08:32:25,1,0.51,-73.94673919677734,40.800811767578125,1,N,-73.9552230834961,40.80445098876953,2,4.5,0.0,0.5,0.0,0.0,0.3,5.3
3807,2,2015-01-09 08:28:32,2015-01-09 08:44:49,1,1.09,-73.96673583984375,40.76995086669922,1,N,-73.95665740966798,40.78376770019531,2,10.5,0.0,0.5,0.0,0.0,0.3,11.3
3808,2,2015-01-09 08:28:32,2015-01-09 08:39:34,1,1.25,-74.01092529296875,40.70847702026367,1,N,-74.00530242919923,40.71803283691406,1,8.0,0.0,0.5,1.0,0.0,0.3,9.8
3809,2,2015-01-09 08:28:32,2015-01-09 08:47:08,3,2.27,-73.97356414794923,40.75320053100586,1,N,-73.99491882324217,40.729248046875,1,12.5,0.0,0.5,3.0,0.0,0.3,16.3
3810,2,2015-01-09 08:28:33,2015-01-09 08:44:07,1,2.47,-74.00225830078125,40.72957229614258,1,N,-73.97745513916014,40.751121520996094,1,11.5,0.0,0.5,2.3,0.0,0.3,14.6
3811,2,2015-01-09 08:28:33,2015-01-09 08:54:34,2,2.35,-73.99398803710938,40.73283767700195,1,N,-73.97134399414062,40.75514602661133,1,15.5,0.0,0.5,3.1,0.0,0.3,19.4
3812,2,2015-01-17 22:40:24,2015-01-17 22:54:31,2,3.18,-73.99480438232422,40.75035095214844,1,N,-74.00973510742188,40.7226448059082,1,12.5,0.5,0.5,2.76,0.0,0.3,16.56
3813,2,2015-01-17 22:40:24,2015-01-17 22:48:46,1,1.05,-74.00570678710938,40.7070541381836,1,N,-73.99495697021484,40.72072219848633,1,7.5,0.5,0.5,1.0,0.0,0.3,9.8
3814,2,2015-01-17 22:40:24,2015-01-17 22:49:20,2,1.93,-73.99764251708984,40.7417106628418,1,N,-73.99364471435547,40.763065338134766,1,8.5,0.5,0.5,1.8,0.0,0.3,11.6
3815,2,2015-01-17 22:40:24,2015-01-17 22:48:17,1,1.9,-74.00543975830078,40.74103164672852,1,N,-73.99754333496092,40.763858795166016,1,8.5,0.5,0.5,0.0,0.0,0.3,9.8
3816,2,2015-01-17 22:40:24,2015-01-17 22:52:36,1,2.06,-73.98709106445312,40.7611198425293,1,N,-73.9910430908203,40.744171142578125,2,10.0,0.5,0.5,0.0,0.0,0.3,11.3
3817,2,2015-01-17 22:40:25,2015-01-17 22:59:26,1,3.31,-73.9900894165039,40.729190826416016,1,N,-73.99268341064453,40.76357650756836,2,14.5,0.5,0.5,0.0,0.0,0.3,15.8
3818,2,2015-01-17 22:40:25,2015-01-17 22:57:56,2,3.68,-73.99103546142578,40.734081268310554,1,N,-73.9534454345703,40.767139434814446,1,15.0,0.5,0.5,3.1,0.0,0.3,19.4
3819,2,2015-01-17 22:40:25,2015-01-17 22:57:08,2,1.97,-73.98651123046875,40.73316955566406,1,N,-74.0015869140625,40.75168991088867,2,12.0,0.5,0.5,0.0,0.0,0.3,13.3
3820,2,2015-01-17 22:40:25,2015-01-17 22:47:52,1,1.07,-73.98950958251953,40.753765106201165,1,N,-73.97258758544923,40.74622344970703,2,7.0,0.5,0.5,0.0,0.0,0.3,8.3
3821,2,2015-01-17 22:40:26,2015-01-17 22:46:16,1,1.06,-73.98098754882812,40.75920867919922,1,N,-73.98048400878906,40.77071380615234,2,6.0,0.5,0.5,0.0,0.0,0.3,7.3
3822,2,2015-01-17 22:40:26,2015-01-17 22:44:17,5,0.81,-74.00186920166014,40.73522186279297,1,N,-74.00357055664062,40.72531127929688,1,5.0,0.5,0.5,1.0,0.0,0.3,7.3
3823,2,2015-01-17 22:40:26,2015-01-17 22:51:09,3,1.04,-73.99324035644531,40.75634002685546,1,N,-73.98580169677734,40.75899887084961,2,8.5,0.5,0.5,0.0,0.0,0.3,9.8
3824,2,2015-01-17 22:40:26,2015-01-17 22:45:39,1,0.84,-73.9983139038086,40.71370315551758,1,N,-73.9881362915039,40.718425750732415,1,5.5,0.5,0.5,1.0,0.0,0.3,7.8
3825,2,2015-01-17 22:40:26,2015-01-17 23:03:33,1,5.44,-73.99374389648438,40.72104644775391,1,N,-73.97358703613281,40.78458023071289,1,20.5,0.5,0.5,2.0,0.0,0.3,23.8
3826,2,2015-01-17 22:40:26,2015-01-17 22:45:51,6,1.03,-73.97660064697266,40.74797821044922,1,N,-73.9840316772461,40.73915863037109,1,6.0,0.5,0.5,1.3,0.0,0.3,8.6
3827,2,2015-01-17 22:40:27,2015-01-17 22:46:22,5,0.8,-73.99330139160156,40.741493225097656,1,N,-74.0040512084961,40.742862701416016,2,5.5,0.5,0.5,0.0,0.0,0.3,6.8
3828,2,2015-01-17 22:40:27,2015-01-17 22:45:17,1,1.1,-73.99580383300781,40.73281097412109,1,N,-73.9910659790039,40.74528884887695,1,5.5,0.5,0.5,1.08,0.0,0.3,7.88
3829,2,2015-01-17 22:40:27,2015-01-17 22:43:28,1,0.53,-73.9837188720703,40.75594329833984,1,N,-73.97884368896483,40.76205825805664,2,4.5,0.5,0.5,0.0,0.0,0.3,5.8
3830,2,2015-01-17 22:40:27,2015-01-17 22:43:04,1,0.11,-74.00235748291014,40.73982620239258,1,N,-74.00111389160156,40.741107940673835,2,3.5,0.5,0.5,0.0,0.0,0.3,4.8
3831,2,2015-01-17 22:40:27,2015-01-17 22:43:04,1,0.11,-74.00235748291014,40.73982620239258,1,N,-74.00111389160156,40.741107940673835,4,-3.5,-0.5,-0.5,0.0,0.0,0.3,-4.8
3832,2,2015-01-17 22:40:27,2015-01-17 22:48:26,1,0.95,-73.99143981933594,40.73508834838867,1,N,-73.97908020019531,40.72803497314453,1,7.0,0.5,0.5,2.25,0.0,0.3,10.55
3833,1,2015-01-23 19:26:04,2015-01-23 19:46:32,1,1.6,-74.00244140625,40.739933013916016,1,N,-74.00033569335938,40.72381591796875,1,13.5,1.0,0.5,3.05,0.0,0.3,18.35
3834,1,2015-01-23 19:26:04,2015-01-23 19:36:51,1,2.0,-73.97142791748048,40.797550201416016,1,N,-73.9830780029297,40.773487091064446,2,10.0,1.0,0.5,0.0,0.0,0.3,11.8
3835,1,2015-01-23 19:26:04,2015-01-23 19:45:21,2,2.9,-73.9710235595703,40.75951766967773,1,N,-74.00580596923827,40.74198913574219,2,14.0,1.0,0.5,0.0,0.0,0.3,15.8
3836,1,2015-01-23 19:26:05,2015-01-23 19:28:41,1,0.6,-73.99015808105469,40.73256301879882,1,N,-73.99604797363281,40.732036590576165,1,4.0,1.0,0.5,1.15,0.0,0.3,6.95
3837,1,2015-01-23 19:26:05,2015-01-23 19:33:37,1,1.2,-73.98781585693358,40.728492736816406,1,N,-73.98658752441406,40.715919494628906,2,7.0,1.0,0.5,0.0,0.0,0.3,8.8
3838,1,2015-01-23 19:26:06,2015-01-23 19:40:17,1,4.2,-74.01414489746092,40.7137565612793,1,N,-73.99580383300781,40.69153594970703,1,15.5,1.0,0.5,3.45,0.0,0.3,20.75
3839,1,2015-01-23 19:26:06,2015-01-23 19:57:25,1,7.6,-73.95867919921875,40.815532684326165,1,N,-74.00553131103516,40.72671890258789,1,27.0,1.0,0.5,2.0,0.0,0.3,30.8
3840,1,2015-01-23 19:26:06,2015-01-23 19:30:23,1,0.9,-73.98680114746092,40.74529647827149,1,N,-73.99622344970702,40.73636245727539,1,5.0,1.0,0.5,1.35,0.0,0.3,8.15
3841,1,2015-01-23 19:26:06,2015-01-23 19:35:29,1,0.7,-73.9939956665039,40.75126266479492,1,N,-73.988037109375,40.76014709472656,2,7.0,1.0,0.5,0.0,0.0,0.3,8.8
3842,1,2015-01-23 19:26:07,2015-01-23 19:37:12,3,1.1,-73.99040222167967,40.75030899047852,1,N,-73.9806900024414,40.75968551635742,2,8.5,1.0,0.5,0.0,0.0,0.3,10.3
3843,1,2015-01-23 19:26:07,2015-01-23 20:00:07,1,6.0,-73.98358917236328,40.74973678588867,1,N,-73.97093963623048,40.692901611328125,1,25.0,1.0,0.5,5.35,0.0,0.3,32.15
3844,1,2015-01-23 19:26:08,2015-01-23 19:47:00,1,3.1,-73.97284698486328,40.74362182617188,1,N,-73.98231506347656,40.77282333374024,2,15.0,1.0,0.5,0.0,0.0,0.3,16.8
3845,1,2015-01-23 19:26:08,2015-01-23 19:40:22,1,2.5,-73.99675750732422,40.73752212524414,1,N,-73.99171447753906,40.765045166015625,2,11.5,1.0,0.5,0.0,0.0,0.3,13.3
3846,1,2015-01-23 19:26:08,2015-01-23 19:42:28,1,2.4,-73.99469757080078,40.73190307617188,1,N,-73.98114013671875,40.7621955871582,1,12.0,1.0,0.5,4.1,0.0,0.3,17.9
3847,1,2015-01-23 19:26:08,2015-01-23 19:37:00,2,1.5,-73.98721313476561,40.76089096069336,1,N,-73.97090911865233,40.7504997253418,2,9.0,1.0,0.5,0.0,0.0,0.3,10.8
3848,1,2015-01-23 19:26:08,2015-01-23 19:43:51,1,2.0,-73.9871597290039,40.718387603759766,1,N,-73.99635314941406,40.738189697265625,1,12.5,1.0,0.5,2.85,0.0,0.3,17.15
3849,1,2015-01-23 19:26:09,2015-01-23 19:28:23,2,0.5,-73.96578216552734,40.75434494018555,1,N,-73.96082305908203,40.76125717163086,1,4.0,1.0,0.5,1.0,0.0,0.3,6.8
3850,1,2015-01-23 19:26:09,2015-01-23 19:34:33,2,0.6,-73.97484588623048,40.75675582885742,1,N,-73.9811019897461,40.76526641845703,2,6.5,1.0,0.5,0.0,0.0,0.3,8.3
3851,1,2015-01-23 19:26:09,2015-01-23 19:31:46,2,0.9,-73.98326873779298,40.75988006591797,1,N,-73.98347473144531,40.7504768371582,2,5.5,1.0,0.5,0.0,0.0,0.3,7.3
3852,1,2015-01-23 19:26:10,2015-01-23 19:35:58,1,2.2,-73.97570037841797,40.74911117553711,1,N,-73.95316314697266,40.771987915039055,2,9.5,1.0,0.5,0.0,0.0,0.3,11.3
3853,1,2015-01-23 19:26:10,2015-01-23 19:53:13,1,4.4,-73.98106384277344,40.781837463378906,1,N,-74.00706481933594,40.72682189941406,1,19.5,1.0,0.5,4.25,0.0,0.3,25.55
3854,1,2015-01-23 19:26:11,2015-01-23 19:29:23,1,0.9,-73.9794692993164,40.73550796508789,1,N,-73.97330474853516,40.74625015258789,1,4.5,1.0,0.5,1.55,0.0,0.3,7.85
3855,2,2015-01-09 00:29:51,2015-01-09 00:37:57,2,1.29,-73.98300933837889,40.731571197509766,1,N,-74.00192260742188,40.735328674316406,1,7.5,0.5,0.5,1.0,0.0,0.3,9.8
3856,2,2015-01-09 00:29:52,2015-01-09 00:43:13,3,2.51,-73.97655487060547,40.788455963134766,1,N,-73.98685455322266,40.75627517700195,2,11.5,0.5,0.5,0.0,0.0,0.3,12.8
3857,2,2015-01-09 00:29:54,2015-01-09 00:36:02,6,1.62,-73.98773193359375,40.732513427734375,1,N,-73.97534942626953,40.75210571289063,2,7.0,0.5,0.5,0.0,0.0,0.3,8.3
3858,2,2015-01-09 00:29:54,2015-01-09 00:54:17,1,10.45,-73.96193695068358,40.77073669433594,1,N,-73.84117889404298,40.71592712402344,1,31.0,0.5,0.5,5.0,5.33,0.3,42.63
3859,2,2015-01-09 00:29:54,2015-01-09 00:38:21,1,2.81,-73.95201873779298,40.77377700805664,1,N,-73.97615051269531,40.74166870117188,1,10.5,0.5,0.5,2.2,0.0,0.3,14.0
3860,2,2015-01-09 00:29:56,2015-01-09 00:35:53,1,1.18,-74.00213623046875,40.729736328125,1,N,-74.00642395019531,40.73960876464844,2,6.0,0.5,0.5,0.0,0.0,0.3,7.3
3861,2,2015-01-09 00:29:57,2015-01-09 00:48:17,1,3.78,-73.98240661621094,40.76071166992188,1,N,-73.98040008544923,40.72203826904297,1,15.0,0.5,0.5,3.1,0.0,0.3,19.4
3862,2,2015-01-09 00:29:58,2015-01-09 00:58:29,6,7.17,-73.9739532470703,40.7602424621582,1,N,-73.95713043212889,40.68858337402344,1,25.5,0.5,0.5,5.2,0.0,0.3,32.0
3863,2,2015-01-09 00:29:59,2015-01-09 00:37:09,1,1.29,-73.973876953125,40.75503921508789,1,N,-73.9911880493164,40.7503318786621,2,7.0,0.5,0.5,0.0,0.0,0.3,8.3
3864,2,2015-01-09 00:29:59,2015-01-09 00:37:06,1,0.91,-74.00228118896483,40.73967361450195,1,N,-74.00585174560547,40.73162460327149,2,6.5,0.5,0.5,0.0,0.0,0.3,7.8
3865,2,2015-01-09 00:30:00,2015-01-09 00:39:18,1,3.49,-74.00687408447266,40.71941757202149,1,N,-73.99004364013672,40.76150131225586,1,11.5,0.5,0.5,2.4,0.0,0.3,15.2
3866,2,2015-01-09 00:30:01,2015-01-09 00:55:27,1,8.01,-74.01022338867188,40.70315170288086,1,N,-73.95941162109375,40.7436637878418,1,26.5,0.5,0.5,6.75,0.0,0.3,34.55
3867,2,2015-01-09 00:30:01,2015-01-09 00:49:43,5,6.01,-73.97996520996092,40.74663543701172,1,N,-73.97589111328125,40.75653076171875,2,19.5,0.5,0.5,0.0,0.0,0.3,20.8
3868,2,2015-01-09 00:30:02,2015-01-09 00:42:25,5,3.78,-73.98893737792967,40.72188568115234,1,N,-73.96631622314453,40.69025039672852,2,13.0,0.5,0.5,0.0,0.0,0.3,14.3
3869,2,2015-01-09 00:30:02,2015-01-09 00:45:13,3,3.24,-73.99581909179686,40.74380111694336,1,N,-73.99022674560547,40.71261978149414,1,13.5,0.5,0.5,1.0,0.0,0.3,15.8
3870,2,2015-01-09 00:30:02,2015-01-09 00:35:28,2,0.53,-73.98377990722656,40.7258186340332,1,N,-73.9886703491211,40.71960067749024,1,5.0,0.5,0.5,1.1,0.0,0.3,7.4
3871,2,2015-01-09 00:30:03,2015-01-09 00:40:09,1,2.42,-74.00019836425781,40.735061645507805,1,N,-73.98224639892578,40.76264572143555,1,9.5,0.5,0.5,4.0,0.0,0.3,14.8
3872,2,2015-01-09 00:30:03,2015-01-09 00:35:44,1,1.31,-74.00425720214845,40.74246597290039,1,N,-73.98893737792967,40.74850463867188,1,6.5,0.5,0.5,1.0,0.0,0.3,8.8
3873,2,2015-01-09 00:30:04,2015-01-09 00:34:12,5,1.27,-73.98197937011719,40.77333068847656,1,N,-73.99285888671875,40.75831985473633,2,6.0,0.5,0.5,0.0,0.0,0.3,7.3
3874,2,2015-01-09 00:30:05,2015-01-09 00:49:40,5,5.38,-73.96221923828125,40.76051330566406,1,N,-73.9040756225586,40.77809143066406,2,18.5,0.5,0.5,0.0,0.0,0.3,19.8
3875,2,2015-01-09 00:30:06,2015-01-09 00:41:26,1,6.43,-73.98297119140625,40.77681350708008,1,N,-73.93901062011719,40.85116195678711,1,19.5,0.5,0.5,4.0,0.0,0.3,24.8
3876,2,2015-01-31 11:05:44,2015-01-31 11:16:05,2,2.27,-73.9832763671875,40.7711181640625,1,N,-73.97074127197266,40.79769134521485,1,9.5,0.0,0.5,2.06,0.0,0.3,12.36
3877,2,2015-01-31 11:05:44,2015-01-31 11:11:09,6,1.49,-73.98905181884764,40.74828720092773,1,N,-73.97472381591797,40.7643928527832,1,6.5,0.0,0.5,1.0,0.0,0.3,8.3
3878,2,2015-01-31 11:05:44,2015-01-31 11:16:32,1,2.1,-74.00017547607422,40.72702407836913,1,N,-73.97789764404298,40.74599838256836,1,10.0,0.0,0.5,2.16,0.0,0.3,12.96
3879,2,2015-01-31 11:05:45,2015-01-31 11:19:18,1,1.98,-73.97097778320312,40.76514053344727,1,N,-73.96971893310547,40.7846794128418,1,11.0,0.0,0.5,1.0,0.0,0.3,12.8
3880,2,2015-01-31 11:05:45,2015-01-31 11:15:33,1,2.71,-73.99060821533203,40.74639129638672,1,N,-73.95664978027344,40.742488861083984,2,10.5,0.0,0.5,0.0,0.0,0.3,11.3
3881,2,2015-01-31 11:05:45,2015-01-31 11:30:06,1,6.89,-73.97941589355469,40.781551361083984,1,N,-73.9892349243164,40.72116088867188,2,23.0,0.0,0.5,0.0,0.0,0.3,23.8
3882,2,2015-01-31 11:05:46,2015-01-31 11:15:31,1,1.68,-74.00260162353516,40.73954772949219,1,N,-73.99703979492188,40.72383499145508,1,8.5,0.0,0.5,1.0,0.0,0.3,10.3
3883,2,2015-01-31 11:05:46,2015-01-31 11:14:51,2,1.08,-73.98079681396483,40.76620101928711,1,N,-73.98432922363281,40.77387619018555,2,7.5,0.0,0.5,0.0,0.0,0.3,8.3
3884,2,2015-01-31 11:05:46,2015-01-31 11:15:23,1,1.38,-73.9716567993164,40.750606536865234,1,N,-73.99015045166014,40.75085067749024,2,8.0,0.0,0.5,0.0,0.0,0.3,8.8
3885,2,2015-01-31 11:05:46,2015-01-31 11:25:38,1,2.16,-73.988525390625,40.73705673217773,1,N,-74.00061798095702,40.75764083862305,1,13.5,0.0,0.5,2.86,0.0,0.3,17.16
3886,2,2015-01-31 11:05:48,2015-01-31 11:21:19,2,3.38,-73.97211456298828,40.794727325439446,1,N,-73.97754669189453,40.75893783569336,1,14.0,0.0,0.5,2.0,0.0,0.3,16.8
3887,2,2015-01-31 11:05:48,2015-01-31 11:09:02,2,0.72,-73.98754119873048,40.73842239379882,1,N,-73.98106384277344,40.7471809387207,1,5.0,0.0,0.5,1.0,0.0,0.3,6.8
3888,2,2015-01-31 11:05:48,2015-01-31 11:12:15,1,0.83,-73.9769287109375,40.74345397949219,1,N,-73.98882293701173,40.74457550048828,1,6.0,0.0,0.5,1.36,0.0,0.3,8.16
3889,2,2015-01-31 11:05:49,2015-01-31 11:10:12,1,0.91,-74.00102996826173,40.74737548828125,1,N,-74.00013732910156,40.73806381225586,2,5.0,0.0,0.5,0.0,0.0,0.3,5.8
3890,1,2015-01-04 14:15:02,2015-01-04 14:28:04,1,3.2,-73.98478698730467,40.753177642822266,1,N,-74.00865173339844,40.71906661987305,1,12.0,0.0,0.5,1.7,0.0,0.0,14.5
3891,2,2015-01-04 14:15:02,2015-01-04 14:21:48,1,1.29,-73.9698486328125,40.757301330566406,1,N,-73.98187255859375,40.743309020996094,1,7.0,0.0,0.5,1.4,0.0,0.3,9.2
3892,2,2015-01-04 14:15:02,2015-01-04 14:31:04,6,8.05,-73.87297058105469,40.77402114868164,1,N,-73.95320892333984,40.774311065673835,1,23.5,0.0,0.5,7.21,5.33,0.3,36.84
3893,2,2015-01-04 14:15:02,2015-01-04 14:21:17,1,0.71,-73.997802734375,40.72898864746094,1,N,-73.99177551269531,40.72629165649414,1,6.0,0.0,0.5,0.0,0.0,0.3,6.8
3894,1,2015-01-04 14:15:03,2015-01-04 14:17:27,1,0.5,-73.97234344482422,40.79410171508789,1,N,-73.97762298583984,40.7869873046875,2,4.0,0.0,0.5,0.0,0.0,0.0,4.8
3895,1,2015-01-04 14:15:03,2015-01-04 14:26:24,1,1.4,-73.9885482788086,40.73119735717773,1,N,-73.99066162109375,40.74430847167969,1,9.0,0.0,0.5,1.0,0.0,0.0,10.8
3896,2,2015-01-04 14:15:03,2015-01-04 14:22:42,4,1.0,-73.97296142578125,40.7509994506836,1,N,-73.97797393798828,40.7615966796875,2,6.5,0.0,0.5,0.0,0.0,0.3,7.3
3897,2,2015-01-04 14:15:03,2015-01-04 14:48:29,1,17.36,-73.98365783691406,40.72584915161133,2,N,-73.78307342529298,40.64398956298828,1,52.0,0.0,0.5,0.0,0.0,0.3,52.8
3898,2,2015-01-04 14:15:03,2015-01-04 14:18:14,6,1.4,-73.95575714111328,40.77642059326172,1,N,-73.9437484741211,40.79270553588867,2,6.0,0.0,0.5,0.0,0.0,0.3,6.8
3899,2,2015-01-04 14:15:03,2015-01-04 14:34:19,1,9.26,-73.95440673828125,40.765918731689446,1,N,-73.86466979980467,40.77024841308594,1,27.5,0.0,0.5,4.0,5.33,0.3,37.63
3900,1,2015-01-04 14:15:04,2015-01-04 14:22:13,1,2.5,-73.95789337158203,40.765098571777344,1,N,-73.93350982666014,40.795188903808594,2,9.0,0.0,0.5,0.0,0.0,0.0,9.8
3901,1,2015-01-04 14:15:04,2015-01-04 14:28:32,1,2.7,-74.0018539428711,40.75075149536133,1,N,-73.98338317871094,40.726341247558594,1,11.5,0.0,0.5,2.46,0.0,0.0,14.76
3902,2,2015-01-04 14:15:04,2015-01-04 14:32:15,2,2.68,-73.99861145019531,40.72616958618164,1,N,-73.9902801513672,40.756450653076165,1,12.5,0.0,0.5,2.5,0.0,0.3,15.8
3903,2,2015-01-04 14:15:05,2015-01-04 14:54:39,1,19.97,-74.00428009033203,40.7073974609375,2,N,-73.7899398803711,40.64689254760742,2,52.0,0.0,0.5,0.0,0.0,0.3,52.8
3904,2,2015-01-04 14:15:05,2015-01-04 14:22:12,1,1.46,-73.98825073242188,40.74601364135742,1,N,-74.00626373291014,40.73580932617188,1,7.0,0.0,0.5,1.4,0.0,0.3,9.2
3905,2,2015-01-04 14:15:05,2015-01-04 14:52:06,5,11.25,-73.87067413330078,40.7738037109375,1,N,-73.98961639404298,40.7414436340332,1,37.5,0.0,0.5,7.5,0.0,0.3,45.8
3906,2,2015-01-04 14:15:05,2015-01-04 14:33:28,1,3.09,-73.98493957519531,40.75984573364258,1,N,-74.00676727294923,40.73055648803711,1,15.0,0.0,0.5,3.0,0.0,0.3,18.8
3907,1,2015-01-04 14:15:06,2015-01-04 14:43:04,2,14.2,-73.77677154541014,40.64517593383789,1,N,-73.91688537597656,40.76301956176758,2,39.5,0.0,0.5,0.0,0.0,0.0,40.3
3908,1,2015-01-04 14:15:06,2015-01-04 14:23:33,1,1.6,-73.96135711669923,40.76032257080078,1,N,-73.94449615478516,40.77587127685546,1,8.0,0.0,0.5,1.76,0.0,0.0,10.56
3909,2,2015-01-04 14:15:06,2015-01-04 14:26:25,1,1.85,-73.96246337890625,40.77885055541992,1,N,-73.97309875488281,40.75593948364258,2,9.5,0.0,0.5,0.0,0.0,0.3,10.3
3910,2,2015-01-04 14:15:06,2015-01-04 14:20:02,1,1.06,-73.9602813720703,40.77048110961913,1,N,-73.9552993774414,40.78267288208008,2,6.0,0.0,0.5,0.0,0.0,0.3,6.8
3911,1,2015-01-04 14:15:07,2015-01-04 14:25:23,2,1.4,-73.99140167236328,40.75544357299805,1,Y,-73.99510955810547,40.76974487304688,1,8.5,0.0,0.5,0.0,0.0,0.0,9.3
3912,2,2015-01-04 14:29:45,2015-01-04 14:38:51,1,1.0,-73.99102783203125,40.7558708190918,1,N,-73.99767303466798,40.76520156860352,2,7.5,0.0,0.5,0.0,0.0,0.3,8.3
3913,2,2015-01-04 14:29:45,2015-01-04 14:46:23,1,3.55,-73.96627807617188,40.76176071166992,1,N,-74.00119018554686,40.7309799194336,2,14.0,0.0,0.5,0.0,0.0,0.3,14.8
3914,2,2015-01-04 14:29:45,2015-01-04 14:35:29,2,1.69,-73.98678588867188,40.7550163269043,1,N,-74.00247955322266,40.734012603759766,2,7.0,0.0,0.5,0.0,0.0,0.3,7.8
3915,1,2015-01-04 14:29:46,2015-01-04 14:34:15,1,0.5,-73.98959350585938,40.734352111816406,1,N,-73.98260498046875,40.73333358764648,2,5.0,0.0,0.5,0.0,0.0,0.0,5.8
3916,1,2015-01-04 14:29:46,2015-01-04 14:38:07,1,1.7,-74.01020812988281,40.72002410888672,1,N,-73.99279022216798,40.7308349609375,2,8.0,0.0,0.5,0.0,0.0,0.0,8.8
3917,2,2015-01-04 14:29:46,2015-01-04 14:38:57,1,2.43,-73.96537017822266,40.759368896484375,1,N,-73.9900665283203,40.7370491027832,1,10.0,0.0,0.5,2.0,0.0,0.3,12.8
3918,2,2015-01-04 14:29:46,2015-01-04 14:35:46,1,1.4,-73.98226928710938,40.775169372558594,1,N,-73.97376251220702,40.79291534423828,1,7.0,0.0,0.5,1.0,0.0,0.3,8.8
3919,2,2015-01-04 14:29:46,2015-01-04 14:41:53,1,2.82,-73.9852294921875,40.735939025878906,1,N,-73.95906829833984,40.77151870727539,1,11.0,0.0,0.5,2.2,0.0,0.3,14.0
3920,1,2015-01-04 14:29:47,2015-01-04 14:51:27,1,3.4,-73.9930419921875,40.72303771972656,1,N,-73.98500061035155,40.763092041015625,1,16.0,0.0,0.5,3.35,0.0,0.0,20.15
3921,1,2015-01-04 14:29:47,2015-01-04 14:35:54,1,0.7,-73.9611587524414,40.764915466308594,1,N,-73.96906280517578,40.75729751586913,1,5.5,0.0,0.5,1.25,0.0,0.0,7.55
3922,1,2015-01-04 14:29:47,2015-01-04 14:35:44,1,1.2,-73.96337890625,40.773536682128906,1,N,-73.97969055175781,40.77111053466797,1,6.5,0.0,0.5,1.0,0.0,0.0,8.3
3923,2,2015-01-04 14:29:47,2015-01-04 14:43:09,6,2.84,-74.00515747070312,40.74064636230469,1,N,-73.97457885742188,40.7562255859375,2,11.5,0.0,0.5,0.0,0.0,0.3,12.3
3924,1,2015-01-04 14:29:48,2015-01-04 14:38:53,2,1.6,-73.96319580078125,40.774948120117195,1,N,-73.98138427734375,40.7757225036621,2,8.0,0.0,0.5,0.0,0.0,0.0,8.8
3925,1,2015-01-04 14:29:48,2015-01-04 14:36:40,3,1.2,-73.9803009033203,40.74826431274414,1,N,-73.98033905029298,40.735164642333984,2,7.0,0.0,0.5,0.0,0.0,0.0,7.8
3926,1,2015-01-04 14:29:48,2015-01-04 15:08:07,1,21.0,-73.7891845703125,40.64182662963867,2,N,-74.00214385986328,40.70920944213867,1,52.0,0.0,0.5,11.62,5.33,0.0,69.75
3927,2,2015-01-04 14:29:48,2015-01-04 14:44:04,5,3.16,-73.96884155273438,40.76095199584961,1,N,-74.00440216064453,40.73968124389648,1,12.5,0.0,0.5,1.5,0.0,0.3,14.8
3928,2,2015-01-04 14:29:48,2015-01-04 14:32:39,1,0.34,-73.98088836669923,40.7823486328125,1,N,-73.984375,40.78073120117188,2,4.0,0.0,0.5,0.0,0.0,0.3,4.8
3929,2,2015-01-04 14:29:48,2015-01-04 14:55:13,1,2.64,-73.96808624267578,40.762821197509766,1,N,-73.99605560302734,40.753433227539055,2,15.0,0.0,0.5,0.0,0.0,0.3,15.8
3930,1,2015-01-04 14:29:49,2015-01-04 14:39:11,1,0.8,-73.99901580810547,40.68053436279297,1,N,-73.99227142333984,40.689598083496094,1,7.5,0.0,0.5,1.65,0.0,0.0,9.95
3931,2,2015-01-04 14:29:49,2015-01-04 14:42:19,1,3.63,-73.98312377929686,40.76635360717773,1,N,-73.9642105102539,40.81069946289063,1,13.0,0.0,0.5,2.6,0.0,0.3,16.4
3932,2,2015-01-04 14:29:49,2015-01-04 14:40:28,1,2.13,-73.98236846923827,40.77503204345703,1,N,-73.95777130126953,40.77904510498047,1,10.0,0.0,0.5,2.5,0.0,0.3,13.3
3933,2,2015-01-04 14:29:49,2015-01-04 14:39:41,1,2.4,-73.96282958984375,40.77830123901367,1,N,-73.9713363647461,40.80065155029297,1,9.5,0.0,0.5,1.9,0.0,0.3,12.2
3934,2,2015-01-04 14:44:06,2015-01-04 15:04:13,1,7.56,-73.98221588134764,40.75088882446289,1,N,-73.85624694824217,40.7276725769043,2,24.5,0.0,0.5,0.0,5.33,0.3,30.63
3935,1,2015-01-04 14:44:07,2015-01-04 14:55:45,1,2.3,-73.95949554443358,40.782958984375,1,N,-73.98064422607422,40.75370788574219,1,10.5,0.0,0.5,1.0,0.0,0.0,12.3
3936,1,2015-01-04 14:44:07,2015-01-04 15:13:32,1,4.9,-73.982177734375,40.7772331237793,1,N,-73.985107421875,40.72378158569336,1,21.5,0.0,0.5,6.6,0.0,0.0,28.9
3937,2,2015-01-04 14:44:07,2015-01-04 15:03:22,1,3.16,-73.99709320068358,40.719200134277344,1,N,-73.9759292602539,40.757339477539055,1,14.5,0.0,0.5,2.9,0.0,0.3,18.2
3938,2,2015-01-04 14:44:07,2015-01-04 14:58:51,1,1.57,-73.98213958740233,40.75699615478516,1,N,-73.97220611572266,40.745697021484375,2,10.5,0.0,0.5,0.0,0.0,0.3,11.3
3939,2,2015-01-04 14:44:07,2015-01-04 14:50:12,1,0.88,-73.97624206542967,40.76565170288086,1,N,-73.98230743408203,40.77542495727539,1,6.0,0.0,0.5,1.0,0.0,0.3,7.8
3940,2,2015-01-04 14:44:07,2015-01-04 14:48:03,1,0.5,-73.97865295410156,40.757720947265625,1,N,-73.97000122070312,40.75379180908203,2,4.5,0.0,0.5,0.0,0.0,0.3,5.3
3941,1,2015-01-04 14:44:08,2015-01-04 15:04:02,1,10.0,-73.87316131591797,40.77413940429688,1,N,-73.96930694580078,40.75948715209961,1,28.5,0.0,0.5,5.0,5.33,0.0,39.63
3942,1,2015-01-04 14:44:08,2015-01-04 14:57:41,2,1.9,-73.98542022705078,40.76028823852539,1,N,-73.97201538085938,40.76262664794922,2,10.5,0.0,0.5,0.0,0.0,0.0,11.3
3943,1,2015-01-04 14:44:08,2015-01-04 15:15:17,2,16.3,-73.981201171875,40.75357437133789,2,N,-73.78717041015625,40.64751815795898,1,52.0,0.0,0.5,11.56,5.33,0.0,69.69
3944,1,2015-01-04 14:44:08,2015-01-04 14:49:45,1,1.1,-73.95048522949217,40.77971649169922,1,N,-73.95394134521484,40.76668930053711,1,6.0,0.0,0.5,1.0,0.0,0.0,7.8
3945,1,2015-01-04 14:44:08,2015-01-04 14:44:48,1,0.0,-73.98664093017578,40.74958419799805,1,N,-73.98729705810547,40.749977111816406,3,2.5,0.0,0.5,0.0,0.0,0.0,3.3
3946,2,2015-01-04 14:44:08,2015-01-04 15:12:40,2,5.19,-73.97453308105469,40.74217987060546,1,N,-73.95655822753906,40.69702911376953,2,22.5,0.0,0.5,0.0,0.0,0.3,23.3
3947,1,2015-01-04 14:44:09,2015-01-04 14:52:45,1,1.1,-74.00452423095702,40.73387145996094,1,N,-73.99089813232422,40.73452377319336,2,7.5,0.0,0.5,0.0,0.0,0.0,8.3
3948,1,2015-01-04 14:44:09,2015-01-04 14:57:43,1,2.2,-74.01461791992188,40.704681396484375,1,N,-74.0001220703125,40.7236328125,2,11.0,0.0,0.5,0.0,0.0,0.0,11.8
3949,1,2015-01-04 14:44:09,2015-01-04 14:55:41,2,1.6,-73.97545623779298,40.76309585571289,1,N,-73.99115753173827,40.75024032592773,2,9.0,0.0,0.5,0.0,0.0,0.0,9.8
3950,2,2015-01-04 14:44:09,2015-01-04 14:52:27,5,0.9,-73.9642562866211,40.75633239746094,1,N,-73.9642562866211,40.75633239746094,2,7.0,0.0,0.5,0.0,0.0,0.3,7.8
3951,2,2015-01-04 14:44:09,2015-01-04 14:53:35,5,1.41,-73.98128509521484,40.73816680908203,1,N,-74.00449371337889,40.74793243408203,2,8.0,0.0,0.5,0.0,0.0,0.3,8.8
3952,1,2015-01-27 17:17:58,2015-01-27 17:21:19,1,0.7,-73.9619140625,40.77043533325195,1,N,-73.95487976074217,40.77766799926758,1,4.5,1.0,0.5,1.2,0.0,0.3,7.5
3953,1,2015-01-27 17:17:59,2015-01-27 17:25:49,2,1.0,0.0,0.0,1,N,0.0,0.0,2,7.0,1.0,0.5,0.0,0.0,0.3,8.8
3954,1,2015-01-27 17:17:59,2015-01-27 17:23:31,1,1.0,-73.96952056884764,40.7690315246582,1,N,-73.98602294921875,40.77220153808594,1,6.0,1.0,0.5,1.0,0.0,0.3,8.8
3955,1,2015-01-27 17:17:59,2015-01-27 17:28:20,1,3.0,-73.91475677490233,40.746238708496094,1,N,-73.96601867675781,40.76228713989258,1,11.0,1.0,0.5,3.8,0.0,0.3,16.6
3956,1,2015-01-27 17:17:59,2015-01-27 17:24:17,1,1.2,-73.98479461669923,40.75712585449219,1,N,-73.99642944335938,40.7531623840332,2,6.5,1.0,0.5,0.0,0.0,0.3,8.3
3957,1,2015-01-27 17:18:00,2015-01-27 17:34:34,2,4.1,-73.96305084228516,40.76929473876953,1,N,-74.00295257568358,40.721717834472656,1,15.0,1.0,0.5,5.0,0.0,0.3,21.8
3958,1,2015-01-27 17:18:01,2015-01-27 17:26:00,1,1.5,-73.98065948486328,40.73381042480469,1,N,-73.97791290283203,40.74989318847656,1,7.5,1.0,0.5,1.3,0.0,0.3,10.6
3959,1,2015-01-27 17:18:03,2015-01-27 17:24:47,1,1.3,-73.98130798339844,40.769058227539055,1,N,-73.96776580810547,40.7628173828125,1,7.0,1.0,0.5,1.3,0.0,0.3,10.1
3960,1,2015-01-27 17:18:04,2015-01-27 17:28:07,1,2.6,-73.9733123779297,40.76335525512695,1,N,-73.99884033203125,40.73435974121094,1,10.0,1.0,0.5,2.0,0.0,0.3,13.8
3961,1,2015-01-27 17:18:05,2015-01-27 17:26:47,1,1.6,-73.97935485839844,40.74397277832031,1,N,-73.9991455078125,40.74581527709961,1,7.5,1.0,0.5,1.0,0.0,0.3,10.3
3962,1,2015-01-27 17:18:05,2015-01-27 17:26:38,1,1.9,-74.0035629272461,40.740230560302734,1,N,-73.98431396484375,40.75628280639648,1,8.5,1.0,0.5,2.57,0.0,0.3,12.87
3963,2,2015-01-07 03:21:03,2015-01-07 03:36:36,4,5.9,-73.97733306884764,40.72601318359375,1,N,-73.91837310791014,40.758426666259766,1,19.0,0.5,0.5,3.9,0.0,0.3,24.2
3964,2,2015-01-07 03:21:03,2015-01-07 03:29:22,1,2.77,-73.97290802001953,40.75894165039063,1,N,-73.98371124267578,40.7283592224121,1,10.0,0.5,0.5,2.1,0.0,0.3,13.4
3965,2,2015-01-07 03:21:05,2015-01-07 03:31:59,2,4.17,-73.96788787841797,40.75537109375,1,N,-73.92532348632812,40.775440216064446,1,14.0,0.5,0.5,2.9,0.0,0.3,18.2
3966,2,2015-01-07 03:21:09,2015-01-07 03:35:27,1,1.09,-73.9763412475586,40.73973846435546,1,N,-73.99047088623048,40.74836349487305,2,10.0,0.5,0.5,0.0,0.0,0.3,11.3
3967,2,2015-01-07 03:21:13,2015-01-07 03:41:14,6,4.51,-74.00392913818358,40.738327026367195,1,N,-73.95240783691406,40.708831787109375,1,18.0,0.5,0.5,1.5,0.0,0.3,20.8
3968,2,2015-01-07 03:21:18,2015-01-07 03:26:24,5,1.63,-73.97914123535155,40.720111846923835,1,N,-73.98983001708984,40.7341194152832,2,7.0,0.5,0.5,0.0,0.0,0.3,8.3
3969,2,2015-01-07 03:21:20,2015-01-07 03:24:38,1,1.37,-73.96705627441406,40.76022338867188,1,N,-73.95386505126953,40.77522659301758,2,6.0,0.5,0.5,0.0,0.0,0.3,7.3
3970,2,2015-01-07 03:21:27,2015-01-07 03:24:41,1,0.59,-73.96900177001953,40.79004287719727,1,N,-73.96824645996092,40.79331207275391,2,4.5,0.5,0.5,0.0,0.0,0.3,5.8
3971,2,2015-01-07 03:21:32,2015-01-07 03:28:38,1,2.99,-73.98841857910156,40.759010314941406,1,N,-73.96318817138672,40.7959098815918,2,10.5,0.5,0.5,0.0,0.0,0.3,11.8
3972,2,2015-01-07 03:21:39,2015-01-07 03:34:03,3,3.75,-74.01007080078125,40.72975158691406,1,N,-73.99373626708984,40.68678665161133,2,13.5,0.5,0.5,0.0,0.0,0.3,14.8
3973,2,2015-01-07 03:21:43,2015-01-07 03:32:15,2,1.82,-73.9929428100586,40.73666763305664,1,N,-73.98580932617188,40.72064208984375,2,9.5,0.5,0.5,0.0,0.0,0.3,10.8
3974,2,2015-01-07 03:21:44,2015-01-07 03:28:34,1,1.72,-74.01006317138672,40.71206283569336,1,N,-73.98834991455078,40.71844100952149,2,7.5,0.5,0.5,0.0,0.0,0.3,8.8
3975,2,2015-01-07 03:21:48,2015-01-07 03:35:32,5,5.52,-73.93672943115233,40.79651641845703,1,N,-73.98773193359375,40.75138092041016,1,18.0,0.5,0.5,3.7,0.0,0.3,23.0
3976,2,2015-01-07 03:21:49,2015-01-07 03:40:07,1,6.11,-73.99973297119139,40.733901977539055,1,N,-73.9605712890625,40.65948867797852,1,21.0,0.5,0.5,4.3,0.0,0.3,26.6
3977,2,2015-01-07 03:21:54,2015-01-07 03:35:55,1,2.05,-73.98719787597656,40.72941970825195,1,N,-73.99920654296875,40.728118896484375,2,10.5,0.5,0.5,0.0,0.0,0.3,11.8
3978,2,2015-01-07 03:21:56,2015-01-07 03:48:46,2,11.35,-73.98499298095702,40.753814697265625,1,N,-73.84698486328125,40.693336486816406,2,33.0,0.5,0.5,0.0,0.0,0.3,34.3
3979,2,2015-01-07 03:21:57,2015-01-07 03:40:42,5,6.09,-74.00289916992188,40.73331832885742,1,N,-73.98646545410156,40.658935546875,2,20.5,0.5,0.5,0.0,0.0,0.3,21.8
3980,2,2015-01-07 03:21:58,2015-01-07 03:29:13,6,1.52,-73.99356079101561,40.72144317626953,1,N,-74.00577545166014,40.70630645751953,1,8.0,0.5,0.5,1.0,0.0,0.3,10.3
3981,2,2015-01-07 03:22:02,2015-01-07 03:25:32,5,1.54,-73.9793930053711,40.78171157836913,1,N,-73.964111328125,40.79756927490234,2,6.0,0.5,0.5,0.0,0.0,0.3,7.3
3982,2,2015-01-07 03:22:10,2015-01-07 03:23:46,1,0.73,-73.95809936523438,40.76918029785156,1,N,-73.96481323242188,40.760078430175774,1,4.0,0.5,0.5,1.0,0.0,0.3,6.3
3983,2,2015-01-07 03:22:12,2015-01-07 03:30:32,1,3.28,-73.97794342041014,40.74542617797852,1,N,-73.94669342041014,40.782135009765625,2,11.0,0.5,0.5,0.0,0.0,0.3,12.3
3984,2,2015-01-15 13:00:24,2015-01-15 13:07:28,1,0.68,-73.98394012451173,40.74348068237305,1,N,-73.98433685302734,40.74813079833984,1,6.5,0.0,0.5,1.3,0.0,0.3,8.6
3985,2,2015-01-15 13:00:25,2015-01-15 13:04:25,2,0.49,-73.96240234375,40.76057815551758,1,N,-73.96240234375,40.76057815551758,2,4.5,0.0,0.5,0.0,0.0,0.3,5.3
3986,2,2015-01-15 13:00:25,2015-01-15 13:28:26,2,2.7,-74.0026092529297,40.730567932128906,1,N,-73.97310638427734,40.753021240234375,1,17.5,0.0,0.5,3.5,0.0,0.3,21.8
3987,2,2015-01-15 13:00:25,2015-01-15 13:06:46,1,1.06,-73.98848724365233,40.73390579223633,1,N,-73.99185180664062,40.721973419189446,2,6.5,0.0,0.5,0.0,0.0,0.3,7.3
3988,2,2015-01-15 13:00:26,2015-01-15 13:07:01,1,1.46,-73.96180725097656,40.77964782714844,1,N,-73.97747802734375,40.77406311035156,2,7.5,0.0,0.5,0.0,0.0,0.3,8.3
3989,2,2015-01-15 13:00:26,2015-01-15 13:04:54,2,0.39,-73.95309448242188,40.771682739257805,1,N,-73.94829559326173,40.774261474609375,1,4.5,0.0,0.5,1.0,0.0,0.3,6.3
3990,2,2015-01-15 13:00:26,2015-01-15 13:26:50,5,3.43,-73.99061584472656,40.73942947387695,1,N,-73.95460510253906,40.76966857910156,1,18.0,0.0,0.5,1.75,0.0,0.3,20.55
3991,2,2015-01-15 13:00:27,2015-01-15 13:05:16,5,0.91,-73.98199462890625,40.77712631225586,1,N,-73.97454833984375,40.78823471069336,2,5.5,0.0,0.5,0.0,0.0,0.3,6.3
3992,2,2015-01-15 13:00:27,2015-01-15 13:14:21,1,2.12,-73.98072052001953,40.762710571289055,1,N,-74.00498962402342,40.74803924560546,1,11.0,0.0,0.5,1.0,0.0,0.3,12.8
3993,2,2015-01-15 13:00:27,2015-01-15 13:22:27,1,8.85,-73.86420440673827,40.76951599121094,1,N,-73.9775390625,40.751758575439446,1,27.0,0.0,0.5,9.7,5.33,0.3,42.83
3994,2,2015-01-15 13:00:28,2015-01-15 13:07:23,5,1.55,-73.98206329345702,40.77233123779297,1,N,-73.96724700927734,40.78801345825195,1,7.5,0.0,0.5,1.0,0.0,0.3,9.3
3995,2,2015-01-15 13:00:28,2015-01-15 13:07:14,1,0.88,-73.99359130859375,40.74314498901367,1,N,-74.00570678710938,40.749977111816406,1,6.0,0.0,0.5,1.2,0.0,0.3,8.0
3996,2,2015-01-15 13:00:28,2015-01-15 13:03:51,1,0.78,-73.95490264892578,40.78837585449219,1,N,-73.9671401977539,40.79343032836913,1,5.0,0.0,0.5,2.0,0.0,0.3,7.8
3997,2,2015-01-15 13:00:28,2015-01-15 13:33:23,1,5.31,-73.97532653808595,40.74991226196289,1,N,-74.00865173339844,40.72662353515625,1,24.5,0.0,0.5,6.12,0.0,0.3,31.42
3998,2,2015-01-15 13:00:28,2015-01-15 13:06:21,1,1.09,-73.98648834228516,40.76335144042969,1,N,-73.99859619140625,40.7555046081543,2,6.0,0.0,0.5,0.0,0.0,0.3,6.8
3999,2,2015-01-15 13:00:29,2015-01-15 13:14:14,1,0.8,-73.96868133544923,40.76163482666016,1,N,-73.97824859619139,40.75723648071289,1,9.5,0.0,0.5,1.9,0.0,0.3,12.2
4000,2,2015-01-15 13:00:29,2015-01-15 13:54:36,1,17.8,-73.78986358642578,40.643848419189446,2,N,-73.98880004882812,40.74489974975586,1,52.0,0.0,0.5,5.0,5.33,0.3,63.13
4001,2,2015-01-15 13:00:30,2015-01-15 13:20:45,2,6.51,-73.96932983398438,40.75998306274414,1,N,-73.87027740478516,40.7735481262207,2,22.0,0.0,0.5,0.0,0.0,0.3,22.8
4002,2,2015-01-15 13:00:30,2015-01-15 13:06:49,6,1.04,-73.98922729492188,40.76315307617188,1,N,-74.00102996826173,40.75723648071289,1,6.5,0.0,0.5,1.3,0.0,0.3,8.6
4003,2,2015-01-15 13:00:31,2015-01-15 13:13:40,3,2.98,-74.00582122802734,40.71735763549805,1,N,-73.96112060546875,40.70769882202149,2,12.5,0.0,0.5,0.0,0.0,0.3,13.3
4004,2,2015-01-15 13:00:32,2015-01-15 13:02:56,2,0.69,-73.99308776855469,40.762859344482415,1,N,-73.98664093017578,40.771602630615234,2,4.0,0.0,0.5,0.0,0.0,0.3,4.8
4005,2,2015-01-15 13:00:32,2015-01-15 13:22:45,1,1.8,-73.97036743164062,40.761913299560554,1,N,-73.98843383789062,40.74408721923828,2,14.5,0.0,0.5,0.0,0.0,0.3,15.3
4006,2,2015-01-13 18:37:53,2015-01-13 19:07:48,1,9.67,-73.77677917480467,40.645755767822266,1,N,-73.91346740722656,40.660301208496094,2,30.5,1.0,0.5,0.0,0.0,0.3,32.3
4007,2,2015-01-13 18:37:53,2015-01-13 18:41:48,1,1.04,-74.00611114501953,40.733158111572266,1,N,-74.00469970703125,40.74489974975586,1,5.0,1.0,0.5,1.2,0.0,0.3,8.0
4008,2,2015-01-13 18:37:53,2015-01-13 18:47:13,3,2.32,-73.98883056640625,40.7581787109375,1,N,-74.00440979003906,40.7337303161621,2,9.5,1.0,0.5,0.0,0.0,0.3,11.3
4009,2,2015-01-13 18:37:53,2015-01-13 18:46:10,1,0.89,-73.97528839111328,40.755420684814446,1,N,-73.9735336303711,40.76485061645508,1,7.0,1.0,0.5,1.6,0.0,0.3,10.4
4010,2,2015-01-13 18:37:53,2015-01-13 18:54:22,1,1.2,-73.97519683837889,40.75286865234375,1,N,-73.99124145507811,40.74983978271485,1,11.0,1.0,0.5,2.4,0.0,0.3,15.2
4011,2,2015-01-13 18:37:53,2015-01-13 18:40:44,1,0.65,-74.00200653076173,40.73516082763672,1,N,-74.00041198730467,40.742130279541016,1,4.0,1.0,0.5,1.5,0.0,0.3,7.3
4012,2,2015-01-13 18:37:53,2015-01-14 18:36:39,1,2.73,-73.97444915771484,40.752071380615234,1,N,-74.0089111328125,40.73566818237305,1,13.5,1.0,0.5,1.45,0.0,0.3,16.75
4013,2,2015-01-13 18:37:53,2015-01-13 18:44:29,1,1.42,-73.9698486328125,40.75297164916992,1,N,-73.98397827148438,40.73756790161133,1,6.5,1.0,0.5,1.5,0.0,0.3,9.8
4014,2,2015-01-13 18:37:54,2015-01-13 18:59:23,1,4.78,-74.00007629394531,40.74296188354492,1,N,-73.96206665039062,40.79513931274414,2,18.0,1.0,0.5,0.0,0.0,0.3,19.8
4015,2,2015-01-13 18:37:54,2015-01-13 18:46:39,1,1.67,-73.97169494628906,40.757118225097656,1,N,-73.95638275146483,40.77480697631836,1,8.0,1.0,0.5,1.8,0.0,0.3,11.6
4016,2,2015-01-13 18:37:54,2015-01-13 18:44:14,5,0.87,-73.95933532714845,40.77428436279297,1,N,-73.9636993408203,40.76437377929688,2,6.0,1.0,0.5,0.0,0.0,0.3,7.8
4017,2,2015-01-13 18:37:55,2015-01-13 18:46:35,1,1.28,-73.98589324951173,40.75844955444336,1,N,-73.98954010009764,40.77138900756836,1,7.5,1.0,0.5,1.7,0.0,0.3,11.0
4018,2,2015-01-13 18:37:55,2015-01-13 18:52:48,2,1.3,-73.97566223144531,40.76031875610352,1,N,-73.99050903320312,40.75614929199219,1,10.0,1.0,0.5,2.2,0.0,0.3,14.0
4019,2,2015-01-13 18:37:55,2015-01-13 18:50:18,1,2.59,-73.9824676513672,40.7634391784668,1,N,-73.97519683837889,40.79257583618164,1,11.0,1.0,0.5,1.0,0.0,0.3,13.8
4020,2,2015-01-13 18:37:55,2015-01-13 18:50:49,1,2.24,-73.99553680419923,40.724876403808594,1,N,-73.99059295654298,40.750244140625,1,10.5,1.0,0.5,2.3,0.0,0.3,14.6
4021,2,2015-01-13 18:37:56,2015-01-13 19:02:49,2,4.06,-73.98892974853516,40.763370513916016,1,N,-73.98281860351561,40.72288131713867,2,18.0,1.0,0.5,0.0,0.0,0.3,19.8
4022,2,2015-01-13 18:37:56,2015-01-13 18:58:42,1,8.76,-73.86547088623048,40.7707405090332,1,N,-73.97976684570312,40.74470138549805,1,26.5,1.0,0.5,6.57,5.33,0.3,40.2
4023,2,2015-01-13 18:37:56,2015-01-13 18:50:29,3,2.0,-73.96707153320312,40.75307083129882,1,N,-73.94673156738281,40.77223587036133,1,10.0,1.0,0.5,2.2,0.0,0.3,14.0
4024,2,2015-01-13 18:37:56,2015-01-13 18:45:59,1,1.16,-73.98651885986328,40.730262756347656,1,N,-74.00560760498048,40.73305130004882,1,7.0,1.0,0.5,2.4,0.0,0.3,11.2
4025,2,2015-01-13 18:37:57,2015-01-13 18:39:05,1,0.41,-73.98191833496092,40.77851104736328,1,N,-73.97673034667967,40.77996063232422,1,3.5,1.0,0.5,1.0,0.0,0.3,6.3
4026,2,2015-01-13 18:37:57,2015-01-13 18:38:33,1,0.0,-73.98120880126953,40.733104705810554,2,N,-73.98119354248048,40.73310089111328,2,52.0,0.0,0.5,0.0,0.0,0.3,52.8
4027,2,2015-01-06 07:34:41,2015-01-06 07:46:31,6,2.05,-73.9770278930664,40.76430130004882,1,N,-73.97283935546875,40.79049682617188,1,10.0,0.0,0.5,1.0,0.0,0.3,11.8
4028,2,2015-01-06 07:34:42,2015-01-06 07:48:01,4,3.19,-73.98400115966798,40.727142333984375,1,N,-74.00498962402342,40.70682144165039,1,13.0,0.0,0.5,2.6,0.0,0.3,16.4
4029,2,2015-01-06 07:34:43,2015-01-06 07:43:40,1,1.53,-73.97286224365233,40.75510025024414,1,N,-73.95494079589844,40.76514053344727,2,8.0,0.0,0.5,0.0,0.0,0.3,8.8
4030,2,2015-01-06 07:34:43,2015-01-06 07:43:23,1,1.94,-73.97282409667967,40.7855224609375,1,N,-73.9664306640625,40.76648712158203,2,8.5,0.0,0.5,0.0,0.0,0.3,9.3
4031,2,2015-01-06 07:34:43,2015-01-06 07:39:54,1,1.47,-73.99169921875,40.759910583496094,1,N,-73.99111938476561,40.74531936645508,2,6.5,0.0,0.5,0.0,0.0,0.3,7.3
4032,2,2015-01-06 07:34:44,2015-01-06 07:40:43,1,1.43,-73.98516082763672,40.73590850830078,1,N,-73.972412109375,40.75381088256836,1,7.0,0.0,0.5,1.4,0.0,0.3,9.2
4033,2,2015-01-06 07:34:44,2015-01-06 07:48:22,2,2.56,-73.99015045166014,40.75671005249024,1,N,-74.006103515625,40.72689056396485,1,11.5,0.0,0.5,2.3,0.0,0.3,14.6
4034,2,2015-01-06 07:34:45,2015-01-06 08:01:49,2,3.28,-73.97160339355469,40.79733276367188,1,N,-73.96945190429686,40.763458251953125,1,18.5,0.0,0.5,1.0,0.0,0.3,20.3
4035,2,2015-01-06 07:34:45,2015-01-06 07:39:42,6,1.29,-73.99176025390625,40.749019622802734,1,N,-73.98906707763672,40.73656845092773,2,6.0,0.0,0.5,0.0,0.0,0.3,6.8
4036,2,2015-01-06 07:34:45,2015-01-06 07:37:01,1,0.79,-74.00200653076173,40.682476043701165,1,N,-73.9939193725586,40.68785858154297,2,4.0,0.0,0.5,0.0,0.0,0.3,4.8
4037,2,2015-01-06 07:34:45,2015-01-06 07:39:21,2,1.12,-73.97168731689453,40.795196533203125,1,N,-73.9705581665039,40.78368377685546,1,5.5,0.0,0.5,1.1,0.0,0.3,7.4
4038,2,2015-01-06 07:34:46,2015-01-06 07:41:25,5,1.24,-73.96324157714845,40.771915435791016,1,N,-73.97267913818358,40.758296966552734,1,7.0,0.0,0.5,1.0,0.0,0.3,8.8
4039,2,2015-01-06 07:34:46,2015-01-06 08:01:23,1,3.27,-73.95330047607422,40.77592086791992,1,N,-73.98189544677734,40.758392333984375,1,18.0,0.0,0.5,3.6,0.0,0.3,22.4
4040,2,2015-01-06 07:34:48,2015-01-06 07:56:46,1,8.3,-73.94255828857422,40.83747863769531,1,N,-73.99832153320312,40.74031829833984,1,26.0,0.0,0.5,5.0,0.0,0.3,31.8
4041,2,2015-01-06 07:34:48,2015-01-06 07:48:39,1,2.88,-73.9799575805664,40.73481369018555,1,N,-73.9986572265625,40.721336364746094,1,12.5,0.0,0.5,2.5,0.0,0.3,15.8
4042,2,2015-01-06 07:34:48,2015-01-06 07:43:30,2,0.77,-73.9739532470703,40.747520446777344,1,N,-73.98426055908203,40.74918365478516,1,7.0,0.0,0.5,1.75,0.0,0.3,9.55
4043,2,2015-01-06 07:34:49,2015-01-06 07:40:45,6,0.86,-73.9576873779297,40.77951049804688,1,N,-73.96842956542967,40.78654098510742,1,6.0,0.0,0.5,1.8,0.0,0.3,8.6
4044,2,2015-01-06 07:34:49,2015-01-06 07:36:56,5,0.56,-74.00003814697266,40.743263244628906,1,N,-73.99237823486328,40.74285888671875,1,4.0,0.0,0.5,1.0,0.0,0.3,5.8
4045,2,2015-01-06 07:34:49,2015-01-06 07:45:52,2,2.35,-73.99732971191406,40.75293350219727,1,N,-73.97356414794923,40.76458358764648,2,10.0,0.0,0.5,0.0,0.0,0.3,10.8
4046,2,2015-01-06 07:34:49,2015-01-06 07:41:36,2,1.01,-73.98451232910156,40.758655548095696,1,N,-73.9808120727539,40.76383209228516,2,6.5,0.0,0.5,0.0,0.0,0.3,7.3
4047,2,2015-01-06 07:34:49,2015-01-06 07:49:03,1,4.96,-73.96627807617188,40.75787353515625,1,N,-74.00337982177734,40.70616149902344,1,16.5,0.0,0.5,0.0,0.0,0.3,17.3
4048,1,2015-01-15 16:15:06,2015-01-15 16:22:16,2,0.4,-73.98771667480467,40.76527786254882,1,N,-73.99243927001953,40.758613586425774,2,6.0,1.0,0.5,0.0,0.0,0.3,7.8
4049,1,2015-01-15 16:15:08,2015-01-15 16:31:39,1,1.3,-73.9785614013672,40.75917816162109,1,N,-73.96459197998048,40.77014923095703,1,11.5,1.0,0.5,3.95,0.0,0.3,17.25
4050,1,2015-01-15 16:15:08,2015-01-15 16:27:12,1,1.8,-73.95333862304686,40.775875091552734,1,N,-73.97420501708984,40.76249313354492,1,10.0,1.0,0.5,1.0,0.0,0.3,12.8
4051,1,2015-01-15 16:15:09,2015-01-15 17:41:40,1,17.5,-73.9734649658203,40.76193237304688,2,N,-73.77632141113281,40.64536285400391,1,52.0,0.0,0.5,11.6,5.33,0.3,69.73
4052,1,2015-01-15 16:15:09,2015-01-15 16:30:30,1,2.0,-73.97972869873048,40.75543212890625,1,N,-74.00585174560547,40.750015258789055,1,11.0,1.0,0.5,2.55,0.0,0.3,15.35
4053,1,2015-01-15 16:15:10,2015-01-15 16:20:58,1,1.2,-73.9908676147461,40.7397346496582,1,N,-74.00533294677734,40.72888946533203,1,6.5,1.0,0.5,1.65,0.0,0.3,9.95
4054,1,2015-01-15 16:15:11,2015-01-15 16:27:46,2,1.9,-73.94491577148438,40.78725814819336,1,N,-73.96475982666014,40.766845703125,1,10.0,1.0,0.5,2.35,0.0,0.3,14.15
4055,1,2015-01-15 16:15:11,2015-01-15 16:19:27,1,0.7,-73.99758148193358,40.7571678161621,1,N,-73.99093627929686,40.7505989074707,2,5.0,1.0,0.5,0.0,0.0,0.3,6.8
4056,1,2015-01-15 16:15:12,2015-01-15 16:21:58,1,1.3,-73.96144866943358,40.796211242675774,1,N,-73.95172882080078,40.79127502441406,1,7.0,1.0,0.5,1.2,0.0,0.3,10.0
4057,1,2015-01-15 16:15:12,2015-01-15 16:26:52,1,0.9,-73.95589447021484,40.76813125610352,1,N,-73.95026397705078,40.77588653564453,2,8.0,1.0,0.5,0.0,0.0,0.3,9.8
4058,1,2015-01-15 16:15:12,2015-01-15 16:25:05,1,1.0,-74.00468444824217,40.741920471191406,1,N,-73.9969482421875,40.73247909545898,1,7.5,1.0,0.5,2.0,0.0,0.3,11.3
4059,1,2015-01-15 16:15:12,2015-01-15 16:24:15,1,1.9,-73.96831512451173,40.762115478515625,1,N,-73.98865509033203,40.74543762207031,2,8.5,1.0,0.5,0.0,0.0,0.3,10.3
4060,1,2015-01-15 16:15:13,2015-01-15 16:54:23,1,3.0,-73.98867797851561,40.72248840332031,1,N,-73.96942901611328,40.758060455322266,1,23.5,1.0,0.5,1.5,0.0,0.3,26.8
4061,1,2015-01-15 16:15:13,2015-01-15 16:20:24,4,0.9,-73.99147033691406,40.73180389404297,1,N,-74.00096893310547,40.72187042236328,2,5.5,1.0,0.5,0.0,0.0,0.3,7.3
4062,1,2015-01-15 16:15:13,2015-01-15 16:57:11,3,9.4,-73.97647857666014,40.682899475097656,1,N,-73.93531036376953,40.751277923583984,1,32.5,1.0,0.5,6.85,0.0,0.3,41.15
4063,1,2015-01-15 16:15:14,2015-01-15 16:20:44,1,1.2,-73.99559020996092,40.72466659545898,1,N,-73.97787475585938,40.72603988647461,1,6.0,1.0,0.5,1.55,0.0,0.3,9.35
4064,1,2015-01-15 16:15:14,2015-01-15 16:22:12,1,1.2,-73.96570587158203,40.79310989379882,1,N,-73.96710205078125,40.80596923828125,2,6.5,1.0,0.5,0.0,0.0,0.3,8.3
4065,1,2015-01-15 16:15:15,2015-01-15 16:25:21,1,0.7,-73.9715576171875,40.757354736328125,1,N,-73.97588348388672,40.76388931274414,2,7.5,1.0,0.5,0.0,0.0,0.3,9.3
4066,1,2015-01-15 16:15:16,2015-01-15 16:21:11,4,0.6,-73.96743774414062,40.772254943847656,1,N,-73.97332763671875,40.76402282714844,2,5.5,1.0,0.5,0.0,0.0,0.3,7.3
4067,1,2015-01-15 16:15:17,2015-01-15 16:18:45,1,0.7,-73.96317291259764,40.77154922485352,1,N,-73.9573745727539,40.77992630004882,2,4.5,0.0,0.5,0.0,0.0,0.3,5.3
4068,1,2015-01-15 16:15:17,2015-01-15 16:26:12,1,1.2,-73.96286010742188,40.76944732666016,1,N,-73.9758071899414,40.75884628295898,1,8.5,1.0,0.5,2.05,0.0,0.3,12.35
4069,1,2015-01-15 16:15:17,2015-01-15 16:26:24,2,1.5,-73.9869384765625,40.73392868041992,1,N,-74.00929260253906,40.73192596435546,2,9.0,1.0,0.5,0.0,0.0,0.3,10.8
4070,2,2015-01-13 17:55:37,2015-01-13 18:00:08,1,0.61,-73.98214721679686,40.76841735839844,1,N,-73.98793029785155,40.76502227783203,2,5.0,1.0,0.5,0.0,0.0,0.3,6.8
4071,2,2015-01-13 17:55:37,2015-01-13 18:07:32,2,1.28,-74.01427459716798,40.715370178222656,1,N,-73.99921417236328,40.72317123413086,1,9.0,1.0,0.5,1.0,0.0,0.3,11.8
4072,2,2015-01-13 17:55:37,2015-01-13 18:04:05,1,0.87,-73.99292755126953,40.74264907836913,1,N,-73.9908676147461,40.73429107666016,1,7.0,1.0,0.5,1.6,0.0,0.3,10.4
4073,2,2015-01-20 19:49:02,2015-01-20 20:01:48,1,2.27,-73.99427032470702,40.75149917602539,1,N,-73.98616790771484,40.776981353759766,1,10.5,1.0,0.5,2.5,0.0,0.3,14.8
4074,2,2015-01-20 19:49:02,2015-01-20 19:59:50,2,2.13,-74.005126953125,40.72112655639648,1,N,-73.98851776123048,40.74799346923828,1,9.5,1.0,0.5,2.26,0.0,0.3,13.56
4075,2,2015-01-20 19:49:02,2015-01-20 20:00:43,1,2.47,-73.99674224853516,40.7256088256836,1,N,-74.0035400390625,40.750770568847656,1,11.0,1.0,0.5,0.0,0.0,0.3,12.8
4076,2,2015-01-20 19:49:02,2015-01-20 19:56:46,1,3.26,-73.9871826171875,40.72251892089844,1,N,-74.01080322265625,40.70343017578125,2,11.5,1.0,0.5,0.0,0.0,0.3,13.3
4077,2,2015-01-20 19:49:02,2015-01-20 19:52:24,1,0.67,-73.98689270019531,40.7662353515625,1,N,-73.99324798583984,40.757637023925774,1,4.5,1.0,0.5,1.1,0.0,0.3,7.4
4078,2,2015-01-20 19:49:03,2015-01-20 20:00:10,2,1.84,-74.0029067993164,40.73111343383789,1,N,-73.98313140869139,40.73958587646485,1,9.5,1.0,0.5,2.62,0.0,0.3,13.92
4079,2,2015-01-20 19:49:03,2015-01-20 20:08:38,6,7.22,-73.98690795898438,40.740848541259766,1,N,-73.95319366455078,40.81438064575195,2,23.0,1.0,0.5,0.0,0.0,0.3,24.8
4080,2,2015-01-20 19:49:03,2015-01-20 19:56:41,1,1.8,-73.9807891845703,40.76779556274414,1,N,-73.95951080322266,40.7762451171875,1,7.5,1.0,0.5,1.7,0.0,0.3,11.0
4081,2,2015-01-20 19:49:03,2015-01-20 19:55:58,1,1.12,-73.98809051513672,40.728191375732415,1,N,-73.99835205078125,40.71929168701172,2,6.5,1.0,0.5,0.0,0.0,0.3,8.3
4082,2,2015-01-20 19:49:03,2015-01-20 19:57:54,1,2.87,-73.97547912597656,40.792091369628906,1,N,-73.99973297119139,40.76144027709961,2,11.0,1.0,0.5,0.0,0.0,0.3,12.8
4083,2,2015-01-20 19:49:03,2015-01-20 20:17:21,1,17.84,-73.78823852539062,40.64170837402344,2,N,-73.9923324584961,40.74118041992188,1,52.0,0.0,0.5,11.63,5.33,0.3,69.76
4084,2,2015-01-20 19:49:04,2015-01-20 20:02:29,1,2.67,-73.97949981689453,40.760417938232415,1,N,-73.9842300415039,40.73046875,1,11.5,1.0,0.5,2.5,0.0,0.3,15.8
4085,2,2015-01-20 19:49:05,2015-01-20 20:00:06,2,1.79,-73.97828674316406,40.75643539428711,1,N,-73.99092102050781,40.73446273803711,1,9.0,1.0,0.5,2.0,0.0,0.3,12.8
4086,2,2015-01-20 19:49:05,2015-01-20 20:01:06,1,1.88,-73.98365783691406,40.75680541992188,1,N,-73.98890686035155,40.77449798583984,2,10.0,1.0,0.5,0.0,0.0,0.3,11.8
4087,2,2015-01-20 19:49:05,2015-01-20 19:53:45,1,1.15,-73.99765014648438,40.72253036499024,1,N,-73.99951934814453,40.733848571777344,1,5.5,1.0,0.5,1.3,0.0,0.3,8.6
4088,2,2015-01-20 19:49:05,2015-01-20 19:56:13,2,1.35,-73.98207092285155,40.758331298828125,1,N,-73.9866485595703,40.77191925048828,1,7.0,1.0,0.5,2.0,0.0,0.3,10.8
4089,2,2015-01-20 19:49:05,2015-01-20 20:00:08,1,1.66,-73.9796371459961,40.786327362060554,1,N,-73.96055603027344,40.77264404296875,1,9.5,1.0,0.5,3.15,0.0,0.3,14.45
4090,2,2015-01-20 19:49:06,2015-01-20 20:01:31,2,0.98,-73.98001098632812,40.74602890014648,1,N,-73.99410247802734,40.74627685546875,1,9.0,1.0,0.5,2.0,0.0,0.3,12.8
4091,2,2015-01-20 19:49:06,2015-01-20 19:57:13,1,1.57,-73.98184967041014,40.7700080871582,1,N,-73.975341796875,40.790542602539055,1,8.0,1.0,0.5,1.0,0.0,0.3,10.8
4092,2,2015-01-20 19:49:07,2015-01-20 19:56:35,2,1.34,-73.96802520751953,40.77113342285156,1,N,-73.98180389404298,40.770015716552734,2,7.0,1.0,0.5,0.0,0.0,0.3,8.8
4093,2,2015-01-20 19:49:07,2015-01-20 19:59:25,1,2.28,-73.95824432373048,40.7134895324707,1,N,-73.99250030517578,40.715091705322266,1,10.5,1.0,0.5,2.3,0.0,0.3,14.6
4094,2,2015-01-27 18:48:50,2015-01-27 18:55:36,6,1.38,-73.96973419189453,40.76321029663086,1,N,-73.97944641113281,40.74654769897461,2,7.0,1.0,0.5,0.0,0.0,0.3,8.8
4095,2,2015-01-27 18:48:51,2015-01-27 18:59:35,2,2.32,-74.0027618408203,40.73378753662109,1,N,-73.9891357421875,40.75680160522461,2,10.0,1.0,0.5,0.0,0.0,0.3,11.8
4096,2,2015-01-27 18:48:51,2015-01-27 19:01:21,5,2.86,-73.99333190917967,40.727981567382805,1,N,-73.95664978027344,40.712905883789055,1,12.5,1.0,0.5,3.58,0.0,0.3,17.88
4097,2,2015-01-27 18:48:51,2015-01-27 18:54:52,1,1.31,-73.95947265625,40.718170166015625,1,N,-73.944091796875,40.71258163452149,1,6.0,1.0,0.5,1.0,0.0,0.3,8.8
4098,2,2015-01-27 18:48:52,2015-01-27 19:01:44,2,2.01,-73.95867156982422,40.760231018066406,1,N,-73.98839569091797,40.764347076416016,1,10.0,1.0,0.5,1.08,0.0,0.3,12.88
4099,2,2015-01-27 18:48:52,2015-01-27 18:51:28,1,0.23,-73.96399688720702,40.75393295288086,1,N,-73.96514892578125,40.7561912536621,2,3.5,1.0,0.5,0.0,0.0,0.3,5.3
4100,2,2015-01-27 18:48:52,2015-01-27 18:52:14,1,0.44,-73.95662689208984,40.77838516235352,1,N,-73.95184326171875,40.78118515014648,1,4.0,1.0,0.5,1.16,0.0,0.3,6.96
4101,2,2015-01-27 18:48:53,2015-01-27 19:01:26,2,3.15,-73.98448944091797,40.76974105834961,1,N,-73.9495391845703,40.776660919189446,2,12.0,1.0,0.5,0.0,0.0,0.3,13.8
4102,2,2015-01-27 18:48:53,2015-01-27 18:56:20,1,1.73,-73.99342346191406,40.74191284179688,1,N,-73.97425079345702,40.75170135498047,1,7.5,1.0,0.5,1.86,0.0,0.3,11.16
4103,2,2015-01-27 18:48:53,2015-01-27 18:50:25,2,0.52,-74.00025939941406,40.73263168334961,1,N,-73.99598693847656,40.73844146728516,2,3.5,1.0,0.5,0.0,0.0,0.3,5.3
4104,2,2015-01-27 18:48:53,2015-01-27 18:52:48,1,0.59,-73.9710693359375,40.75934219360352,1,N,-73.96578979492188,40.7632942199707,1,4.5,1.0,0.5,1.1,0.0,0.3,7.4
4105,2,2015-01-27 18:48:53,2015-01-27 19:13:37,4,19.01,-73.78501892089844,40.64852523803711,1,N,-73.9964141845703,40.695438385009766,2,50.0,1.0,0.5,0.0,0.0,0.3,51.8
4106,2,2015-01-27 18:48:54,2015-01-27 18:55:51,1,1.24,-73.98954772949219,40.74411010742188,1,N,-73.99492645263672,40.728790283203125,1,6.5,1.0,0.5,1.0,0.0,0.3,9.3
4107,2,2015-01-27 18:48:54,2015-01-27 19:05:32,2,5.63,-74.00244140625,40.73427581787109,1,N,-73.98571014404298,40.669937133789055,1,18.0,1.0,0.5,3.8,0.0,0.3,23.6
4108,2,2015-01-27 18:48:55,2015-01-27 19:00:08,1,2.0,-73.98776245117188,40.74159240722656,1,N,-74.00537872314453,40.73673629760742,1,9.5,1.0,0.5,1.0,0.0,0.3,12.3
4109,2,2015-01-27 18:48:55,2015-01-27 19:12:02,1,5.23,-73.95574951171875,40.76382827758789,1,N,-73.99953460693358,40.75078582763672,2,19.5,1.0,0.5,0.0,0.0,0.3,21.3
4110,2,2015-01-27 18:48:55,2015-01-27 18:57:51,1,1.95,-73.96683502197266,40.763370513916016,1,N,-73.95011901855469,40.782051086425774,1,9.0,1.0,0.5,1.0,0.0,0.3,11.8
4111,2,2015-01-27 18:48:55,2015-01-27 18:52:01,5,0.76,-73.99620056152342,40.732120513916016,1,N,-73.99507904052734,40.72497177124024,2,4.5,1.0,0.5,0.0,0.0,0.3,6.3
4112,2,2015-01-27 18:48:56,2015-01-27 18:55:29,1,1.96,-73.971435546875,40.78226089477539,1,N,-73.95260620117188,40.80503845214844,2,8.0,1.0,0.5,0.0,0.0,0.3,9.8
4113,2,2015-01-27 18:48:56,2015-01-27 18:59:40,1,3.04,-73.95581817626953,40.77978897094727,1,N,-73.98587799072266,40.749210357666016,1,11.0,1.0,0.5,0.0,0.0,0.3,12.8
4114,2,2015-01-27 18:48:56,2015-01-27 18:57:26,2,1.38,-73.9584732055664,40.781646728515625,1,N,-73.9769515991211,40.79009628295898,1,7.5,1.0,0.5,1.0,0.0,0.3,10.3
4115,1,2015-01-15 16:37:13,2015-01-15 16:43:05,1,0.9,-73.99183654785155,40.73133087158203,1,N,-74.00152587890625,40.71900177001953,1,6.0,1.0,0.5,1.0,0.0,0.3,8.8
4116,1,2015-01-15 16:37:13,2015-01-15 17:34:06,1,12.1,-73.86609649658203,40.770790100097656,1,N,-74.00799560546875,40.715625762939446,1,41.0,1.0,0.5,8.55,0.0,0.3,51.35
4117,1,2015-01-15 16:37:13,2015-01-15 16:58:12,1,2.4,-73.99493408203125,40.726112365722656,1,N,-73.98494720458984,40.75373458862305,2,14.5,1.0,0.5,0.0,0.0,0.3,16.3
4118,1,2015-01-15 16:37:13,2015-01-15 16:58:21,1,2.7,-73.9521255493164,40.791465759277344,1,N,-73.98534393310547,40.781349182128906,2,15.0,1.0,0.5,0.0,0.0,0.3,16.8
4119,1,2015-01-15 16:37:13,2015-01-15 16:52:30,1,4.7,-73.97445678710938,40.73239135742188,1,N,-73.98916625976561,40.69210433959961,1,15.5,1.0,0.5,2.0,0.0,0.3,19.3
4120,1,2015-01-15 16:37:13,2015-01-15 16:44:28,1,1.5,-73.97393035888672,40.75633239746094,1,N,-73.98785400390625,40.73786163330078,2,7.5,1.0,0.5,0.0,0.0,0.3,9.3
4121,1,2015-01-15 16:37:14,2015-01-15 16:48:50,1,1.7,-73.9597930908203,40.76763534545898,1,N,-73.97852325439453,40.77726364135742,1,9.5,1.0,0.5,2.26,0.0,0.3,13.56
4122,1,2015-01-15 16:37:15,2015-01-15 16:41:16,1,0.5,-73.95784759521484,40.780609130859375,1,N,-73.9491958618164,40.77706146240234,2,5.0,1.0,0.5,0.0,0.0,0.3,6.8
4123,1,2015-01-15 16:37:15,2015-01-15 16:56:39,1,5.9,-73.87094116210938,40.773807525634766,1,N,-73.86907958984375,40.720664978027344,1,19.0,1.0,0.5,4.15,0.0,0.3,24.95
4124,1,2015-01-15 16:37:15,2015-01-15 16:41:45,1,0.5,-73.98433685302734,40.75453567504882,1,N,-73.9902114868164,40.75172805786133,2,5.0,1.0,0.5,0.0,0.0,0.3,6.8
4125,1,2015-01-15 16:37:16,2015-01-15 16:49:23,1,2.0,-73.95713043212889,40.78568649291992,1,N,-73.98223114013672,40.77885055541992,1,10.0,1.0,0.5,2.35,0.0,0.3,14.15
4126,1,2015-01-15 16:37:16,2015-01-15 16:42:53,2,0.8,-73.97882080078125,40.77755737304688,1,N,-73.9798355102539,40.78605270385742,1,6.0,1.0,0.5,1.56,0.0,0.3,9.36
4127,1,2015-01-15 16:37:16,2015-01-15 16:45:03,1,1.4,-74.0067138671875,40.731006622314446,1,N,-73.99534606933594,40.74957656860352,2,7.5,1.0,0.5,0.0,0.0,0.3,9.3
4128,1,2015-01-15 16:37:16,2015-01-15 16:41:30,4,0.9,-73.96563720703125,40.76203536987305,1,N,-73.96562957763672,40.77195358276367,1,5.0,1.0,0.5,1.0,0.0,0.3,7.8
4129,1,2015-01-15 16:37:17,2015-01-15 16:43:41,2,1.1,-73.96231842041014,40.77893829345703,1,N,-73.972412109375,40.76510238647461,1,6.5,1.0,0.5,1.65,0.0,0.3,9.95
4130,1,2015-01-15 16:37:17,2015-01-15 16:44:55,2,1.4,-73.9732894897461,40.78509521484375,1,N,-73.98921966552734,40.77438735961913,1,7.5,1.0,0.5,1.86,0.0,0.3,11.16
4131,1,2015-01-15 16:37:17,2015-01-15 16:50:58,2,2.8,-74.01005554199219,40.72147750854492,1,N,-73.99322509765625,40.74566650390625,1,12.5,1.0,0.5,2.85,0.0,0.3,17.15
4132,1,2015-01-15 16:37:18,2015-01-15 16:43:02,1,0.6,-73.9962387084961,40.763893127441406,1,N,-73.99291229248048,40.758033752441406,1,5.5,1.0,0.5,1.45,0.0,0.3,8.75
4133,1,2015-01-15 16:37:18,2015-01-15 16:46:42,1,1.9,-73.9930191040039,40.75408172607422,1,N,-73.98299407958984,40.77685546875,2,9.0,1.0,0.5,0.0,0.0,0.3,10.8
4134,1,2015-01-15 16:37:18,2015-01-15 16:50:36,1,2.4,-73.98065948486328,40.764869689941406,1,N,-73.99121856689453,40.73599624633789,1,11.0,1.0,0.5,2.55,0.0,0.3,15.35
4135,1,2015-01-15 16:37:19,2015-01-15 16:40:30,1,0.6,-73.97776794433594,40.78392791748047,1,N,-73.97711944580078,40.79111099243164,1,4.5,1.0,0.5,1.0,0.0,0.3,7.3
4136,1,2015-01-15 16:37:19,2015-01-15 16:41:59,1,0.8,-73.966064453125,40.765380859375,1,N,-73.9729232788086,40.7558479309082,1,5.0,1.0,0.5,1.7,0.0,0.3,8.5
4137,1,2015-01-27 18:48:23,2015-01-27 18:57:58,1,1.5,-73.9788818359375,40.73643493652344,1,N,-73.9988021850586,40.73432540893555,2,8.0,1.0,0.5,0.0,0.0,0.3,9.8
4138,1,2015-01-27 18:48:23,2015-01-27 18:51:05,1,0.4,-73.97315216064453,40.795387268066406,1,N,-73.97095489501953,40.8009147644043,2,4.0,1.0,0.5,0.0,0.0,0.3,5.8
4139,1,2015-01-27 18:48:25,2015-01-27 19:07:09,1,4.1,-73.99192047119139,40.74983215332031,1,N,-73.95455932617188,40.78003692626953,2,15.5,1.0,0.5,0.0,0.0,0.3,17.3
4140,1,2015-01-27 18:48:25,2015-01-27 18:59:36,1,1.8,-74.00299835205078,40.73423767089844,1,N,-73.98949432373048,40.756813049316406,2,9.5,1.0,0.5,0.0,0.0,0.3,11.3
4141,1,2015-01-27 18:48:26,2015-01-27 18:52:33,1,0.6,-73.9876937866211,40.75557327270508,1,N,-73.98545837402342,40.76242446899414,2,5.0,1.0,0.5,0.0,0.0,0.3,6.8
4142,1,2015-01-27 18:48:27,2015-01-27 18:55:28,1,1.5,-73.97527313232422,40.77751541137695,1,N,-73.98187255859375,40.76392364501953,1,7.0,1.0,0.5,1.75,0.0,0.3,10.55
4143,1,2015-01-27 18:48:27,2015-01-27 18:53:53,1,1.3,-73.9799575805664,40.75419235229492,1,N,-73.98537445068358,40.73847198486328,1,6.5,1.0,0.5,1.65,0.0,0.3,9.95
4144,1,2015-01-27 18:48:29,2015-01-27 19:06:55,1,3.3,-74.00831604003906,40.734573364257805,1,N,-73.98491668701173,40.744338989257805,1,14.5,1.0,0.5,3.26,0.0,0.3,19.56
4145,1,2015-01-27 18:48:29,2015-01-27 19:04:48,1,3.6,-73.9974136352539,40.72459030151367,1,N,-73.97321319580078,40.763984680175774,1,14.0,1.0,0.5,5.0,0.0,0.3,20.8
4146,1,2015-01-27 18:48:29,2015-01-27 19:00:25,2,3.3,-73.99205017089844,40.75406265258789,1,N,-73.99269104003906,40.71785736083984,1,11.5,1.0,0.5,2.65,0.0,0.3,15.95
4147,1,2015-01-27 18:48:31,2015-01-27 19:03:30,1,2.7,-73.94939422607422,40.77718353271485,1,N,-73.98297119140625,40.77170181274414,1,12.5,1.0,0.5,2.85,0.0,0.3,17.15
4148,1,2015-01-27 18:48:31,2015-01-27 18:55:42,3,1.2,-73.99018096923827,40.73250579833984,1,N,-73.97908782958984,40.74532318115234,2,7.0,1.0,0.5,0.0,0.0,0.3,8.8
4149,1,2015-01-27 18:48:32,2015-01-27 18:51:48,1,0.8,-73.99472808837889,40.7451171875,1,N,-73.98530578613281,40.73858642578125,1,4.5,1.0,0.5,1.26,0.0,0.3,7.56
4150,1,2015-01-27 18:48:32,2015-01-27 18:50:52,1,0.4,-73.99226379394531,40.753730773925774,1,N,-73.98877716064453,40.75894927978516,1,3.5,1.0,0.5,1.05,0.0,0.3,6.35
4151,1,2015-01-27 18:48:34,2015-01-27 19:06:25,1,3.7,-73.98450469970702,40.762996673583984,1,N,-73.99964141845702,40.71960067749024,1,14.5,1.0,0.5,3.0,0.0,0.3,19.3
4152,1,2015-01-27 18:48:34,2015-01-27 18:57:48,1,2.0,-73.97183227539062,40.76011657714844,1,N,-73.99214172363281,40.74271011352539,2,9.0,1.0,0.5,0.0,0.0,0.3,10.8
4153,1,2015-01-27 18:48:34,2015-01-27 18:51:17,2,0.9,-73.93831634521484,40.79622650146485,1,N,-73.94548034667967,40.78472137451172,2,5.0,1.0,0.5,0.0,0.0,0.3,6.8
4154,1,2015-01-27 18:48:35,2015-01-27 18:53:36,1,0.8,-73.97145080566406,40.7612533569336,1,N,-73.96416473388672,40.77197647094727,1,5.5,1.0,0.5,1.45,0.0,0.3,8.75
4155,1,2015-01-27 18:48:37,2015-01-27 18:57:45,1,1.9,-73.98876953125,40.750045776367195,1,N,-73.9686279296875,40.760845184326165,1,8.5,1.0,0.5,2.05,0.0,0.3,12.35
4156,1,2015-01-27 18:48:37,2015-01-27 19:00:03,3,1.2,-73.98907470703125,40.75700759887695,1,N,-73.98197937011719,40.75776290893555,2,9.0,1.0,0.5,0.0,0.0,0.3,10.8
4157,1,2015-01-27 18:48:40,2015-01-27 18:55:00,1,1.0,-73.98805236816406,40.75401306152344,1,N,-73.99629211425781,40.7625846862793,2,6.0,1.0,0.5,0.0,0.0,0.3,7.8
4158,1,2015-01-27 18:48:40,2015-01-27 18:57:08,1,2.9,-74.00743865966798,40.70684814453125,1,N,-73.9853286743164,40.722938537597656,2,10.5,1.0,0.5,0.0,0.0,0.3,12.3
4159,2,2015-01-15 09:55:37,2015-01-15 10:35:18,1,11.31,-73.8656997680664,40.77012634277344,1,N,-73.9786376953125,40.750198364257805,1,40.0,0.0,0.5,9.07,5.33,0.3,55.2
4160,2,2015-01-15 09:55:37,2015-01-15 09:58:59,1,0.59,-73.97772979736328,40.752201080322266,1,N,-73.98307037353516,40.744720458984375,1,4.5,0.0,0.5,1.0,0.0,0.3,6.3
4161,2,2015-01-15 09:55:37,2015-01-15 10:01:22,1,0.55,-73.98712921142578,40.733436584472656,1,N,-73.99409484863281,40.733673095703125,1,5.5,0.0,0.5,1.1,0.0,0.3,7.4
4162,2,2015-01-15 09:55:38,2015-01-15 10:09:33,2,0.92,-73.96674346923827,40.757080078125,1,N,-73.979248046875,40.75611114501953,1,9.5,0.0,0.5,1.9,0.0,0.3,12.2
4163,2,2015-01-15 09:55:38,2015-01-15 10:07:25,1,1.71,-74.00285339355469,40.760440826416016,1,N,-73.98151397705078,40.765937805175774,1,10.0,0.0,0.5,2.7,0.0,0.3,13.5
4164,2,2015-01-15 09:55:38,2015-01-15 10:04:13,2,0.88,-73.9968490600586,40.722957611083984,1,N,-73.98980712890625,40.733642578125,2,7.0,0.0,0.5,0.0,0.0,0.3,7.8
4165,2,2015-01-15 09:55:38,2015-01-15 10:02:15,1,0.94,-73.9973907470703,40.74650573730469,1,N,-74.007568359375,40.739402770996094,1,6.0,0.0,0.5,1.2,0.0,0.3,8.0
4166,2,2015-01-15 09:55:38,2015-01-15 10:06:21,5,0.44,-73.9922332763672,40.74953079223633,1,N,-73.99246215820312,40.7535400390625,1,7.5,0.0,0.5,1.5,0.0,0.3,9.8
4167,2,2015-01-15 09:55:39,2015-01-15 10:09:58,1,2.17,-73.99466705322266,40.74195098876953,1,N,-74.00051879882812,40.72388458251953,1,10.0,0.0,0.5,2.5,0.0,0.3,13.3
4168,2,2015-01-15 09:55:39,2015-01-15 10:18:33,1,4.44,-73.98485565185547,40.76114654541016,1,N,-74.01126861572266,40.715686798095696,2,18.5,0.0,0.5,0.0,0.0,0.3,19.3
4169,2,2015-01-15 09:55:39,2015-01-15 10:10:22,1,2.18,-74.00498962402342,40.7290153503418,1,N,-74.0149917602539,40.70477294921875,1,12.0,0.0,0.5,2.4,0.0,0.3,15.2
4170,2,2015-01-15 09:55:39,2015-01-15 10:26:31,1,1.47,-73.99395751953125,40.75138092041016,1,N,-73.97483825683594,40.75584411621094,2,18.0,0.0,0.5,0.0,0.0,0.3,18.8
4171,2,2015-01-15 09:55:40,2015-01-15 10:06:05,1,1.12,-74.00765991210938,40.73221206665039,1,N,-73.99886322021484,40.72480010986328,1,8.0,0.0,0.5,1.6,0.0,0.3,10.4
4172,2,2015-01-15 09:55:40,2015-01-15 10:27:22,1,3.48,-73.99395751953125,40.75131988525391,1,N,-73.95294189453125,40.77214050292969,2,20.5,0.0,0.5,0.0,0.0,0.3,21.3
4173,2,2015-01-15 09:55:41,2015-01-15 10:02:21,1,1.02,-73.99134826660156,40.739845275878906,1,N,-73.97691345214844,40.73903274536133,2,6.0,0.0,0.5,0.0,0.0,0.3,6.8
4174,2,2015-01-15 09:55:41,2015-01-15 10:08:54,5,0.97,-73.98856353759764,40.74869155883789,1,N,-73.97898864746092,40.75902938842773,1,9.0,0.0,0.5,2.7,0.0,0.3,12.5
4175,2,2015-01-15 09:55:41,2015-01-15 10:31:00,2,11.4,-73.87480163574217,40.774051666259766,1,N,-73.98408508300781,40.748138427734375,1,35.5,0.0,0.5,8.17,5.33,0.3,49.8
4176,2,2015-01-15 09:55:41,2015-01-15 10:08:15,3,0.89,-73.98672485351561,40.74604415893555,1,N,-73.97808074951173,40.753860473632805,1,9.0,0.0,0.5,1.8,0.0,0.3,11.6
4177,2,2015-01-15 09:55:41,2015-01-15 10:01:24,1,1.43,-73.96935272216798,40.75733184814453,1,N,-73.96202087402342,40.77458953857422,1,6.5,0.0,0.5,1.0,0.0,0.3,8.3
4178,2,2015-01-15 09:55:42,2015-01-15 10:07:41,1,1.38,-73.99103546142578,40.75054168701172,1,N,-73.99273681640625,40.735664367675774,1,9.0,0.0,0.5,0.0,0.0,0.3,9.8
4179,2,2015-01-15 09:55:42,2015-01-15 10:04:58,1,1.52,-73.97711181640625,40.75014114379882,1,N,-73.99456787109375,40.73905944824219,1,8.0,0.0,0.5,1.6,0.0,0.3,10.4
4180,2,2015-01-13 19:46:20,2015-01-13 20:01:42,1,3.46,-73.98114013671875,40.72523880004882,1,N,-73.99569702148438,40.75933074951172,1,14.0,1.0,0.5,3.0,0.0,0.3,18.8
4181,2,2015-01-13 19:46:20,2015-01-13 19:52:38,1,0.67,-74.00566101074217,40.74065017700195,1,N,-74.0032730102539,40.73537063598633,1,6.0,1.0,0.5,1.4,0.0,0.3,9.2
4182,2,2015-01-13 19:46:20,2015-01-13 19:59:52,5,2.05,-74.00611114501953,40.74015045166016,1,N,-73.98980712890625,40.729034423828125,1,10.5,1.0,0.5,2.3,0.0,0.3,14.6
4183,2,2015-01-13 19:46:20,2015-01-13 20:02:48,5,3.39,-73.98273468017578,40.734012603759766,1,N,-73.99071502685547,40.70288848876953,2,14.0,1.0,0.5,0.0,0.0,0.3,15.8
4184,2,2015-01-13 19:46:21,2015-01-13 19:56:55,1,1.99,-73.96216583251953,40.77932357788086,1,N,-73.95409393310547,40.765132904052734,2,8.5,1.0,0.5,0.0,0.0,0.3,10.3
4185,2,2015-01-13 19:46:21,2015-01-13 19:52:53,1,0.89,-74.00858306884764,40.73875045776367,1,N,-74.00508880615233,40.7287483215332,1,6.0,1.0,0.5,1.0,0.0,0.3,8.8
4186,2,2015-01-13 19:46:21,2015-01-13 19:50:33,1,1.17,-74.00531005859375,40.75143051147461,1,N,-73.99582672119139,40.76095199584961,1,5.5,1.0,0.5,1.3,0.0,0.3,8.6
4187,2,2015-01-13 19:46:21,2015-01-13 20:08:04,1,8.39,-73.98954772949219,40.736087799072266,1,N,-73.94171142578125,40.82173538208008,1,25.5,1.0,0.5,5.3,0.0,0.3,32.6
4188,2,2015-01-13 19:46:22,2015-01-13 20:07:37,1,5.49,-74.00006866455078,40.7304801940918,1,N,-73.95504760742188,40.73503112792969,1,20.5,1.0,0.5,4.3,0.0,0.3,26.6
4189,2,2015-01-13 19:46:22,2015-01-13 19:57:05,1,1.3,-74.00133514404298,40.74139022827149,1,N,-73.98442840576173,40.743476867675774,2,8.5,1.0,0.5,0.0,0.0,0.3,10.3
4190,2,2015-01-13 19:46:22,2015-01-13 19:58:37,5,1.87,-73.96868896484375,40.75788879394531,1,N,-73.97666168212889,40.77505874633789,1,10.0,1.0,0.5,2.0,0.0,0.3,13.8
4191,2,2015-01-13 19:46:24,2015-01-13 19:50:46,4,0.81,-73.99280548095702,40.76335144042969,1,N,-73.98786163330078,40.75589370727539,1,5.0,1.0,0.5,1.2,0.0,0.3,8.0
4192,2,2015-01-13 19:46:24,2015-01-13 19:55:25,1,1.2,-74.0066909790039,40.740676879882805,1,N,-73.99408721923827,40.732688903808594,1,7.5,1.0,0.5,1.7,0.0,0.3,11.0
4193,2,2015-01-13 19:46:24,2015-01-13 19:49:24,2,0.57,-73.95184326171875,40.78449630737305,1,N,-73.95845031738281,40.78076171875,2,4.5,1.0,0.5,0.0,0.0,0.3,6.3
4194,2,2015-01-13 19:46:25,2015-01-13 19:48:14,1,0.55,-73.97055053710938,40.68960952758789,1,N,-73.98097991943358,40.68989944458008,2,3.5,1.0,0.5,0.0,0.0,0.3,5.3
4195,2,2015-01-13 19:46:25,2015-01-13 19:56:41,5,1.67,-73.9739761352539,40.794677734375,1,N,-73.97947692871092,40.774429321289055,1,9.5,1.0,0.5,2.1,0.0,0.3,13.4
4196,2,2015-01-13 19:46:25,2015-01-13 20:11:24,1,4.13,-73.99054718017578,40.75603103637695,1,N,-73.99217224121092,40.71554183959961,2,18.5,1.0,0.5,0.0,0.0,0.3,20.3
4197,2,2015-01-13 19:46:25,2015-01-13 19:50:15,1,0.54,-73.98111724853516,40.76076126098633,1,N,-73.9856185913086,40.75661087036133,2,4.5,1.0,0.5,0.0,0.0,0.3,6.3
4198,2,2015-01-13 19:46:25,2015-01-13 19:56:53,1,2.24,-73.97451782226561,40.76247024536133,1,N,-73.94862365722656,40.77503967285156,1,9.5,1.0,0.5,2.62,0.0,0.3,13.92
4199,2,2015-01-13 19:46:25,2015-01-13 19:53:04,6,1.53,-73.95890808105469,40.775028228759766,1,N,-73.97960662841797,40.78041076660156,2,7.0,1.0,0.5,0.0,0.0,0.3,8.8
4200,2,2015-01-13 19:46:25,2015-01-13 20:03:59,1,4.27,-74.00154113769531,40.73748779296875,1,N,-73.97411346435547,40.78734588623047,1,15.5,1.0,0.5,3.3,0.0,0.3,20.6
4201,2,2015-01-22 09:09:15,2015-01-22 09:14:28,5,0.84,-73.94635009765625,40.777019500732415,1,N,-73.95410919189453,40.76628875732422,2,5.5,0.0,0.5,0.0,0.0,0.3,6.3
4202,2,2015-01-22 09:09:16,2015-01-22 09:23:04,2,3.46,-74.00247955322266,40.71971893310546,1,N,-73.96537780761719,40.69060897827149,1,13.5,0.0,0.5,2.86,0.0,0.3,17.16
4203,2,2015-01-22 09:09:16,2015-01-22 09:23:39,1,1.8,-73.95172882080078,40.77337646484375,1,N,-73.97283935546875,40.76482009887695,1,10.5,0.0,0.5,2.26,0.0,0.3,13.56
4204,2,2015-01-22 09:09:16,2015-01-22 09:11:58,1,0.42,-73.9784164428711,40.78571319580078,1,N,-73.97352600097656,40.78702545166016,1,4.0,0.0,0.5,0.96,0.0,0.3,5.76
4205,2,2015-01-22 09:09:17,2015-01-22 09:19:36,5,1.59,-73.95599365234375,40.7845458984375,1,N,-73.96095275878906,40.766971588134766,1,9.0,0.0,0.5,1.96,0.0,0.3,11.76
4206,2,2015-01-22 09:09:17,2015-01-22 09:15:58,2,1.19,-73.9902801513672,40.76662063598633,1,N,-73.98095703125,40.78213119506836,1,7.0,0.0,0.5,1.56,0.0,0.3,9.36
4207,2,2015-01-22 09:09:18,2015-01-22 09:17:11,2,0.71,-73.97595977783203,40.75689315795898,1,N,-73.97164154052734,40.76335144042969,1,6.5,0.0,0.5,1.82,0.0,0.3,9.12
4208,2,2015-01-22 09:09:18,2015-01-22 09:14:31,1,0.89,-73.96495819091797,40.76927185058594,1,N,-73.95552825927734,40.77657318115234,1,5.5,0.0,0.5,1.1,0.0,0.3,7.4
4209,2,2015-01-22 09:09:18,2015-01-22 09:28:20,1,2.27,-73.951171875,40.78560256958008,1,N,-73.97225189208984,40.759441375732415,1,13.0,0.0,0.5,3.25,0.0,0.3,17.05
4210,2,2015-01-22 09:09:18,2015-01-22 09:24:03,3,1.09,-73.97592163085938,40.75484085083008,1,N,-73.98725891113281,40.74483871459961,1,10.0,0.0,0.5,0.0,0.0,0.3,10.8
4211,2,2015-01-28 06:40:59,2015-01-28 06:48:40,1,0.67,-73.9820556640625,40.76310348510742,1,N,-73.97170257568358,40.757766723632805,1,6.5,0.0,0.5,1.46,0.0,0.3,8.76
4212,2,2015-01-28 06:41:00,2015-01-28 06:51:29,5,2.63,-73.99834442138672,40.75067138671875,1,N,-74.00714874267578,40.71834182739258,1,10.5,0.0,0.5,2.26,0.0,0.3,13.56
4213,2,2015-01-28 06:41:00,2015-01-28 06:46:11,2,1.02,-73.97824859619139,40.745601654052734,1,N,-73.98388671875,40.75459671020508,1,5.5,0.0,0.5,0.8,0.0,0.3,7.1
4214,2,2015-01-28 06:41:01,2015-01-28 06:46:05,1,0.96,-73.9914321899414,40.74977111816406,1,N,-73.98801422119139,40.7414436340332,2,5.5,0.0,0.5,0.0,0.0,0.3,6.3
4215,2,2015-01-28 06:41:01,2015-01-28 06:47:33,1,1.24,-74.00585174560547,40.74552917480469,1,N,-73.99115753173827,40.736770629882805,1,6.5,0.0,0.5,1.46,0.0,0.3,8.76
4216,2,2015-01-28 06:41:02,2015-01-28 06:48:07,2,1.61,-73.99131011962889,40.756450653076165,1,N,-73.97071075439453,40.76350021362305,2,7.5,0.0,0.5,0.0,0.0,0.3,8.3
4217,2,2015-01-28 06:41:02,2015-01-28 06:45:46,1,1.3,-73.97582244873048,40.744911193847656,1,N,-73.9807357788086,40.73000717163086,1,6.0,0.0,0.5,1.36,0.0,0.3,8.16
4218,2,2015-01-28 06:41:02,2015-01-28 06:55:36,1,4.11,-73.99918365478516,40.71897888183594,1,N,-73.96658325195312,40.77019882202149,1,14.0,0.0,0.5,2.96,0.0,0.3,17.76
4219,2,2015-01-28 06:41:03,2015-01-28 06:49:28,1,2.92,0.0,0.0,1,N,0.0,0.0,1,10.5,0.0,0.5,2.26,0.0,0.3,13.56
4220,2,2015-01-28 06:41:04,2015-01-28 06:44:12,1,0.53,-73.99771881103516,40.72106552124024,1,N,-73.9936294555664,40.72710418701172,1,4.5,0.0,0.5,1.06,0.0,0.3,6.36
4221,2,2015-01-28 06:41:06,2015-01-28 06:54:00,1,2.86,-73.95036315917967,40.77553176879882,1,N,-73.98934173583984,40.77286148071289,2,12.0,0.0,0.5,0.0,0.0,0.3,12.8
4222,2,2015-01-28 06:41:06,2015-01-28 06:48:05,1,1.73,-73.95515441894531,40.76905059814453,1,N,-73.95419311523438,40.78728103637695,2,7.5,0.0,0.5,0.0,0.0,0.3,8.3
4223,2,2015-01-28 06:41:07,2015-01-28 06:45:24,1,1.16,-73.99874877929686,40.755130767822266,1,N,-73.98764038085938,40.77048110961913,2,5.5,0.0,0.5,0.0,0.0,0.3,6.3
4224,2,2015-01-28 06:41:08,2015-01-28 07:48:33,2,18.7,-73.78211975097656,40.64466094970703,2,N,-73.99038696289062,40.76824188232422,1,52.0,0.0,0.5,11.63,5.33,0.3,69.76
4225,2,2015-01-28 06:41:08,2015-01-28 06:43:17,2,0.43,-73.97908782958984,40.786888122558594,1,N,-73.97621154785155,40.79230880737305,1,3.5,0.0,0.5,1.0,0.0,0.3,5.3
4226,2,2015-01-28 06:41:09,2015-01-28 06:49:26,1,1.32,-73.99207305908203,40.749866485595696,1,N,-73.9752197265625,40.75474548339844,2,7.5,0.0,0.5,0.0,0.0,0.3,8.3
4227,2,2015-01-28 06:41:09,2015-01-28 06:58:02,2,7.06,-73.99443054199219,40.698089599609375,1,N,-73.96669006347656,40.76121139526367,1,21.0,0.0,0.5,4.36,0.0,0.3,26.16
4228,2,2015-01-28 06:41:09,2015-01-28 06:51:53,1,1.68,-73.97775268554686,40.74210357666016,1,N,-74.00306701660156,40.74724197387695,2,9.0,0.0,0.5,0.0,0.0,0.3,9.8
4229,2,2015-01-28 06:41:10,2015-01-28 07:13:49,1,20.6,-73.97303771972656,40.785247802734375,2,N,-73.77645874023438,40.64522552490234,1,52.0,0.0,0.5,11.47,5.33,0.3,69.6
4230,2,2015-01-28 06:41:11,2015-01-28 06:50:35,1,0.96,-74.00128173828125,40.74641418457031,1,N,-73.98555755615233,40.74141311645508,1,7.5,0.0,0.5,1.5,0.0,0.3,9.8
4231,2,2015-01-28 06:41:12,2015-01-28 06:46:58,1,0.99,-73.99120330810547,40.74966430664063,1,N,-73.97869110107422,40.75065612792969,1,6.0,0.0,0.5,1.7,0.0,0.3,8.5
4232,2,2015-01-28 06:41:13,2015-01-28 06:54:43,5,4.05,-73.94869232177734,40.773773193359375,1,N,-73.93966674804686,40.82052993774414,1,14.5,0.0,0.5,2.7,0.0,0.3,18.0
4233,2,2015-01-07 08:48:11,2015-01-07 08:57:37,1,1.64,-73.99168395996092,40.74956893920898,1,N,-74.00138854980467,40.729278564453125,1,8.5,0.0,0.5,2.0,0.0,0.3,11.3
4234,2,2015-01-07 08:48:12,2015-01-07 09:04:04,2,2.14,-73.95153045654298,40.76560592651367,1,N,-73.95153045654298,40.76560592651367,1,12.0,0.0,0.5,2.4,0.0,0.3,15.2
4235,2,2015-01-07 08:48:12,2015-01-07 08:59:52,1,1.46,-73.95217895507811,40.766067504882805,1,N,-73.97126007080078,40.7659568786621,1,9.0,0.0,0.5,1.8,0.0,0.3,11.6
4236,2,2015-01-07 08:48:12,2015-01-07 08:52:19,2,0.72,-74.01570129394531,40.71629333496094,1,N,-74.00852203369139,40.720333099365234,1,4.5,0.0,0.5,0.9,0.0,0.3,6.2
4237,2,2015-01-07 08:48:12,2015-01-07 08:56:49,1,2.39,-73.97850036621094,40.783111572265625,1,N,-73.96271514892578,40.81143569946289,1,9.0,0.0,0.5,1.2,0.0,0.3,11.0
4238,2,2015-01-07 08:48:12,2015-01-07 09:04:07,5,2.54,-73.99889373779298,40.73973846435546,1,N,-73.99517059326173,40.76872634887695,1,12.5,0.0,0.5,3.12,0.0,0.3,16.42
4239,2,2015-01-07 08:48:12,2015-01-07 08:56:09,3,2.12,-73.98432159423827,40.774578094482415,1,N,-73.9632797241211,40.799560546875,2,8.5,0.0,0.5,0.0,0.0,0.3,9.3
4240,2,2015-01-07 08:48:13,2015-01-07 09:01:20,6,1.69,-73.96027374267578,40.767383575439446,1,N,-73.97901916503906,40.75592803955078,1,10.0,0.0,0.5,2.0,0.0,0.3,12.8
4241,2,2015-01-07 08:48:13,2015-01-07 08:59:32,2,1.95,-73.96599578857422,40.758060455322266,1,N,-73.95728302001953,40.780372619628906,2,9.5,0.0,0.5,0.0,0.0,0.3,10.3
4242,2,2015-01-07 08:48:13,2015-01-07 09:00:52,1,1.76,-73.98105621337889,40.72078323364258,1,N,-74.00572204589844,40.72447204589844,2,10.5,0.0,0.5,0.0,0.0,0.3,11.3
4243,2,2015-01-07 08:48:13,2015-01-07 08:57:49,5,1.99,-73.96232604980467,40.76744079589844,1,N,-73.95198822021484,40.79024887084961,1,9.0,0.0,0.5,1.8,0.0,0.3,11.6
4244,2,2015-01-07 08:48:13,2015-01-07 09:23:24,1,3.12,-73.95697784423827,40.78621673583984,1,N,-73.98155975341797,40.75143814086913,1,21.5,0.0,0.5,5.38,0.0,0.3,27.68
4245,2,2015-01-07 08:48:14,2015-01-07 09:13:58,1,4.49,-73.98371124267578,40.6945915222168,1,N,-74.00621032714845,40.75106048583984,2,20.5,0.0,0.5,0.0,0.0,0.3,21.3
4246,2,2015-01-07 08:48:14,2015-01-07 08:55:51,1,1.02,-73.98846435546875,40.74835586547852,1,N,-73.9779052734375,40.75658798217773,1,6.5,0.0,0.5,1.95,0.0,0.3,9.25
4247,2,2015-01-07 08:48:14,2015-01-07 08:54:40,1,0.75,-73.96241760253906,40.7700309753418,1,N,-73.96859741210938,40.76131057739258,1,6.0,0.0,0.5,1.0,0.0,0.3,7.8
4248,2,2015-01-07 08:48:14,2015-01-07 09:00:28,1,1.18,-73.9798812866211,40.7586784362793,1,N,-73.97577667236328,40.749069213867195,2,9.0,0.0,0.5,0.0,0.0,0.3,9.8
4249,2,2015-01-07 08:48:15,2015-01-07 08:57:28,2,1.28,-73.9597396850586,40.76279067993164,1,N,-73.9614028930664,40.77497100830078,2,7.5,0.0,0.5,0.0,0.0,0.3,8.3
4250,2,2015-01-07 08:48:15,2015-01-07 09:11:56,3,7.54,-73.9538803100586,40.78216171264648,1,N,-74.00653076171875,40.705841064453125,1,24.5,0.0,0.5,4.0,0.0,0.3,29.3
4251,2,2015-01-07 08:48:15,2015-01-07 09:01:58,1,1.77,-73.98233795166014,40.76729965209961,1,N,-73.97109985351561,40.78797149658203,2,10.5,0.0,0.5,0.0,0.0,0.3,11.3
4252,2,2015-01-07 08:48:16,2015-01-07 08:54:43,1,1.16,-73.9757080078125,40.752487182617195,1,N,-73.98693084716798,40.73976516723633,1,6.5,0.0,0.5,1.3,0.0,0.3,8.6
4253,2,2015-01-07 08:48:16,2015-01-07 08:58:25,6,1.42,-73.98188781738281,40.76855850219727,1,N,-73.97567749023438,40.75690841674805,1,8.5,0.0,0.5,1.7,0.0,0.3,11.0
4254,2,2015-01-30 16:51:37,2015-01-30 17:12:41,1,3.02,-73.97609710693358,40.759395599365234,1,N,-73.99408721923827,40.722759246826165,2,15.5,1.0,0.5,0.0,0.0,0.3,17.3
4255,2,2015-01-30 16:51:38,2015-01-30 17:01:41,2,1.43,-73.95760345458984,40.779930114746094,1,N,-73.96688842773438,40.764041900634766,1,8.5,1.0,0.5,2.58,0.0,0.3,12.88
4256,1,2015-01-07 22:48:19,2015-01-07 22:57:25,1,3.3,-73.98918151855469,40.73638534545898,1,N,-73.98918151855469,40.73638534545898,2,11.5,0.5,0.5,0.0,0.0,0.3,12.8
4257,1,2015-01-07 22:48:20,2015-01-07 22:59:09,1,2.5,-73.96229553222656,40.71537399291992,1,N,-73.93273162841797,40.69746780395508,1,10.5,0.5,0.5,3.5,0.0,0.3,15.3
4258,1,2015-01-07 22:48:20,2015-01-07 22:49:53,1,0.6,-73.97308349609375,40.76401519775391,1,N,-73.97308349609375,40.76401519775391,1,3.5,0.5,0.5,0.96,0.0,0.3,5.76
4259,1,2015-01-07 22:48:20,2015-01-07 23:07:46,1,12.6,-73.87295532226561,40.77410125732422,1,N,-73.8656005859375,40.88445663452149,2,35.0,0.5,0.5,0.0,5.33,0.3,41.63
4260,1,2015-01-07 22:48:21,2015-01-07 22:52:48,1,1.1,-73.96512603759764,40.758403778076165,1,N,-73.95218658447266,40.768867492675774,1,6.0,0.5,0.5,2.0,0.0,0.3,9.3
4261,1,2015-01-07 22:48:21,2015-01-07 23:07:37,1,4.1,-73.98826599121092,40.67081832885742,1,N,-73.93806457519531,40.69664764404297,1,16.5,0.5,0.5,3.56,0.0,0.3,21.36
4262,1,2015-01-07 22:48:21,2015-01-07 22:53:07,1,0.6,-73.98291778564453,40.7617416381836,1,N,-73.99195861816406,40.76448059082031,1,5.0,0.5,0.5,1.57,0.0,0.3,7.87
4263,1,2015-01-07 22:48:22,2015-01-07 22:54:07,2,0.7,-73.97438049316406,40.76212692260742,1,N,-73.98197937011719,40.76838302612305,2,6.0,0.5,0.5,0.0,0.0,0.3,7.3
4264,1,2015-01-07 22:48:22,2015-01-07 23:18:31,1,7.1,-74.00283813476561,40.73396301269531,1,N,-73.99910736083984,40.76072692871094,2,26.5,0.5,0.5,0.0,0.0,0.3,27.8
4265,1,2015-01-07 22:48:22,2015-01-07 22:53:09,2,1.0,-73.98678588867188,40.741249084472656,1,N,-73.99476623535155,40.72765350341797,1,6.0,0.5,0.5,2.15,0.0,0.3,9.45
4266,1,2015-01-07 22:48:22,2015-01-07 23:01:24,2,2.5,-73.98731231689453,40.735984802246094,1,N,-74.01154327392578,40.71379089355469,1,11.5,0.5,0.5,2.0,0.0,0.3,14.8
4267,1,2015-01-07 22:48:22,2015-01-07 23:04:57,1,2.9,-73.9519271850586,40.71621322631836,1,N,-73.95130157470702,40.68149185180664,1,14.5,0.5,0.5,2.7,0.0,0.3,18.5
4268,1,2015-01-07 22:48:23,2015-01-07 22:59:42,1,3.3,-73.99025726318358,40.75631713867188,1,N,-73.95687866210938,40.78582763671875,1,12.0,0.5,0.5,2.66,0.0,0.3,15.96
4269,1,2015-01-07 22:48:23,2015-01-07 23:00:44,1,2.5,-73.99481964111328,40.72298049926758,1,N,-73.97850036621094,40.75331115722656,1,10.5,0.5,0.5,2.35,0.0,0.3,14.15
4270,1,2015-01-07 22:48:24,2015-01-07 22:56:48,1,1.2,-73.98548889160156,40.73160171508789,1,N,-74.00308227539062,40.73128128051758,1,7.5,0.5,0.5,1.0,0.0,0.3,9.8
4271,1,2015-01-07 22:48:24,2015-01-07 23:02:05,1,3.0,-73.9982681274414,40.735469818115234,1,N,-73.96611022949219,40.7571678161621,1,12.5,0.5,0.5,2.75,0.0,0.3,16.55
4272,1,2015-01-07 22:48:24,2015-01-07 22:51:10,1,0.7,-73.98467254638672,40.74795150756836,1,N,-73.99224090576173,40.74099349975586,2,4.5,0.5,0.5,0.0,0.0,0.3,5.8
4273,1,2015-01-07 22:48:24,2015-01-07 22:51:26,1,0.4,0.0,0.0,1,N,0.0,0.0,1,4.0,0.5,0.5,1.05,0.0,0.3,6.35
4274,1,2015-01-07 22:48:25,2015-01-07 23:01:09,1,2.4,-73.9822006225586,40.76478958129882,1,N,-73.9881362915039,40.73707580566406,2,10.5,0.5,0.5,0.0,0.0,0.3,11.8
4275,1,2015-01-07 22:48:25,2015-01-07 22:51:31,1,0.6,0.0,0.0,1,N,0.0,0.0,1,4.5,0.5,0.5,1.0,0.0,0.3,6.8
4276,1,2015-01-07 22:48:25,2015-01-07 23:27:48,2,14.3,-73.98275756835938,40.76447677612305,1,N,-74.00734710693358,40.62214660644531,1,44.0,0.5,0.5,12.65,5.33,0.3,63.28
4277,1,2015-01-07 22:48:25,2015-01-07 23:08:48,1,5.1,-73.98492431640625,40.76450347900391,1,N,-73.99554443359375,40.719974517822266,1,19.5,0.5,0.5,4.15,0.0,0.3,24.95
4278,1,2015-01-07 22:48:26,2015-01-07 23:03:05,1,4.6,-73.98319244384764,40.74972534179688,1,N,-73.92238616943358,40.76057434082031,1,15.5,0.5,0.5,3.35,0.0,0.3,20.15
4279,2,2015-01-19 14:53:00,2015-01-19 14:58:34,1,0.75,-74.01132202148438,40.7103385925293,1,N,-74.00888824462889,40.71915817260742,1,5.5,0.0,0.5,1.0,0.0,0.3,7.3
4280,2,2015-01-19 14:53:01,2015-01-19 15:00:40,1,0.61,-73.98783111572266,40.7649803161621,1,N,-73.98590850830078,40.7588005065918,2,6.0,0.0,0.5,0.0,0.0,0.3,6.8
4281,2,2015-01-19 14:53:02,2015-01-19 15:00:42,1,1.76,-73.98398590087889,40.74889755249024,1,N,-73.99541473388672,40.72854232788086,1,8.0,0.0,0.5,1.0,0.0,0.3,9.8
4282,2,2015-01-19 14:53:02,2015-01-19 15:16:59,5,1.89,-73.98391723632812,40.74605178833008,1,N,-73.99882507324217,40.72298049926758,1,15.0,0.0,0.5,1.5,0.0,0.3,17.3
4283,2,2015-01-19 14:53:03,2015-01-19 14:59:16,2,0.92,-73.99005889892578,40.737552642822266,1,N,-74.00050354003906,40.73012924194336,2,6.0,0.0,0.5,0.0,0.0,0.3,6.8
4284,2,2015-01-19 14:53:04,2015-01-19 15:35:24,2,14.27,-73.91854095458984,40.74292755126953,1,N,-73.82197570800781,40.78035736083984,2,42.5,0.0,0.5,0.0,0.0,0.3,43.3
4285,2,2015-01-19 14:53:04,2015-01-19 15:08:06,2,2.69,-73.98275756835938,40.76485824584961,1,N,-73.9603271484375,40.7796287536621,2,13.0,0.0,0.5,0.0,0.0,0.3,13.8
4286,2,2015-01-19 14:53:04,2015-01-19 14:57:36,6,0.56,-73.9788818359375,40.76394271850586,1,N,-73.97742462158203,40.75850677490234,1,5.0,0.0,0.5,1.0,0.0,0.3,6.8
4287,2,2015-01-19 14:53:05,2015-01-19 14:59:51,1,0.81,-73.99285888671875,40.730083465576165,1,N,-73.98778533935547,40.72258377075195,1,6.0,0.0,0.5,0.5,0.0,0.3,7.3
4288,2,2015-01-19 14:53:05,2015-01-19 14:58:14,6,1.16,-73.98650360107422,40.77702713012695,1,N,-73.9757308959961,40.79130172729492,1,6.0,0.0,0.5,1.5,0.0,0.3,8.3
4289,2,2015-01-19 14:53:05,2015-01-19 15:00:17,1,0.57,-73.94518280029298,40.778785705566406,1,N,-73.95323181152342,40.77815246582031,1,6.5,0.0,0.5,1.0,0.0,0.3,8.3
4290,2,2015-01-19 14:53:05,2015-01-19 14:56:35,1,0.89,-73.97898864746092,40.78171157836913,1,N,-73.97898864746092,40.78171157836913,1,5.0,0.0,0.5,1.16,0.0,0.3,6.96
4291,2,2015-01-19 14:53:05,2015-01-19 14:58:05,1,1.1,-73.9822006225586,40.77848815917969,1,N,-73.99266815185547,40.76818084716797,1,5.5,0.0,0.5,0.5,0.0,0.3,6.8
4292,2,2015-01-19 14:53:06,2015-01-19 14:57:07,1,1.11,-73.96592712402342,40.75832748413086,1,N,-73.977294921875,40.74786376953125,1,5.5,0.0,0.5,1.0,0.0,0.3,7.3
4293,2,2015-01-19 14:53:06,2015-01-19 15:10:48,1,4.2,-73.97922515869139,40.763580322265625,1,N,-73.96693420410156,40.80765151977539,2,16.5,0.0,0.5,0.0,0.0,0.3,17.3
4294,2,2015-01-19 14:53:06,2015-01-19 15:06:18,1,1.84,-73.98541259765625,40.75362014770508,1,N,-73.96582794189453,40.7712287902832,1,10.5,0.0,0.5,3.15,0.0,0.3,14.45
4295,2,2015-01-19 14:53:06,2015-01-19 15:06:04,1,3.11,-73.98656463623048,40.75024032592773,1,N,-73.95607757568358,40.78454208374024,2,12.0,0.0,0.5,0.0,0.0,0.3,12.8
4296,2,2015-01-19 14:53:06,2015-01-19 15:08:38,1,1.88,-73.95865631103516,40.77839660644531,1,N,-73.9818344116211,40.77840423583984,2,11.5,0.0,0.5,0.0,0.0,0.3,12.3
4297,2,2015-01-19 14:53:07,2015-01-19 16:12:00,1,18.44,-73.7840118408203,40.648632049560554,2,N,-73.99961853027342,40.737598419189446,1,52.0,0.0,0.5,14.33,5.33,0.3,72.46
4298,2,2015-01-19 14:53:07,2015-01-19 15:32:49,2,16.19,-74.00647735595702,40.70783996582031,3,N,-74.17700958251953,40.694869995117195,1,65.0,0.0,0.0,10.0,14.5,0.3,89.8
4299,2,2015-01-19 14:53:07,2015-01-19 15:06:23,6,1.9,-73.99121856689453,40.755176544189446,1,N,-73.96891784667967,40.76450347900391,1,10.0,0.0,0.5,2.0,0.0,0.3,12.8
4300,1,2015-01-21 08:49:24,2015-01-21 08:57:43,1,1.0,-73.99430847167967,40.74102783203125,1,N,-73.99275207519531,40.75335311889648,1,7.0,0.0,0.5,2.34,0.0,0.3,10.14
4301,1,2015-01-21 08:49:25,2015-01-21 09:20:57,1,11.5,-73.98912811279298,40.75770568847656,1,N,-73.87256622314453,40.774322509765625,1,37.0,0.0,0.5,10.75,5.33,0.3,53.88
4302,1,2015-01-21 08:49:25,2015-01-21 08:56:03,1,0.7,-73.9547576904297,40.76993560791016,1,N,-73.964111328125,40.76791763305664,1,6.0,0.0,0.5,1.0,0.0,0.3,7.8
4303,1,2015-01-21 08:49:26,2015-01-21 08:59:03,1,1.2,-73.97805786132812,40.74898147583008,1,N,-73.99191284179686,40.74260711669922,2,8.0,0.0,0.5,0.0,0.0,0.3,8.8
4304,1,2015-01-21 08:49:26,2015-01-21 09:04:28,1,1.4,-73.98265075683594,40.74505233764648,1,N,-73.97635650634764,40.76228713989258,1,10.5,0.0,0.5,2.25,0.0,0.3,13.55
4305,1,2015-01-21 08:49:26,2015-01-21 08:56:19,1,1.0,-73.98458862304686,40.755027770996094,1,N,-74.00080108642578,40.761749267578125,1,6.5,0.0,0.5,1.45,0.0,0.3,8.75
4306,1,2015-01-21 08:49:27,2015-01-21 08:51:45,1,0.9,-73.99149322509764,40.75014114379882,1,N,-73.99964904785155,40.73868560791016,1,4.5,0.0,0.5,1.0,0.0,0.3,6.3
4307,1,2015-01-21 08:49:27,2015-01-21 09:21:06,1,19.6,-74.00167083740233,40.70938873291016,2,N,-73.77628326416014,40.64529037475586,1,52.0,0.0,0.5,10.55,0.0,0.3,63.35
4308,1,2015-01-21 08:49:27,2015-01-21 08:49:46,1,0.0,0.0,0.0,1,N,0.0,0.0,2,2.5,0.0,0.5,0.0,0.0,0.3,3.3
4309,1,2015-01-21 08:49:28,2015-01-21 08:55:56,1,1.0,-74.00594329833984,40.74517059326172,1,N,-73.99534606933594,40.756290435791016,2,6.5,0.0,0.5,0.0,0.0,0.3,7.3
4310,1,2015-01-21 08:49:28,2015-01-21 09:09:43,2,1.6,-73.99769592285155,40.765323638916016,1,N,-73.97261047363281,40.75290298461913,2,13.0,0.0,0.5,0.0,0.0,0.3,13.8
4311,1,2015-01-21 08:49:28,2015-01-21 09:01:36,1,1.1,-73.9766082763672,40.75232696533203,1,N,-73.98519134521484,40.747703552246094,1,8.5,0.0,0.5,1.0,0.0,0.3,10.3
4312,1,2015-01-21 08:49:28,2015-01-21 09:08:04,1,2.6,-73.95169830322266,40.7666015625,1,N,-73.98428344726561,40.760379791259766,1,13.5,0.0,0.5,1.5,0.0,0.3,15.8
4313,1,2015-01-21 08:49:28,2015-01-21 09:09:28,1,2.1,-73.96694946289062,40.76928329467773,1,N,-73.98460388183594,40.742557525634766,1,13.5,0.0,0.5,2.85,0.0,0.3,17.15
4314,1,2015-01-21 08:49:29,2015-01-21 09:20:05,1,7.1,-73.97876739501953,40.76462173461913,1,N,-74.01081085205078,40.701881408691406,1,27.0,0.0,0.5,2.2,0.0,0.3,30.0
4315,1,2015-01-21 08:49:29,2015-01-21 08:53:05,1,0.7,-73.95165252685547,40.77412796020508,1,N,-73.9540786743164,40.766162872314446,1,4.5,0.0,0.5,1.3,0.0,0.3,6.6
4316,1,2015-01-21 08:49:29,2015-01-21 09:12:57,1,4.0,-73.94628143310547,40.780555725097656,1,N,-73.98242950439453,40.74274063110352,1,17.0,0.0,0.5,5.34,0.0,0.3,23.14
4317,1,2015-01-21 08:49:30,2015-01-21 08:53:12,1,0.4,-73.96337127685547,40.77725982666016,1,N,-73.95925903320312,40.781116485595696,1,4.5,0.0,0.5,1.05,0.0,0.3,6.35
4318,1,2015-01-21 08:49:30,2015-01-21 08:59:44,1,0.7,-73.98371124267578,40.74013900756836,1,N,-73.99258422851561,40.741035461425774,1,8.0,0.0,0.5,2.64,0.0,0.3,11.44
4319,1,2015-01-21 08:49:30,2015-01-21 09:01:12,1,0.9,-73.97420501708984,40.7648811340332,1,N,-73.97261047363281,40.75534057617188,1,8.5,0.0,0.5,1.86,0.0,0.3,11.16
4320,1,2015-01-21 08:49:31,2015-01-21 08:55:32,1,1.9,-73.95463562011719,40.78976821899414,1,N,-73.97871398925781,40.78183364868164,1,7.5,0.0,0.5,1.0,0.0,0.3,9.3
4321,1,2015-01-21 08:49:32,2015-01-21 08:54:50,1,0.8,-73.95913696289062,40.771751403808594,1,N,-73.94976806640625,40.778614044189446,2,5.5,0.0,0.5,0.0,0.0,0.3,6.3
4322,1,2015-01-23 19:46:37,2015-01-23 20:08:32,1,3.6,-73.94777679443358,40.78487396240234,1,N,-73.98847198486328,40.756694793701165,1,17.0,1.0,0.5,3.5,0.0,0.3,22.3
4323,1,2015-01-23 19:46:37,2015-01-23 19:55:44,1,1.9,-73.98776245117188,40.764869689941406,1,N,-74.00569915771484,40.74563217163086,1,8.5,0.5,0.5,1.95,0.0,0.3,11.75
4324,1,2015-01-23 19:46:38,2015-01-23 19:52:02,1,0.9,-73.95928192138672,40.771831512451165,1,N,-73.95428466796875,40.7775764465332,2,6.0,1.0,0.5,0.0,0.0,0.3,7.8
4325,1,2015-01-23 19:46:39,2015-01-23 20:06:35,1,5.3,-73.98188781738281,40.76579284667969,1,N,-74.01557159423827,40.71082305908203,1,19.5,1.0,0.5,4.25,0.0,0.3,25.55
4326,1,2015-01-23 19:46:39,2015-01-23 20:16:57,1,7.3,-73.95635223388672,40.76333618164063,1,N,-73.99002838134764,40.68890380859375,2,25.5,1.0,0.5,0.0,0.0,0.3,27.3
4327,1,2015-01-23 19:46:39,2015-01-23 19:53:37,2,0.7,-73.97870635986328,40.772754669189446,1,N,-73.98035430908203,40.780555725097656,1,6.5,1.0,0.5,1.65,0.0,0.3,9.95
4328,1,2015-01-23 19:46:40,2015-01-23 19:56:08,1,1.8,0.0,0.0,1,N,0.0,0.0,1,8.5,1.0,0.5,2.0,0.0,0.3,12.3
4329,1,2015-01-23 19:46:40,2015-01-23 19:58:28,1,2.1,-73.96736145019531,40.7525634765625,1,N,-73.95299530029298,40.7783088684082,1,10.5,1.0,0.5,2.46,0.0,0.3,14.76
4330,1,2015-01-23 19:46:40,2015-01-23 19:58:44,1,1.3,-73.99806213378906,40.735698699951165,1,N,-73.99143981933594,40.724563598632805,1,9.0,1.0,0.5,2.16,0.0,0.3,12.96
4331,1,2015-01-23 19:46:41,2015-01-23 19:57:46,1,1.8,-73.9736328125,40.74861526489258,1,N,-73.99166870117188,40.726993560791016,1,9.0,1.0,0.5,2.15,0.0,0.3,12.95
4332,1,2015-01-23 19:46:42,2015-01-23 20:24:38,1,12.7,-73.77672576904298,40.64509582519531,1,N,-73.9745864868164,40.680625915527344,1,40.0,1.0,0.5,8.36,0.0,0.3,50.16
4333,1,2015-01-23 19:46:42,2015-01-23 20:05:23,2,2.9,-73.98705291748048,40.72549819946289,1,N,-73.98169708251953,40.75709533691406,2,14.0,1.0,0.5,0.0,0.0,0.3,15.8
4334,1,2015-01-23 19:46:43,2015-01-23 20:15:18,1,4.1,-73.98599243164062,40.755386352539055,1,N,-73.98870086669923,40.721355438232415,1,19.0,1.0,0.5,4.15,0.0,0.3,24.95
4335,1,2015-01-23 19:46:43,2015-01-23 20:07:00,1,3.7,-73.9735107421875,40.751968383789055,1,N,-73.93511199951173,40.76716232299805,2,16.0,1.0,0.5,0.0,0.0,0.3,17.8
4336,1,2015-01-23 19:46:43,2015-01-23 19:53:23,1,1.5,-73.9772186279297,40.75719451904297,1,N,-73.96021270751953,40.77058029174805,1,7.0,1.0,0.5,2.0,0.0,0.3,10.8
4337,1,2015-01-23 19:46:43,2015-01-23 19:56:16,1,1.8,-74.00617218017578,40.71760177612305,1,N,-73.98990631103516,40.73528289794922,1,9.0,1.0,0.5,2.15,0.0,0.3,12.95
4338,1,2015-01-23 19:46:44,2015-01-23 19:50:39,2,0.8,-73.9826889038086,40.746238708496094,1,N,-73.97398376464845,40.75163650512695,1,5.0,1.0,0.5,0.7,0.0,0.3,7.5
4339,1,2015-01-23 19:46:44,2015-01-23 19:58:53,3,2.4,-73.97278594970702,40.79165267944336,1,N,-73.98464965820312,40.77727127075195,1,11.0,1.0,0.5,3.2,0.0,0.3,16.0
4340,1,2015-01-23 19:46:45,2015-01-23 19:57:34,1,1.5,-73.97209167480467,40.76131820678711,1,N,-73.97652435302734,40.74395751953125,1,8.5,1.0,0.5,2.0,0.0,0.3,12.3
4341,1,2015-01-23 19:46:45,2015-01-23 19:51:57,2,0.9,-74.00604248046875,40.73575973510742,1,N,-74.00080108642578,40.7463264465332,1,5.5,1.0,0.5,1.25,0.0,0.3,8.55
4342,1,2015-01-23 19:46:45,2015-01-23 20:02:23,1,4.5,-73.97234344482422,40.763381958007805,1,N,-73.94223022460938,40.81803131103516,2,15.5,1.0,0.5,0.0,0.0,0.3,17.3
4343,1,2015-01-23 19:46:45,2015-01-23 20:27:31,1,7.8,-73.99786376953125,40.724903106689446,1,N,-73.91490173339844,40.64815902709961,1,32.0,1.0,0.5,5.0,0.0,0.3,38.8
4344,2,2015-01-16 20:45:41,2015-01-16 20:54:51,1,1.78,-73.98267364501953,40.72336959838867,1,N,-73.98059844970702,40.74266815185546,1,8.5,0.5,0.5,1.8,0.0,0.3,11.6
4345,2,2015-01-16 20:45:41,2015-01-16 20:49:10,2,0.8,-73.96875762939453,40.761817932128906,1,N,-73.97734069824217,40.75419235229492,2,4.5,0.5,0.5,0.0,0.0,0.3,5.8
4346,2,2015-01-16 20:45:42,2015-01-16 20:47:28,1,0.48,0.0,0.0,1,N,0.0,0.0,2,3.5,0.5,0.5,0.0,0.0,0.3,4.8
4347,2,2015-01-16 20:45:42,2015-01-16 21:03:37,1,3.39,-73.97013092041014,40.764751434326165,1,N,-74.00818634033203,40.738861083984375,1,13.5,0.5,0.5,2.0,0.0,0.3,16.8
4348,2,2015-01-16 20:45:42,2015-01-16 20:54:21,2,1.59,-73.97806549072266,40.75888442993164,1,N,-73.98612976074217,40.73923110961913,1,8.0,0.5,0.5,2.12,0.0,0.3,11.42
4349,2,2015-01-16 20:45:43,2015-01-16 20:57:44,1,7.91,-73.87255859375,40.77199172973633,1,N,-73.97393035888672,40.74860382080078,1,22.5,0.5,0.5,7.0,5.33,0.3,36.13
4350,2,2015-01-16 20:45:43,2015-01-16 21:02:18,2,1.34,-73.9844207763672,40.730422973632805,1,N,-74.00098419189453,40.73453521728516,2,10.5,0.5,0.5,0.0,0.0,0.3,11.8
4351,2,2015-01-16 20:45:44,2015-01-16 20:59:58,2,1.42,-74.00521087646483,40.72031021118164,1,N,-73.9847183227539,40.72166442871094,1,10.5,0.5,0.5,3.3,0.0,0.3,15.1
4352,2,2015-01-16 20:45:44,2015-01-16 21:01:21,2,8.82,-73.87079620361328,40.77364730834961,1,N,-73.95417785644531,40.766277313232415,1,25.0,0.5,0.5,6.17,5.33,0.3,37.8
4353,2,2015-01-16 20:45:44,2015-01-16 20:56:03,3,2.32,-73.9879608154297,40.74810028076172,1,N,-73.9619598388672,40.76782989501953,1,10.0,0.5,0.5,2.62,0.0,0.3,13.92
4354,2,2015-01-16 20:45:44,2015-01-16 20:51:45,1,0.89,-73.98663330078125,40.75788879394531,1,N,-73.97633361816406,40.76287841796875,2,6.0,0.5,0.5,0.0,0.0,0.3,7.3
4355,2,2015-01-16 20:45:44,2015-01-16 21:08:59,2,6.17,-73.98661804199219,40.74007034301758,1,N,-73.91426086425781,40.77531814575195,1,21.5,0.5,0.5,4.56,0.0,0.3,27.36
4356,2,2015-01-16 20:45:44,2015-01-16 20:51:23,2,0.94,-73.9773712158203,40.74675369262695,1,N,-73.98603057861328,40.740188598632805,1,6.0,0.5,0.5,1.17,0.0,0.3,8.47
4357,2,2015-01-16 20:45:44,2015-01-16 20:52:33,2,1.14,-74.0086212158203,40.734153747558594,1,N,-74.00652313232422,40.731815338134766,2,7.0,0.5,0.5,0.0,0.0,0.3,8.3
4358,2,2015-01-16 20:45:44,2015-01-16 20:54:37,1,1.35,-73.96141052246092,40.77450180053711,1,N,-73.94615936279298,40.77801132202149,1,8.0,0.5,0.5,1.7,0.0,0.3,11.0
4359,2,2015-01-16 20:45:45,2015-01-16 20:56:26,1,1.22,-73.97650909423827,40.74798583984375,1,N,-73.99148559570312,40.75229263305664,2,8.0,0.5,0.5,0.0,0.0,0.3,9.3
4360,2,2015-01-16 20:45:45,2015-01-16 20:56:48,1,1.71,-73.9813461303711,40.73331069946289,1,N,-73.9916763305664,40.74900436401367,1,9.0,0.5,0.5,2.85,0.0,0.3,13.15
4361,2,2015-01-16 20:45:45,2015-01-16 21:04:02,1,2.56,-73.97718811035155,40.75041961669922,1,N,-73.9884262084961,40.720020294189446,1,13.0,0.5,0.5,1.5,0.0,0.3,15.8
4362,2,2015-01-16 20:45:46,2015-01-16 20:53:04,2,1.04,-73.98677825927734,40.73675537109375,1,N,-73.98023986816406,40.74876022338867,1,7.0,0.5,0.5,1.5,0.0,0.3,9.8
4363,2,2015-01-16 20:45:46,2015-01-16 20:59:48,1,2.92,-73.99766540527344,40.71683883666992,1,N,-73.95137023925781,40.71091842651367,1,13.0,0.5,0.5,2.0,0.0,0.3,16.3
4364,2,2015-01-16 20:45:46,2015-01-16 20:52:05,1,1.32,-73.97866821289062,40.764259338378906,1,N,-73.97772216796875,40.7769775390625,1,7.0,0.5,0.5,1.5,0.0,0.3,9.8
4365,2,2015-01-16 20:45:48,2015-01-16 20:58:08,2,1.04,-73.99684143066406,40.725563049316406,1,N,-73.98937225341797,40.721710205078125,1,9.0,0.5,0.5,1.0,0.0,0.3,11.3
4366,1,2015-01-07 23:29:25,2015-01-07 23:51:48,1,8.6,-73.87078857421875,40.77369689941406,1,N,-73.77852630615233,40.75552749633789,2,27.5,0.5,0.5,0.0,0.0,0.3,28.8
4367,1,2015-01-07 23:29:25,2015-01-07 23:54:33,1,5.7,-73.99710845947266,40.723926544189446,1,N,-73.90613555908203,40.69432067871094,1,21.5,0.5,0.5,5.7,0.0,0.3,28.5
4368,1,2015-01-07 23:29:26,2015-01-07 23:46:28,1,2.9,-73.97386932373048,40.75643157958984,1,N,-73.97838592529298,40.789897918701165,1,14.0,0.5,0.5,1.5,0.0,0.3,16.8
4369,1,2015-01-07 23:29:26,2015-01-07 23:59:32,2,18.0,0.0,0.0,2,N,-73.98934173583984,40.75790023803711,1,52.0,0.0,0.5,6.0,5.33,0.3,64.13
4370,1,2015-01-07 23:29:27,2015-01-07 23:38:16,1,2.3,-73.97550964355469,40.76199722290039,1,N,-73.97508239746092,40.784374237060554,2,9.0,0.5,0.5,0.0,0.0,0.3,10.3
4371,1,2015-01-07 23:29:27,2015-01-07 23:32:21,1,0.7,-73.98563385009764,40.73820495605469,1,N,-73.98687744140625,40.73223876953125,1,4.5,0.5,0.5,1.2,0.0,0.3,7.0
4372,1,2015-01-07 23:29:28,2015-01-07 23:34:53,1,1.0,-73.98725891113281,40.73882675170898,1,N,-73.9783477783203,40.75141143798828,1,6.0,0.5,0.5,1.45,0.0,0.3,8.75
4373,1,2015-01-07 23:29:28,2015-01-07 23:35:18,2,1.1,-73.98898315429686,40.76318740844727,1,N,-73.98898315429686,40.76318740844727,1,6.0,0.5,0.5,1.82,0.0,0.3,9.12
4374,1,2015-01-07 23:29:28,2015-01-07 23:49:38,1,6.0,-73.88658905029298,40.74457931518555,1,N,-73.9477310180664,40.77923583984375,1,20.5,0.5,0.5,6.5,0.0,0.3,28.3
4375,1,2015-01-07 23:29:30,2015-01-07 23:38:03,1,2.3,-73.97529602050781,40.75962066650391,1,N,-74.00301361083984,40.7489013671875,1,9.0,0.5,0.5,2.05,0.0,0.3,12.35
4376,1,2015-01-07 23:29:30,2015-01-07 23:34:37,1,0.0,-73.94761657714845,40.680782318115234,5,N,-73.94761657714845,40.680782318115234,1,19.39,0.0,0.0,4.92,0.0,0.3,24.61
4377,1,2015-01-07 23:29:31,2015-01-07 23:36:14,1,1.9,-73.97039794921875,40.76168823242188,1,N,-73.95038604736328,40.78084564208984,1,8.0,0.5,0.5,1.85,0.0,0.3,11.15
4378,1,2015-01-07 23:29:31,2015-01-07 23:36:38,1,1.7,-73.98605346679686,40.749961853027344,1,N,-74.00337982177734,40.732025146484375,1,8.0,0.5,0.5,1.85,0.0,0.3,11.15
4379,1,2015-01-07 23:29:32,2015-01-07 23:33:00,1,0.4,-73.99415588378906,40.759090423583984,1,N,-73.99646759033203,40.75593566894531,1,4.5,0.5,0.5,1.2,0.0,0.3,7.0
4380,1,2015-01-07 23:29:32,2015-01-07 23:31:00,1,0.5,-73.97314453125,40.75232696533203,1,N,-73.96728515625,40.75735092163086,1,3.5,0.5,0.5,0.96,0.0,0.3,5.76
4381,1,2015-01-07 23:29:33,2015-01-07 23:39:27,2,1.0,-73.98853302001953,40.75917816162109,1,N,-73.98202514648438,40.752403259277344,1,7.5,0.5,0.5,2.0,0.0,0.3,10.8
4382,1,2015-01-07 23:29:33,2015-01-07 23:48:17,1,6.3,-73.9752426147461,40.756591796875,1,N,-73.96891021728516,40.70912170410156,2,20.5,0.5,0.5,0.0,0.0,0.3,21.8
4383,1,2015-01-07 23:29:33,2015-01-07 23:56:37,2,4.1,0.0,0.0,1,N,0.0,0.0,1,13.5,0.5,0.5,2.96,0.0,0.3,17.76
4384,1,2015-01-07 23:29:33,2015-01-07 23:43:44,1,5.7,-73.9778060913086,40.729297637939446,1,N,-73.93948364257811,40.79686737060546,1,18.0,0.5,0.5,3.85,0.0,0.3,23.15
4385,1,2015-01-07 23:29:33,2015-01-07 23:39:10,2,2.6,-73.99034118652342,40.749000549316406,1,Y,-74.00428009033203,40.717090606689446,1,10.5,0.5,0.5,2.35,0.0,0.3,14.15
4386,1,2015-01-07 23:29:33,2015-01-07 23:46:10,1,4.0,-73.96834564208984,40.75838851928711,1,N,-73.9473876953125,40.7638053894043,2,14.5,0.5,0.5,0.0,0.0,0.3,15.8
4387,1,2015-01-07 23:29:34,2015-01-07 23:35:26,1,0.9,-73.98775482177734,40.72119140625,1,N,-73.99839782714845,40.7157096862793,1,6.0,0.5,0.5,1.45,0.0,0.3,8.75
4388,2,2015-01-17 20:27:28,2015-01-17 20:29:56,1,0.43,-73.9896469116211,40.7573127746582,1,N,-73.98363494873048,40.757083892822266,1,3.5,0.5,0.5,1.2,0.0,0.3,6.0
4389,2,2015-01-17 20:27:29,2015-01-17 20:43:28,1,1.14,-74.00064849853516,40.7298583984375,1,N,-74.00104522705078,40.73626327514648,1,10.5,0.5,0.5,1.0,0.0,0.3,12.8
4390,2,2015-01-17 20:27:29,2015-01-17 20:34:23,1,0.94,-73.98906707763672,40.73733139038086,1,N,-73.97891998291014,40.74436569213867,1,6.5,0.5,0.5,1.4,0.0,0.3,9.2
4391,2,2015-01-17 20:27:29,2015-01-17 20:50:47,5,3.47,-73.98008728027342,40.74578475952149,1,N,-74.00508880615233,40.720802307128906,1,16.5,0.5,0.5,1.7,0.0,0.3,19.5
4392,2,2015-01-17 20:27:29,2015-01-17 20:41:01,2,2.49,-74.0010223388672,40.736236572265625,1,N,-74.0177993774414,40.70954513549805,1,11.5,0.5,0.5,2.4,0.0,0.3,15.2
4393,2,2015-01-17 20:27:29,2015-01-17 20:39:00,1,2.24,-73.98097229003906,40.74744415283203,1,N,-73.96533966064453,40.76266860961913,1,10.0,0.5,0.5,2.1,0.0,0.3,13.4
4394,2,2015-01-17 20:27:30,2015-01-17 21:02:53,1,8.49,-74.01087188720702,40.70249176025391,1,N,-73.94850158691406,40.77806091308594,2,30.5,0.5,0.5,0.0,0.0,0.3,31.8
4395,2,2015-01-17 20:27:30,2015-01-17 20:38:29,1,1.52,-74.0038070678711,40.7207260131836,1,N,-73.9876251220703,40.72854232788086,2,9.0,0.5,0.5,0.0,0.0,0.3,10.3
4396,2,2015-01-17 20:27:30,2015-01-17 20:37:13,1,1.7,-73.95679473876953,40.771682739257805,1,N,-73.97412109375,40.75642776489258,1,8.5,0.5,0.5,1.7,0.0,0.3,11.5
4397,2,2015-01-31 21:42:41,2015-01-31 21:50:11,1,0.53,-74.00254058837889,40.739044189453125,1,N,-73.9953384399414,40.73683547973633,1,6.0,0.5,0.5,1.3,0.0,0.3,8.6
4398,2,2015-01-31 21:42:41,2015-01-31 21:46:40,1,0.34,-73.96663665771484,40.76722717285156,1,N,-73.96401977539062,40.77109146118164,2,3.5,0.5,0.5,0.0,0.0,0.3,4.8
4399,2,2015-01-31 21:42:41,2015-01-31 21:45:25,1,0.84,-73.95314788818358,40.77159118652344,1,N,-73.94747161865233,40.78197860717773,2,4.5,0.5,0.5,0.0,0.0,0.3,5.8
4400,2,2015-01-31 21:42:42,2015-01-31 21:50:31,1,1.44,-73.98778533935547,40.74345016479492,1,N,-73.98113250732422,40.75878143310546,1,7.0,0.5,0.5,1.0,0.0,0.3,9.3
4401,2,2015-01-31 21:42:42,2015-01-31 21:45:10,5,0.48,-74.00392913818358,40.7383041381836,1,N,-73.99871063232422,40.74141311645508,1,4.0,0.5,0.5,1.0,0.0,0.3,6.3
4402,2,2015-01-31 21:42:43,2015-01-31 21:49:11,1,0.86,-73.97959136962889,40.73963928222656,1,N,-73.98748016357422,40.7287483215332,1,6.0,0.5,0.5,1.46,0.0,0.3,8.76
4403,2,2015-01-31 21:42:43,2015-01-31 21:48:50,1,0.8,-73.9779052734375,40.76112365722656,1,N,-73.990234375,40.76696014404297,1,6.0,0.5,0.5,1.46,0.0,0.3,8.76
4404,2,2015-01-31 21:42:43,2015-01-31 21:51:40,1,1.23,-73.97467041015625,40.75334548950195,1,N,-73.98834228515625,40.74363708496094,1,8.0,0.5,0.5,1.86,0.0,0.3,11.16
4405,2,2015-01-31 21:42:43,2015-01-31 22:00:38,1,4.41,-73.9832992553711,40.76696395874024,1,N,-74.0037841796875,40.72245788574219,2,16.5,0.5,0.5,0.0,0.0,0.3,17.8
4406,2,2015-01-31 21:42:43,2015-01-31 21:48:37,6,1.46,-73.96852111816406,40.75486755371094,1,N,-73.98057556152342,40.73676681518555,1,6.5,0.5,0.5,2.0,0.0,0.3,9.8
4407,2,2015-01-31 21:42:44,2015-01-31 21:49:05,5,1.09,-73.98853302001953,40.75018310546875,1,N,-73.99421691894531,40.741863250732415,1,6.5,0.5,0.5,1.95,0.0,0.3,9.75
4408,2,2015-01-31 21:42:44,2015-01-31 22:15:03,6,15.63,-73.87120056152342,40.773868560791016,1,N,-73.9998550415039,40.63973236083984,2,43.5,0.5,0.5,0.0,0.0,0.3,44.8
4409,2,2015-01-31 21:42:44,2015-01-31 21:44:43,2,0.38,-73.96577453613281,40.80570602416992,1,N,-73.96791076660156,40.80129623413086,2,3.5,0.5,0.5,0.0,0.0,0.3,4.8
4410,2,2015-01-31 21:42:45,2015-01-31 21:46:31,5,0.94,-73.98727416992188,40.75067138671875,1,N,-73.97881317138672,40.76185607910156,1,5.0,0.5,0.5,1.1,0.0,0.3,7.4
4411,2,2015-01-31 21:42:45,2015-01-31 21:46:18,6,0.42,-73.97882843017578,40.73651123046875,1,N,-73.98242950439453,40.739723205566406,1,4.5,0.5,0.5,1.0,0.0,0.3,6.8
4412,2,2015-01-31 21:42:45,2015-01-31 21:52:01,1,1.93,-73.96514892578125,40.76339340209961,1,N,-73.99021911621094,40.773193359375,1,8.5,0.5,0.5,1.8,0.0,0.3,11.6
4413,2,2015-01-31 21:42:45,2015-01-31 21:51:45,1,1.1,-73.99425506591797,40.755218505859375,1,N,-73.9759292602539,40.755565643310554,2,7.5,0.5,0.5,0.0,0.0,0.3,8.8
4414,2,2015-01-31 21:42:45,2015-01-31 22:02:52,1,3.76,-73.95563507080078,40.77350997924805,1,N,-73.99217987060547,40.74165725708008,1,15.5,0.5,0.5,3.36,0.0,0.3,20.16
4415,2,2015-01-31 21:42:45,2015-01-31 21:46:18,1,0.79,-73.99821472167967,40.75082778930664,1,N,-74.00642395019531,40.74393844604492,1,5.0,0.5,0.5,1.26,0.0,0.3,7.56
4416,2,2015-01-31 21:42:45,2015-01-31 22:03:31,1,2.9,-73.99437713623048,40.75614929199219,1,N,-73.99060821533203,40.72454833984375,1,14.5,0.5,0.5,2.25,0.0,0.3,18.05
4417,2,2015-01-31 21:42:46,2015-01-31 21:50:41,1,0.77,-73.99105072021484,40.75585174560546,1,N,-73.97812652587889,40.75252151489258,1,7.0,0.5,0.5,2.0,0.0,0.3,10.3
4418,1,2015-01-07 23:46:34,2015-01-07 23:50:14,1,0.6,-73.97866821289062,40.74483489990234,1,N,-73.98359680175781,40.75008773803711,2,4.5,0.5,0.5,0.0,0.0,0.3,5.8
4419,1,2015-01-07 23:46:34,2015-01-07 23:59:16,1,3.7,-74.0048828125,40.73012161254882,1,N,-73.94924163818358,40.71120071411133,1,13.5,0.5,0.5,2.95,0.0,0.3,17.75
4420,1,2015-01-07 23:46:34,2015-01-08 00:21:47,1,7.4,-73.99490356445312,40.75518798828125,1,N,-73.87861633300781,40.7127799987793,2,29.5,0.5,0.5,0.0,5.33,0.3,36.13
4421,1,2015-01-07 23:46:35,2015-01-08 00:08:15,1,5.6,-73.98365020751953,40.738014221191406,1,N,-73.91476440429686,40.7640495300293,2,20.0,0.5,0.5,0.0,0.0,0.3,21.3
4422,1,2015-01-07 23:46:35,2015-01-08 00:03:30,1,3.4,-74.00311279296875,40.733596801757805,1,N,-73.98114776611328,40.758975982666016,1,14.0,0.5,0.5,2.0,0.0,0.3,17.3
4423,1,2015-01-07 23:46:36,2015-01-08 00:01:49,1,4.8,-74.01020812988281,40.7205467224121,1,N,-73.97826385498048,40.777149200439446,1,16.5,0.5,0.5,2.6,0.0,0.3,20.4
4424,1,2015-01-07 23:46:37,2015-01-07 23:51:00,1,1.1,-73.98680114746092,40.76131439208984,1,N,-73.99138641357422,40.750102996826165,1,5.5,0.5,0.5,1.0,0.0,0.3,7.8
4425,1,2015-01-07 23:46:37,2015-01-08 00:01:26,1,3.7,-73.95706176757811,40.71295547485352,1,N,-74.00584411621092,40.73387145996094,1,14.0,0.5,0.5,1.5,0.0,0.3,16.8
4426,1,2015-01-07 23:46:37,2015-01-07 23:54:59,1,2.0,-73.97881317138672,40.75077438354492,1,N,-73.99846649169923,40.73241424560546,1,9.0,0.5,0.5,2.05,0.0,0.3,12.35
4427,1,2015-01-07 23:46:38,2015-01-07 23:53:21,1,0.9,-73.98487091064453,40.762031555175774,1,N,-73.96956634521484,40.75705337524414,1,6.0,0.5,0.5,1.45,0.0,0.3,8.75
4428,1,2015-01-07 23:46:39,2015-01-07 23:53:08,1,1.4,-73.98599243164062,40.75625228881836,1,N,-73.97115325927734,40.75822448730469,2,7.0,0.5,0.5,0.0,0.0,0.3,8.3
4429,1,2015-01-07 23:46:39,2015-01-08 00:25:20,1,13.3,-73.78276062011719,40.64442443847656,1,N,-73.97324371337889,40.67439651489258,1,41.0,0.5,0.5,8.45,0.0,0.3,50.75
4430,1,2015-01-07 23:46:40,2015-01-07 23:56:39,1,2.5,-73.9937744140625,40.739910125732415,1,N,-73.97886657714845,40.762649536132805,2,10.5,0.5,0.5,0.0,0.0,0.3,11.8
4431,1,2015-01-07 23:46:40,2015-01-08 00:03:40,1,5.3,-73.95989227294923,40.773555755615234,1,N,-73.90397644042967,40.774452209472656,1,18.0,0.5,0.5,3.85,0.0,0.3,23.15
4432,1,2015-01-07 23:46:41,2015-01-07 23:56:57,2,2.1,0.0,0.0,1,N,0.0,0.0,1,9.5,0.5,0.5,2.0,0.0,0.3,12.8
4433,1,2015-01-07 23:46:41,2015-01-07 23:51:44,1,0.9,-73.97222900390625,40.75354766845703,1,N,-73.96227264404298,40.76217651367188,1,5.5,0.5,0.5,1.7,0.0,0.3,8.5
4434,1,2015-01-07 23:46:42,2015-01-08 00:22:24,1,8.2,-73.98342895507811,40.75748062133789,1,N,-73.91592407226561,40.689807891845696,1,30.0,0.5,0.5,7.8,0.0,0.3,39.1
4435,1,2015-01-07 23:46:42,2015-01-07 23:55:59,1,1.7,0.0,0.0,1,N,0.0,0.0,2,8.5,0.5,0.5,0.0,0.0,0.3,9.8
4436,1,2015-01-07 23:46:42,2015-01-08 00:16:20,1,13.1,-73.79013061523438,40.64405059814453,1,N,-73.92784881591797,40.69564056396485,1,38.5,0.5,0.5,4.0,0.0,0.3,43.8
4437,1,2015-01-07 23:46:44,2015-01-08 00:09:21,1,5.5,-73.99037170410156,40.737789154052734,1,N,-73.9593048095703,40.676956176757805,1,20.5,0.5,0.5,4.35,0.0,0.3,26.15
4438,1,2015-01-07 23:46:44,2015-01-07 23:54:49,1,2.7,-73.96705627441406,40.76376724243164,1,N,-73.98564147949219,40.73095703125,1,9.5,0.5,0.5,2.15,0.0,0.3,12.95
4439,1,2015-01-07 23:46:44,2015-01-07 23:56:53,2,0.9,-74.00159454345702,40.735931396484375,1,N,-74.0042495727539,40.742385864257805,2,7.5,0.5,0.5,0.0,0.0,0.3,8.8
4440,2,2015-01-14 12:19:07,2015-01-14 12:41:22,1,3.28,-73.994140625,40.75139999389648,1,N,-73.96035766601561,40.77463912963867,2,16.5,0.0,0.5,0.0,0.0,0.3,17.3
4441,2,2015-01-14 12:19:07,2015-01-14 12:26:53,1,0.78,-73.99629211425781,40.74695587158203,1,N,-73.9902114868164,40.74065017700195,1,6.5,0.0,0.5,2.0,0.0,0.3,9.3
4442,2,2015-01-14 12:19:07,2015-01-14 12:28:33,1,1.1,-73.99140930175781,40.75464630126953,1,N,-73.97811889648438,40.758697509765625,2,7.5,0.0,0.5,0.0,0.0,0.3,8.3
4443,2,2015-01-14 12:19:08,2015-01-14 12:35:19,5,2.81,-73.99503326416014,40.76050567626953,1,N,-73.99506378173827,40.734283447265625,2,12.5,0.0,0.5,0.0,0.0,0.3,13.3
4444,2,2015-01-14 12:19:08,2015-01-14 12:32:51,3,0.58,-73.9818115234375,40.75803756713867,1,N,-73.97468566894531,40.760845184326165,1,9.5,0.0,0.5,1.9,0.0,0.3,12.2
4445,2,2015-01-14 12:19:09,2015-01-14 12:41:56,1,2.19,-73.94966888427734,40.78081512451172,1,N,-73.97488403320312,40.765331268310554,2,15.0,0.0,0.5,0.0,0.0,0.3,15.8
4446,2,2015-01-14 12:19:09,2015-01-14 13:26:36,1,19.22,-73.7811050415039,40.64500045776367,2,N,-74.00196838378906,40.72441864013672,1,52.0,0.0,0.5,9.0,5.33,0.3,67.13
4447,2,2015-01-14 12:19:09,2015-01-14 12:27:03,1,0.63,-73.97535705566406,40.75768280029297,1,N,-73.98094177246092,40.75354766845703,2,6.5,0.0,0.5,0.0,0.0,0.3,7.3
4448,2,2015-01-14 12:19:09,2015-01-14 12:41:36,2,2.52,-73.97543334960938,40.75531768798828,1,N,-74.00190734863281,40.739593505859375,1,15.0,0.0,0.5,3.0,0.0,0.3,18.8
4449,2,2015-01-14 12:19:09,2015-01-14 12:23:00,2,0.87,-74.0061798095703,40.73414993286133,1,N,-73.99842834472656,40.745220184326165,2,5.0,0.0,0.5,0.0,0.0,0.3,5.8
4450,2,2015-01-14 12:19:10,2015-01-14 12:39:46,1,1.27,-73.97462463378906,40.76038360595703,1,N,-73.97836303710938,40.75285720825195,1,13.0,0.0,0.5,3.9,0.0,0.3,17.7
4451,2,2015-01-14 12:19:11,2015-01-14 12:42:47,1,2.28,-73.98021697998048,40.74860763549805,1,N,-73.95428466796875,40.766056060791016,1,15.0,0.0,0.5,1.0,0.0,0.3,16.8
4452,2,2015-01-14 12:19:11,2015-01-14 12:45:52,1,2.98,-73.99552154541014,40.717041015625,1,N,-73.9704818725586,40.754276275634766,2,18.0,0.0,0.5,0.0,0.0,0.3,18.8
4453,2,2015-01-14 12:19:11,2015-01-14 12:26:09,6,0.9,-73.9759521484375,40.76580810546875,1,N,-73.97896575927734,40.773391723632805,2,6.0,0.0,0.5,0.0,0.0,0.3,6.8
4454,2,2015-01-14 12:19:11,2015-01-14 12:30:45,1,0.91,-73.98886108398438,40.74520111083984,1,N,-73.99102783203125,40.75376129150391,1,8.0,0.0,0.5,2.0,0.0,0.3,10.8
4455,2,2015-01-14 12:19:12,2015-01-14 12:32:44,6,8.63,-73.79019927978516,40.64402770996094,1,N,-73.8839111328125,40.651214599609375,1,24.5,0.0,0.5,4.9,0.0,0.3,30.2
4456,2,2015-01-14 12:19:12,2015-01-14 12:56:56,1,17.39,-73.98204040527344,40.76232147216797,2,N,-73.78339385986328,40.64374542236328,1,52.0,0.0,0.5,11.47,5.33,0.3,69.6
4457,2,2015-01-14 12:19:12,2015-01-14 12:37:49,2,1.45,-73.98780059814453,40.75065994262695,1,N,-73.98230743408203,40.76743316650391,2,12.5,0.0,0.5,0.0,0.0,0.3,13.3
4458,2,2015-01-14 12:19:12,2015-01-14 12:33:33,1,1.78,-73.9838638305664,40.743408203125,1,N,-74.0053482055664,40.74098587036133,1,10.5,0.0,0.5,0.0,0.0,0.3,11.3
4459,2,2015-01-14 12:19:12,2015-01-14 12:38:22,1,6.49,-74.0152816772461,40.71601104736328,1,N,-73.98163604736328,40.7463493347168,1,22.0,0.0,0.5,2.0,0.0,0.3,24.8
4460,2,2015-01-14 12:19:14,2015-01-14 12:28:42,1,1.15,-73.9920425415039,40.74969100952149,1,N,-74.00560760498048,40.745750427246094,1,7.5,0.0,0.5,1.5,0.0,0.3,9.8
4461,2,2015-01-14 12:19:14,2015-01-14 12:42:19,5,3.24,-73.95428466796875,40.764137268066406,1,N,-73.98888397216798,40.738075256347656,1,18.0,0.0,0.5,3.6,0.0,0.3,22.4
4462,1,2015-01-21 09:42:33,2015-01-21 10:03:07,1,6.1,-74.00773620605469,40.70549392700195,1,N,-73.95469665527342,40.76552581787109,1,21.0,0.0,0.5,2.0,0.0,0.3,23.8
4463,1,2015-01-21 09:42:34,2015-01-21 09:57:23,1,2.7,-73.94634246826173,40.780609130859375,1,N,-73.97159576416014,40.75881576538086,1,11.5,0.0,0.5,2.46,0.0,0.3,14.76
4464,1,2015-01-21 09:42:35,2015-01-21 09:55:10,2,1.7,-73.98748779296875,40.75528335571289,1,N,-73.99562072753906,40.76914978027344,2,10.0,0.0,0.5,0.0,0.0,0.3,10.8
4465,1,2015-01-21 09:42:36,2015-01-21 09:51:12,1,1.1,-73.989501953125,40.73971939086913,1,N,-74.00637817382812,40.74147033691406,1,7.5,0.0,0.5,1.65,0.0,0.3,9.95
4466,1,2015-01-21 09:42:36,2015-01-21 10:06:09,1,9.0,-73.96112823486328,40.77473831176758,1,N,-74.0151138305664,40.717330932617195,1,27.0,0.0,0.5,1.5,0.0,0.3,29.3
4467,1,2015-01-21 09:42:36,2015-01-21 10:25:04,1,9.3,-74.00991821289062,40.72140121459961,1,N,-73.95750427246092,40.77688980102539,1,36.0,0.0,0.5,9.2,0.0,0.3,46.0
4468,1,2015-01-21 09:42:36,2015-01-21 09:57:20,1,2.1,-73.98407745361328,40.72536849975586,1,N,-74.00759887695312,40.71746063232422,2,11.0,0.0,0.5,0.0,0.0,0.3,11.8
4469,1,2015-01-21 09:42:37,2015-01-21 10:30:06,1,8.9,-73.99412536621094,40.68132019042969,1,N,-73.98149871826173,40.75828170776367,1,36.5,0.0,0.5,7.45,0.0,0.3,44.75
4470,1,2015-01-21 09:42:37,2015-01-21 09:47:18,1,0.6,-73.96577453613281,40.75857162475586,1,N,-73.97340393066406,40.7529411315918,1,5.0,0.0,0.5,1.16,0.0,0.3,6.96
4471,1,2015-01-21 09:42:37,2015-01-21 09:55:27,1,2.1,-73.98194885253906,40.75795364379882,1,N,-73.96189880371094,40.779483795166016,1,10.5,0.0,0.5,2.25,0.0,0.3,13.55
4472,1,2015-01-21 09:42:37,2015-01-21 09:59:29,2,3.0,-73.9816665649414,40.745975494384766,1,N,-74.00874328613281,40.7190055847168,1,13.5,0.0,0.5,4.25,0.0,0.3,18.55
4473,1,2015-01-21 09:42:38,2015-01-21 09:53:21,1,1.2,-73.96795654296875,40.75968551635742,1,N,-73.9544677734375,40.76598358154297,1,8.0,0.0,0.5,1.75,0.0,0.3,10.55
4474,1,2015-01-21 09:42:38,2015-01-21 09:58:44,1,1.4,-73.98751068115233,40.752288818359375,1,N,-73.97341918945312,40.76070785522461,1,10.5,0.0,0.5,1.5,0.0,0.3,12.8
4475,1,2015-01-21 09:42:39,2015-01-21 09:54:56,1,2.1,-73.98590850830078,40.726806640625,1,N,-74.0096206665039,40.72005081176758,1,10.0,0.0,0.5,2.15,0.0,0.3,12.95
4476,1,2015-01-21 09:42:39,2015-01-21 09:43:54,1,0.2,-73.93931579589844,40.810546875,1,N,-73.94109344482422,40.807804107666016,2,3.0,0.0,0.5,0.0,0.0,0.3,3.8
4477,1,2015-01-21 09:42:39,2015-01-21 10:08:59,1,2.4,-73.95722961425781,40.78318786621094,1,N,-73.97139739990233,40.75508880615234,2,16.5,0.0,0.5,0.0,0.0,0.3,17.3
4478,1,2015-01-21 09:42:40,2015-01-21 09:52:29,1,0.9,-73.98300933837889,40.74802017211913,1,N,-73.97398376464845,40.75942993164063,1,7.5,0.0,0.5,1.0,0.0,0.3,9.3
4479,1,2015-01-21 09:42:40,2015-01-21 09:53:21,2,0.8,-73.99222564697266,40.75395965576172,1,N,-73.98109436035155,40.75857925415039,1,8.0,0.0,0.5,1.75,0.0,0.3,10.55
4480,1,2015-01-21 09:42:41,2015-01-21 09:59:36,1,1.8,-73.97726440429686,40.75880813598633,1,N,-73.98836517333984,40.737396240234375,1,12.0,0.0,0.5,2.5,0.0,0.3,15.3
4481,1,2015-01-21 09:42:41,2015-01-21 09:43:54,1,0.1,-73.9662857055664,40.77056121826172,1,N,-73.96517181396483,40.77252960205078,1,3.0,0.0,0.5,0.75,0.0,0.3,4.55
4482,1,2015-01-21 09:42:41,2015-01-21 09:55:34,1,1.7,-73.9716567993164,40.75197982788086,1,N,-73.98579406738281,40.734352111816406,1,10.0,0.0,0.5,1.0,0.0,0.3,11.8
4483,1,2015-01-21 09:42:41,2015-01-21 09:49:50,2,1.0,-73.97589111328125,40.7571678161621,1,N,-73.98847961425781,40.750267028808594,2,6.5,0.0,0.5,0.0,0.0,0.3,7.3
4484,1,2015-01-08 00:24:59,2015-01-08 00:34:49,1,3.7,-73.99243927001953,40.72420883178711,1,N,-73.95656585693358,40.7669334411621,2,12.0,0.5,0.5,0.0,0.0,0.3,13.3
4485,1,2015-01-08 00:25:01,2015-01-08 00:42:59,1,5.5,-73.98869323730467,40.72226333618164,1,N,-73.9466552734375,40.67142868041992,1,18.5,0.5,0.5,6.5,0.0,0.3,26.3
4486,1,2015-01-08 00:25:01,2015-01-08 00:30:25,1,0.4,-73.97399139404298,40.756393432617195,1,N,-73.96800231933594,40.755462646484375,2,5.0,0.5,0.5,0.0,0.0,0.3,6.3
4487,1,2015-01-08 00:25:01,2015-01-08 00:41:51,1,5.3,-73.99002075195312,40.74987411499024,1,N,-73.91461181640625,40.75762939453125,1,17.5,0.5,0.5,4.7,0.0,0.3,23.5
4488,1,2015-01-08 00:25:01,2015-01-08 00:47:09,1,6.3,-74.00523376464844,40.73395156860352,1,N,-73.95673370361328,40.65584182739258,1,22.0,0.5,0.5,4.5,0.0,0.3,27.8
4489,1,2015-01-08 00:25:02,2015-01-08 00:28:25,1,0.6,-73.98654174804686,40.751171112060554,1,Y,-73.97815704345702,40.75118255615234,2,4.5,0.5,0.5,0.0,0.0,0.3,5.8
4490,1,2015-01-08 00:25:02,2015-01-08 00:50:18,1,6.2,-74.00336456298828,40.74356842041016,1,N,-73.9134750366211,40.745220184326165,1,22.5,0.5,0.5,3.0,0.0,0.3,26.8
4491,1,2015-01-08 00:25:04,2015-01-08 00:38:24,1,7.4,-73.87451934814453,40.77407455444336,1,N,-73.94828033447266,40.71046829223633,1,21.5,0.5,0.5,2.0,0.0,0.3,24.8
4492,1,2015-01-08 00:25:07,2015-01-08 01:14:22,4,16.1,-73.99449920654298,40.72151565551758,1,N,-73.86978149414062,40.83013916015625,3,49.5,0.5,0.5,0.0,0.0,0.3,50.8
4493,1,2015-01-08 00:25:07,2015-01-08 00:27:12,3,0.2,-73.97314453125,40.78684997558594,1,N,-73.9714584350586,40.78438186645508,1,3.5,0.5,0.5,2.0,0.0,0.3,6.8
4494,1,2015-01-08 00:25:08,2015-01-08 00:43:01,1,12.2,-73.87442016601561,40.77399444580078,1,N,-73.78238677978516,40.64884567260742,2,33.0,0.5,0.5,0.0,0.0,0.3,34.3
4495,1,2015-01-08 00:25:09,2015-01-08 00:47:00,1,7.6,-74.00885772705078,40.713897705078125,1,N,-73.91911315917967,40.75478363037109,1,23.0,0.5,0.5,2.5,0.0,0.3,26.8
4496,1,2015-01-08 00:25:10,2015-01-08 00:28:31,1,0.6,-73.97647857666014,40.74826431274414,1,N,-73.97919464111328,40.74032211303711,1,4.5,0.5,0.5,1.15,0.0,0.3,6.95
4497,1,2015-01-08 00:25:10,2015-01-08 00:32:52,1,1.9,0.0,0.0,1,N,0.0,0.0,1,8.5,0.5,0.5,2.45,0.0,0.3,12.25
4498,1,2015-01-08 00:25:11,2015-01-08 00:39:45,1,5.2,0.0,0.0,1,N,0.0,0.0,1,17.0,0.5,0.5,3.65,0.0,0.3,21.95
4499,1,2015-01-08 00:25:12,2015-01-08 00:32:43,1,1.6,-73.9729995727539,40.75716018676758,1,N,-73.9912109375,40.75010681152344,2,7.5,0.5,0.5,0.0,0.0,0.3,8.8
4500,1,2015-01-08 00:25:12,2015-01-08 00:38:12,1,1.8,-73.98947143554686,40.72645568847656,1,N,-73.98918914794923,40.731590270996094,2,10.0,0.5,0.5,0.0,0.0,0.3,11.3
4501,1,2015-01-08 00:25:14,2015-01-08 00:29:09,1,0.6,-73.98979187011719,40.7569694519043,1,N,-73.99229431152342,40.76165771484375,2,5.0,0.5,0.5,0.0,0.0,0.3,6.3
4502,1,2015-01-08 00:25:15,2015-01-08 00:38:45,1,3.3,-73.98170471191406,40.73260116577149,1,N,-73.96004486083984,40.705787658691406,2,13.0,0.5,0.5,0.0,0.0,0.3,14.3
4503,1,2015-01-08 00:25:16,2015-01-08 00:52:10,2,20.2,-73.78984069824217,40.64699172973633,2,N,-73.96232604980467,40.77723693847656,2,52.0,0.0,0.5,0.0,5.33,0.3,58.13
4504,1,2015-01-08 00:25:18,2015-01-08 00:32:47,1,1.2,-73.89082336425781,40.74690246582031,1,N,-73.89851379394531,40.73432540893555,2,7.0,0.5,0.5,0.0,0.0,0.3,8.3
4505,1,2015-01-08 00:25:19,2015-01-08 00:36:29,1,2.7,-73.95498657226561,40.80499649047852,1,N,-73.9561004638672,40.77633666992188,1,11.5,0.5,0.5,2.75,0.0,0.3,15.55
4506,1,2015-01-08 00:25:20,2015-01-08 00:32:10,1,1.3,-73.98233795166014,40.73598098754882,1,N,-73.9842300415039,40.72233581542969,1,6.5,0.5,0.5,1.56,0.0,0.3,9.36
4507,2,2015-01-09 10:06:54,2015-01-09 10:14:16,1,1.11,-74.0017318725586,40.74600982666016,1,N,-73.99082946777342,40.73640060424805,1,6.5,0.0,0.5,1.95,0.0,0.3,9.25
4508,2,2015-01-09 10:06:54,2015-01-09 10:16:49,5,1.19,-73.99620819091797,40.73809814453125,1,N,-73.98915100097656,40.753055572509766,1,8.0,0.0,0.5,1.6,0.0,0.3,10.4
4509,2,2015-01-09 10:06:55,2015-01-09 10:08:59,1,0.62,-73.96167755126953,40.776973724365234,1,N,-73.95623779296875,40.78450775146485,2,4.0,0.0,0.5,0.0,0.0,0.3,4.8
4510,2,2015-01-09 10:06:55,2015-01-09 10:31:25,1,2.21,-73.96748352050781,40.76436996459961,1,N,-73.99263763427734,40.75328826904297,2,15.0,0.0,0.5,0.0,0.0,0.3,15.8
4511,2,2015-01-09 10:06:56,2015-01-09 10:18:45,1,1.22,-74.00559997558595,40.70734024047852,1,N,-74.00513458251953,40.721187591552734,2,8.5,0.0,0.5,0.0,0.0,0.3,9.3
4512,2,2015-01-09 10:06:56,2015-01-09 10:16:00,6,0.94,-73.97389221191406,40.74594879150391,1,N,-73.9783935546875,40.75400161743164,2,7.0,0.0,0.5,0.0,0.0,0.3,7.8
4513,2,2015-01-09 10:06:57,2015-01-09 10:19:01,1,1.1,-73.9651641845703,40.76645660400391,1,N,-73.96488952636719,40.75540542602539,1,8.5,0.0,0.5,1.7,0.0,0.3,11.0
4514,2,2015-01-09 10:06:57,2015-01-09 10:14:11,1,1.02,-73.9900894165039,40.75191879272461,1,N,-73.99252319335938,40.740398406982415,1,6.5,0.0,0.5,1.3,0.0,0.3,8.6
4515,2,2015-01-09 10:06:57,2015-01-09 10:11:13,1,0.96,-73.95331573486328,40.77987289428711,1,N,-73.94257354736328,40.78619384765625,1,5.0,0.0,0.5,1.0,0.0,0.3,6.8
4516,2,2015-01-09 10:06:58,2015-01-09 10:10:11,1,0.44,-73.95465087890625,40.76962661743164,1,N,-73.95919036865233,40.773296356201165,1,4.0,0.0,0.5,1.0,0.0,0.3,5.8
4517,2,2015-01-09 10:06:58,2015-01-09 10:09:48,1,0.61,-73.9858169555664,40.72679138183594,1,N,-73.9914321899414,40.722938537597656,2,4.0,0.0,0.5,0.0,0.0,0.3,4.8
4518,2,2015-01-09 10:06:58,2015-01-09 10:31:15,1,4.44,-73.95665740966798,40.775215148925774,1,N,-74.002197265625,40.75571060180664,2,19.5,0.0,0.5,0.0,0.0,0.3,20.3
4519,2,2015-01-09 10:06:59,2015-01-09 10:12:19,2,0.75,-74.00818634033203,40.737571716308594,1,N,-73.99569702148438,40.73522186279297,2,5.0,0.0,0.5,0.0,0.0,0.3,5.8
4520,2,2015-01-09 10:07:00,2015-01-09 10:20:55,1,3.03,-73.97906494140625,40.766822814941406,1,N,-74.00818634033203,40.745620727539055,2,12.0,0.0,0.5,0.0,0.0,0.3,12.8
4521,2,2015-01-09 10:07:00,2015-01-09 10:11:14,5,0.45,-74.00845336914062,40.7116813659668,1,N,-74.01273345947266,40.70613861083984,2,4.5,0.0,0.5,0.0,0.0,0.3,5.3
4522,2,2015-01-09 10:07:01,2015-01-09 10:10:56,1,0.59,-73.98282623291014,40.7451286315918,1,N,-73.98690795898438,40.75064086914063,1,4.5,0.0,0.5,1.0,0.0,0.3,6.3
4523,2,2015-01-09 10:07:02,2015-01-09 10:15:44,2,0.63,-73.98184967041014,40.74057769775391,1,N,-73.98817443847656,40.745952606201165,1,7.0,0.0,0.5,0.0,0.0,0.3,7.8
4524,2,2015-01-09 10:07:02,2015-01-09 10:12:45,1,0.97,-73.89046478271484,40.746746063232415,1,N,-73.90821075439453,40.745208740234375,1,5.5,0.0,0.5,1.65,0.0,0.3,7.95
4525,2,2015-01-09 10:07:02,2015-01-09 10:16:56,1,1.57,-73.98174285888672,40.746681213378906,1,N,-73.96478271484375,40.75573348999024,2,8.5,0.0,0.5,0.0,0.0,0.3,9.3
4526,2,2015-01-09 10:07:03,2015-01-09 10:13:32,1,1.03,-74.0101089477539,40.71374130249024,1,N,-73.9997787475586,40.72460174560546,1,6.0,0.0,0.5,1.8,0.0,0.3,8.6
4527,2,2015-01-09 10:07:03,2015-01-09 10:16:42,1,1.27,-73.98148345947266,40.75886154174805,1,N,-73.99424743652342,40.750198364257805,1,8.0,0.0,0.5,2.4,0.0,0.3,11.2
4528,2,2015-01-28 15:26:29,2015-01-28 16:45:11,1,19.12,-73.7819061279297,40.64461517333984,2,N,-73.97881317138672,40.772457122802734,2,52.0,0.0,0.5,0.0,5.33,0.3,58.13
4529,2,2015-01-28 15:26:30,2015-01-28 15:35:56,5,1.28,-73.98688507080078,40.7642707824707,1,N,-73.99169921875,40.74988555908203,1,8.0,0.0,0.5,1.6,0.0,0.3,10.4
4530,2,2015-01-28 15:26:30,2015-01-28 15:43:30,1,2.49,-73.95856475830078,40.76043319702149,1,N,-73.98830413818358,40.75908660888672,2,12.0,0.0,0.5,0.0,0.0,0.3,12.8
4531,2,2015-01-28 15:26:30,2015-01-28 16:27:30,1,18.06,-73.78214263916014,40.644775390625,2,N,-73.98189544677734,40.76215362548828,1,52.0,0.0,0.5,11.47,5.33,0.3,69.6
4532,2,2015-01-28 15:26:30,2015-01-28 15:34:10,1,0.52,-73.95461273193358,40.76578140258789,1,N,-73.96049499511719,40.769657135009766,2,6.0,0.0,0.5,0.0,0.0,0.3,6.8
4533,2,2015-01-28 15:26:30,2015-01-28 15:40:09,4,1.24,-73.99170684814453,40.74989318847656,1,N,-73.97787475585938,40.752532958984375,1,9.5,0.0,0.5,2.06,0.0,0.3,12.36
4534,2,2015-01-28 15:26:30,2015-01-28 15:43:54,1,1.63,-73.96600341796875,40.75988006591797,1,N,-73.95674896240233,40.77496719360352,2,11.5,0.0,0.5,0.0,0.0,0.3,12.3
4535,2,2015-01-28 15:26:31,2015-01-28 15:40:18,1,1.2,-73.96619415283203,40.761905670166016,1,N,-73.95535278320312,40.7734260559082,1,9.5,0.0,0.5,3.09,0.0,0.3,13.39
4536,2,2015-01-28 15:26:32,2015-01-28 15:37:51,1,5.34,-73.97042846679686,40.75281524658203,1,N,-74.01431274414062,40.70367050170898,1,17.0,0.0,0.5,4.45,0.0,0.3,22.25
4537,2,2015-01-28 15:26:33,2015-01-28 15:51:38,1,4.59,-73.98503875732422,40.755569458007805,1,N,-73.99433135986328,40.735260009765625,2,19.0,0.0,0.5,0.0,0.0,0.3,19.8
4538,2,2015-01-28 15:26:33,2015-01-28 15:33:37,1,1.05,-73.96559143066406,40.79039764404297,1,N,-73.97824096679686,40.78631591796875,1,6.5,0.0,0.5,1.0,0.0,0.3,8.3
4539,2,2015-01-28 15:26:33,2015-01-28 15:42:05,2,6.6,-74.01612854003906,40.71106719970703,1,N,-73.9700698852539,40.75801849365234,1,20.0,0.0,0.5,4.16,0.0,0.3,24.96
4540,2,2015-01-28 15:26:34,2015-01-28 15:30:16,3,1.25,-73.99556732177734,40.754520416259766,1,N,-74.00308990478516,40.7399787902832,2,5.5,0.0,0.5,0.0,0.0,0.3,6.3
4541,2,2015-01-28 15:26:35,2015-01-28 15:50:13,1,10.3,-73.9717254638672,40.75999069213867,1,N,-73.86409759521484,40.76947021484375,1,30.5,0.0,0.5,0.0,5.33,0.3,36.63
4542,2,2015-01-28 15:26:36,2015-01-28 15:39:33,6,2.07,-73.9609146118164,40.780982971191406,1,N,-73.98224639892578,40.77180099487305,1,10.5,0.0,0.5,2.26,0.0,0.3,13.56
4543,2,2015-01-28 15:26:36,2015-01-28 15:36:41,1,1.33,-73.95501708984375,40.7889518737793,1,N,-73.9742889404297,40.79124069213867,2,8.5,0.0,0.5,0.0,0.0,0.3,9.3
4544,2,2015-01-28 15:26:36,2015-01-28 15:45:36,1,2.28,-73.98140716552734,40.73292922973633,1,N,-73.97196960449217,40.75973129272461,1,13.0,0.0,0.5,2.76,0.0,0.3,16.56
4545,2,2015-01-28 15:26:37,2015-01-28 16:21:48,1,16.24,-73.78857421875,40.66318130493164,2,N,-73.97923278808595,40.764835357666016,1,52.0,0.0,0.5,13.2,0.0,0.3,66.0
4546,2,2015-01-28 15:26:37,2015-01-28 15:34:11,1,1.08,-73.98489379882812,40.78171920776367,1,N,-73.97429656982422,40.79383850097656,1,7.0,0.0,0.5,1.95,0.0,0.3,9.75
4547,2,2015-01-28 15:26:37,2015-01-28 15:45:12,1,3.11,-73.9908676147461,40.75569915771485,1,N,-74.001953125,40.719337463378906,2,14.0,0.0,0.5,0.0,0.0,0.3,14.8
4548,2,2015-01-28 15:26:37,2015-01-28 15:50:24,1,4.55,-73.95552825927734,40.76409912109375,1,N,-73.90764617919923,40.74190139770508,1,19.0,0.0,0.5,3.96,0.0,0.3,23.76
4549,2,2015-01-28 15:26:37,2015-01-28 15:32:15,1,0.74,-73.98825073242188,40.72298049926758,1,N,-73.98714447021484,40.72949600219727,1,5.5,0.0,0.5,1.1,0.0,0.3,7.4
4550,2,2015-01-23 18:06:39,2015-01-23 18:46:47,1,3.46,-73.94741821289062,40.77532577514648,1,N,-73.98529052734375,40.76123428344727,1,24.0,1.0,0.5,5.16,0.0,0.3,30.96
4551,2,2015-01-23 18:06:39,2015-01-23 18:17:47,3,1.31,-73.99358367919923,40.75218200683594,1,N,-73.97840881347656,40.75268173217773,1,8.5,1.0,0.5,2.85,0.0,0.3,13.15
4552,2,2015-01-23 18:06:40,2015-01-23 18:29:55,1,3.01,-73.98040771484375,40.7823486328125,1,N,-73.99141693115233,40.7464714050293,1,16.0,1.0,0.5,3.56,0.0,0.3,21.36
4553,2,2015-01-23 18:06:40,2015-01-23 18:14:47,1,1.17,-73.9981689453125,40.74948501586913,1,N,-74.00038146972656,40.753231048583984,1,7.5,1.0,0.5,1.86,0.0,0.3,11.16
4554,2,2015-01-23 18:06:40,2015-01-23 18:22:44,1,2.41,-73.96592712402342,40.76239776611328,1,N,-73.9456329345703,40.79290008544922,2,12.0,1.0,0.5,0.0,0.0,0.3,13.8
4555,2,2015-01-23 18:06:40,2015-01-23 18:11:28,1,0.77,-73.96149444580078,40.7801170349121,1,N,-73.95487976074217,40.782493591308594,1,5.5,1.0,0.5,2.19,0.0,0.3,9.49
4556,2,2015-01-23 18:06:40,2015-01-23 18:10:56,1,0.72,-73.98699951171875,40.720802307128906,1,N,-73.9934844970703,40.72718048095703,1,5.0,1.0,0.5,1.36,0.0,0.3,8.16
4557,2,2015-01-23 18:06:40,2015-01-23 18:27:59,6,2.66,-73.95645141601561,40.78090286254882,1,N,-73.96111297607422,40.76511764526367,2,14.5,1.0,0.5,0.0,0.0,0.3,16.3
4558,2,2015-01-23 18:06:40,2015-01-23 18:17:14,5,1.25,-73.99474334716798,40.75046920776367,1,N,-73.98798370361328,40.7651596069336,2,8.5,1.0,0.5,0.0,0.0,0.3,10.3
4559,2,2015-01-23 18:06:41,2015-01-23 18:16:12,1,0.98,-74.00491333007811,40.7159423828125,1,N,-74.00753784179686,40.70522689819336,1,7.5,1.0,0.5,1.86,0.0,0.3,11.16
4560,2,2015-01-23 18:06:41,2015-01-23 18:26:39,1,4.9,-73.86271667480467,40.76900863647461,1,N,-73.93549346923827,40.76734924316406,1,17.5,1.0,0.5,5.79,0.0,0.3,25.09
4561,2,2015-01-23 18:06:42,2015-01-23 18:29:38,2,3.79,-73.99534606933594,40.727363586425774,1,N,-73.94112396240233,40.715530395507805,2,17.5,1.0,0.5,0.0,0.0,0.3,19.3
4562,2,2015-01-23 18:06:42,2015-01-23 18:17:30,5,0.98,-73.98116302490233,40.763671875,1,N,-73.96709442138672,40.75687026977539,2,8.0,1.0,0.5,0.0,0.0,0.3,9.8
4563,2,2015-01-23 18:06:42,2015-01-23 18:14:04,2,1.74,-74.00848388671875,40.70723342895508,1,N,-73.9799575805664,40.71366500854492,1,7.5,1.0,0.5,1.86,0.0,0.3,11.16
4564,2,2015-01-23 18:06:43,2015-01-23 18:18:49,2,1.77,-74.01277160644531,40.70220565795898,1,N,-73.9906997680664,40.71841812133789,1,10.0,1.0,0.5,2.36,0.0,0.3,14.16
4565,2,2015-01-23 18:06:43,2015-01-23 18:19:58,2,2.46,-73.974609375,40.751171112060554,1,N,-73.95755004882812,40.778839111328125,1,11.0,1.0,0.5,2.4,0.0,0.3,15.2
4566,2,2015-01-23 18:06:43,2015-01-23 18:18:48,1,1.8,-73.97289276123048,40.76123428344727,1,N,-73.98918151855469,40.77686309814453,1,9.5,1.0,0.5,2.1,0.0,0.3,13.4
4567,2,2015-01-23 18:06:43,2015-01-23 18:27:39,5,3.5,-73.97249603271484,40.76497268676758,1,N,-74.00860595703125,40.73755645751953,1,15.5,1.0,0.5,3.46,0.0,0.3,20.76
4568,2,2015-01-23 18:06:43,2015-01-23 18:17:40,1,1.66,-73.9732666015625,40.76366424560546,1,N,-73.98772430419923,40.74382400512695,1,9.0,1.0,0.5,2.7,0.0,0.3,13.5
4569,2,2015-01-23 18:06:43,2015-01-23 18:29:31,5,4.19,-73.98261260986328,40.76643753051758,1,N,-73.9353790283203,40.79580307006836,1,18.0,1.0,0.5,3.96,0.0,0.3,23.76
4570,2,2015-01-23 18:06:43,2015-01-23 18:14:37,1,0.97,-73.96144104003906,40.764751434326165,1,N,-73.969970703125,40.75248336791992,1,7.0,1.0,0.5,1.76,0.0,0.3,10.56
4571,1,2015-01-21 10:04:13,2015-01-21 10:27:34,1,5.0,-73.948486328125,40.78223419189453,1,N,-73.99111938476561,40.73375701904297,1,18.0,0.0,0.5,3.75,0.0,0.3,22.55
4572,1,2015-01-28 14:56:21,2015-01-28 15:19:04,2,1.7,-73.96685028076173,40.79384613037109,1,N,-73.95488739013672,40.77764129638672,1,14.0,0.0,0.5,3.0,0.0,0.3,17.8
4573,1,2015-01-28 14:56:21,2015-01-28 15:29:01,1,6.8,-74.01490020751953,40.70489883422852,1,N,-73.98272705078125,40.7822494506836,2,26.5,0.0,0.5,0.0,0.0,0.3,27.3
4574,1,2015-01-28 14:56:21,2015-01-28 15:08:03,1,0.9,-73.958984375,40.768020629882805,1,N,-73.95555114746092,40.776809692382805,1,8.5,0.0,0.5,0.99,0.0,0.3,10.29
4575,1,2015-01-28 14:56:22,2015-01-28 15:12:35,1,2.0,-73.9573974609375,40.77017211914063,1,N,-73.98447418212889,40.768310546875,1,12.0,0.0,0.5,1.5,0.0,0.3,14.3
4576,1,2015-01-28 14:56:22,2015-01-28 15:15:13,1,2.7,-73.98533630371094,40.758167266845696,1,N,-73.98214721679686,40.727886199951165,2,13.5,0.0,0.5,0.0,0.0,0.3,14.3
4577,1,2015-01-28 14:56:23,2015-01-28 15:05:36,1,1.7,-73.990234375,40.7514762878418,1,N,-74.00875091552734,40.742820739746094,2,8.5,0.0,0.5,0.0,0.0,0.3,9.3
4578,1,2015-01-28 14:56:23,2015-01-28 15:05:30,3,1.2,-73.9847412109375,40.74264526367188,1,N,-73.99195861816406,40.73098373413086,1,7.5,0.0,0.5,2.45,0.0,0.3,10.75
4579,1,2015-01-28 14:56:24,2015-01-28 15:18:13,2,1.3,-73.97528076171875,40.75653076171875,1,N,-73.99382781982422,40.76694107055664,1,13.5,0.0,0.5,3.57,0.0,0.3,17.87
4580,1,2015-01-28 14:56:24,2015-01-28 15:10:04,1,1.5,-73.99405670166014,40.751163482666016,1,N,-73.97635650634764,40.7633056640625,1,10.5,0.0,0.5,1.0,0.0,0.3,12.3
4581,1,2015-01-28 14:56:25,2015-01-28 15:00:53,1,1.5,-74.01481628417967,40.71473693847656,1,N,-74.00689697265625,40.705123901367195,1,6.5,0.0,0.5,1.0,0.0,0.3,8.3
4582,1,2015-01-28 14:56:25,2015-01-28 15:22:21,1,1.5,-73.97928619384764,40.761905670166016,1,N,-73.96064758300781,40.77145767211913,2,15.5,0.0,0.5,0.0,0.0,0.3,16.3
4583,1,2015-01-28 14:56:26,2015-01-28 15:09:09,1,1.7,-74.00352478027342,40.748313903808594,1,N,-73.98572540283203,40.734413146972656,1,9.5,0.0,0.5,1.0,0.0,0.3,11.3
4584,1,2015-01-28 14:56:26,2015-01-28 15:21:38,2,3.4,-73.97048950195312,40.78377151489258,1,N,-73.98473358154298,40.75925064086913,1,17.0,0.0,0.5,4.45,0.0,0.3,22.25
4585,1,2015-01-28 14:56:27,2015-01-28 15:15:01,1,1.2,0.0,0.0,1,N,0.0,0.0,1,12.0,0.0,0.5,3.2,0.0,0.3,16.0
4586,1,2015-01-28 14:56:27,2015-01-28 15:03:35,2,0.6,-73.97631072998048,40.75718688964844,1,N,-73.96841430664062,40.762306213378906,1,6.0,0.0,0.5,1.35,0.0,0.3,8.15
4587,1,2015-01-21 10:04:13,2015-01-21 10:19:22,1,1.4,-73.99132537841797,40.754199981689446,1,N,-73.97952270507811,40.746726989746094,2,10.5,0.0,0.5,0.0,0.0,0.3,11.3
4588,1,2015-01-21 10:04:13,2015-01-21 10:32:35,3,9.6,-73.98727416992188,40.76266860961913,1,N,-73.87303924560547,40.774208068847656,2,32.0,0.0,0.5,0.0,5.33,0.3,38.13
4589,1,2015-01-21 10:04:14,2015-01-21 10:07:28,1,0.8,-74.00832366943358,40.72134780883789,1,Y,-74.00832366943358,40.72134780883789,2,4.5,0.0,0.5,0.0,0.0,0.3,5.3
4590,1,2015-01-21 10:04:14,2015-01-21 10:24:25,3,2.6,-73.99464416503906,40.76593017578125,1,N,-73.99237060546875,40.739532470703125,1,14.0,0.0,0.5,4.4,0.0,0.3,19.2
4591,1,2015-01-21 10:04:15,2015-01-21 10:12:37,1,1.0,-73.9461898803711,40.78153610229492,1,N,-73.95121002197266,40.79122924804688,2,7.0,0.0,0.5,0.0,0.0,0.3,7.8
4592,1,2015-01-21 10:04:15,2015-01-21 10:56:22,1,11.7,-73.87447357177734,40.774089813232415,1,N,-73.99754333496092,40.75678253173828,1,41.0,0.0,0.5,9.4,5.33,0.3,56.53
4593,1,2015-01-21 10:04:15,2015-01-21 10:24:51,1,3.6,-73.96238708496092,40.75884246826172,1,N,-73.9951629638672,40.74401473999024,1,16.0,0.0,0.5,5.04,0.0,0.3,21.84
4594,1,2015-01-21 10:04:15,2015-01-21 10:19:18,2,1.3,-74.01480865478516,40.70834732055664,1,N,-74.01619720458984,40.7092399597168,2,10.5,0.0,0.5,0.0,0.0,0.3,11.3
4595,1,2015-01-21 10:04:15,2015-01-21 10:07:22,1,0.6,-73.9810791015625,40.7529296875,1,N,-73.98681640625,40.745410919189446,2,4.5,0.0,0.5,0.0,0.0,0.3,5.3
4596,1,2015-01-21 10:04:16,2015-01-21 10:20:24,1,1.5,-73.99932861328125,40.74427795410156,1,N,-73.98291778564453,40.756881713867195,1,11.0,0.0,0.5,1.25,0.0,0.3,13.05
4597,1,2015-01-21 10:04:16,2015-01-21 10:10:00,1,0.6,-73.99848175048828,40.72315216064453,1,N,-74.0051498413086,40.72711181640625,1,5.5,0.0,0.5,1.25,0.0,0.3,7.55
4598,2,2015-01-04 14:44:09,2015-01-05 14:31:46,1,0.53,-73.988037109375,40.75096130371094,1,N,-73.99210357666014,40.75601959228516,2,5.0,0.0,0.5,0.0,0.0,0.3,5.8
4599,2,2015-01-04 14:44:09,2015-01-04 15:00:47,1,5.35,-73.95668029785155,40.78658676147461,1,N,-73.97805023193358,40.725196838378906,1,18.5,0.0,0.5,3.7,0.0,0.3,23.0
4600,2,2015-01-04 14:44:09,2015-01-04 14:48:46,6,1.14,-73.97689819335938,40.78000259399414,1,N,-73.9820785522461,40.7658805847168,1,6.0,0.0,0.5,1.2,0.0,0.3,8.0
4601,1,2015-01-04 14:44:10,2015-01-04 14:52:27,2,0.4,-73.99571228027342,40.75916290283203,1,N,-73.98954010009764,40.76059722900391,2,6.5,0.0,0.5,0.0,0.0,0.0,7.3
4602,2,2015-01-25 00:15:12,2015-01-25 00:18:49,1,0.94,-73.95558166503906,40.768550872802734,1,N,-73.96471405029298,40.760135650634766,2,5.0,0.5,0.5,0.0,0.0,0.3,6.3
4603,2,2015-01-25 00:15:12,2015-01-25 00:30:51,1,5.31,-73.95053100585938,40.77959442138672,1,N,-73.97924041748048,40.72108459472656,1,17.0,0.5,0.5,3.5,0.0,0.3,21.8
4604,2,2015-01-25 00:15:12,2015-01-25 00:35:50,1,4.76,-74.00145721435547,40.72618103027344,1,N,-73.95265960693358,40.7663688659668,1,17.5,0.5,0.5,3.76,0.0,0.3,22.56
4605,2,2015-01-25 00:15:12,2015-01-25 00:21:39,1,1.3,-73.98119354248048,40.7641830444336,1,N,-73.97667694091797,40.75164031982422,2,6.5,0.5,0.5,0.0,0.0,0.3,7.8
4606,2,2015-01-25 00:15:12,2015-01-25 00:40:33,1,6.09,-74.00891876220702,40.707069396972656,5,N,-74.02839660644531,40.751628875732415,1,45.0,0.0,0.5,0.0,13.0,0.3,58.8
4607,2,2015-01-25 00:15:12,2015-01-25 00:33:24,2,7.16,-73.98654174804686,40.74763870239258,1,N,-73.9405746459961,40.81734085083008,1,23.0,0.5,0.5,0.0,0.0,0.3,24.3
4608,2,2015-01-25 00:15:13,2015-01-25 00:35:33,3,4.58,-74.00224304199219,40.7395896911621,1,N,-73.97010803222656,40.694839477539055,1,17.5,0.5,0.5,3.6,0.0,0.3,22.4
4609,2,2015-01-25 00:15:13,2015-01-25 00:29:57,1,2.22,-73.98946380615233,40.71908950805664,1,N,-74.00164794921875,40.74100112915039,1,11.5,0.5,0.5,1.0,0.0,0.3,13.8
4610,2,2015-01-25 00:15:13,2015-01-25 00:25:16,1,1.79,-74.01027679443358,40.71945190429688,1,N,-73.98980712890625,40.72638320922852,2,8.5,0.5,0.5,0.0,0.0,0.3,9.8
4611,2,2015-01-25 00:15:14,2015-01-25 00:23:07,1,1.34,-73.99726867675781,40.741790771484375,1,N,-74.00330352783203,40.7253303527832,1,7.5,0.5,0.5,1.76,0.0,0.3,10.56
4612,2,2015-01-25 00:15:14,2015-01-25 00:32:40,1,2.81,-73.98234558105469,40.77683639526367,1,N,-73.94744873046875,40.77601623535156,1,14.0,0.5,0.5,1.25,0.0,0.3,16.55
4613,2,2015-01-25 00:15:14,2015-01-25 00:28:58,1,2.99,-73.97810363769531,40.75278472900391,1,N,-73.95677947998048,40.74469375610352,1,11.5,0.5,0.5,8.0,0.0,0.3,20.8
4614,2,2015-01-25 00:15:14,2015-01-25 00:18:30,2,0.49,-73.98760986328125,40.732818603515625,1,N,-73.98876953125,40.727149963378906,2,4.0,0.5,0.5,0.0,0.0,0.3,5.3
4615,2,2015-01-25 00:15:14,2015-01-25 00:27:02,1,2.64,-74.00557708740233,40.74020385742188,1,N,-73.97949981689453,40.76700592041016,2,11.0,0.5,0.5,0.0,0.0,0.3,12.3
4616,2,2015-01-25 00:15:14,2015-01-25 00:19:47,1,0.81,-74.00054931640625,40.742500305175774,1,N,-74.00230407714845,40.750293731689446,1,5.5,0.5,0.5,1.7,0.0,0.3,8.5
4617,2,2015-01-25 00:15:14,2015-01-25 00:20:22,1,0.88,-73.99318695068358,40.738258361816406,1,N,-73.98554992675781,40.73825073242188,1,5.5,0.5,0.5,1.5,0.0,0.3,8.3
4618,2,2015-01-25 00:15:15,2015-01-25 00:24:09,2,1.7,-73.97614288330078,40.76395797729492,1,N,-73.99622344970702,40.753616333007805,2,8.0,0.5,0.5,0.0,0.0,0.3,9.3
4619,2,2015-01-25 00:15:15,2015-01-25 00:36:20,1,8.03,-73.98387908935547,40.75516128540039,1,N,-73.86089324951173,40.727787017822266,1,25.5,0.5,0.5,3.0,5.33,0.3,35.13
4620,2,2015-01-25 00:15:15,2015-01-25 00:20:01,1,1.29,-73.9724884033203,40.749759674072266,1,N,-73.9843521118164,40.733280181884766,2,6.0,0.5,0.5,0.0,0.0,0.3,7.3
4621,2,2015-01-25 00:15:15,2015-01-25 00:19:02,1,0.69,-73.99092864990233,40.7503318786621,1,N,-73.99758911132812,40.755653381347656,2,4.5,0.5,0.5,0.0,0.0,0.3,5.8
4622,2,2015-01-25 00:15:15,2015-01-25 00:28:09,1,7.63,-73.86612701416014,40.77109146118164,1,N,-73.95647430419923,40.747806549072266,1,22.0,0.5,0.5,4.66,0.0,0.3,27.96
4623,2,2015-01-04 14:58:26,2015-01-04 15:30:59,1,16.54,-73.97269439697266,40.75510025024414,2,N,-73.7830581665039,40.643901824951165,1,52.0,0.0,0.5,11.47,5.33,0.3,69.6
4624,1,2015-01-04 14:58:27,2015-01-04 15:07:55,2,2.3,-74.01192474365233,40.70732116699219,1,N,-73.98529052734375,40.714168548583984,1,9.5,0.0,0.5,2.55,0.0,0.0,12.85
4625,1,2015-01-04 14:58:27,2015-01-04 15:11:44,1,1.6,0.0,0.0,1,N,-73.96967315673827,40.75723648071289,2,10.0,0.0,0.5,0.0,0.0,0.0,10.8
4626,1,2015-01-04 14:58:27,2015-01-04 15:11:07,1,2.3,-73.98987579345702,40.7332763671875,1,N,-73.96749877929686,40.757568359375,1,11.0,0.0,0.5,1.0,0.0,0.0,12.8
4627,2,2015-01-04 14:58:27,2015-01-04 15:11:27,1,1.99,-73.98810577392578,40.74971771240234,1,N,-74.00855255126953,40.74545669555664,1,10.5,0.0,0.5,2.1,0.0,0.3,13.4
4628,1,2015-01-04 14:58:28,2015-01-04 15:03:03,1,1.1,-73.99785614013672,40.75647735595703,1,N,-73.998046875,40.74504470825195,1,5.5,0.0,0.5,1.0,0.0,0.0,7.3
4629,2,2015-01-04 14:58:28,2015-01-04 15:05:59,2,1.07,-73.98588562011719,40.752471923828125,1,N,-73.97261047363281,40.75472259521485,2,6.5,0.0,0.5,0.0,0.0,0.3,7.3
4630,2,2015-01-04 14:58:28,2015-01-04 15:01:17,5,0.48,-73.9612808227539,40.7685432434082,1,N,-73.96082305908203,40.7652587890625,2,4.0,0.0,0.5,0.0,0.0,0.3,4.8
4631,2,2015-01-04 14:58:28,2015-01-04 15:05:18,1,1.55,-73.9888916015625,40.73655700683594,1,N,-73.97544860839844,40.7551155090332,1,7.5,0.0,0.5,1.5,0.0,0.3,9.8
4632,1,2015-01-04 14:58:29,2015-01-04 15:10:57,2,1.4,-73.97419738769531,40.74994659423828,1,N,-73.98838806152342,40.747596740722656,2,9.5,0.0,0.5,0.0,0.0,0.0,10.3
4633,1,2015-01-04 14:58:29,2015-01-04 15:11:41,1,2.3,-73.96633911132812,40.76212692260742,1,N,-73.9896240234375,40.73929977416992,2,11.0,0.0,0.5,0.0,0.0,0.0,11.8
4634,1,2015-01-04 14:58:29,2015-01-04 15:06:58,1,1.0,-74.0007553100586,40.720584869384766,1,N,-73.9941177368164,40.7266960144043,1,7.0,0.0,0.5,1.0,0.0,0.0,8.8
4635,1,2015-01-04 14:58:29,2015-01-04 15:19:03,1,3.6,-73.98680877685547,40.76344299316406,1,N,-73.9846954345703,40.72735595703125,1,16.0,0.0,0.5,2.0,0.0,0.0,18.8
4636,2,2015-01-30 16:51:39,2015-01-30 16:57:58,6,0.74,-73.95407104492188,40.80638885498047,1,N,-73.94524383544923,40.81023788452149,1,5.5,1.0,0.5,1.46,0.0,0.3,8.76
4637,2,2015-01-30 16:51:39,2015-01-30 16:56:18,1,0.74,-73.96050262451173,40.77274703979492,1,N,-73.96834564208984,40.76563262939453,1,5.0,1.0,0.5,1.5,0.0,0.3,8.3
4638,2,2015-01-30 16:51:39,2015-01-30 17:08:15,1,3.97,-73.95178985595702,40.77195739746094,1,N,-73.97418212890625,40.737735748291016,1,15.5,1.0,0.5,4.12,0.0,0.3,21.42
4639,2,2015-01-30 16:51:39,2015-01-30 16:59:29,1,1.17,-74.01355743408203,40.71498107910156,1,N,-74.00348663330078,40.72516632080078,1,7.0,1.0,0.5,1.0,0.0,0.3,9.8
4640,2,2015-01-30 16:51:40,2015-01-30 17:01:02,1,1.18,-73.99485015869139,40.72782897949219,1,N,-74.00821685791014,40.716796875,1,7.5,1.0,0.5,1.86,0.0,0.3,11.16
4641,2,2015-01-30 16:51:40,2015-01-30 17:09:12,1,2.23,-73.99004364013672,40.74676513671875,1,N,-73.98621368408203,40.723190307617195,2,12.5,1.0,0.5,0.0,0.0,0.3,14.3
4642,2,2015-01-30 16:51:40,2015-01-30 17:02:24,5,2.78,-73.95926666259764,40.8095817565918,1,N,-73.9617919921875,40.77985763549805,1,10.5,1.0,0.5,1.0,0.0,0.3,13.3
4643,2,2015-01-30 16:51:42,2015-01-30 17:05:37,1,2.02,-73.98233032226561,40.77424621582031,1,N,-73.9539794921875,40.766883850097656,1,11.0,1.0,0.5,2.0,0.0,0.3,14.8
4644,2,2015-01-30 16:51:42,2015-01-30 16:57:44,6,0.95,-73.9541473388672,40.774761199951165,1,N,-73.9539566040039,40.784950256347656,1,6.0,1.0,0.5,1.56,0.0,0.3,9.36
4645,2,2015-01-30 16:51:42,2015-01-30 17:29:16,1,16.03,-73.7825927734375,40.64522933959961,1,N,-73.95859527587889,40.7436408996582,1,45.0,1.0,0.5,9.36,0.0,0.3,56.16
4646,2,2015-01-30 16:51:43,2015-01-30 16:59:38,1,1.38,-73.98202514648438,40.77775573730469,1,N,-73.96736907958984,40.7691764831543,1,7.5,1.0,0.5,1.7,0.0,0.3,11.0
4647,2,2015-01-30 16:51:43,2015-01-30 17:00:32,1,1.23,-73.99324035644531,40.72947311401367,1,N,-73.97642517089844,40.72314834594727,1,7.5,1.0,0.5,1.86,0.0,0.3,11.16
4648,2,2015-01-30 16:51:44,2015-01-30 16:56:27,5,0.92,-73.97853088378906,40.75178146362305,1,N,-73.97160339355469,40.744258880615234,1,5.5,1.0,0.5,2.19,0.0,0.3,9.49
4649,2,2015-01-30 16:51:44,2015-01-30 16:56:18,2,0.8,-73.96533203125,40.80617141723633,1,N,-73.97076416015625,40.79629135131836,2,5.5,1.0,0.5,0.0,0.0,0.3,7.3
4650,2,2015-01-30 16:51:44,2015-01-30 17:15:33,1,7.96,-73.88541412353516,40.77312850952149,1,N,-73.98222351074217,40.74296188354492,1,25.0,1.0,0.5,5.0,5.33,0.3,37.13
4651,2,2015-01-30 16:51:45,2015-01-30 17:01:25,1,1.94,-73.94569396972656,40.7828483581543,1,N,-73.93978118896483,40.803836822509766,1,9.0,1.0,0.5,2.7,0.0,0.3,13.5
4652,2,2015-01-30 16:51:45,2015-01-30 16:54:12,1,0.45,0.0,0.0,1,N,0.0,0.0,1,3.5,1.0,0.5,1.32,0.0,0.3,6.62
4653,2,2015-01-30 16:51:45,2015-01-30 17:06:44,1,2.37,-73.9805908203125,40.74818420410156,1,N,-74.0003204345703,40.722442626953125,2,11.5,1.0,0.5,0.0,0.0,0.3,13.3
4654,2,2015-01-30 16:51:45,2015-01-30 17:08:26,6,1.96,-73.96640014648438,40.803810119628906,1,N,-73.94493103027344,40.81340789794922,1,12.0,1.0,0.5,2.76,0.0,0.3,16.56
4655,2,2015-01-30 16:51:46,2015-01-30 17:03:09,1,1.72,-73.9364242553711,40.74513626098633,1,N,-73.90812683105469,40.74527740478516,1,9.5,1.0,0.5,1.7,0.0,0.3,13.0
4656,1,2015-01-27 19:48:29,2015-01-27 19:51:31,1,0.7,-73.89786529541014,40.74918365478516,1,N,-73.89786529541014,40.74918365478516,1,4.5,1.0,0.5,0.5,0.0,0.3,6.8
4657,2,2015-01-06 15:11:43,2015-01-06 15:16:20,1,0.53,-73.96698760986328,40.76966857910156,1,N,-73.96690368652342,40.77262878417969,2,5.0,0.0,0.5,0.0,0.0,0.3,5.8
4658,2,2015-01-06 15:11:43,2015-01-06 15:16:14,6,0.81,-73.97991180419923,40.75450134277344,1,N,-73.9877700805664,40.74404144287109,2,5.0,0.0,0.5,0.0,0.0,0.3,5.8
4659,2,2015-01-06 15:11:44,2015-01-06 15:14:59,1,0.47,-74.00363159179686,40.747596740722656,1,N,-74.00382995605469,40.75246810913086,2,4.0,0.0,0.5,0.0,0.0,0.3,4.8
4660,2,2015-01-06 15:11:44,2015-01-06 15:38:32,1,10.93,-73.78280639648438,40.64444351196289,1,N,-73.86898803710938,40.739990234375,2,32.0,0.0,0.5,0.0,0.0,0.3,32.8
4661,2,2015-01-06 15:11:44,2015-01-06 15:19:03,5,0.82,-73.97820281982422,40.75020980834961,1,N,-73.98809814453125,40.74367141723633,1,6.5,0.0,0.5,1.2,0.0,0.3,8.5
4662,2,2015-01-06 15:11:45,2015-01-06 15:16:28,1,0.8,-74.00390625,40.748348236083984,1,N,-73.99787139892578,40.74116897583008,1,5.5,0.0,0.5,1.38,0.0,0.3,7.68
4663,2,2015-01-06 15:11:45,2015-01-06 15:17:33,2,0.88,-73.95610809326173,40.776363372802734,1,N,-73.9601058959961,40.76699447631836,2,6.0,0.0,0.5,0.0,0.0,0.3,6.8
4664,2,2015-01-06 15:11:45,2015-01-06 15:24:07,2,2.72,-74.0115966796875,40.70430374145508,1,N,-73.99518585205078,40.73473358154297,1,10.5,0.0,0.5,2.1,0.0,0.3,13.4
4665,2,2015-01-06 15:11:45,2015-01-06 15:22:12,1,0.96,-73.9560317993164,40.77872848510742,1,N,-73.96491241455078,40.76663589477539,1,7.5,0.0,0.5,1.0,0.0,0.3,9.3
4666,1,2015-01-27 19:48:29,2015-01-27 19:49:35,1,0.4,0.0,0.0,1,N,0.0,0.0,1,3.0,1.0,0.5,0.95,0.0,0.3,5.75
4667,1,2015-01-27 19:48:31,2015-01-27 19:57:32,1,1.9,-73.9550552368164,40.77729415893555,1,N,-73.98101043701173,40.78449630737305,2,8.5,1.0,0.5,0.0,0.0,0.3,10.3
4668,1,2015-01-27 19:48:31,2015-01-27 19:53:42,2,1.0,-73.96891021728516,40.76441955566406,1,N,-73.95890045166014,40.77790832519531,2,6.0,1.0,0.5,0.0,0.0,0.3,7.8
4669,1,2015-01-27 19:48:31,2015-01-27 19:50:33,1,0.5,-73.97577667236328,40.758338928222656,1,N,-73.97392272949219,40.76272964477539,2,4.0,1.0,0.5,0.0,0.0,0.3,5.8
4670,1,2015-01-27 19:48:31,2015-01-27 19:54:14,3,1.4,-73.97951507568358,40.74660110473633,1,N,-73.98834228515625,40.731441497802734,1,6.5,1.0,0.5,1.65,0.0,0.3,9.95
4671,1,2015-01-27 19:48:31,2015-01-27 19:52:21,2,0.7,-73.97010040283203,40.756446838378906,1,N,-73.96165466308594,40.76025772094727,1,5.0,1.0,0.5,1.0,0.0,0.3,7.8
4672,1,2015-01-27 19:48:33,2015-01-27 19:52:04,1,0.7,-73.99113464355469,40.74213409423828,1,N,-73.98506164550781,40.73549270629882,1,4.5,1.0,0.5,1.6,0.0,0.3,7.9
4673,1,2015-01-27 19:48:33,2015-01-27 20:03:50,1,3.3,-73.97295379638672,40.75560760498047,1,N,-73.97982788085938,40.786258697509766,2,13.5,1.0,0.5,0.0,0.0,0.3,15.3
4674,1,2015-01-27 19:48:33,2015-01-27 20:00:11,2,2.8,-73.98532104492188,40.7518310546875,1,N,-73.98699188232422,40.72114944458008,2,11.0,1.0,0.5,0.0,0.0,0.3,12.8
4675,1,2015-01-27 19:48:34,2015-01-27 19:58:00,1,4.3,-73.94756317138672,40.783645629882805,1,N,-73.97700500488281,40.745220184326165,1,14.0,1.0,0.5,3.15,0.0,0.3,18.95
4676,1,2015-01-27 19:48:35,2015-01-27 19:53:28,1,1.1,-73.97521209716798,40.79030227661133,1,N,-73.98785400390625,40.779495239257805,1,6.0,1.0,0.5,1.55,0.0,0.3,9.35
4677,1,2015-01-27 19:48:35,2015-01-27 19:51:32,1,1.0,-73.94254302978516,40.786331176757805,1,N,-73.93270874023438,40.79573822021485,1,5.0,1.0,0.5,1.0,0.0,0.3,7.8
4678,1,2015-01-27 19:48:35,2015-01-27 19:54:51,1,1.6,-73.97578430175781,40.75421524047852,1,N,-73.98300933837889,40.735145568847656,2,7.0,0.5,0.5,0.0,0.0,0.3,8.3
4679,1,2015-01-27 19:48:36,2015-01-27 19:52:44,2,0.9,-73.9700698852539,40.753028869628906,1,N,-73.98056030273438,40.746803283691406,1,5.0,1.0,0.5,1.35,0.0,0.3,8.15
4680,1,2015-01-27 19:48:38,2015-01-27 19:52:02,1,0.7,-73.99726104736328,40.712108612060554,1,N,-74.00689697265625,40.705848693847656,1,5.0,1.0,0.5,1.0,0.0,0.3,7.8
4681,1,2015-01-27 19:48:38,2015-01-27 19:57:23,1,1.9,-73.98332977294923,40.745235443115234,1,N,-74.00194549560547,40.72586441040039,2,8.5,1.0,0.5,0.0,0.0,0.3,10.3
4682,1,2015-01-27 19:48:39,2015-01-27 19:59:38,1,2.1,-73.98506164550781,40.75074768066406,1,N,-74.000732421875,40.72990036010742,1,9.5,1.0,0.5,1.0,0.0,0.3,12.3
4683,1,2015-01-27 19:48:39,2015-01-27 19:53:39,1,0.8,-73.9861831665039,40.74192810058594,1,N,-73.97733306884764,40.74342346191406,1,5.5,1.0,0.5,1.0,0.0,0.3,8.3
4684,1,2015-01-27 19:48:40,2015-01-27 19:59:11,1,2.9,0.0,0.0,1,N,-73.98558044433594,40.72334671020508,1,11.0,1.0,0.5,2.55,0.0,0.3,15.35
4685,1,2015-01-27 19:48:40,2015-01-27 19:56:34,1,2.8,-73.96021270751953,40.761756896972656,1,N,-73.98682403564453,40.7298240661621,1,10.0,1.0,0.5,1.77,0.0,0.3,13.57
4686,1,2015-01-27 19:48:41,2015-01-27 20:01:39,1,2.5,-73.97380828857422,40.76339340209961,1,N,-74.00281524658203,40.76055908203125,1,11.5,1.0,0.5,2.65,0.0,0.3,15.95
4687,2,2015-01-27 22:09:35,2015-01-27 22:27:02,1,3.77,-73.96996307373048,40.75310134887695,1,N,-73.97114562988281,40.791046142578125,1,15.5,0.5,0.5,3.36,0.0,0.3,20.16
4688,2,2015-01-27 22:09:35,2015-01-27 22:20:23,2,3.73,-73.95323944091797,40.77968978881836,1,N,-73.99385070800781,40.752246856689446,1,12.5,0.5,0.5,3.45,0.0,0.3,17.25
4689,2,2015-01-27 22:09:36,2015-01-27 22:17:11,2,2.0,-73.9819107055664,40.773113250732415,1,N,-73.95774841308594,40.78220748901367,1,8.0,0.5,0.5,1.86,0.0,0.3,11.16
4690,2,2015-01-27 22:09:36,2015-01-27 22:19:23,6,2.06,-73.95454406738281,40.7642936706543,1,N,-73.98026275634764,40.75575256347656,1,9.0,0.5,0.5,0.0,0.0,0.3,10.3
4691,2,2015-01-27 22:09:36,2015-01-27 22:31:07,1,5.12,-73.99706268310547,40.72243881225586,1,N,-73.92198944091797,40.69839859008789,1,19.0,0.5,0.5,4.06,0.0,0.3,24.36
4692,2,2015-01-27 22:09:36,2015-01-27 22:34:49,1,10.45,-73.9925308227539,40.7346305847168,1,N,-73.93703460693358,40.8567771911621,1,31.5,0.5,0.5,4.0,0.0,0.3,36.8
4693,2,2015-01-27 22:09:37,2015-01-27 22:13:34,5,1.16,-73.97992706298828,40.781036376953125,1,N,-73.96897888183594,40.79085540771485,1,5.5,0.5,0.5,1.2,0.0,0.3,8.0
4694,2,2015-01-27 22:09:37,2015-01-27 22:13:06,4,0.66,-73.98786926269531,40.74087524414063,1,N,-73.9866714477539,40.73411560058594,1,4.5,0.5,0.5,1.16,0.0,0.3,6.96
4695,2,2015-01-27 22:09:37,2015-01-27 22:46:22,1,18.78,-73.78182220458984,40.64484786987305,2,N,-73.98300170898438,40.78006362915039,1,52.0,0.0,0.5,10.56,0.0,0.3,63.36
4696,2,2015-01-27 22:09:38,2015-01-27 22:18:46,2,2.82,-73.98895263671875,40.76031112670898,1,N,-73.95758819580078,40.78030014038086,2,10.0,0.5,0.5,0.0,0.0,0.3,11.3
4697,2,2015-01-27 22:09:38,2015-01-27 22:15:49,1,1.92,-74.00524139404298,40.719818115234375,1,N,-73.98938751220702,40.74044036865234,1,7.5,0.5,0.5,1.76,0.0,0.3,10.56
4698,2,2015-01-27 22:09:39,2015-01-27 22:26:02,1,9.74,-73.8708724975586,40.77372741699219,1,N,-73.8097915649414,40.66631317138672,2,28.0,0.5,0.5,0.0,0.0,0.3,29.3
4699,2,2015-01-27 22:09:39,2015-01-27 22:23:09,1,4.33,-73.98258209228516,40.731231689453125,1,N,-73.9429931640625,40.785789489746094,1,14.5,0.5,0.5,1.0,0.0,0.3,16.8
4700,2,2015-01-27 22:09:40,2015-01-27 22:16:27,1,1.61,-74.00878143310547,40.71844100952149,1,N,-73.99472045898438,40.72355651855469,1,7.5,0.5,0.5,1.76,0.0,0.3,10.56
4701,2,2015-01-27 22:09:40,2015-01-27 22:17:11,1,1.38,-73.9847640991211,40.73941802978516,1,N,-73.99420928955078,40.724552154541016,1,7.0,0.5,0.5,0.55,0.0,0.3,8.85
4702,2,2015-01-27 22:09:40,2015-01-27 22:22:57,1,3.23,-73.98272705078125,40.75592041015625,1,N,-73.98719024658203,40.72072219848633,1,12.5,0.5,0.5,1.5,0.0,0.3,15.3
4703,2,2015-01-27 22:09:41,2015-01-27 22:13:18,1,0.61,-73.96675872802734,40.75851058959961,1,N,-73.97631072998048,40.76266860961913,1,4.5,0.5,0.5,1.74,0.0,0.3,7.54
4704,2,2015-01-27 22:09:41,2015-01-27 22:13:56,1,0.52,-74.00389862060547,40.72967147827149,1,N,-73.99607849121092,40.7265510559082,1,5.0,0.5,0.5,1.26,0.0,0.3,7.56
4705,2,2015-01-27 22:09:41,2015-01-27 22:14:54,3,1.08,-73.98760223388672,40.73601150512695,1,N,-73.99250030517578,40.72500991821289,1,6.0,0.5,0.5,1.46,0.0,0.3,8.76
4706,2,2015-01-27 22:09:42,2015-01-27 22:27:16,3,9.79,-73.87103271484375,40.77384948730469,1,N,-73.93294525146483,40.852638244628906,1,28.0,0.5,0.5,5.0,5.33,0.3,39.63
4707,2,2015-01-27 22:09:42,2015-01-27 22:16:43,1,1.77,-73.98919677734375,40.721240997314446,1,N,-73.97332763671875,40.74393081665039,1,8.0,0.5,0.5,1.86,0.0,0.3,11.16
4708,1,2015-01-15 17:36:19,2015-01-15 17:47:52,1,0.9,-73.98215484619139,40.76442337036133,1,N,-73.97208404541014,40.76569747924805,1,8.5,1.0,0.5,2.0,0.0,0.3,12.3
4709,1,2015-01-15 17:36:19,2015-01-15 17:53:07,1,1.8,-73.97012329101561,40.75598907470703,1,N,-73.94979095458984,40.76866149902344,1,12.0,1.0,0.5,1.0,0.0,0.3,14.8
4710,1,2015-01-15 17:36:19,2015-01-15 17:52:49,2,2.0,-73.95760345458984,40.785186767578125,1,N,-73.9796142578125,40.7713279724121,2,11.5,1.0,0.5,0.0,0.0,0.3,13.3
4711,1,2015-01-15 17:36:19,2015-01-15 17:39:07,2,0.3,-73.99529266357422,40.739116668701165,1,N,-73.9920425415039,40.74364471435546,3,4.0,1.0,0.5,0.0,0.0,0.3,5.8
4712,1,2015-01-15 17:36:19,2015-01-15 17:47:52,3,1.4,-74.00750732421875,40.7430534362793,1,N,-73.9886245727539,40.7434959411621,1,9.0,1.0,0.5,2.15,0.0,0.3,12.95
4713,1,2015-01-15 17:36:19,2015-01-15 18:14:57,1,7.3,-73.95425415039062,40.766460418701165,1,N,-73.93860626220702,40.84773254394531,1,29.5,1.0,0.5,7.82,0.0,0.3,39.12
4714,1,2015-01-15 17:36:20,2015-01-15 17:43:08,2,1.2,-73.97413635253906,40.763484954833984,1,N,-73.98599243164062,40.74617767333984,2,6.5,1.0,0.5,0.0,0.0,0.3,8.3
4715,1,2015-01-15 17:36:20,2015-01-15 17:47:47,1,1.7,-73.97522735595702,40.78736114501953,1,N,-73.94882965087889,40.77661895751953,1,9.5,1.0,0.5,2.82,0.0,0.3,14.12
4716,1,2015-01-15 17:36:20,2015-01-15 17:45:50,1,1.2,-73.95550537109375,40.77695083618164,1,N,-73.972412109375,40.78659057617188,1,7.5,1.0,0.5,1.85,0.0,0.3,11.15
4717,1,2015-01-15 17:36:21,2015-01-15 17:46:00,2,1.2,-73.9612808227539,40.77187728881836,1,N,-73.94773864746092,40.775028228759766,2,8.0,1.0,0.5,0.0,0.0,0.3,9.8
4718,1,2015-01-15 17:36:21,2015-01-15 17:39:06,1,0.6,-73.95850372314453,40.76424789428711,1,N,-73.95303344726561,40.771881103515625,1,4.5,1.0,0.5,1.25,0.0,0.3,7.55
4719,1,2015-01-15 17:36:22,2015-01-15 18:12:08,2,9.9,-73.9776611328125,40.7788314819336,1,N,-73.87313842773438,40.77444076538086,2,33.5,1.0,0.5,0.0,5.33,0.3,40.63
4720,1,2015-01-15 17:36:22,2015-01-15 17:49:20,2,2.2,-73.98133087158203,40.75950241088867,1,N,-73.98705291748048,40.73637008666992,1,10.0,1.0,0.5,2.95,0.0,0.3,14.75
4721,1,2015-01-15 17:36:23,2015-01-15 17:56:30,1,2.4,-74.00930023193358,40.71533966064453,1,N,-73.9855728149414,40.73150634765625,2,13.5,1.0,0.5,0.0,0.0,0.3,15.3
4722,1,2015-01-15 17:36:23,2015-01-15 17:46:59,1,1.3,-74.00865936279298,40.71376800537109,1,N,-74.0038833618164,40.72987365722656,2,8.5,1.0,0.5,0.0,0.0,0.3,10.3
4723,1,2015-01-15 17:36:23,2015-01-15 17:50:45,1,2.2,-73.97808074951173,40.74822235107422,1,N,-74.0052261352539,40.73316955566406,1,11.0,1.0,0.5,2.55,0.0,0.3,15.35
4724,1,2015-01-15 17:36:24,2015-01-15 17:47:21,1,1.1,-73.96824645996092,40.7546272277832,1,N,-73.95680236816406,40.76658630371094,2,8.5,1.0,0.5,0.0,0.0,0.3,10.3
4725,1,2015-01-15 17:36:24,2015-01-15 18:05:20,1,4.5,-74.0037841796875,40.747596740722656,1,N,-73.98968505859375,40.701805114746094,1,20.5,1.0,0.5,1.0,0.0,0.3,23.3
4726,1,2015-01-15 17:36:25,2015-01-15 17:43:36,1,0.7,-73.98275756835938,40.74581146240234,1,N,-73.98887634277344,40.738746643066406,1,6.5,1.0,0.5,1.5,0.0,0.3,9.8
4727,1,2015-01-15 17:36:25,2015-01-15 17:45:14,1,1.6,-73.98250579833984,40.74524688720703,1,N,-73.9887466430664,40.72697830200195,1,8.0,1.0,0.5,0.0,0.0,0.3,9.8
4728,1,2015-01-15 17:36:25,2015-01-15 17:49:09,1,1.6,-73.9750747680664,40.75273895263672,1,N,-73.96582794189453,40.768169403076165,2,9.5,1.0,0.5,0.0,0.0,0.3,11.3
4729,1,2015-01-15 17:36:26,2015-01-15 17:52:08,3,3.1,-73.98303985595702,40.73483276367188,1,N,-74.01641845703125,40.715938568115234,1,13.5,1.0,0.5,2.0,0.0,0.3,17.3
4730,2,2015-01-18 18:46:59,2015-01-18 19:01:12,6,2.9,-73.95532989501953,40.7666130065918,1,N,-73.98927307128906,40.751686096191406,2,12.5,0.0,0.5,0.0,0.0,0.3,13.3
4731,2,2015-01-18 18:46:59,2015-01-18 18:51:34,2,0.72,-73.98984527587889,40.76238632202149,1,N,-73.98877716064453,40.768798828125,1,5.0,0.0,0.5,1.0,0.0,0.3,6.8
4732,2,2015-01-18 18:46:59,2015-01-18 18:50:04,1,0.53,-73.99102783203125,40.760704040527344,1,N,-73.99616241455078,40.75578689575195,1,4.0,0.0,0.5,1.0,0.0,0.3,5.8
4733,2,2015-01-18 18:47:00,2015-01-18 18:53:12,1,0.87,-73.99034881591797,40.735145568847656,1,N,-74.00113677978516,40.74162673950195,1,6.0,0.0,0.5,1.2,0.0,0.3,8.0
4734,2,2015-01-18 18:47:01,2015-01-18 19:02:52,5,4.03,-73.99268341064453,40.7413215637207,1,N,-73.99138641357422,40.69678115844727,2,15.0,0.0,0.5,0.0,0.0,0.3,15.8
4735,2,2015-01-18 18:47:01,2015-01-18 18:54:52,2,0.97,-73.96686553955078,40.798789978027344,1,N,-73.96675872802734,40.788928985595696,1,6.0,0.0,0.5,1.2,0.0,0.3,8.0
4736,2,2015-01-18 18:47:01,2015-01-18 18:53:58,1,1.27,-73.97821807861328,40.77817153930664,1,N,-73.97828674316406,40.763538360595696,1,7.0,0.0,0.5,1.4,0.0,0.3,9.2
4737,2,2015-01-18 18:47:02,2015-01-18 18:50:58,6,0.77,-73.96808624267578,40.800559997558594,1,N,-73.9679183959961,40.792377471923835,1,5.0,0.0,0.5,1.5,0.0,0.3,7.3
4738,2,2015-01-18 18:47:02,2015-01-18 18:49:36,1,0.54,-73.98175048828125,40.77352142333984,1,N,-73.984130859375,40.767189025878906,1,4.0,0.0,0.5,0.8,0.0,0.3,5.6
4739,2,2015-01-18 18:47:02,2015-01-18 19:00:04,1,4.52,-73.95699310302734,40.766159057617195,1,N,-73.9881820678711,40.72317123413086,2,15.5,0.0,0.5,0.0,0.0,0.3,16.3
4740,2,2015-01-18 18:47:02,2015-01-18 18:57:39,5,1.84,-73.9678192138672,40.76302337646485,1,N,-73.99121856689453,40.76010513305664,2,9.0,0.0,0.5,0.0,0.0,0.3,9.8
4741,2,2015-01-18 18:47:02,2015-01-18 18:54:31,5,1.03,-73.99282836914062,40.741374969482415,1,N,-74.007568359375,40.74095916748047,2,6.5,0.0,0.5,0.0,0.0,0.3,7.3
4742,2,2015-01-18 18:47:04,2015-01-18 19:00:28,1,4.83,-74.01598358154298,40.71121597290039,1,N,-73.97782135009764,40.73669052124024,1,16.5,0.0,0.5,1.0,0.0,0.3,18.3
4743,2,2015-01-18 18:47:04,2015-01-18 19:23:46,1,18.97,-73.96263122558594,40.77547836303711,3,N,-74.17764282226561,40.69041061401367,1,70.0,0.0,0.0,10.0,11.0,0.3,91.3
4744,2,2015-01-18 18:47:04,2015-01-18 18:48:09,5,0.21,-73.98313140869139,40.738868713378906,1,N,-73.9871826171875,40.74182891845703,2,3.0,0.0,0.5,0.0,0.0,0.3,3.8
4745,2,2015-01-18 18:47:04,2015-01-18 18:50:54,5,1.15,-73.97141265869139,40.75497055053711,1,N,-73.985107421875,40.74481964111328,2,5.5,0.0,0.5,0.0,0.0,0.3,6.3
4746,2,2015-01-18 18:47:05,2015-01-18 19:01:28,5,2.29,-73.97513580322266,40.79008102416992,1,N,-73.9858169555664,40.76005172729492,1,11.5,0.0,0.5,2.88,0.0,0.3,15.18
4747,2,2015-01-18 18:47:05,2015-01-18 18:52:22,1,1.86,-73.98108673095702,40.7800178527832,1,N,-73.96871948242188,40.80175018310546,1,7.0,0.0,0.5,1.4,0.0,0.3,9.2
4748,2,2015-01-18 18:47:05,2015-01-18 18:59:47,1,2.4,-73.97986602783203,40.75462341308594,1,N,-74.00503540039062,40.73326873779297,2,10.5,0.0,0.5,0.0,0.0,0.3,11.3
4749,2,2015-01-18 18:47:06,2015-01-18 18:57:59,1,2.95,-73.98104858398438,40.74164962768555,1,N,-73.9529037475586,40.77640151977539,1,11.0,0.0,0.5,1.5,0.0,0.3,13.3
4750,2,2015-01-18 18:47:07,2015-01-18 18:52:52,1,0.55,-73.98831176757811,40.7554817199707,1,N,-73.98562622070312,40.7622184753418,2,5.5,0.0,0.5,0.0,0.0,0.3,6.3
4751,2,2015-01-07 15:19:27,2015-01-07 15:32:55,5,2.21,-73.99117279052734,40.751426696777344,1,N,-74.00670623779298,40.73948669433594,2,10.5,0.0,0.5,0.0,0.0,0.3,11.3
4752,2,2015-01-07 15:19:27,2015-01-07 15:31:36,1,1.37,-73.9940185546875,40.7499885559082,1,N,-73.97727966308595,40.75410842895508,1,9.0,0.0,0.5,2.25,0.0,0.3,12.05
4753,2,2015-01-07 15:19:27,2015-01-07 15:22:10,1,0.39,-73.99835968017578,40.757598876953125,1,N,-73.99195861816406,40.7546501159668,1,4.0,0.0,0.5,0.0,0.0,0.3,4.8
4754,2,2015-01-07 15:19:28,2015-01-07 15:40:33,5,2.58,-73.97083282470702,40.76747894287109,1,N,-73.98623657226561,40.7387809753418,1,15.0,0.0,0.5,2.0,0.0,0.3,17.8
4755,2,2015-01-07 15:19:28,2015-01-07 15:27:28,1,1.26,-73.98683166503906,40.72104644775391,1,N,-74.00126647949219,40.73113632202149,1,7.5,0.0,0.5,0.0,0.0,0.3,8.3
4756,2,2015-01-07 15:19:28,2015-01-07 15:33:57,6,3.69,0.0,0.0,1,N,0.0,0.0,1,14.5,0.0,0.5,2.9,0.0,0.3,18.2
4757,2,2015-01-07 15:19:28,2015-01-07 15:22:21,2,0.48,-73.97888946533203,40.77235412597656,1,N,-73.98218536376953,40.76859664916992,1,4.0,0.0,0.5,1.0,0.0,0.3,5.8
4758,2,2015-01-07 15:19:28,2015-01-07 15:32:01,5,1.11,-73.97000885009764,40.76314163208008,1,N,-73.96164703369139,40.777122497558594,2,9.0,0.0,0.5,0.0,0.0,0.3,9.8
4759,2,2015-01-07 15:19:29,2015-01-07 15:50:37,1,4.58,-73.96131896972656,40.76465225219727,1,N,-73.98265075683594,40.77227020263672,2,22.0,0.0,0.5,0.0,0.0,0.3,22.8
4760,2,2015-01-07 15:19:29,2015-01-07 15:40:09,1,1.87,-73.95230102539062,40.777130126953125,1,N,-73.97325897216798,40.760501861572266,1,13.5,0.0,0.5,2.7,0.0,0.3,17.0
4761,2,2015-01-07 15:19:29,2015-01-07 15:31:32,1,1.09,-73.9607162475586,40.77827072143555,1,N,-73.9454345703125,40.77854537963867,1,8.5,0.0,0.5,1.7,0.0,0.3,11.0
4762,2,2015-01-07 15:19:29,2015-01-07 15:33:39,2,2.36,-73.96713256835938,40.79928207397461,1,N,-73.98773193359375,40.775493621826165,1,11.5,0.0,0.5,1.0,0.0,0.3,13.3
4763,2,2015-01-07 15:19:29,2015-01-07 15:25:41,1,0.47,-73.97754669189453,40.76311874389648,1,N,-73.97077941894531,40.7599983215332,2,5.5,0.0,0.5,0.0,0.0,0.3,6.3
4764,2,2015-01-07 15:19:30,2015-01-07 15:33:19,3,2.0,-73.96784210205078,40.76272201538086,1,N,-73.99132537841797,40.750221252441406,2,10.5,0.0,0.5,0.0,0.0,0.3,11.3
4765,2,2015-01-07 15:19:30,2015-01-07 15:26:39,1,0.94,-73.97879028320312,40.762989044189446,1,N,-73.98468017578125,40.75468063354492,1,6.5,0.0,0.5,1.3,0.0,0.3,8.6
4766,2,2015-01-07 15:19:31,2015-01-07 15:48:51,5,6.89,-74.0105743408203,40.71924591064453,1,N,-73.95935821533203,40.780982971191406,1,26.0,0.0,0.5,5.2,0.0,0.3,32.0
4767,2,2015-01-07 15:19:31,2015-01-07 15:25:50,2,1.46,-73.99394226074217,40.751461029052734,1,N,-73.98916625976561,40.76688766479492,1,7.0,0.0,0.5,3.0,0.0,0.3,10.8
4768,2,2015-01-07 15:19:31,2015-01-07 15:25:39,6,0.82,-73.97982788085938,40.7710189819336,1,N,-73.98507690429686,40.77825927734375,1,6.0,0.0,0.5,1.2,0.0,0.3,8.0
4769,2,2015-01-07 15:19:31,2015-01-07 15:34:36,1,3.79,-74.01419067382812,40.71215057373047,1,N,-73.99217224121092,40.74631881713867,2,14.0,0.0,0.5,0.0,0.0,0.3,14.8
4770,2,2015-01-07 15:19:31,2015-01-07 15:29:16,5,1.38,-73.97667694091797,40.76535034179688,1,N,-73.95934295654298,40.77151870727539,2,8.0,0.0,0.5,0.0,0.0,0.3,8.8
4771,2,2015-01-07 15:19:31,2015-01-07 15:22:08,1,0.52,-73.95794677734375,40.77349472045898,1,N,-73.95394897460938,40.77971267700195,1,4.0,0.0,0.5,0.8,0.0,0.3,5.6
4772,2,2015-01-07 15:19:32,2015-01-07 15:29:55,3,1.56,-73.94432830810547,40.78799819946289,1,N,-73.96360015869139,40.795528411865234,1,9.0,0.0,0.5,0.0,0.0,0.3,9.8
4773,1,2015-01-15 17:59:54,2015-01-15 18:10:53,1,1.1,0.0,0.0,1,N,0.0,0.0,1,8.0,1.0,0.5,1.96,0.0,0.3,11.76
4774,1,2015-01-15 17:59:55,2015-01-15 18:04:41,1,0.9,-73.986328125,40.73990631103516,1,N,-73.9786376953125,40.75055313110352,1,5.5,1.0,0.5,1.46,0.0,0.3,8.76
4775,1,2015-01-15 17:59:55,2015-01-15 18:11:37,2,0.8,-74.0059814453125,40.71993637084961,1,N,-74.00415802001953,40.727638244628906,2,8.0,1.0,0.5,0.0,0.0,0.3,9.8
4776,1,2015-01-15 17:59:56,2015-01-15 18:57:46,1,21.5,-73.79013061523438,40.643413543701165,2,N,-73.98172760009764,40.78200149536133,1,52.0,0.0,0.5,11.56,5.33,0.3,69.69
4777,1,2015-01-15 17:59:56,2015-01-15 18:19:19,1,4.5,0.0,0.0,1,N,0.0,0.0,1,17.0,1.0,0.5,3.75,0.0,0.3,22.55
4778,1,2015-01-15 17:59:56,2015-01-15 18:28:02,2,5.2,-73.99280548095702,40.74268341064453,1,N,-73.96876525878906,40.797607421875,1,20.5,1.0,0.5,4.46,0.0,0.3,26.76
4779,1,2015-01-15 17:59:56,2015-01-15 18:04:24,1,0.6,-73.96144866943358,40.774532318115234,1,N,-73.96102905273438,40.78072738647461,2,5.0,1.0,0.5,0.0,0.0,0.3,6.8
4780,1,2015-01-15 17:59:57,2015-01-15 18:45:46,1,8.3,-74.01061248779298,40.71323394775391,1,N,-73.9566650390625,40.77108001708984,2,32.0,1.0,0.5,0.0,0.0,0.3,33.8
4781,1,2015-01-15 17:59:58,2015-01-15 18:18:34,1,3.0,-73.99557495117188,40.73688125610352,1,N,-73.99120330810547,40.77044677734375,2,14.5,0.0,0.5,0.0,0.0,0.3,15.3
4782,1,2015-01-15 17:59:58,2015-01-15 18:19:33,1,1.2,-73.99555206298828,40.739154815673835,1,N,-73.98434448242188,40.754432678222656,1,12.5,1.0,0.5,3.55,0.0,0.3,17.85
4783,1,2015-01-15 17:59:58,2015-01-15 18:14:21,1,2.1,-73.96974182128906,40.784759521484375,1,N,-73.96344757080078,40.76265335083008,1,11.5,1.0,0.5,3.3,0.0,0.3,16.6
4784,1,2015-01-15 17:59:58,2015-01-15 18:30:42,3,2.3,-74.00646209716798,40.7393798828125,1,N,-73.98067474365233,40.759647369384766,1,19.0,1.0,0.5,5.2,0.0,0.3,26.0
4785,1,2015-01-15 17:59:59,2015-01-15 18:13:20,1,3.2,-73.97759246826173,40.76431655883789,1,N,-73.95582580566406,40.803607940673835,1,12.0,1.0,0.5,1.0,0.0,0.3,14.8
4786,1,2015-01-15 17:59:59,2015-01-15 18:06:46,1,1.3,-74.00421905517578,40.75017547607422,1,N,-74.00064086914062,40.73802185058594,1,6.5,1.0,0.5,1.65,0.0,0.3,9.95
4787,1,2015-01-15 17:59:59,2015-01-15 18:07:22,1,1.1,-73.98146820068358,40.767475128173835,1,N,-73.96632385253906,40.758159637451165,1,7.0,1.0,0.5,2.0,0.0,0.3,10.8
4788,1,2015-01-15 17:59:59,2015-01-15 18:01:52,1,0.2,-73.9554672241211,40.773681640625,1,N,-73.95980834960938,40.773807525634766,2,3.5,1.0,0.5,0.0,0.0,0.3,5.3
4789,1,2015-01-15 17:59:59,2015-01-15 18:15:34,2,1.7,-73.97808074951173,40.74586486816406,1,N,-73.96678924560547,40.76568222045898,1,11.0,1.0,0.5,1.0,0.0,0.3,13.8
4790,1,2015-01-15 17:59:59,2015-01-15 18:07:57,1,0.9,-73.96287536621094,40.77219009399414,1,N,-73.97242736816406,40.765045166015625,2,7.0,1.0,0.5,0.0,0.0,0.3,8.8
4791,1,2015-01-15 18:00:00,2015-01-15 18:03:20,1,0.8,-73.9974365234375,40.73656845092773,1,N,-73.99864959716798,40.74528503417969,2,4.5,1.0,0.5,0.0,0.0,0.3,6.3
4792,1,2015-01-15 18:00:00,2015-01-15 18:15:11,1,4.7,-73.97493743896483,40.75223159790039,1,N,-74.00210571289062,40.70750427246094,1,16.0,1.0,0.5,3.55,0.0,0.3,21.35
4793,1,2015-01-15 18:00:00,2015-01-15 18:11:49,1,2.0,-73.9867172241211,40.763092041015625,1,N,-73.96029663085938,40.770069122314446,2,10.0,1.0,0.5,0.0,0.0,0.3,11.8
4794,1,2015-01-15 18:00:00,2015-01-15 18:27:38,1,3.9,-73.9900665283203,40.7444725036621,1,N,-73.95248413085938,40.78965759277344,1,18.5,1.0,0.5,4.06,0.0,0.3,24.36
4795,1,2015-01-27 21:20:22,2015-01-27 21:43:36,1,6.2,-73.97288513183594,40.790897369384766,1,N,-73.92161560058594,40.76700210571289,3,21.5,0.5,0.5,0.0,0.0,0.3,22.8
4796,1,2015-01-27 21:20:23,2015-01-27 21:32:11,1,2.6,-73.9822540283203,40.76834487915039,1,Y,-73.97016143798828,40.79947280883789,1,11.0,0.5,0.5,1.8,0.0,0.3,14.1
4797,1,2015-01-27 21:20:23,2015-01-27 21:26:31,2,1.0,-73.99185943603516,40.72977828979492,1,N,-73.99864959716798,40.718563079833984,2,6.0,0.5,0.5,0.0,0.0,0.3,7.3
4798,1,2015-01-27 21:20:23,2015-01-27 21:32:01,1,2.7,-73.96485900878906,40.759910583496094,1,N,-73.99762725830078,40.74324035644531,1,11.0,0.5,0.5,1.0,0.0,0.3,13.3
4799,1,2015-01-27 21:20:24,2015-01-27 21:23:35,1,0.9,-73.97888946533203,40.750244140625,1,N,-73.9865951538086,40.73946762084961,1,5.0,0.5,0.5,1.25,0.0,0.3,7.55
4800,1,2015-01-27 21:20:24,2015-01-27 21:27:33,1,1.2,-73.98865509033203,40.73123550415039,1,N,-73.97980499267578,40.74641036987305,2,7.0,0.5,0.5,0.0,0.0,0.3,8.3
4801,1,2015-01-27 21:20:24,2015-01-27 21:28:36,1,1.2,-73.986572265625,40.76654052734375,1,N,-73.97289276123048,40.756660461425774,1,7.0,0.5,0.5,1.65,0.0,0.3,9.95
4802,1,2015-01-27 21:20:24,2015-01-27 21:31:55,1,3.9,-73.98261260986328,40.75408935546875,1,N,-73.94248199462889,40.79368209838867,1,13.0,0.5,0.5,1.5,0.0,0.3,15.8
4803,1,2015-01-27 21:20:24,2015-01-27 21:24:16,1,1.3,-73.99349975585938,40.7673454284668,1,N,-73.99473571777342,40.75267028808594,2,6.0,0.5,0.5,0.0,0.0,0.3,7.3
4804,1,2015-01-27 21:20:25,2015-01-27 21:27:31,1,1.8,-73.98056793212889,40.76465225219727,1,N,-73.97689819335938,40.78496551513672,1,8.0,0.5,0.5,1.85,0.0,0.3,11.15
4805,1,2015-01-27 21:20:26,2015-01-27 21:31:49,1,1.5,-73.99752807617188,40.7464256286621,1,N,-73.9803009033203,40.7443962097168,1,9.0,0.5,0.5,2.06,0.0,0.3,12.36
4806,1,2015-01-27 21:20:26,2015-01-27 21:29:19,1,3.5,-73.977783203125,40.73395919799805,1,N,-74.00736236572266,40.70504379272461,1,12.5,0.5,0.5,3.45,0.0,0.3,17.25
4807,1,2015-01-27 21:20:27,2015-01-27 21:27:52,1,1.7,-73.99915313720702,40.73097610473633,1,Y,-74.00370788574217,40.7475471496582,1,7.5,0.5,0.5,2.0,0.0,0.3,10.8
4808,1,2015-01-27 21:20:27,2015-01-27 21:26:19,2,1.2,-73.99694061279298,40.7371826171875,1,N,-73.97891235351561,40.73702239990234,1,6.5,0.5,0.5,1.56,0.0,0.3,9.36
4809,1,2015-01-27 21:20:28,2015-01-27 21:27:17,1,0.9,-73.9855728149414,40.72709274291992,1,N,-73.99876403808595,40.73225784301758,2,6.0,0.5,0.5,0.0,0.0,0.3,7.3
4810,1,2015-01-27 21:20:28,2015-01-27 21:30:58,2,2.2,-73.96678924560547,40.79362487792969,1,N,-73.94457244873048,40.813697814941406,1,10.5,0.5,0.5,2.35,0.0,0.3,14.15
4811,1,2015-01-27 21:20:29,2015-01-27 21:23:16,1,0.3,-73.94950866699219,40.78501892089844,1,N,-73.9483871459961,40.782474517822266,2,4.0,0.5,0.5,0.0,0.0,0.3,5.3
4812,1,2015-01-27 21:20:29,2015-01-27 21:31:10,1,2.4,0.0,0.0,1,Y,0.0,0.0,1,10.0,0.5,0.5,2.0,0.0,0.3,13.3
4813,1,2015-01-27 21:20:30,2015-01-27 21:22:04,1,0.3,-73.98307037353516,40.76580047607422,1,N,-73.98711395263672,40.7688102722168,2,3.5,0.5,0.5,0.0,0.0,0.3,4.8
4814,1,2015-01-27 21:20:31,2015-01-27 21:33:04,1,3.9,-73.9529571533203,40.78289031982422,1,N,-73.99037170410156,40.73703002929688,1,13.5,0.5,0.5,2.95,0.0,0.3,17.75
4815,1,2015-01-27 21:20:31,2015-01-27 21:30:32,1,4.9,-73.8626937866211,40.768829345703125,1,N,-73.85784149169923,40.7288818359375,2,15.5,0.5,0.5,0.0,0.0,0.3,16.8
4816,1,2015-01-27 21:20:32,2015-01-27 21:34:56,1,2.9,-74.00725555419923,40.705448150634766,1,N,-73.98575592041014,40.740760803222656,1,12.5,0.5,0.5,2.75,0.0,0.3,16.55
4817,2,2015-01-13 23:12:29,2015-01-13 23:16:43,1,1.04,-73.98273468017578,40.731231689453125,1,N,-73.98158264160156,40.74313354492188,2,5.5,0.5,0.5,0.0,0.0,0.3,6.8
4818,2,2015-01-13 23:12:29,2015-01-13 23:26:55,4,3.12,-73.99517822265625,40.72144317626953,1,N,-73.99137878417967,40.75591659545898,1,12.5,0.5,0.5,1.0,0.0,0.3,14.8
4819,2,2015-01-13 23:12:29,2015-01-13 23:21:20,1,2.52,-73.99493408203125,40.73184585571289,1,N,-74.01361846923827,40.70209884643555,1,9.5,0.5,0.5,0.0,0.0,0.3,10.8
4820,2,2015-01-13 23:12:30,2015-01-13 23:25:08,1,3.58,-73.99076843261719,40.73999786376953,1,N,-73.9539566040039,40.7706413269043,1,13.0,0.5,0.5,2.0,0.0,0.3,16.3
4821,2,2015-01-13 23:12:30,2015-01-13 23:17:56,1,1.25,-73.94664001464845,40.77677154541016,1,N,-73.95352172851561,40.78803634643555,2,6.5,0.5,0.5,0.0,0.0,0.3,7.8
4822,2,2015-01-13 23:12:30,2015-01-13 23:19:51,2,2.02,-73.97948455810547,40.683292388916016,1,N,-73.94467163085938,40.67748260498047,2,8.5,0.5,0.5,0.0,0.0,0.3,9.8
4823,2,2015-01-13 23:12:31,2015-01-13 23:28:21,1,3.91,-73.97835540771484,40.7630615234375,1,N,-74.00491333007811,40.715911865234375,1,14.5,0.5,0.5,3.0,0.0,0.3,18.8
4824,2,2015-01-13 23:12:32,2015-01-13 23:18:46,1,1.31,-73.96906280517578,40.7575798034668,1,N,-73.95661163330078,40.7690315246582,1,7.0,0.5,0.5,2.25,0.0,0.3,10.55
4825,2,2015-01-13 23:12:33,2015-01-13 23:14:51,1,0.56,-73.97469329833984,40.76185607910156,1,N,-73.9709243774414,40.75816345214844,2,4.0,0.5,0.5,0.0,0.0,0.3,5.3
4826,2,2015-01-13 23:12:33,2015-01-13 23:14:16,1,0.21,-73.98750305175781,40.7603759765625,1,N,-73.98450469970702,40.759815216064446,1,3.0,0.5,0.5,1.05,0.0,0.3,5.35
4827,2,2015-01-13 23:12:34,2015-01-13 23:32:20,1,4.98,-73.95596313476561,40.77214050292969,1,N,-73.91683959960938,40.76715087890625,1,18.0,0.5,0.5,3.7,0.0,0.3,23.0
4828,2,2015-01-13 23:12:34,2015-01-13 23:27:08,1,3.62,-73.98699188232422,40.74517059326172,1,N,-74.00906372070312,40.70428085327149,2,13.5,0.5,0.5,0.0,0.0,0.3,14.8
4829,2,2015-01-13 23:12:34,2015-01-13 23:15:48,1,1.01,-73.96897888183594,40.75860595703125,1,N,-73.95928955078125,40.77156829833984,1,5.0,0.5,0.5,1.1,0.0,0.3,7.4
4830,2,2015-01-13 23:12:35,2015-01-13 23:18:54,1,1.3,-73.98511505126953,40.747852325439446,1,N,-73.98919677734375,40.758010864257805,1,6.5,0.5,0.5,1.75,0.0,0.3,9.55
4831,2,2015-01-13 23:12:36,2015-01-13 23:25:18,1,4.6,-73.98606109619139,40.72259140014648,1,N,-73.99626922607422,40.69454193115234,1,15.5,0.5,0.5,3.2,0.0,0.3,20.0
4832,2,2015-01-13 23:12:36,2015-01-13 23:22:07,5,1.81,-73.97821807861328,40.7664909362793,1,N,-73.97743225097656,40.7470703125,1,8.5,0.5,0.5,2.25,0.0,0.3,12.05
4833,2,2015-01-13 23:12:36,2015-01-13 23:21:54,2,2.8,-73.99449157714845,40.72181701660156,1,N,-73.98257446289062,40.692081451416016,1,10.5,0.5,0.5,3.0,0.0,0.3,14.8
4834,2,2015-01-13 23:12:38,2015-01-13 23:20:27,6,1.69,-73.95845794677734,40.77813720703125,1,N,-73.9769287109375,40.76396942138672,2,8.0,0.5,0.5,0.0,0.0,0.3,9.3
4835,2,2015-01-13 23:12:38,2015-01-13 23:22:34,5,1.73,-74.00628662109375,40.7334098815918,1,N,-73.98345184326173,40.73501968383789,1,9.0,0.5,0.5,1.9,0.0,0.3,12.2
4836,2,2015-01-13 23:12:38,2015-01-13 23:17:59,1,0.63,-73.98526763916014,40.75314331054688,1,N,-73.9919662475586,40.7581901550293,1,5.5,0.5,0.5,1.5,0.0,0.3,8.3
4837,2,2015-01-13 23:12:38,2015-01-13 23:31:37,6,9.26,-73.86353302001953,40.76972198486328,1,N,-73.98686981201173,40.74689865112305,1,27.5,0.5,0.5,8.33,5.33,0.3,42.46
4838,2,2015-01-28 06:45:19,2015-01-28 07:01:48,1,3.16,-73.9264373779297,40.76573181152344,1,N,-73.96756744384764,40.7555046081543,1,12.5,0.0,0.5,3.75,0.0,0.3,17.05
4839,2,2015-01-28 06:45:19,2015-01-28 06:47:30,1,0.7,-73.99326324462889,40.70061874389648,1,N,-73.99626159667967,40.69537734985352,2,4.0,0.0,0.5,0.0,0.0,0.3,4.8
4840,2,2015-01-28 06:45:19,2015-01-28 06:56:15,1,2.48,-73.95001220703125,40.780567169189446,1,N,-73.97423553466798,40.756134033203125,1,10.5,0.0,0.5,2.1,0.0,0.3,13.4
4841,2,2015-01-28 06:45:21,2015-01-28 06:49:55,1,0.99,-73.96701049804686,40.79262161254882,1,N,-73.95269775390625,40.78929138183594,1,5.5,0.0,0.5,1.1,0.0,0.3,7.4
4842,2,2015-01-28 06:45:21,2015-01-28 06:53:48,1,1.49,-73.99082183837889,40.75626373291016,1,N,-73.97234344482422,40.76233673095703,2,8.0,0.0,0.5,0.0,0.0,0.3,8.8
4843,2,2015-01-28 06:45:21,2015-01-28 07:12:18,1,11.48,-73.97709655761719,40.77487182617188,1,N,-73.86177825927734,40.76840972900391,1,33.0,0.0,0.5,9.58,5.33,0.3,48.71
4844,2,2015-01-28 06:45:22,2015-01-28 06:53:07,1,1.92,-73.9558334350586,40.77635955810546,1,N,-73.97318267822266,40.7541389465332,1,8.5,0.0,0.5,0.5,0.0,0.3,9.8
4845,2,2015-01-28 06:45:22,2015-01-28 06:51:56,1,1.65,-73.99068450927734,40.7302360534668,1,N,-73.9922332763672,40.74756622314453,1,7.0,0.0,0.5,1.95,0.0,0.3,9.75
4846,2,2015-01-28 06:45:23,2015-01-28 07:02:16,1,3.36,-73.95023345947266,40.77146911621094,1,N,-73.9912109375,40.75556182861328,1,14.0,0.0,0.5,2.96,0.0,0.3,17.76
4847,2,2015-01-28 06:45:24,2015-01-28 06:51:23,2,1.29,-73.97232818603516,40.74539566040039,1,N,-73.97021484375,40.75816345214844,1,6.5,0.0,0.5,1.46,0.0,0.3,8.76
4848,2,2015-01-28 06:45:24,2015-01-28 06:51:43,1,0.86,-73.98955535888672,40.75622177124024,1,N,-73.97879028320312,40.755855560302734,1,6.0,0.0,0.5,1.5,0.0,0.3,8.3
4849,2,2015-01-28 06:45:24,2015-01-28 06:48:49,1,0.52,-73.97579193115233,40.755268096923835,1,N,-73.98616790771484,40.76020050048828,2,4.5,0.0,0.5,0.0,0.0,0.3,5.3
4850,2,2015-01-28 06:45:25,2015-01-28 06:58:22,1,1.9,-73.9543228149414,40.763984680175774,1,N,-73.9834442138672,40.77563095092773,2,10.0,0.0,0.5,0.0,0.0,0.3,10.8
4851,2,2015-01-28 06:45:25,2015-01-28 06:47:52,6,0.54,-73.98294067382812,40.74491882324219,1,N,-73.97897338867188,40.75030517578125,2,4.0,0.0,0.5,0.0,0.0,0.3,4.8
4852,2,2015-01-28 06:45:26,2015-01-28 06:53:06,1,1.1,-73.98716735839844,40.75065994262695,1,N,-74.00328063964845,40.754127502441406,2,7.0,0.0,0.5,0.0,0.0,0.3,7.8
4853,2,2015-01-28 06:45:27,2015-01-28 06:55:11,2,1.83,-73.99152374267578,40.739219665527344,1,N,-73.99095153808595,40.758583068847656,1,8.5,0.0,0.5,1.86,0.0,0.3,11.16
4854,2,2015-01-28 06:45:28,2015-01-28 06:52:04,1,1.63,-73.95120239257811,40.7744369506836,1,N,-73.96806335449217,40.761661529541016,2,7.5,0.0,0.5,0.0,0.0,0.3,8.3
4855,2,2015-01-28 06:45:29,2015-01-28 06:52:38,2,1.38,-73.99347686767578,40.75232696533203,1,N,-73.97801971435547,40.757720947265625,2,7.0,0.0,0.5,0.0,0.0,0.3,7.8
4856,2,2015-01-28 06:45:29,2015-01-28 06:47:39,1,0.64,-73.98429107666014,40.76919174194336,1,N,-73.98649597167967,40.7621955871582,2,4.0,0.0,0.5,0.0,0.0,0.3,4.8
4857,2,2015-01-28 06:45:29,2015-01-28 07:03:49,1,6.87,-73.95629119873048,40.767459869384766,1,N,-73.94016265869139,40.84075164794922,1,22.0,0.0,0.5,4.56,0.0,0.3,27.36
4858,2,2015-01-28 06:45:30,2015-01-28 06:53:29,1,2.61,-73.95912170410156,40.814800262451165,1,N,-73.98111724853516,40.78108596801758,2,9.5,0.0,0.5,0.0,0.0,0.3,10.3
4859,2,2015-01-28 06:45:31,2015-01-28 06:57:41,5,2.75,-73.97967529296875,40.73270034790039,1,N,-73.98297119140625,40.76033020019531,2,11.0,0.0,0.5,0.0,0.0,0.3,11.8
4860,2,2015-01-26 14:19:18,2015-01-26 14:42:12,1,3.01,-73.99524688720702,40.74486923217773,1,N,-74.01320648193358,40.71667098999024,1,16.0,0.0,0.5,3.36,0.0,0.3,20.16
4861,2,2015-01-26 14:19:19,2015-01-26 14:32:36,1,1.44,-73.96857452392578,40.7703514099121,1,N,-73.98497009277344,40.76098251342773,1,9.5,0.0,0.5,0.0,0.0,0.3,10.3
4862,2,2015-01-26 14:19:19,2015-01-26 14:41:54,1,2.28,-73.98238372802734,40.774280548095696,1,N,-73.98075103759764,40.7480697631836,1,14.0,0.0,0.5,2.96,0.0,0.3,17.76
4863,2,2015-01-26 14:19:19,2015-01-26 14:43:05,1,2.27,-73.98410034179686,40.74327850341797,1,N,-73.96366882324217,40.771820068359375,2,14.5,0.0,0.5,0.0,0.0,0.3,15.3
4864,2,2015-01-26 14:19:19,2015-01-26 14:41:38,1,2.24,-73.96870422363281,40.7558822631836,1,N,-73.94937896728516,40.78004837036133,1,13.5,0.0,0.5,2.0,0.0,0.3,16.3
4865,2,2015-01-26 14:19:19,2015-01-26 14:34:22,1,1.65,-74.00000762939453,40.748489379882805,1,N,-73.97810363769531,40.75276947021485,1,10.5,0.0,0.5,2.82,0.0,0.3,14.12
4866,2,2015-01-26 14:19:19,2015-01-26 14:34:24,1,1.48,-73.97489166259764,40.741825103759766,1,N,-73.98974609375,40.734413146972656,1,10.0,0.0,0.5,2.16,0.0,0.3,12.96
4867,2,2015-01-26 14:19:19,2015-01-26 14:30:18,1,0.85,-73.9590301513672,40.775386810302734,1,N,-73.96659088134764,40.7674560546875,1,8.0,0.0,0.5,1.6,0.0,0.3,10.4
4868,2,2015-01-26 14:19:20,2015-01-26 14:28:19,1,0.6,-73.97579956054686,40.74501037597656,1,N,-73.9788589477539,40.75038146972656,1,7.0,0.0,0.5,1.56,0.0,0.3,9.36
4869,2,2015-01-26 14:19:20,2015-01-26 14:35:03,2,1.92,-74.00135803222656,40.75055313110352,1,N,-73.98348999023438,40.73441696166992,1,10.5,0.0,0.5,2.26,0.0,0.3,13.56
4870,2,2015-01-26 14:19:21,2015-01-26 14:33:10,5,0.94,-73.97807312011719,40.75189971923828,1,N,-73.99053192138672,40.75139999389648,1,9.5,0.0,0.5,2.06,0.0,0.3,12.36
4871,2,2015-01-26 14:19:21,2015-01-26 15:00:55,1,9.09,-73.97917938232422,40.750301361083984,1,N,-73.934326171875,40.85074234008789,2,30.5,0.0,0.5,0.0,0.0,0.3,31.3
4872,2,2015-01-26 14:19:21,2015-01-26 14:34:46,1,1.34,-73.98780822753906,40.75436782836913,1,N,-74.00565338134764,40.750930786132805,2,10.5,0.0,0.5,0.0,0.0,0.3,11.3
4873,2,2015-01-26 14:19:21,2015-01-26 15:26:44,3,14.3,-73.7835922241211,40.64878845214844,1,N,-73.92549896240233,40.759101867675774,1,49.0,0.0,0.5,7.8,0.0,0.3,57.6
4874,2,2015-01-26 14:19:23,2015-01-26 14:23:20,1,0.6,-73.99359130859375,40.75701141357422,1,N,-73.99898529052734,40.74988555908203,1,4.5,0.0,0.5,1.32,0.0,0.3,6.62
4875,2,2015-01-26 14:19:24,2015-01-26 14:29:25,4,1.02,-74.00662994384764,40.75138854980469,1,N,-74.00010681152342,40.74191665649414,2,7.5,0.0,0.5,0.0,0.0,0.3,8.3
4876,2,2015-01-26 14:19:24,2015-01-26 14:33:30,3,1.55,-73.955810546875,40.768028259277344,1,N,-73.97406768798828,40.762798309326165,1,9.5,0.0,0.5,2.06,0.0,0.3,12.36
4877,2,2015-01-26 14:19:24,2015-01-26 14:23:41,2,0.35,-73.98834991455078,40.73773956298828,1,N,-73.99201202392578,40.734420776367195,2,4.5,0.0,0.5,0.0,0.0,0.3,5.3
4878,2,2015-01-26 14:19:24,2015-01-26 14:50:50,1,2.83,-74.00688934326173,40.7301139831543,1,N,-74.00675201416014,40.730072021484375,1,19.0,0.0,0.5,8.0,0.0,0.3,27.8
4879,2,2015-01-26 14:19:25,2015-01-26 16:37:03,1,25.42,-73.97725677490233,40.74283218383789,3,N,-74.17745971679686,40.69064331054688,1,115.5,0.0,0.0,10.0,11.75,0.3,137.55
4880,2,2015-01-26 14:19:25,2015-01-26 14:33:38,6,1.45,-73.97896575927734,40.76203536987305,1,N,-73.98565673828125,40.747596740722656,1,9.5,0.0,0.5,2.58,0.0,0.3,12.88
4881,2,2015-01-24 11:58:38,2015-01-24 12:11:22,1,1.42,-74.00015258789062,40.742897033691406,1,N,-73.98670959472656,40.757755279541016,1,10.0,0.0,0.5,0.0,0.0,0.3,10.8
4882,2,2015-01-24 11:58:38,2015-01-24 12:10:03,2,1.83,-73.99507141113281,40.7324333190918,1,N,-74.0060806274414,40.74502182006836,1,9.5,0.0,0.5,2.06,0.0,0.3,12.36
4883,2,2015-01-24 11:58:38,2015-01-24 12:02:00,1,0.89,-73.96488952636719,40.75545883178711,1,N,-73.95655822753906,40.7646484375,1,5.0,0.0,0.5,1.5,0.0,0.3,7.3
4884,2,2015-01-24 11:58:38,2015-01-24 12:08:12,1,1.68,-73.99151611328125,40.75009536743164,1,N,-73.98696899414062,40.76513671875,1,8.5,0.0,0.5,1.0,0.0,0.3,10.3
4885,2,2015-01-24 11:58:38,2015-01-24 12:10:02,6,1.92,-73.994384765625,40.75085067749024,1,N,-73.96949005126953,40.75521087646485,1,9.5,0.0,0.5,2.06,0.0,0.3,12.36
4886,2,2015-01-24 11:58:39,2015-01-24 12:09:07,1,2.39,-73.9504623413086,40.783740997314446,1,N,-73.97023010253906,40.757118225097656,1,10.0,0.0,0.5,2.0,0.0,0.3,12.8
4887,2,2015-01-24 11:58:39,2015-01-24 12:06:37,1,1.31,-73.97100067138672,40.758338928222656,1,N,-73.98822784423827,40.7547607421875,1,7.0,0.0,0.5,1.56,0.0,0.3,9.36
4888,2,2015-01-24 11:58:39,2015-01-24 12:06:39,1,1.87,-73.97482299804686,40.744258880615234,1,N,-73.98361206054686,40.72452926635742,1,8.0,0.0,0.5,1.0,0.0,0.3,9.8
4889,2,2015-01-24 11:58:40,2015-01-24 12:09:23,1,1.16,-73.99351501464844,40.76872634887695,1,N,-73.98536682128906,40.7584228515625,1,8.5,0.0,0.5,1.86,0.0,0.3,11.16
4890,2,2015-01-24 11:58:41,2015-01-24 12:05:23,2,0.9,-73.99889373779298,40.739707946777344,1,N,-74.00892639160156,40.731327056884766,1,6.5,0.0,0.5,0.08,0.0,0.3,7.38
4891,2,2015-01-24 11:58:41,2015-01-24 12:14:56,2,2.46,-73.97962951660156,40.72721862792969,1,N,-73.98040008544923,40.75352478027344,2,12.5,0.0,0.5,0.0,0.0,0.3,13.3
4892,2,2015-01-24 11:58:41,2015-01-24 12:06:49,4,1.38,-73.97824096679686,40.75260162353516,1,N,-74.00009918212889,40.758346557617195,2,7.5,0.0,0.5,0.0,0.0,0.3,8.3
4893,2,2015-01-24 11:58:41,2015-01-24 12:05:50,3,1.01,-73.98728942871094,40.7685432434082,1,N,-73.98271179199219,40.77195739746094,2,6.5,0.0,0.5,0.0,0.0,0.3,7.3
4894,2,2015-01-24 11:58:41,2015-01-24 12:03:16,1,0.64,-73.96214294433594,40.76446914672852,1,N,-73.95333099365233,40.76456832885742,1,5.0,0.0,0.5,1.2,0.0,0.3,7.0
4895,2,2015-01-24 11:58:41,2015-01-24 12:07:55,1,1.69,-73.95430755615233,40.786956787109375,1,N,-73.96672821044923,40.76736831665039,1,9.0,0.0,0.5,1.96,0.0,0.3,11.76
4896,2,2015-01-24 11:58:41,2015-01-24 12:03:51,3,1.3,-74.00257873535155,40.7335090637207,1,N,-74.0091094970703,40.71561050415039,1,6.0,0.0,0.5,1.0,0.0,0.3,7.8
4897,2,2015-01-24 11:58:42,2015-01-24 12:14:15,1,4.54,-73.98792266845702,40.72386932373047,1,N,-73.94730377197266,40.748340606689446,1,15.5,0.0,0.5,3.1,0.0,0.3,19.4
4898,2,2015-01-24 11:58:42,2015-01-24 12:00:04,1,0.31,-73.9798583984375,40.76064300537109,1,N,-73.97705841064453,40.76457214355469,1,3.0,0.0,0.5,0.76,0.0,0.3,4.56
4899,2,2015-01-24 11:58:43,2015-01-24 12:20:11,2,5.38,-74.00518798828125,40.72572708129882,1,N,-73.95606231689453,40.68288040161133,2,19.5,0.0,0.5,0.0,0.0,0.3,20.3
4900,2,2015-01-24 11:58:43,2015-01-24 12:13:32,1,2.47,-73.94680023193358,40.775821685791016,1,N,-73.97499084472656,40.7613639831543,2,12.0,0.0,0.5,0.0,0.0,0.3,12.8
4901,2,2015-01-24 11:58:43,2015-01-24 12:06:54,1,1.07,-73.98974609375,40.73426818847656,1,N,-74.00096893310547,40.72685241699219,1,7.0,0.0,0.5,1.56,0.0,0.3,9.36
4902,2,2015-01-26 11:45:04,2015-01-26 11:59:09,1,5.29,-74.01358032226561,40.70937347412109,1,N,-73.98377227783203,40.73914337158203,2,17.5,0.0,0.5,0.0,0.0,0.3,18.3
4903,2,2015-01-26 11:45:04,2015-01-26 11:55:26,1,1.29,-73.98638916015625,40.73028945922852,1,N,-74.00190734863281,40.7404899597168,2,8.5,0.0,0.5,0.0,0.0,0.3,9.3
4904,2,2015-01-26 11:45:04,2015-01-26 11:56:54,1,0.7,-73.99114990234375,40.745311737060554,1,N,-73.99114990234375,40.745311737060554,2,8.5,0.0,0.5,0.0,0.0,0.3,9.3
4905,2,2015-01-26 11:45:04,2015-01-26 11:49:22,1,0.81,-74.00145721435547,40.73204040527344,1,N,-73.9925308227539,40.737281799316406,1,5.0,0.0,0.5,1.16,0.0,0.3,6.96
4906,2,2015-01-26 11:45:04,2015-01-26 11:52:53,1,1.08,-73.97966766357422,40.76188659667969,1,N,-73.99018859863281,40.75154113769531,2,6.5,0.0,0.5,0.0,0.0,0.3,7.3
4907,2,2015-01-26 11:45:04,2015-01-26 11:59:19,6,2.1,-74.0025863647461,40.73962020874024,1,N,-73.97775268554686,40.75510025024414,2,11.0,0.0,0.5,0.0,0.0,0.3,11.8
4908,2,2015-01-26 11:45:05,2015-01-26 11:48:49,1,0.68,-73.96974945068358,40.76588821411133,1,N,-73.96360015869139,40.77423095703125,2,4.5,0.0,0.5,0.0,0.0,0.3,5.3
4909,2,2015-01-26 11:45:05,2015-01-26 11:49:51,1,0.73,-73.96846008300781,40.75323867797852,1,N,-73.97508239746092,40.7520751953125,2,5.0,0.0,0.5,0.0,0.0,0.3,5.8
4910,2,2015-01-26 11:45:05,2015-01-26 11:57:03,1,1.48,-73.97227478027344,40.7863655090332,1,N,-73.95536804199219,40.784446716308594,1,9.5,0.0,0.5,1.0,0.0,0.3,11.3
4911,2,2015-01-26 11:45:05,2015-01-26 11:54:24,1,1.5,-73.99368286132812,40.76210021972656,1,N,-74.00192260742188,40.75072860717773,1,8.0,0.0,0.5,1.0,0.0,0.3,9.8
4912,2,2015-01-26 11:45:06,2015-01-26 11:48:46,6,0.62,-73.95459747314453,40.777538299560554,1,N,-73.94876098632812,40.77581024169922,1,4.5,0.0,0.5,1.12,0.0,0.3,6.42
4913,2,2015-01-26 11:45:06,2015-01-26 11:54:35,6,1.16,-74.00250244140625,40.73434448242188,1,N,-73.98912811279298,40.74543380737305,1,7.5,0.0,0.5,1.66,0.0,0.3,9.96
4914,2,2015-01-26 11:45:07,2015-01-26 11:50:30,1,0.67,-73.9849853515625,40.74509048461913,1,N,-73.9789047241211,40.752685546875,1,5.5,0.0,0.5,1.26,0.0,0.3,7.56
4915,2,2015-01-26 11:45:08,2015-01-26 11:55:01,1,1.51,-73.99044036865233,40.75251770019531,1,N,-73.99028778076173,40.7351188659668,1,8.0,0.0,0.5,2.2,0.0,0.3,11.0
4916,2,2015-01-26 11:45:09,2015-01-26 11:54:27,2,0.51,-73.97697448730467,40.73919296264648,1,N,-73.97927856445312,40.744178771972656,2,7.0,0.0,0.5,0.0,0.0,0.3,7.8
4917,2,2015-01-26 11:45:09,2015-01-26 11:49:20,1,0.74,-73.99164581298828,40.744583129882805,1,N,-73.98511505126953,40.75356674194336,1,5.0,0.0,0.5,1.0,0.0,0.3,6.8
4918,2,2015-01-26 11:45:09,2015-01-26 11:53:46,5,1.66,-73.97821044921875,40.77811050415039,1,N,-73.9619140625,40.77372741699219,2,8.0,0.0,0.5,0.0,0.0,0.3,8.8
4919,2,2015-01-26 11:45:09,2015-01-26 11:51:54,6,0.84,-73.97340393066406,40.75213623046875,1,N,-73.98056793212889,40.75966644287109,1,6.0,0.0,0.5,1.36,0.0,0.3,8.16
4920,2,2015-01-26 11:45:11,2015-01-26 11:57:36,1,1.79,-73.97420501708984,40.78377914428711,1,N,-73.98042297363281,40.761756896972656,1,10.0,0.0,0.5,3.0,0.0,0.3,13.8
4921,2,2015-01-26 11:45:11,2015-01-26 11:52:43,2,0.93,-73.95538330078125,40.77947616577149,1,N,-73.95124053955078,40.7702522277832,1,6.5,0.0,0.5,1.5,0.0,0.3,8.8
4922,2,2015-01-26 11:45:11,2015-01-26 12:07:17,1,2.4,-73.98204803466798,40.757843017578125,1,N,-73.97391510009764,40.75946044921875,1,14.5,0.0,0.5,3.06,0.0,0.3,18.36
4923,2,2015-01-15 17:33:24,2015-01-15 17:45:26,2,3.54,-74.00395965576173,40.76041030883789,1,N,-74.01730346679686,40.71297073364258,1,13.0,1.0,0.5,2.8,0.0,0.3,17.6
4924,2,2015-01-15 17:33:24,2015-01-15 17:33:31,2,0.0,-73.9825668334961,40.73979949951172,1,N,-73.9825668334961,40.73979949951172,3,-2.5,-1.0,-0.5,-0.7,0.0,0.3,-5.0
4925,2,2015-01-15 17:33:24,2015-01-15 17:37:34,1,0.63,-73.97248077392578,40.78116989135742,1,N,-73.97828674316406,40.77315139770508,2,5.0,1.0,0.5,0.0,0.0,0.3,6.8
4926,2,2015-01-15 17:33:25,2015-01-15 17:43:51,1,1.4,-73.98532104492188,40.74153137207031,1,N,-73.97693634033203,40.75796127319336,1,8.5,1.0,0.5,2.38,0.0,0.3,12.68
4927,2,2015-01-15 17:33:25,2015-01-15 17:57:16,5,4.87,-74.01040649414062,40.719436645507805,1,N,-73.9796371459961,40.765228271484375,2,19.5,1.0,0.5,0.0,0.0,0.3,21.3
4928,2,2015-01-15 17:33:25,2015-01-15 17:49:45,5,2.77,-73.9541015625,40.76644134521485,1,N,-73.97180938720702,40.792083740234375,2,13.0,1.0,0.5,0.0,0.0,0.3,14.8
4929,2,2015-01-15 17:33:26,2015-01-15 17:43:15,3,1.49,-73.99161529541014,40.75473403930664,1,N,-73.97399139404298,40.76401138305664,2,8.0,1.0,0.5,0.0,0.0,0.3,9.8
4930,2,2015-01-15 17:33:26,2015-01-15 17:47:15,1,1.8,-73.98255920410156,40.74535369873047,1,N,-73.98116302490233,40.76373672485352,1,10.5,1.0,0.5,1.5,0.0,0.3,13.8
4931,2,2015-01-15 17:33:27,2015-01-15 17:59:59,1,4.21,-73.9750747680664,40.75004196166992,1,N,-73.9715118408203,40.79539108276367,2,18.5,1.0,0.5,0.0,0.0,0.3,20.3
4932,2,2015-01-15 17:33:27,2015-01-15 17:48:41,1,1.85,-73.98171997070312,40.71982192993164,1,N,-73.98834991455078,40.7376365661621,1,11.5,1.0,0.5,2.5,0.0,0.3,15.8
4933,2,2015-01-15 17:33:28,2015-01-15 17:40:52,6,1.39,-74.00690460205078,40.743873596191406,1,N,-73.98820495605469,40.745235443115234,1,7.0,1.0,0.5,1.0,0.0,0.3,9.8
4934,2,2015-01-15 17:33:28,2015-01-15 17:37:21,1,0.29,-74.00440216064453,40.742305755615234,1,N,-74.00790405273438,40.74038314819336,2,4.0,1.0,0.5,0.0,0.0,0.3,5.8
4935,2,2015-01-15 17:33:28,2015-01-15 17:52:24,1,4.35,-73.9886474609375,40.7691535949707,1,N,-73.99835205078125,40.72608184814453,1,17.0,1.0,0.5,3.6,0.0,0.3,22.4
4936,2,2015-01-15 17:33:28,2015-01-15 17:37:43,1,0.85,-73.95021820068358,40.77989196777344,1,N,-73.95956420898438,40.77421188354492,2,5.0,1.0,0.5,0.0,0.0,0.3,6.8
4937,2,2015-01-15 17:33:29,2015-01-15 17:38:02,1,0.64,-73.97742462158203,40.7519416809082,1,N,-73.97476959228516,40.746131896972656,2,5.0,1.0,0.5,0.0,0.0,0.3,6.8
4938,2,2015-01-15 17:33:29,2015-01-15 18:26:56,1,17.72,-73.78838348388672,40.64731216430664,2,N,-73.9857406616211,40.75050735473633,2,52.0,0.0,0.5,0.0,5.33,0.3,58.13
4939,2,2015-01-15 17:33:29,2015-01-15 17:45:40,1,1.89,-73.95391845703125,40.742706298828125,1,N,-73.92218780517578,40.74018096923828,1,10.0,1.0,0.5,3.0,0.0,0.3,14.8
4940,1,2015-01-11 01:30:03,2015-01-11 01:47:56,2,4.4,-73.99354553222656,40.7293701171875,1,N,-73.97705841064453,40.67681503295898,1,17.0,0.5,0.5,4.55,0.0,0.3,22.85
4941,1,2015-01-11 01:30:03,2015-01-11 01:51:31,2,4.6,-73.99754333496092,40.721073150634766,1,N,-73.98484802246092,40.76850509643555,1,18.0,0.5,0.5,3.85,0.0,0.3,23.15
4942,1,2015-01-11 01:30:04,2015-01-11 01:43:02,1,2.1,-73.98969268798828,40.741405487060554,1,N,-73.98814392089844,40.72005081176758,1,10.5,0.5,0.5,1.0,0.0,0.3,12.8
4943,1,2015-01-11 01:30:04,2015-01-11 01:37:37,4,1.1,-73.989990234375,40.739452362060554,1,N,-73.98616790771484,40.74756240844727,1,7.0,0.5,0.5,1.0,0.0,0.3,9.3
4944,1,2015-01-11 01:30:05,2015-01-11 01:45:26,1,5.0,-73.99940490722656,40.73368453979492,1,N,-73.94799041748048,40.78059387207031,1,16.5,0.5,0.5,3.55,0.0,0.3,21.35
4945,1,2015-01-11 01:30:05,2015-01-11 01:37:28,1,1.0,-73.99198913574217,40.72602081298828,1,N,-74.00467681884764,40.73249435424805,1,6.5,0.5,0.5,1.95,0.0,0.3,9.75
4946,1,2015-01-11 01:30:05,2015-01-11 01:36:53,2,0.6,-74.0066146850586,40.744136810302734,1,N,-74.00811004638672,40.73918914794922,1,6.0,0.5,0.5,3.0,0.0,0.3,10.3
4947,1,2015-01-11 01:30:05,2015-01-11 01:36:36,1,0.9,-73.98609161376953,40.722610473632805,1,N,-73.97533416748048,40.728870391845696,1,6.5,0.5,0.5,1.55,0.0,0.3,9.35
4948,1,2015-01-11 01:30:05,2015-01-11 01:36:06,1,0.6,-73.99659729003906,40.739105224609375,1,N,-74.00404357910156,40.7421760559082,1,5.5,0.5,0.5,1.36,0.0,0.3,8.16
4949,1,2015-01-11 01:30:05,2015-01-11 01:39:28,2,1.8,-73.99468231201173,40.725868225097656,1,N,-73.97608184814453,40.73250961303711,2,8.5,0.5,0.5,0.0,0.0,0.3,9.8
4950,1,2015-01-11 01:30:05,2015-01-11 01:37:23,1,1.1,-73.99461364746092,40.75047302246094,1,N,-73.97901916503906,40.752826690673835,2,7.0,0.5,0.5,0.0,0.0,0.3,8.3
4951,1,2015-01-11 01:30:06,2015-01-11 01:38:12,1,1.8,-73.99345397949219,40.741172790527344,1,N,-73.97090911865233,40.748489379882805,2,8.0,0.5,0.5,0.0,0.0,0.3,9.3
4952,1,2015-01-11 01:30:06,2015-01-11 01:58:41,1,16.6,-73.95762634277344,40.717876434326165,1,N,-73.89268493652342,40.88383102416992,1,46.0,0.5,0.5,0.0,0.0,0.3,47.3
4953,1,2015-01-11 01:30:06,2015-01-11 01:34:23,1,0.6,-73.98699188232422,40.754493713378906,1,N,-73.9874267578125,40.760356903076165,1,5.0,0.5,0.5,1.25,0.0,0.3,7.55
4954,1,2015-01-11 01:30:06,2015-01-11 01:38:23,2,1.6,-73.98806762695312,40.7319221496582,1,N,-73.99166870117188,40.74916458129882,2,8.0,0.5,0.5,0.0,0.0,0.3,9.3
4955,1,2015-01-11 01:50:11,2015-01-11 01:52:12,2,0.4,-73.9973373413086,40.721492767333984,1,N,-73.99270629882812,40.72601318359375,1,3.5,0.5,0.5,0.9,0.0,0.3,5.7
4956,1,2015-01-03 10:02:00,2015-01-03 10:08:30,1,1.5,-73.98228454589844,40.76827621459961,1,N,-73.9632339477539,40.77167510986328,2,7.5,0.0,0.5,0.0,0.0,0.0,8.3
4957,1,2015-01-03 10:02:00,2015-01-03 10:06:14,1,1.3,-74.00716400146483,40.734405517578125,1,N,-73.99457550048828,40.750537872314446,1,6.0,0.0,0.5,1.35,0.0,0.0,8.15
4958,2,2015-01-03 10:02:00,2015-01-03 10:12:47,1,2.64,-73.98223114013672,40.776416778564446,1,N,-73.95196533203125,40.78445053100586,2,10.5,0.0,0.5,0.0,0.0,0.3,11.3
4959,1,2015-01-03 10:02:01,2015-01-03 10:46:49,1,16.8,-73.99285125732422,40.76333999633789,1,N,-73.97268676757811,40.761173248291016,1,51.0,0.0,0.5,10.35,0.0,0.0,62.15
4960,1,2015-01-03 10:02:01,2015-01-03 10:11:12,4,1.5,-73.9817123413086,40.78207778930664,1,N,-73.97763824462889,40.76200866699219,2,8.5,0.0,0.5,0.0,0.0,0.0,9.3
4961,2,2015-01-03 10:02:01,2015-01-03 10:14:37,1,5.17,-73.95011138916014,40.78549575805664,1,N,-73.98595428466798,40.73097610473633,1,16.5,0.0,0.5,2.0,0.0,0.3,19.3
4962,1,2015-01-03 10:02:02,2015-01-03 10:14:52,1,5.3,-73.86624908447266,40.77078628540039,1,N,-73.84148406982422,40.779144287109375,2,16.5,0.0,0.5,0.0,0.0,0.0,17.3
4963,1,2015-01-03 10:02:03,2015-01-03 10:13:40,3,3.1,-73.992431640625,40.75017929077149,1,N,-74.009521484375,40.71052551269531,2,12.0,0.0,0.5,0.0,0.0,0.0,12.8
4964,1,2015-01-03 10:02:03,2015-01-03 10:05:30,1,0.5,-73.9644775390625,40.756214141845696,1,N,-73.96668243408203,40.76164245605469,2,4.5,0.0,0.5,0.0,0.0,0.0,5.3
4965,1,2015-01-03 10:02:03,2015-01-03 10:11:02,1,0.8,-73.99425506591797,40.75043869018555,1,N,-73.98577117919923,40.758953094482415,2,7.5,0.0,0.5,0.0,0.0,0.0,8.3
4966,1,2015-01-03 10:02:03,2015-01-03 10:10:04,1,2.3,-73.9814453125,40.75382614135742,1,N,-73.9729766845703,40.78022384643555,2,9.0,0.0,0.5,0.0,0.0,0.0,9.8
4967,1,2015-01-03 10:02:03,2015-01-03 10:18:12,1,5.9,-74.01435852050781,40.70390319824219,1,N,-73.9913330078125,40.750194549560554,2,19.5,0.0,0.5,0.0,0.0,0.0,20.3
4968,1,2015-01-03 10:02:03,2015-01-03 10:06:17,1,1.0,-73.95121002197266,40.778858184814446,1,N,-73.96144866943358,40.767669677734375,1,5.5,0.0,0.5,1.25,0.0,0.0,7.55
4969,1,2015-01-11 01:50:11,2015-01-11 02:02:56,1,3.3,-73.96255493164062,40.76307678222656,1,N,-74.00008392333984,40.74309539794922,1,12.5,0.5,0.5,3.03,0.0,0.3,16.83
4970,1,2015-01-11 01:50:11,2015-01-11 01:58:35,1,1.3,-73.98980712890625,40.725730895996094,1,N,-74.00801086425781,40.73138046264648,1,7.5,0.5,0.5,1.75,0.0,0.3,10.55
4971,1,2015-01-11 01:50:11,2015-01-11 01:56:30,1,1.7,-74.0052032470703,40.728424072265625,1,N,-74.00418853759764,40.70756149291992,2,7.0,0.5,0.5,0.0,0.0,0.3,8.3
4972,1,2015-01-11 01:50:12,2015-01-11 01:59:16,2,2.0,-73.99696350097656,40.720584869384766,1,N,-73.9972915649414,40.74330139160156,1,8.5,0.5,0.5,1.96,0.0,0.3,11.76
4973,1,2015-01-11 01:50:12,2015-01-11 01:58:19,1,1.5,-73.9911880493164,40.7196044921875,1,N,-73.99899291992188,40.73428726196289,1,8.0,0.5,0.5,1.85,0.0,0.3,11.15
4974,1,2015-01-11 01:50:12,2015-01-11 01:54:24,1,0.9,-74.00656127929686,40.744258880615234,1,N,-73.99465942382812,40.74624633789063,1,5.5,0.5,0.5,1.0,0.0,0.3,7.8
4975,1,2015-01-11 01:50:14,2015-01-11 02:02:57,4,1.9,0.0,0.0,1,N,-73.99625396728516,40.720378875732415,2,10.0,0.5,0.5,0.0,0.0,0.3,11.3
4976,1,2015-01-11 01:50:14,2015-01-11 02:02:30,1,1.2,-73.98997497558594,40.73259735107422,1,N,-73.98739624023438,40.72021865844727,1,9.0,0.5,0.5,2.05,0.0,0.3,12.35
4977,1,2015-01-11 01:50:14,2015-01-11 02:04:22,1,3.9,-73.9875717163086,40.73293685913086,1,N,-73.98414611816406,40.77528381347656,2,14.0,0.5,0.5,0.0,0.0,0.3,15.3
4978,1,2015-01-11 01:50:14,2015-01-11 01:54:17,1,0.8,-73.98895263671875,40.7633056640625,1,N,-73.98799896240233,40.75481033325195,1,5.0,0.5,0.5,1.26,0.0,0.3,7.56
4979,1,2015-01-11 01:50:15,2015-01-11 02:05:16,1,5.3,-74.0047836303711,40.74079132080078,1,N,-73.96068572998048,40.80580520629882,1,16.5,0.5,0.5,3.55,0.0,0.3,21.35
4980,1,2015-01-11 01:50:15,2015-01-11 02:01:59,1,3.4,-73.97979736328125,40.75997543334961,1,N,-73.99130249023438,40.7233772277832,1,12.0,0.5,0.5,2.66,0.0,0.3,15.96
4981,1,2015-01-11 01:50:15,2015-01-11 02:21:23,2,8.9,-74.01162719726561,40.7032356262207,1,N,-73.9547576904297,40.80528259277344,3,30.5,0.5,0.5,0.0,0.0,0.3,31.8
4982,1,2015-01-11 01:50:15,2015-01-11 02:01:31,1,2.6,-73.98572540283203,40.73869705200195,1,N,-74.00816345214845,40.72251129150391,2,10.5,0.5,0.5,0.0,0.0,0.3,11.8
4983,1,2015-01-11 01:50:15,2015-01-11 02:12:18,2,6.3,-74.01358032226561,40.7094841003418,1,N,-73.9569320678711,40.67024993896485,1,22.0,0.5,0.5,6.95,0.0,0.3,30.25
4984,1,2015-01-11 01:50:15,2015-01-11 02:05:22,1,3.7,-73.98521423339844,40.731910705566406,1,N,-73.9466323852539,40.7086181640625,1,14.0,0.5,0.5,3.8,0.0,0.3,19.1
4985,1,2015-01-11 01:50:15,2015-01-11 01:54:38,1,0.6,-73.9871597290039,40.73252868652344,1,N,-73.9793701171875,40.72820281982422,2,5.0,0.5,0.5,0.0,0.0,0.3,6.3
4986,1,2015-01-11 01:50:16,2015-01-11 02:06:36,1,3.0,-73.97303009033203,40.74907684326172,1,N,-74.00808715820312,40.735599517822266,1,13.0,0.5,0.5,1.0,0.0,0.3,15.3
4987,1,2015-01-11 01:50:16,2015-01-11 02:01:31,3,2.9,-74.00611114501953,40.742237091064446,1,N,-73.9766845703125,40.765926361083984,1,11.0,0.5,0.5,2.45,0.0,0.3,14.75
4988,1,2015-01-11 01:50:16,2015-01-11 01:57:16,1,0.8,-73.98722839355469,40.71980285644531,1,N,-73.98710632324217,40.7292366027832,1,6.5,0.5,0.5,1.55,0.0,0.3,9.35
4989,1,2015-01-11 01:50:16,2015-01-11 02:02:41,1,3.9,-73.98714447021484,40.729270935058594,1,N,-73.94635772705078,40.72224807739258,2,14.0,0.5,0.5,0.0,0.0,0.3,15.3
4990,2,2015-01-11 01:16:39,2015-01-11 01:31:19,1,2.81,-73.9732894897461,40.752628326416016,1,N,-74.00379943847656,40.729530334472656,1,12.5,0.5,0.5,2.6,0.0,0.3,16.4
4991,2,2015-01-11 01:16:39,2015-01-11 01:37:33,1,4.74,-73.98516082763672,40.76016616821289,1,N,-73.94983673095702,40.76209259033203,2,17.5,0.5,0.5,0.0,0.0,0.3,18.8
4992,2,2015-01-11 01:16:40,2015-01-11 01:22:16,1,1.63,-73.9685821533203,40.754878997802734,1,N,-73.9578399658203,40.771949768066406,1,7.0,0.5,0.5,1.5,0.0,0.3,9.8
4993,2,2015-01-11 01:16:40,2015-01-11 01:33:10,1,6.1,-73.99149322509764,40.72711944580078,1,N,-73.9908676147461,40.66545867919922,1,19.5,0.5,0.5,5.0,0.0,0.3,25.8
4994,2,2015-01-11 01:16:40,2015-01-11 01:23:47,1,1.02,-73.97662353515625,40.72885894775391,1,N,-73.9874267578125,40.720230102539055,2,6.0,0.5,0.5,0.0,0.0,0.3,7.3
4995,2,2015-01-11 01:16:40,2015-01-11 01:37:37,1,3.36,-73.99237823486328,40.74902725219727,1,N,-73.98167419433594,40.763538360595696,2,13.5,0.5,0.5,0.0,0.0,0.3,14.8
4996,2,2015-01-11 01:16:41,2015-01-11 01:40:24,1,6.35,-73.98583221435547,40.7227897644043,1,N,-73.92642211914062,40.75659942626953,1,22.0,0.5,0.5,3.0,0.0,0.3,26.3
4997,2,2015-01-11 01:16:41,2015-01-11 01:21:52,1,0.9,-73.9853515625,40.75830078125,1,N,-73.9832305908203,40.76456832885742,2,5.5,0.5,0.5,0.0,0.0,0.3,6.8
4998,2,2015-01-11 01:16:41,2015-01-11 01:21:02,1,1.37,-73.98918151855469,40.74332046508789,1,N,-73.9781723022461,40.75288009643555,2,6.0,0.5,0.5,0.0,0.0,0.3,7.3
4999,2,2015-01-11 01:16:41,2015-01-11 01:21:20,2,0.68,-74.0064697265625,40.74383544921875,1,N,-73.9981689453125,40.741397857666016,2,4.5,0.5,0.5,0.0,0.0,0.3,5.8
